ST_CASE,VEH_NO,PER_NO,YEAR,P1,P2,P3,P4,P5,P6,P7,P8,P9,P10
10001,1,1,1991,0,0,0,0,0,0,0,0,0,0
10002,1,1,1991,14,0,0,0,2,0,0,0,0,0
10002,2,1,1991,0,0,0,0,0,0,0,5,0,0
10002,3,1,1991,0,0,0,0,15,0,0,0,0,0
10002,4,1,1991,0,0,0,0,0,0,0,0,0,0
10002,5,1,1991,0,0,0,0,7,0,0,0,0,0
10003,1,1,1991,16,16,16,16,16,16,16,16,16,16
10004,1,1,1991,31,31,31,31,31,31,31,31,31,31
10005,1,1,1991,37,37,37,37,37,37,37,37,37,37
10005,2,1,1991,0,0,0,0,0,19,0,0,0,0
10006,1,1,1991,10,13,28,11,12,8,14,18,26,18
10007,1,1,1991,0,0,0,0,0,0,0,0,0,0
10007,2,1,1991,0,0,0,0,0,0,0,0,0,0
10008,1,1,1991,3,3,3,3,3,3,3,3,3,3
10009,1,1,1991,0,17,36,21,22,30,3,25,4,17
10010,1,1,1991,28,0,21,18,30,11,13,9,17,15
10011,1,1,1991,32,32,32,32,32,32,32,32,32,32
10011,2,1,1991,0,0,0,0,0,0,0,0,0,0
10012,1,1,1991,27,16,9,40,22,20,19,22,31,7
10013,0,1,1991,26,26,26,26,26,26,26,26,26,26
10013,1,1,1991,0,0,0,0,0,0,0,0,0,0
10014,1,1,1991,15,15,15,15,15,15,15,15,15,15
10014,2,1,1991,0,15,0,0,0,0,18,0,0,0
10015,1,1,1991,0,0,0,0,0,0,0,0,0,0
10016,1,1,1991,8,18,9,3,9,9,17,23,7,18
10016,2,1,1991,0,0,0,0,0,0,0,0,0,0
10017,1,1,1991,5,6,17,19,17,8,4,0,5,21
10017,2,1,1991,0,0,0,0,0,0,0,0,0,0
10018,1,1,1991,7,0,0,0,0,0,0,0,0,0
10019,1,1,1991,0,0,15,0,0,0,0,0,0,0
10019,2,1,1991,0,0,0,0,0,0,0,0,0,0
10020,1,1,1991,0,0,0,0,0,0,0,0,0,0
10020,2,1,1991,0,0,0,0,0,0,0,0,0,0
10021,1,1,1991,16,16,16,16,16,16,16,16,16,16
10022,1,1,1991,0,0,0,0,0,20,0,0,0,0
10022,2,1,1991,0,0,0,0,0,26,0,0,0,0
10023,1,1,1991,0,0,0,0,0,0,0,0,0,0
10024,1,1,1991,0,0,10,15,0,0,8,18,0,0
10025,1,1,1991,0,0,0,0,5,0,17,0,0,16
10026,0,1,1991,0,0,0,0,0,0,0,0,0,0
10026,1,1,1991,0,0,0,0,0,0,0,0,0,0
10027,1,1,1991,33,23,10,13,26,12,0,22,0,32
10028,1,1,1991,0,0,0,0,0,0,0,0,0,0
10028,2,1,1991,0,0,0,0,0,0,0,0,0,0
10028,3,1,1991,0,0,0,0,0,0,0,0,0,0
10028,4,1,1991,14,7,0,0,0,0,0,0,0,2
10029,1,1,1991,13,13,13,13,13,13,13,13,13,13
10030,1,1,1991,23,0,0,0,0,11,0,0,8,16
10030,2,1,1991,0,0,0,0,0,0,0,0,0,0
10031,0,1,1991,0,0,0,0,0,0,0,0,0,0
10031,1,1,1991,0,0,0,0,0,0,0,0,0,0
10032,1,1,1991,11,14,5,17,16,30,10,15,11,4
10033,0,1,1991,26,26,26,26,26,26,26,26,26,26
10033,1,1,1991,19,0,0,0,12,0,5,0,0,0
10033,2,1,1991,0,0,0,0,0,0,0,0,0,0
10033,3,1,1991,0,0,0,0,0,0,0,0,0,0
10034,1,1,1991,17,17,17,17,17,17,17,17,17,17
10035,1,1,1991,30,30,21,16,24,31,18,16,22,12
10036,0,1,1991,36,33,31,0,24,0,24,26,36,24
10036,1,1,1991,20,20,20,20,20,20,20,20,20,20
10038,0,1,1991,0,0,0,0,0,0,0,0,0,0
10038,0,2,1991,0,0,0,0,0,0,0,0,0,0
10038,1,1,1991,0,0,0,0,0,0,0,0,0,0
10039,1,1,1991,0,0,0,0,0,0,0,0,0,0
10039,2,1,1991,0,0,0,0,0,0,0,0,0,0
10040,1,1,1991,0,0,0,0,0,0,0,0,0,0
10041,1,1,1991,10,19,0,17,0,0,12,0,24,19
10041,2,1,1991,0,0,25,0,0,0,0,0,0,0
10042,1,1,1991,0,0,0,0,0,0,0,0,0,0
10043,1,1,1991,0,0,0,0,17,0,0,0,0,14
10043,2,1,1991,0,0,0,0,0,0,0,0,0,0
10043,3,1,1991,13,0,0,26,8,3,0,0,20,0
10044,1,1,1991,8,11,17,18,28,13,5,9,14,22
10045,1,1,1991,0,0,22,8,0,0,33,0,35,0
10046,1,1,1991,0,0,0,0,0,0,0,0,0,0
10046,2,1,1991,0,0,0,0,0,0,22,0,0,0
10047,1,1,1991,0,0,0,0,0,0,0,0,0,0
10047,2,1,1991,0,0,0,0,0,0,0,0,0,0
10048,1,1,1991,0,0,0,0,0,0,0,0,0,0
10048,2,1,1991,25,25,25,25,25,25,25,25,25,25
10048,3,1,1991,0,11,0,0,0,0,0,0,0,0
10050,1,1,1991,22,19,19,8,27,25,18,23,31,27
10051,1,1,1991,0,0,0,0,0,0,0,0,0,0
10051,2,1,1991,23,0,0,0,0,0,0,0,0,0
10052,1,1,1991,0,0,0,0,0,0,0,0,0,0
10052,2,1,1991,0,0,0,0,0,0,0,0,0,0
10053,1,1,1991,30,18,16,19,8,12,23,9,12,14
10054,1,1,1991,21,21,21,21,21,21,21,21,21,21
10055,1,1,1991,10,10,10,10,10,10,10,10,10,10
10055,2,1,1991,22,22,22,22,22,22,22,22,22,22
10056,1,1,1991,0,0,0,0,0,0,0,0,0,0
10056,2,1,1991,0,0,0,0,0,0,3,0,0,0
10057,1,1,1991,0,0,0,0,0,0,0,0,0,0
10057,2,1,1991,5,5,5,5,5,5,5,5,5,5
10058,1,1,1991,14,0,15,0,13,0,0,7,39,0
10059,0,1,1991,24,24,24,24,24,24,24,24,24,24
10059,1,1,1991,0,0,0,0,0,0,0,0,0,0
10061,1,1,1991,0,0,0,0,0,0,14,0,0,5
10061,2,1,1991,0,0,0,0,0,0,0,0,0,0
10062,1,1,1991,0,0,0,0,0,0,0,0,0,0
10063,1,1,1991,18,18,18,18,18,18,18,18,18,18
10063,2,1,1991,0,0,0,0,0,0,0,0,0,0
10064,1,1,1991,0,0,0,0,0,0,0,0,0,0
10064,2,1,1991,0,0,0,0,0,0,0,0,0,0
10065,1,1,1991,26,25,0,15,21,0,15,27,7,28
10066,1,1,1991,0,0,0,0,0,0,0,0,0,0
10066,2,1,1991,0,0,0,0,0,0,0,0,0,0
10067,1,1,1991,0,0,0,0,0,0,0,0,0,0
10067,2,1,1991,0,0,0,0,0,0,0,0,0,0
10068,1,1,1991,0,18,21,30,11,19,18,12,15,26
10069,1,1,1991,19,12,0,0,0,0,18,14,0,3
10070,1,1,1991,0,0,0,0,0,0,0,0,0,0
10071,1,1,1991,0,0,0,0,0,0,0,0,0,0
10071,2,1,1991,0,17,0,5,18,20,25,0,0,0
10072,1,1,1991,0,0,0,0,0,0,0,0,0,0
10072,2,1,1991,0,0,0,0,0,0,0,0,0,0
10073,1,1,1991,0,0,0,0,0,0,0,0,0,0
10073,2,1,1991,5,5,5,5,5,5,5,5,5,5
10074,1,1,1991,30,19,20,23,30,21,25,29,37,14
10075,0,1,1991,28,28,28,28,28,28,28,28,28,28
10075,1,1,1991,0,0,0,0,0,0,0,0,4,0
10076,1,1,1991,0,0,0,0,0,0,0,0,0,0
10076,2,1,1991,0,0,0,0,0,0,0,0,0,0
10077,1,1,1991,11,26,0,9,19,8,12,10,15,11
10078,1,1,1991,0,0,0,0,12,0,0,22,0,0
10078,2,1,1991,0,0,0,0,12,0,0,0,0,0
10079,1,1,1991,0,0,0,11,0,0,0,0,0,0
10079,2,1,1991,0,0,0,0,0,0,0,0,0,0
10080,0,1,1991,0,0,0,0,0,0,0,0,0,0
10080,1,1,1991,0,0,0,0,0,0,0,0,0,0
10081,1,1,1991,0,0,0,0,0,0,0,21,0,0
10081,2,1,1991,0,0,0,0,0,0,0,0,0,0
10082,1,1,1991,0,0,0,0,0,0,0,0,0,0
10082,2,1,1991,14,17,0,0,0,0,0,0,0,0
10083,1,1,1991,0,0,0,0,0,0,0,0,0,0
10084,1,1,1991,15,0,5,34,0,0,19,0,19,0
10085,1,1,1991,18,14,32,15,15,35,22,25,20,26
10085,2,1,1991,0,0,0,0,0,0,0,0,0,0
10086,1,1,1991,31,31,31,31,31,31,31,31,31,31
10087,1,1,1991,0,0,0,0,0,0,0,0,0,0
10088,0,1,1991,0,0,22,0,7,15,16,0,9,0
10088,1,1,1991,0,0,0,0,0,0,0,0,0,0
10089,1,1,1991,21,21,21,21,21,21,21,21,21,21
10090,1,1,1991,29,29,29,29,29,29,29,29,29,29
10091,1,1,1991,0,0,0,0,0,0,0,0,0,0
10092,1,1,1991,0,0,0,0,0,0,0,0,0,0
10092,2,1,1991,0,0,0,0,0,0,0,0,0,0
10093,1,1,1991,20,20,20,20,20,20,20,20,20,20
10094,1,1,1991,0,0,0,0,0,0,0,0,0,0
10094,2,1,1991,0,0,0,0,0,0,0,0,0,0
10095,1,1,1991,20,20,20,20,20,20,20,20,20,20
10095,2,1,1991,0,0,0,0,0,0,0,0,0,0
10096,1,1,1991,0,0,0,0,0,0,0,0,0,0
10096,2,1,1991,0,0,0,0,0,0,0,0,0,0
10096,3,1,1991,0,0,0,0,0,0,0,0,0,0
10097,1,1,1991,22,13,9,39,9,13,20,9,5,14
10098,1,1,1991,0,0,0,0,0,0,0,0,0,0
10098,2,1,1991,0,0,0,0,0,0,0,0,0,0
10099,1,1,1991,0,0,14,0,0,0,0,5,0,0
10099,2,1,1991,0,0,0,0,0,0,0,0,0,0
10100,1,1,1991,11,11,11,11,11,11,11,11,11,11
10100,2,1,1991,0,0,0,0,0,0,0,11,0,0
10101,1,1,1991,19,0,21,0,0,0,9,14,0,0
10102,1,1,1991,19,10,18,8,22,6,21,17,12,8
10103,1,1,1991,16,16,16,16,16,16,16,16,16,16
10104,0,1,1991,9,19,0,24,38,0,17,27,0,0
10104,1,1,1991,0,0,0,0,0,0,0,0,0,0
10105,0,1,1991,0,0,0,0,0,0,0,0,0,0
10105,1,1,1991,0,0,0,0,0,0,0,0,0,0
10106,1,1,1991,0,0,0,0,0,0,0,0,0,0
10106,2,1,1991,0,0,0,0,0,0,0,0,0,0
10107,0,1,1991,0,0,0,0,0,0,0,0,0,0
10107,1,1,1991,0,0,0,0,0,0,0,0,0,0
10108,1,1,1991,20,20,20,20,20,20,20,20,20,20
10109,1,1,1991,0,21,0,0,0,0,0,0,0,0
10109,2,1,1991,25,25,25,25,25,25,25,25,25,25
10110,1,1,1991,0,0,0,0,0,0,0,0,0,0
10110,2,1,1991,11,0,0,0,0,0,0,0,0,0
10111,1,1,1991,0,0,0,0,0,0,0,0,0,0
10111,2,1,1991,13,13,13,13,13,13,13,13,13,13
10112,1,1,1991,0,0,0,0,0,0,0,0,0,0
10112,2,1,1991,0,0,0,0,0,0,0,0,0,0
10113,0,1,1991,0,0,0,0,0,0,0,0,19,0
10113,0,2,1991,0,0,0,0,0,0,0,0,0,0
10113,1,1,1991,8,8,8,8,8,8,8,8,8,8
10114,1,1,1991,0,35,0,0,0,16,0,0,0,0
10114,2,1,1991,0,0,0,0,0,0,0,0,0,0
10115,1,1,1991,0,0,0,0,0,0,0,0,0,0
10115,2,1,1991,5,5,5,5,5,5,5,5,5,5
10116,1,1,1991,10,0,0,0,0,0,0,0,0,0
10116,2,1,1991,0,0,0,13,0,0,0,0,16,0
10118,0,1,1991,17,0,12,35,0,0,0,18,24,14
10118,1,1,1991,0,0,0,0,0,0,0,0,0,0
10119,1,1,1991,0,0,0,0,0,4,0,0,0,22
10119,2,1,1991,12,12,12,12,12,12,12,12,12,12
10120,1,1,1991,20,20,20,20,20,20,20,20,20,20
10120,2,1,1991,0,0,0,0,0,0,0,17,0,0
10120,3,1,1991,0,0,0,0,0,0,0,0,0,0
10121,1,1,1991,9,9,9,9,9,9,9,9,9,9
10121,2,1,1991,0,0,0,0,0,0,0,0,0,0
10122,1,1,1991,0,0,0,0,0,0,0,0,0,0
10123,1,1,1991,6,6,6,6,6,6,6,6,6,6
10124,1,1,1991,0,0,0,0,0,0,0,0,0,0
10125,1,1,1991,6,6,6,6,6,6,6,6,6,6
10126,1,1,1991,23,21,21,10,18,17,38,26,29,28
10127,1,1,1991,17,17,15,2,24,29,32,25,17,27
10128,1,1,1991,0,0,0,0,0,0,0,0,0,0
10128,2,1,1991,8,0,0,0,0,0,0,0,0,0
10129,1,1,1991,0,0,0,0,0,0,0,0,0,0
10129,2,1,1991,0,0,0,0,0,0,0,0,0,0
10130,1,1,1991,27,27,27,27,27,27,27,27,27,27
10130,2,1,1991,0,0,0,0,0,0,0,0,0,0
10130,3,1,1991,0,0,0,0,0,0,0,0,0,6
10131,1,1,1991,20,27,25,13,37,26,23,11,12,22
10132,1,1,1991,23,0,0,8,0,11,33,0,0,0
10133,1,1,1991,0,0,0,26,24,0,0,0,0,0
10133,2,1,1991,0,0,0,0,0,0,0,0,0,0
10135,0,1,1991,5,5,5,5,5,5,5,5,5,5
10135,1,1,1991,25,25,25,25,25,25,25,25,25,25
10135,2,1,1991,0,0,0,0,0,0,12,0,0,0
10136,1,1,1991,0,0,0,0,2,0,0,0,0,0
10136,2,1,1991,30,0,25,0,9,0,0,0,0,0
10137,1,1,1991,0,0,0,0,0,0,0,0,0,0
10138,1,1,1991,13,13,13,13,13,13,13,13,13,13
10138,2,1,1991,0,0,0,0,0,0,0,0,0,0
10139,0,1,1991,0,0,0,0,0,0,0,0,0,0
10139,1,1,1991,0,25,11,0,12,3,0,7,25,0
10140,1,1,1991,17,17,6,25,10,8,0,12,22,14
10141,1,1,1991,0,0,0,0,0,0,0,0,0,0
10141,2,1,1991,0,0,0,0,0,0,0,0,0,0
10141,3,1,1991,0,0,0,0,0,0,0,0,0,0
10142,0,1,1991,0,0,0,0,0,0,0,0,0,0
10142,1,1,1991,0,0,0,0,0,0,0,0,0,0
10143,1,1,1991,0,0,0,11,0,0,0,0,0,0
10143,2,1,1991,0,0,0,0,0,0,0,0,0,0
10144,0,1,1991,0,0,0,0,0,0,0,0,0,0
10144,1,1,1991,0,0,0,0,0,0,0,0,0,0
10145,1,1,1991,34,18,7,21,32,31,17,2,26,13
10146,1,1,1991,0,15,15,11,8,35,15,23,3,22
10147,1,1,1991,0,0,0,0,0,0,0,0,0,0
10148,1,1,1991,0,0,0,0,6,0,24,0,0,0
10149,1,1,1991,0,0,0,0,0,0,5,0,0,0
10150,1,1,1991,0,0,0,0,0,0,0,0,0,0
10150,2,1,1991,0,0,0,0,0,0,0,0,0,0
10150,3,1,1991,0,0,0,0,0,0,0,0,0,0
10151,1,1,1991,17,24,29,17,17,25,14,26,29,25
10152,0,1,1991,0,0,0,0,0,0,0,0,0,0
10152,1,1,1991,0,0,0,0,0,0,0,0,0,0
10153,1,1,1991,23,6,3,2,23,7,10,6,10,31
10154,1,1,1991,29,29,29,29,29,29,29,29,29,29
10155,1,1,1991,0,34,23,0,33,13,0,9,18,0
10156,1,1,1991,26,0,0,0,0,0,0,0,0,0
10156,2,1,1991,0,0,0,0,0,0,0,0,0,0
10156,3,1,1991,0,0,0,0,6,0,0,0,0,13
10157,1,1,1991,25,0,16,20,6,0,11,0,17,0
10158,1,1,1991,15,13,19,33,21,38,27,13,25,18
10159,1,1,1991,8,18,26,8,20,25,22,21,25,19
10160,1,1,1991,0,0,0,0,0,0,21,0,0,0
10161,1,1,1991,0,0,0,0,0,4,0,0,0,0
10162,1,1,1991,0,0,0,0,0,0,0,0,0,0
10163,0,1,1991,0,0,0,0,0,0,0,0,0,0
10163,1,1,1991,0,0,0,0,6,0,0,0,3,0
10164,1,1,1991,21,22,27,26,17,23,24,30,14,0
10165,1,1,1991,0,0,0,0,0,0,0,0,0,0
10166,1,1,1991,0,0,0,0,0,0,0,0,0,0
10167,1,1,1991,8,8,8,8,8,8,8,8,8,8
10167,2,1,1991,0,0,0,0,0,0,0,0,0,0
10168,1,1,1991,0,0,0,0,0,0,0,0,0,0
10169,1,1,1991,46,46,46,46,46,46,46,46,46,46
10170,1,1,1991,0,0,0,0,0,0,4,0,0,0
10171,1,1,1991,25,25,25,25,25,25,25,25,25,25
10171,2,1,1991,0,0,0,0,0,0,0,0,0,0
10172,1,1,1991,0,0,0,0,0,26,0,0,16,27
10173,1,1,1991,31,37,19,17,20,23,26,17,20,29
10174,1,1,1991,0,0,0,0,0,0,0,0,0,0
10174,2,1,1991,12,0,0,0,0,0,0,0,0,16
10175,1,1,1991,0,0,0,0,0,0,0,0,0,0
10175,2,1,1991,0,0,0,0,0,0,0,0,0,0
10176,1,1,1991,0,0,0,0,0,0,0,0,0,0
10177,1,1,1991,0,0,0,0,0,0,0,0,0,0
10178,1,1,1991,7,14,0,0,13,0,12,10,5,6
10179,1,1,1991,0,0,0,0,0,14,0,0,0,0
10179,2,1,1991,0,0,0,0,0,0,0,0,0,0
10180,1,1,1991,0,0,0,0,0,0,0,0,0,0
10180,2,1,1991,0,0,0,0,0,0,0,0,0,0
10181,1,1,1991,3,3,3,3,3,3,3,3,3,3
10182,1,1,1991,0,0,0,0,0,0,0,0,0,0
10183,1,1,1991,31,31,31,31,31,31,31,31,31,31
10183,2,1,1991,0,0,0,0,0,0,0,0,0,0
10184,1,1,1991,0,0,0,0,0,0,0,0,0,0
10184,2,1,1991,0,0,0,0,0,0,0,0,0,0
10185,1,1,1991,0,0,9,16,0,26,15,0,0,0
10186,1,1,1991,0,0,0,0,0,0,0,0,0,0
10187,1,1,1991,0,0,0,0,0,0,0,0,0,0
10187,2,1,1991,0,22,18,33,12,0,14,0,28,0
10188,1,1,1991,0,0,0,0,0,0,0,0,0,0
10188,2,1,1991,24,10,0,11,11,0,27,24,0,15
10189,1,1,1991,0,0,0,0,0,0,0,0,0,0
10190,1,1,1991,0,0,0,0,0,0,0,0,0,0
10190,2,1,1991,0,0,0,0,0,5,0,0,0,0
10191,1,1,1991,32,32,32,32,32,32,32,32,32,32
10191,2,1,1991,0,0,0,0,0,0,0,0,0,0
10192,1,1,1991,14,14,14,14,14,14,14,14,14,14
10193,1,1,1991,16,16,16,16,16,16,16,16,16,16
10194,1,1,1991,0,0,0,0,0,0,0,0,0,0
10195,1,1,1991,31,31,31,31,31,31,31,31,31,31
10196,0,1,1991,0,0,0,0,0,0,0,0,0,0
10196,1,1,1991,0,0,0,0,0,0,0,0,0,0
10197,1,1,1991,25,25,25,25,25,25,25,25,25,25
10198,1,1,1991,0,0,0,0,0,0,0,0,0,0
10198,2,1,1991,0,0,0,0,0,0,0,0,0,0
10199,1,1,1991,23,9,28,10,21,17,26,21,19,22
10200,1,1,1991,14,14,14,14,14,14,14,14,14,14
10200,2,1,1991,0,0,0,0,0,0,0,0,0,0
10201,0,1,1991,0,0,12,0,0,0,0,0,4,0
10201,1,1,1991,0,0,0,0,0,0,0,12,0,0
10202,1,1,1991,0,0,0,0,0,0,0,0,0,0
10202,2,1,1991,0,0,0,0,0,0,0,0,0,0
10203,0,1,1991,43,43,43,43,43,43,43,43,43,43
10203,1,1,1991,0,0,0,0,0,0,0,0,0,0
10204,1,1,1991,0,0,0,0,0,0,0,0,0,0
10204,2,1,1991,0,0,0,0,0,0,0,0,0,0
10205,1,1,1991,0,0,0,0,0,0,0,0,0,0
10206,1,1,1991,0,0,10,0,8,0,0,0,0,0
10207,1,1,1991,0,0,0,0,0,0,0,0,0,28
10207,2,1,1991,0,0,0,0,0,0,0,0,0,9
10207,3,1,1991,0,0,0,0,0,0,8,0,0,0
10208,1,1,1991,0,0,0,0,0,24,0,0,0,0
10209,1,1,1991,0,0,0,0,0,0,0,0,0,0
10209,2,1,1991,0,0,5,33,0,0,0,0,0,17
10210,1,1,1991,6,13,20,12,18,11,7,8,21,3
10211,1,1,1991,22,25,12,14,13,12,9,20,14,12
10212,0,1,1991,0,0,0,0,0,0,0,0,0,0
10212,1,1,1991,0,0,0,0,0,0,0,0,0,0
10213,1,1,1991,24,20,0,25,18,4,22,0,10,12
10214,1,1,1991,18,14,26,16,6,27,8,12,20,0
10215,1,1,1991,0,21,28,0,14,0,9,16,19,8
10216,1,1,1991,14,19,23,13,0,7,14,19,13,0
10217,1,1,1991,9,9,9,9,9,9,9,9,9,9
10218,1,1,1991,0,0,0,0,0,0,0,0,0,0
10219,0,1,1991,0,0,0,0,0,0,0,0,0,0
10219,1,1,1991,0,0,0,0,0,0,0,0,18,0
10220,1,1,1991,0,0,0,0,0,0,0,0,0,0
10220,2,1,1991,0,0,0,0,0,0,0,0,0,0
10221,1,1,1991,21,21,21,21,21,21,21,21,21,21
10222,1,1,1991,25,15,0,0,0,14,11,0,17,0
10223,0,1,1991,0,0,8,0,0,24,0,0,0,17
10223,1,1,1991,0,0,0,0,0,0,0,0,0,0
10224,0,1,1991,22,18,6,9,25,43,8,35,14,38
10224,1,1,1991,0,0,0,0,0,0,0,19,0,0
10225,1,1,1991,0,0,0,0,0,0,0,0,0,0
10225,2,1,1991,0,0,0,0,0,0,0,0,0,0
10226,1,1,1991,17,17,17,17,17,17,17,17,17,17
10227,1,1,1991,31,0,0,0,0,0,17,0,0,18
10228,1,1,1991,0,0,0,0,0,0,0,0,0,0
10228,2,1,1991,5,5,5,5,5,5,5,5,5,5
10229,1,1,1991,0,0,0,0,0,0,0,0,0,0
10229,2,1,1991,0,0,0,0,0,0,0,0,0,0
10230,1,1,1991,13,11,13,16,16,30,16,25,16,10
10231,1,1,1991,16,0,0,0,0,0,0,0,0,0
10231,2,1,1991,0,0,0,0,0,0,0,0,0,0
10232,1,1,1991,0,9,0,23,0,0,0,0,0,0
10233,1,1,1991,0,0,0,0,0,0,0,0,0,0
10234,1,1,1991,0,0,19,10,8,0,18,30,0,19
10235,0,1,1991,2,2,2,2,2,2,2,2,2,2
10235,0,2,1991,0,0,0,0,0,0,27,0,0,0
10235,1,1,1991,0,0,0,0,0,0,0,0,0,0
10236,1,1,1991,7,33,22,0,0,18,0,0,17,0
10237,1,1,1991,0,0,0,0,0,0,0,0,0,0
10237,2,1,1991,0,0,0,0,0,0,11,0,0,0
10237,3,1,1991,0,0,0,0,0,0,0,0,0,0
10238,1,1,1991,9,0,11,23,12,18,0,27,20,18
10239,1,1,1991,0,0,21,0,0,13,0,0,0,0
10240,1,1,1991,16,16,16,16,16,16,16,16,16,16
10240,2,1,1991,0,0,0,0,0,0,0,0,0,0
10241,1,1,1991,0,0,0,0,0,0,0,0,0,0
10241,2,1,1991,0,0,0,0,0,0,0,0,0,0
10242,1,1,1991,21,0,10,0,10,18,17,0,6,0
10242,2,1,1991,12,14,15,0,0,0,0,0,0,0
10243,1,1,1991,8,8,8,8,8,8,8,8,8,8
10244,1,1,1991,25,25,25,25,25,25,25,25,25,25
10245,1,1,1991,0,0,0,0,0,0,0,0,0,0
10246,1,1,1991,8,20,19,13,22,13,19,15,35,12
10247,0,1,1991,0,13,26,0,15,0,8,20,25,0
10247,1,1,1991,0,0,0,0,0,0,0,0,0,0
10248,1,1,1991,4,4,4,4,4,4,4,4,4,4
10249,1,1,1991,26,8,18,26,27,13,30,21,33,16
10249,2,1,1991,0,0,0,0,0,0,0,0,0,0
10250,0,1,1991,17,16,22,11,46,18,11,34,35,7
10250,1,1,1991,0,0,0,0,0,0,0,0,0,0
10251,0,1,1991,20,20,20,20,20,20,20,20,20,20
10251,1,1,1991,0,0,0,0,0,0,0,0,0,0
10252,1,1,1991,0,0,0,0,0,0,0,0,0,0
10252,2,1,1991,28,28,28,28,28,28,28,28,28,28
10253,1,1,1991,0,0,0,0,0,0,0,0,10,0
10253,2,1,1991,0,0,0,0,0,0,0,0,0,0
10254,1,1,1991,30,30,30,30,30,30,30,30,30,30
10254,2,1,1991,0,0,0,0,0,0,0,0,0,0
10254,3,1,1991,0,0,0,0,0,0,0,0,0,0
10255,1,1,1991,0,0,8,36,0,9,0,0,0,0
10255,2,1,1991,0,9,16,0,0,0,15,0,13,0
10256,1,1,1991,0,0,0,0,0,0,0,0,0,0
10257,1,1,1991,0,0,0,0,0,0,0,0,0,0
10257,2,1,1991,25,0,18,18,0,0,0,0,0,0
10258,0,1,1991,0,0,20,0,0,0,0,0,0,0
10258,0,2,1991,27,0,0,0,0,0,0,0,0,0
10258,1,1,1991,0,0,0,0,0,0,0,0,0,0
10259,1,1,1991,0,0,0,0,0,0,0,0,0,0
10259,2,1,1991,0,0,0,0,0,0,0,0,0,0
10260,1,1,1991,0,0,0,0,0,0,0,0,0,0
10260,2,1,1991,0,0,0,0,0,0,0,0,0,21
10261,1,1,1991,0,0,0,0,0,23,0,0,0,0
10261,2,1,1991,0,0,0,25,0,0,0,0,0,0
10262,1,1,1991,0,0,0,0,0,0,0,0,0,0
10262,2,1,1991,24,31,22,20,23,19,30,14,31,23
10263,1,1,1991,0,0,0,0,0,0,0,6,0,22
10263,2,1,1991,0,0,0,0,0,0,0,0,0,0
10264,1,1,1991,0,0,0,0,0,0,0,0,0,0
10264,2,1,1991,0,0,0,0,0,0,0,0,0,0
10266,1,1,1991,0,0,0,0,0,0,0,0,0,0
10266,2,1,1991,0,0,0,0,0,0,0,0,0,0
10267,1,1,1991,4,4,4,4,4,4,4,4,4,4
10268,1,1,1991,0,0,0,0,0,0,0,0,0,0
10269,1,1,1991,24,33,19,21,24,39,13,34,13,20
10270,1,1,1991,0,0,0,0,0,0,0,0,0,0
10270,2,1,1991,0,0,0,0,0,0,0,0,0,0
10271,1,1,1991,0,12,36,0,0,0,0,0,0,0
10271,2,1,1991,23,23,0,0,23,0,0,0,31,14
10272,1,1,1991,5,0,0,0,11,32,0,0,0,22
10272,2,1,1991,0,0,0,0,0,2,0,0,0,0
10273,1,1,1991,2,2,2,2,2,2,2,2,2,2
10274,1,1,1991,0,0,0,0,0,0,0,0,0,0
10274,2,1,1991,0,0,0,0,0,0,0,0,0,0
10275,1,1,1991,19,26,26,5,12,14,24,27,3,0
10275,2,1,1991,0,0,0,0,0,0,0,0,0,0
10276,1,1,1991,20,20,20,20,20,20,20,20,20,20
10277,1,1,1991,23,0,0,32,0,11,0,8,0,0
10278,1,1,1991,21,0,24,0,16,6,12,0,0,0
10279,1,1,1991,0,0,0,0,0,0,0,0,0,0
10280,1,1,1991,28,0,0,0,0,0,16,0,0,0
10281,1,1,1991,14,14,14,15,11,6,7,12,10,26
10282,1,1,1991,0,0,0,0,0,0,0,0,0,0
10282,2,1,1991,0,0,0,0,0,0,0,0,0,0
10283,1,1,1991,0,0,0,0,0,0,0,0,0,0
10283,2,1,1991,27,0,0,0,0,0,18,0,0,0
10284,1,1,1991,18,18,18,18,18,18,18,18,18,18
10285,1,1,1991,10,20,4,7,0,0,19,17,29,0
10286,1,1,1991,0,0,0,0,0,0,0,0,0,0
10286,2,1,1991,19,11,0,0,14,0,0,24,12,0
10286,3,1,1991,0,0,0,0,0,0,24,0,0,0
10287,1,1,1991,0,0,26,0,0,0,0,0,0,0
10287,2,1,1991,0,0,0,0,0,0,0,0,0,0
10288,1,1,1991,0,0,0,0,0,0,0,0,0,0
10288,2,1,1991,0,0,0,0,0,0,0,0,0,0
10289,1,1,1991,14,6,19,13,21,16,19,16,14,18
10290,1,1,1991,8,8,8,8,8,8,8,8,8,8
10291,1,1,1991,0,0,0,0,0,0,0,0,0,0
10292,1,1,1991,0,0,0,0,0,0,0,0,0,0
10292,2,1,1991,16,16,16,16,16,16,16,16,16,16
10293,1,1,1991,0,0,0,0,0,0,23,0,0,0
10294,1,1,1991,12,15,0,19,22,0,21,0,7,3
10295,1,1,1991,0,0,0,17,0,0,0,0,0,0
10295,2,1,1991,0,0,0,0,0,0,0,0,0,0
10296,1,1,1991,18,17,8,13,16,36,24,16,0,18
10296,2,1,1991,0,0,0,0,0,0,0,0,0,16
10297,1,1,1991,19,19,19,19,19,19,19,19,19,19
10298,1,1,1991,18,18,18,18,18,18,18,18,18,18
10298,2,1,1991,0,0,0,0,0,0,0,0,0,9
10299,1,1,1991,0,0,0,0,0,0,0,0,0,0
10300,1,1,1991,0,0,0,0,22,0,0,0,0,0
10300,2,1,1991,7,0,19,11,34,27,34,14,9,9
10301,0,1,1991,10,10,10,10,10,10,10,10,10,10
10301,1,1,1991,0,0,0,0,0,0,0,0,0,0
10302,1,1,1991,21,21,21,21,21,21,21,21,21,21
10303,1,1,1991,14,14,14,14,14,14,14,14,14,14