ST_CASE,VEH_NO,PER_NO,YEAR,P1,P2,P3,P4,P5,P6,P7,P8,P9,P10
10614,1,1,1991,21,19,0,17,0,28,0,0,0,0
10615,1,1,1991,0,0,0,0,0,0,0,0,0,0
10615,2,1,1991,0,0,8,0,0,0,0,0,0,0
10616,1,1,1991,18,14,15,20,22,34,21,23,33,23
10617,1,1,1991,0,0,0,0,0,0,0,0,0,0
10618,1,1,1991,21,27,13,37,24,35,11,12,14,28
10620,1,1,1991,0,0,0,0,0,0,0,0,0,0
10621,1,1,1991,8,9,25,18,17,13,24,12,17,10
10622,1,1,1991,0,0,0,0,0,0,0,0,0,0
10623,0,1,1991,0,0,0,0,0,0,0,0,0,0
10623,1,1,1991,0,0,0,0,0,0,0,0,0,0
10624,1,1,1991,17,8,10,21,4,0,6,19,9,13
10625,1,1,1991,0,0,0,0,9,0,0,0,0,0
10625,2,1,1991,0,0,17,0,0,0,0,0,0,0
10626,1,1,1991,0,0,0,0,0,0,0,0,0,0
10626,2,1,1991,0,12,0,0,0,0,0,0,0,0
10627,1,1,1991,0,0,0,0,0,0,16,0,0,0
10627,2,1,1991,6,0,5,12,9,29,13,0,0,8
10628,0,1,1991,0,0,0,0,0,0,0,0,0,0
10628,1,1,1991,0,0,0,0,0,0,0,0,0,0
10629,1,1,1991,0,0,0,0,0,0,0,0,0,0
10630,1,1,1991,0,0,0,0,0,0,0,0,0,8
10630,2,1,1991,0,0,0,0,0,0,0,0,19,0
10631,1,1,1991,10,10,10,10,10,10,10,10,10,10
10632,1,1,1991,9,0,0,0,0,0,0,0,0,0
10633,1,1,1991,0,0,0,0,0,0,0,0,0,0
10634,1,1,1991,0,0,0,0,16,0,0,0,0,0
10635,1,1,1991,0,0,18,0,0,0,0,0,29,0
10636,1,1,1991,38,38,38,38,38,38,38,38,38,38
10637,1,1,1991,3,3,3,3,3,3,3,3,3,3
10638,1,1,1991,7,7,7,7,7,7,7,7,7,7
10638,2,1,1991,15,15,15,15,15,15,15,15,15,15
10638,3,1,1991,0,0,0,0,0,0,0,0,0,0
10639,1,1,1991,0,0,0,0,0,0,0,0,0,0
10639,2,1,1991,0,0,0,0,0,0,0,0,0,0
10640,1,1,1991,0,0,0,0,0,0,0,0,0,0
10640,2,1,1991,0,0,0,0,0,0,0,0,0,0
10641,1,1,1991,28,28,28,28,28,28,28,28,28,28
10642,1,1,1991,0,0,0,22,0,0,0,0,0,0
10643,1,1,1991,0,0,0,0,0,0,0,0,0,0
10643,2,1,1991,1,1,1,1,1,1,1,1,1,1
10643,3,1,1991,0,0,0,0,0,0,0,0,0,0
10644,1,1,1991,7,7,7,7,7,7,7,7,7,7
10645,1,1,1991,23,0,0,40,34,19,0,0,0,0
10646,1,1,1991,0,0,0,0,0,0,0,0,0,0
10646,2,1,1991,0,0,0,0,0,0,0,0,0,0
10647,1,1,1991,15,4,7,19,27,15,19,18,12,9
10647,2,1,1991,0,0,0,0,0,0,0,0,0,0
10648,1,1,1991,0,0,0,0,0,0,0,0,0,0
10648,2,1,1991,0,0,0,0,0,0,0,0,0,0
10649,1,1,1991,0,0,0,0,27,0,0,0,0,0
10649,2,1,1991,0,0,0,0,0,0,0,0,0,0
10650,1,1,1991,0,0,0,0,0,0,0,0,0,0
10650,2,1,1991,14,0,0,0,0,0,0,0,0,0
10651,1,1,1991,0,0,0,0,0,0,0,0,0,0
10651,2,1,1991,0,0,0,0,0,0,0,0,0,0
10652,1,1,1991,0,0,0,0,0,0,0,0,0,0
10652,2,1,1991,0,0,0,0,0,0,0,0,0,0
10653,1,1,1991,0,0,0,0,0,0,0,0,0,0
10654,1,1,1991,0,0,0,0,0,0,0,0,0,0
10654,2,1,1991,0,0,0,0,0,0,0,0,0,0
10655,1,1,1991,40,25,0,0,0,0,24,12,0,10
10656,1,1,1991,3,17,0,12,13,16,4,4,9,12
10657,1,1,1991,13,17,7,26,23,13,19,13,22,22
10657,2,1,1991,0,0,0,0,0,0,0,0,0,0
10658,1,1,1991,1,1,1,1,1,1,1,1,1,1
10659,1,1,1991,26,18,14,34,12,12,0,18,24,21
10660,1,1,1991,0,16,30,0,0,0,18,0,0,0
10661,1,1,1991,0,18,0,0,30,0,35,0,28,12
10662,1,1,1991,0,0,0,0,0,0,0,0,0,0
10662,2,1,1991,24,33,12,0,0,8,26,41,17,0
10663,1,1,1991,19,19,19,19,19,19,19,19,19,19
10663,2,1,1991,0,0,0,0,0,0,0,0,0,0
10664,1,1,1991,0,0,0,0,0,0,0,0,0,0
10664,2,1,1991,0,0,0,0,0,0,0,0,0,0
10665,1,1,1991,16,13,9,9,10,22,0,16,14,15
10666,1,1,1991,0,0,0,0,0,0,0,0,0,0
10667,1,1,1991,0,0,0,0,15,0,0,15,0,0
10668,1,1,1991,14,14,14,14,14,14,14,14,14,14
10669,1,1,1991,0,0,0,0,0,0,0,0,0,0
10670,1,1,1991,0,0,0,0,0,0,0,0,0,0
10670,2,1,1991,0,0,0,0,0,0,0,0,0,0
10671,1,1,1991,0,0,0,0,0,0,0,0,0,0
10671,2,1,1991,0,0,0,0,0,0,0,0,0,0
10672,1,1,1991,0,0,0,0,0,0,0,0,0,0
10672,2,1,1991,0,0,0,0,0,0,0,0,0,0
10673,1,1,1991,32,32,32,32,32,32,32,32,32,32
10674,0,1,1991,0,0,0,0,0,0,0,0,0,0
10674,1,1,1991,0,0,0,0,0,0,0,0,0,0
10675,0,1,1991,0,0,0,38,0,0,0,0,0,0
10675,1,1,1991,0,0,0,0,0,0,0,0,0,0
10676,0,1,1991,0,0,0,0,0,0,0,0,0,0
10676,1,1,1991,0,0,0,0,0,0,0,0,0,0
10677,0,1,1991,35,35,35,35,35,35,35,35,35,35
10677,1,1,1991,0,0,0,0,0,0,0,0,0,0
10678,1,1,1991,0,0,0,0,0,0,0,0,0,0
10678,2,1,1991,0,0,0,0,0,0,0,0,0,0
10679,1,1,1991,0,0,0,0,0,0,0,0,0,0
10680,1,1,1991,0,13,0,0,0,0,0,0,0,0
10680,2,1,1991,0,0,0,0,0,0,0,0,0,0
10681,1,1,1991,0,0,0,0,0,0,0,0,0,0
10681,2,1,1991,0,0,20,0,0,0,0,0,0,0
10682,1,1,1991,0,0,0,0,0,0,0,0,0,0
10682,2,1,1991,0,0,0,0,6,0,0,9,0,26
10683,1,1,1991,0,15,0,0,0,0,0,0,0,0
10683,2,1,1991,0,0,15,0,0,0,0,0,0,0
10684,1,1,1991,0,0,0,0,0,0,0,0,0,0
10684,2,1,1991,0,0,0,0,0,0,0,0,0,0
10685,1,1,1991,0,0,0,0,0,0,0,0,0,0
10685,2,1,1991,0,0,0,0,0,0,0,0,0,0
10686,1,1,1991,19,0,0,0,0,0,0,0,0,0
10686,2,1,1991,0,0,16,0,0,0,10,0,0,9
10687,1,1,1991,0,0,0,0,0,12,0,0,0,0
10687,2,1,1991,13,13,13,13,13,13,13,13,13,13
10688,1,1,1991,0,0,0,0,0,0,0,0,0,0
10688,2,1,1991,0,0,0,0,0,0,25,5,0,6
10690,1,1,1991,0,0,0,0,0,0,0,0,0,0
10690,2,1,1991,30,30,30,30,30,30,30,30,30,30
10691,1,1,1991,28,30,11,19,22,14,12,20,26,17
10691,2,1,1991,0,0,0,0,0,0,0,0,0,0
10692,1,1,1991,0,0,0,0,10,0,6,0,0,0
10692,3,1,1991,0,0,0,0,0,0,0,0,0,0
10693,1,1,1991,7,0,0,0,0,0,0,19,13,8
10693,2,1,1991,13,0,20,0,0,14,0,0,8,14
10694,0,1,1991,11,18,9,12,40,16,18,15,13,23
10694,1,1,1991,0,0,0,0,0,0,0,0,0,0
10695,0,1,1991,30,30,30,30,30,30,30,30,30,30
10695,1,1,1991,0,0,0,0,0,0,0,0,0,0
10696,1,1,1991,25,25,25,25,25,25,25,25,25,25
10697,1,1,1991,0,0,10,0,0,0,0,0,0,0
10697,2,1,1991,8,9,0,27,0,0,21,0,0,15
10699,1,1,1991,0,19,44,28,16,21,20,23,27,12
10700,1,1,1991,0,20,12,13,35,0,14,11,0,15
10701,1,1,1991,13,13,0,0,15,21,0,0,0,32
10701,2,1,1991,20,0,0,0,0,0,0,0,0,0
10703,1,1,1991,27,29,23,11,29,19,33,24,22,17
10704,1,1,1991,0,17,0,0,0,0,0,0,0,0
10705,1,1,1991,0,0,0,0,0,0,0,0,0,0
10705,2,1,1991,0,0,0,0,0,17,0,0,0,0
10707,1,1,1991,20,14,32,19,22,19,15,24,22,13
10708,1,1,1991,0,0,0,0,0,0,0,0,0,0
10708,2,1,1991,0,0,0,0,0,0,0,0,0,0
10709,1,1,1991,10,15,9,21,24,24,18,0,31,15
10710,1,1,1991,0,13,19,12,0,5,0,0,0,0
10711,1,1,1991,0,0,0,36,0,30,0,0,0,0
10712,1,1,1991,0,0,0,0,0,0,0,0,0,0
10713,1,1,1991,0,0,0,0,0,0,0,0,0,0
10714,1,1,1991,0,0,0,0,0,0,0,0,0,0
10714,2,1,1991,0,0,0,0,0,0,0,0,0,0
10715,1,1,1991,0,0,0,0,0,0,19,0,0,0
10715,2,1,1991,0,0,0,0,0,0,0,0,0,0
10716,1,1,1991,0,0,0,0,0,0,0,0,0,0
10717,1,1,1991,13,13,13,13,13,13,13,13,13,13
10718,1,1,1991,0,0,0,0,0,0,0,0,0,0
10718,2,1,1991,0,0,0,0,0,0,0,0,0,0
10718,3,1,1991,0,0,0,0,0,0,0,0,0,0
10719,1,1,1991,34,0,0,0,0,9,0,0,0,12
10720,1,1,1991,48,27,18,11,31,15,26,27,13,24
10721,1,1,1991,11,22,5,6,21,17,11,20,15,32
10722,1,1,1991,0,17,0,0,0,0,0,0,0,0
10723,1,1,1991,0,0,0,11,0,0,0,0,0,0
10724,1,1,1991,21,21,21,21,21,21,21,21,21,21
10725,1,1,1991,19,19,19,19,19,19,19,19,19,19
10726,0,1,1991,0,0,0,0,0,0,0,0,0,0
10726,1,1,1991,0,0,0,0,0,0,0,0,0,0
10727,1,1,1991,0,0,0,0,0,0,0,0,0,0
10727,2,1,1991,0,0,0,0,0,0,0,0,0,0
10728,1,1,1991,2,19,3,3,3,28,12,7,17,5
10729,1,1,1991,0,0,0,0,0,0,0,0,0,0
10730,1,1,1991,26,26,26,26,26,26,26,26,26,26
10730,2,1,1991,0,0,0,0,0,0,0,0,0,0
10730,3,1,1991,0,0,0,0,0,0,0,0,0,0
10731,1,1,1991,0,0,0,0,0,0,0,0,0,0
10731,2,1,1991,0,0,0,0,0,0,0,0,0,0
10732,1,1,1991,0,0,0,0,0,0,0,0,0,0
10732,2,1,1991,0,0,0,0,0,0,0,0,0,0
10733,1,1,1991,0,2,0,0,0,0,0,0,0,3
10733,2,1,1991,0,0,0,0,0,0,0,0,0,0
10734,0,1,1991,0,0,0,0,0,0,0,0,0,0
10734,1,1,1991,0,0,0,0,0,0,0,0,0,0
10735,1,1,1991,20,20,20,20,20,20,20,20,20,20
10736,1,1,1991,0,0,0,0,0,0,0,0,0,0
10736,2,1,1991,0,0,0,0,0,0,0,0,0,0
10737,1,1,1991,0,0,0,0,0,0,0,0,0,0
10738,1,1,1991,14,14,14,14,14,14,14,14,14,14
10739,1,1,1991,25,3,0,0,17,0,27,28,0,0
10739,2,1,1991,10,24,11,10,17,19,12,17,28,26
10740,1,1,1991,21,21,21,21,21,21,21,21,21,21
10741,1,1,1991,17,17,17,17,17,17,17,17,17,17
10742,1,1,1991,15,0,13,30,12,0,12,19,0,27
10743,1,1,1991,0,0,0,0,0,0,0,0,0,0
10744,1,1,1991,0,0,0,0,0,0,0,0,0,0
10745,1,1,1991,0,0,0,0,0,0,0,0,0,0
10745,2,1,1991,0,0,0,0,0,0,0,0,0,0
10746,1,1,1991,0,0,0,0,0,0,0,0,0,0
10746,2,1,1991,0,0,0,0,0,0,0,0,0,0
10747,1,1,1991,0,0,0,0,0,0,0,0,0,0
10747,2,1,1991,0,0,0,0,0,0,0,0,0,0
10748,1,1,1991,23,23,23,23,23,23,23,23,23,23
10748,2,1,1991,0,0,0,0,0,0,0,0,0,6
10749,1,1,1991,20,0,19,25,0,23,0,13,21,12
10750,1,1,1991,0,0,0,0,0,0,0,0,0,0
10750,2,1,1991,0,0,0,0,0,0,0,0,0,0
10751,1,1,1991,0,0,0,0,0,0,0,0,0,0
10752,1,1,1991,26,33,19,20,13,18,30,20,41,25
10753,1,1,1991,7,7,29,7,25,13,31,10,32,7
10754,0,1,1991,13,13,13,13,13,13,13,13,13,13
10754,1,1,1991,9,5,9,13,12,9,0,18,12,20
10755,1,1,1991,16,12,15,8,17,5,16,13,6,18
10755,2,1,1991,0,0,0,0,0,0,0,0,0,0
10756,1,1,1991,0,0,0,0,0,0,0,0,0,0
10756,2,1,1991,0,0,0,1,0,0,0,0,0,0
10757,0,1,1991,0,0,0,0,0,0,0,0,0,0
10757,1,1,1991,0,0,0,0,0,0,0,0,0,0
10758,0,1,1991,0,0,0,0,0,0,0,0,0,0
10758,1,1,1991,0,0,0,0,0,0,0,0,0,0
10759,1,1,1991,24,26,18,9,22,29,14,27,17,9
10760,1,1,1991,25,6,16,25,16,15,25,20,30,0
10761,1,1,1991,0,0,0,0,0,0,0,0,0,0
10761,2,1,1991,0,0,0,0,0,0,0,34,0,0
10762,1,1,1991,28,10,12,0,11,16,0,0,23,14
10763,1,1,1991,15,0,16,0,0,14,0,0,0,0
10764,1,1,1991,27,21,7,26,40,35,21,14,0,8
10765,1,1,1991,22,23,42,12,12,24,0,0,21,6
10766,1,1,1991,0,0,0,0,0,0,0,0,0,0
10766,2,1,1991,0,0,16,0,0,0,0,0,0,23
10767,1,1,1991,30,29,0,31,0,16,13,22,13,0
10769,1,1,1991,0,0,0,0,0,0,0,0,0,0
10769,2,1,1991,0,0,0,0,0,0,0,0,0,0
10770,1,1,1991,0,0,0,0,0,0,0,0,0,0
10771,1,1,1991,19,0,0,0,0,0,0,23,0,0
10772,1,1,1991,0,19,25,17,0,22,30,27,24,15
10772,2,1,1991,0,0,0,0,0,0,0,0,0,0
10773,1,1,1991,8,8,8,8,8,8,8,8,8,8
10774,0,1,1991,0,0,0,0,0,0,0,0,0,0
10774,1,1,1991,0,0,0,0,0,0,0,3,0,0
10775,1,1,1991,0,0,0,0,0,0,0,9,0,0
10777,1,1,1991,0,0,0,0,0,13,0,0,0,0
10777,2,1,1991,25,0,0,36,26,16,16,21,18,15
10778,1,1,1991,0,0,0,4,0,0,0,0,0,0
10779,1,1,1991,32,16,17,19,8,0,10,27,18,15
10779,2,1,1991,0,0,0,0,0,0,0,0,0,0
10780,1,1,1991,10,10,10,10,10,10,10,10,10,10
10781,0,1,1991,0,0,0,0,0,0,0,0,0,0
10781,1,1,1991,12,12,12,12,12,12,12,12,12,12
10782,1,1,1991,0,0,0,0,0,0,0,0,0,0
10783,1,1,1991,3,3,3,3,3,3,3,3,3,3
10783,2,1,1991,0,0,0,0,0,0,0,0,0,0
10784,1,1,1991,15,21,18,17,0,17,13,18,12,14
10785,1,1,1991,0,0,0,0,0,0,0,0,0,0
10785,2,1,1991,0,0,0,0,0,0,0,17,0,0
10786,1,1,1991,16,0,0,0,0,0,0,0,0,0
10787,1,1,1991,26,17,0,16,18,14,18,23,21,0
10787,2,1,1991,0,0,0,0,0,0,0,0,0,0
10788,1,1,1991,16,14,0,0,19,9,0,19,21,0
10789,0,1,1991,0,0,0,0,0,0,0,0,0,0
10789,1,1,1991,0,0,0,0,0,0,0,0,0,0
10790,1,1,1991,0,0,0,0,0,0,0,0,0,0
10790,2,1,1991,0,0,0,0,0,0,0,0,0,0
10791,1,1,1991,12,12,12,12,12,12,12,12,12,12
10792,1,1,1991,0,0,0,0,0,0,0,0,0,0
10793,1,1,1991,22,19,8,25,21,28,12,24,15,16
10795,1,1,1991,0,0,0,0,0,0,0,0,10,0
10795,2,1,1991,0,0,0,0,0,0,0,0,0,0
10796,0,1,1991,0,0,0,0,0,0,0,0,0,0
10796,1,1,1991,0,0,0,0,0,0,0,0,0,0
10797,1,1,1991,0,0,0,0,0,0,0,0,0,0
10797,2,1,1991,1,1,1,1,1,1,1,1,1,1
10798,1,1,1991,0,0,0,0,0,0,0,0,11,0
10798,2,1,1991,0,0,0,18,0,0,0,0,0,0
10798,3,1,1991,0,0,0,0,0,0,0,0,0,0
10799,1,1,1991,22,14,23,10,23,33,22,41,16,0
10800,0,1,1991,0,0,0,0,0,0,0,0,0,0
10800,1,1,1991,0,0,0,0,0,0,0,0,0,0
10801,1,1,1991,0,0,0,0,0,0,0,0,0,0
10802,0,1,1991,0,0,0,0,0,0,0,0,0,0
10802,1,1,1991,0,18,0,0,0,0,0,0,0,0
10803,1,1,1991,0,0,0,0,0,18,0,0,0,0
10804,1,1,1991,0,0,0,0,0,0,0,0,0,0
10804,2,1,1991,0,0,0,0,0,0,0,0,16,0
10805,1,1,1991,15,9,0,0,10,0,22,0,5,15
10806,0,1,1991,26,26,26,26,26,26,26,26,26,26
10806,1,1,1991,19,19,19,19,19,19,19,19,19,19
10807,1,1,1991,0,3,0,0,0,0,0,0,0,0
10807,2,1,1991,0,0,0,0,0,20,0,0,0,0
10808,1,1,1991,0,0,0,0,0,0,0,0,0,0
10809,1,1,1991,0,0,0,0,0,0,0,0,0,0
10809,2,1,1991,0,0,0,0,0,0,0,0,0,0
10810,1,1,1991,0,0,0,0,0,0,0,0,0,0
10810,2,1,1991,0,0,0,0,0,0,0,0,0,0
10811,1,1,1991,0,0,0,0,0,0,20,0,0,0
10812,1,1,1991,26,26,26,26,26,26,26,26,26,26
10812,2,1,1991,0,0,0,0,0,0,0,0,0,0
10813,1,1,1991,30,30,30,30,30,30,30,30,30,30
10814,1,1,1991,0,0,0,0,0,0,0,0,0,0
10814,2,1,1991,0,0,0,0,0,0,0,0,0,0
10815,1,1,1991,0,0,0,0,0,0,0,0,0,0
10815,2,1,1991,0,0,0,0,0,0,0,0,0,0
10815,3,1,1991,0,0,0,0,0,0,0,0,0,0
10816,1,1,1991,21,21,21,21,21,21,21,21,21,21
10817,1,1,1991,0,0,0,0,0,0,0,0,0,0
10818,1,1,1991,0,0,0,0,15,0,0,0,0,0
10818,2,1,1991,0,0,0,0,0,0,0,0,0,0
10819,1,1,1991,29,29,29,29,29,29,29,29,29,29
10820,1,1,1991,8,8,8,8,8,8,8,8,8,8
10820,2,1,1991,0,0,0,0,0,0,0,0,0,0
10821,1,1,1991,0,0,0,0,0,0,0,0,0,0
10821,2,1,1991,0,0,0,0,0,12,0,0,0,0
10822,1,1,1991,19,0,12,13,34,36,9,0,20,17
10823,1,1,1991,0,0,0,0,0,0,0,0,0,0
10823,2,1,1991,7,10,16,17,22,21,24,26,31,0
10824,1,1,1991,0,0,0,0,0,0,14,0,0,0
10825,1,1,1991,0,0,0,0,0,0,0,41,0,0
10826,1,1,1991,0,0,0,0,0,0,0,0,0,0
10827,1,1,1991,0,0,0,0,0,0,0,0,0,0
10827,2,1,1991,0,0,0,0,0,0,0,0,0,0
10828,1,1,1991,0,0,0,0,0,0,0,0,0,0
10828,2,1,1991,0,0,0,0,0,0,0,0,0,0
10829,0,1,1991,0,0,0,0,0,0,0,0,0,0
10829,1,1,1991,0,0,0,0,0,0,0,0,0,0
10830,1,1,1991,0,0,0,0,0,0,0,0,0,0
10830,2,1,1991,0,0,0,0,0,0,0,0,0,0
10831,1,1,1991,0,0,0,0,0,0,0,0,0,0
10831,2,1,1991,0,0,0,0,0,0,0,0,0,0
10832,1,1,1991,0,0,0,0,0,0,0,0,0,0
10832,2,1,1991,0,0,0,0,0,0,0,0,0,0
10833,1,1,1991,0,0,0,0,0,0,0,0,0,0
10834,1,1,1991,0,0,0,0,0,0,0,0,0,0
10834,2,1,1991,0,0,0,0,28,0,0,0,0,0
10835,1,1,1991,26,26,26,26,26,26,26,26,26,26
10835,2,1,1991,8,8,8,8,8,8,8,8,8,8
10836,1,1,1991,18,13,3,10,2,9,17,7,14,16
10837,1,1,1991,0,0,0,0,0,19,0,0,0,0
10838,1,1,1991,0,0,0,0,0,0,0,0,0,0
10839,1,1,1991,11,11,11,11,11,11,11,11,11,11
10840,1,1,1991,25,25,25,25,25,25,25,25,25,25
10841,1,1,1991,0,0,0,0,0,0,0,0,0,0
10841,2,1,1991,0,18,0,0,0,0,0,0,11,0
10842,1,1,1991,0,0,0,0,0,0,0,0,0,0
10843,1,1,1991,14,16,21,10,0,22,0,0,10,18
10843,2,1,1991,0,0,0,0,0,0,0,0,0,0
10845,0,1,1991,7,26,32,7,22,40,21,28,16,17
10845,1,1,1991,0,0,0,0,0,0,0,0,0,0
10846,1,1,1991,14,14,14,14,14,14,14,14,14,14
10847,1,1,1991,10,0,0,0,0,0,0,0,0,0
10847,2,1,1991,13,8,13,13,6,19,13,15,0,3
10848,1,1,1991,24,24,24,24,24,24,24,24,24,24
10849,1,1,1991,17,17,17,17,17,17,17,17,17,17
10850,1,1,1991,13,5,17,7,15,0,22,11,31,10
10850,2,1,1991,0,0,0,0,0,0,0,0,0,0
10851,1,1,1991,11,0,0,0,0,0,0,0,0,0
10852,1,1,1991,9,9,9,9,9,9,9,9,9,9
10852,2,1,1991,0,0,0,0,0,0,0,0,19,0
10852,3,1,1991,0,0,0,0,0,0,0,0,3,0
10853,1,1,1991,0,0,0,0,0,0,0,37,0,0
10853,2,1,1991,0,0,13,0,6,0,0,0,0,0
10853,3,1,1991,0,0,0,0,0,0,0,0,0,20
10853,4,1,1991,0,0,0,31,0,0,21,0,17,0
10853,5,1,1991,12,0,0,0,0,0,0,0,10,0
10853,6,1,1991,0,0,0,0,0,0,0,0,0,0
10853,7,1,1991,0,0,0,0,5,0,0,0,0,0
10854,1,1,1991,0,0,0,12,0,0,0,0,0,0
10855,1,1,1991,0,14,0,0,0,0,0,27,23,0
10856,1,1,1991,7,7,8,14,16,9,12,20,11,7
10856,2,1,1991,3,3,3,3,3,3,3,3,3,3
10857,1,1,1991,0,0,0,0,0,15,0,0,0,0
10857,2,1,1991,0,0,0,0,0,0,0,0,0,0
10858,1,1,1991,32,32,32,32,32,32,32,32,32,32
10858,2,1,1991,0,0,0,9,0,0,0,4,12,0
10859,1,1,1991,14,15,14,0,6,25,27,15,28,14
10859,2,1,1991,24,30,31,16,17,10,29,24,7,36
10861,1,1,1991,0,0,0,0,0,0,0,0,0,0
10861,2,1,1991,15,15,15,15,15,15,15,15,15,15
10862,1,1,1991,28,28,28,28,28,28,28,28,28,28
10862,2,1,1991,0,0,0,0,0,0,0,0,0,0
10863,1,1,1991,10,10,10,10,10,10,10,10,10,10
10864,1,1,1991,0,0,0,0,0,0,0,0,0,0
10864,2,1,1991,5,5,5,5,5,5,5,5,5,5
10865,1,1,1991,0,11,16,0,13,0,0,0,0,20
10865,2,1,1991,0,0,24,0,0,0,0,0,0,0
10866,1,1,1991,0,0,0,0,0,0,0,0,0,0
10866,2,1,1991,0,0,0,15,0,0,0,0,0,0
10867,1,1,1991,0,0,0,0,0,0,0,0,0,0
10867,2,1,1991,0,0,0,0,27,0,0,25,17,0
10868,1,1,1991,0,0,0,0,0,0,0,0,0,0
10869,0,1,1991,28,28,28,28,28,28,28,28,28,28
10869,1,1,1991,0,7,0,0,0,0,0,0,5,0
10870,1,1,1991,14,13,17,31,25,22,23,5,9,35
10871,1,1,1991,0,0,0,0,0,0,0,0,0,0
10871,2,1,1991,0,0,0,0,0,0,0,0,0,0
10871,3,1,1991,0,0,0,0,0,0,0,0,0,0
10872,1,1,1991,0,0,0,0,0,0,0,0,0,0
10872,2,1,1991,0,0,0,0,0,0,0,0,0,0
10873,1,1,1991,30,21,16,16,16,0,0,9,15,13
10874,1,1,1991,0,0,0,0,0,0,0,0,0,0
10874,2,1,1991,0,0,0,0,0,0,9,0,0,0
10875,1,1,1991,11,0,0,24,16,24,24,0,13,31
10876,0,1,1991,41,41,41,41,41,41,41,41,41,41
10876,1,1,1991,0,0,0,0,0,0,0,0,0,0
10878,1,1,1991,24,24,24,24,24,24,24,24,24,24
10879,1,1,1991,0,0,0,0,0,0,0,0,0,0
10879,2,1,1991,0,0,0,0,0,0,0,0,0,0
10880,1,1,1991,0,0,0,0,0,0,0,0,0,0
10881,1,1,1991,0,0,0,0,0,0,14,0,0,0
10881,2,1,1991,0,0,0,0,0,0,0,0,0,0
10882,1,1,1991,23,19,8,11,0,17,21,10,0,11
10882,2,1,1991,0,13,0,13,0,0,0,0,0,0
10883,1,1,1991,20,20,20,20,20,20,20,20,20,20
10884,1,1,1991,0,0,0,0,0,0,0,0,0,0
10884,2,1,1991,0,0,0,0,0,0,0,0,0,0
10885,0,1,1991,0,0,0,0,0,0,0,0,0,0
10886,1,1,1991,12,0,0,0,0,0,0,11,0,0
10886,2,1,1991,0,0,0,0,0,0,0,0,0,0
10887,1,1,1991,0,0,0,0,0,0,0,0,0,0
10887,2,1,1991,0,0,0,0,0,0,0,0,0,0
10888,0,1,1991,17,17,17,17,17,17,17,17,17,17
10888,1,1,1991,0,4,12,0,0,0,0,0,26,0
10889,1,1,1991,19,19,19,19,19,19,19,19,19,19
10890,0,1,1991,29,29,29,29,29,29,29,29,29,29
10890,1,1,1991,0,0,0,0,0,0,0,0,0,0
10891,0,1,1991,16,16,16,16,16,16,16,16,16,16
10891,1,1,1991,0,0,0,0,0,0,0,0,0,0
10893,0,1,1991,0,0,0,0,0,0,0,0,0,0
10893,1,1,1991,0,0,0,0,0,0,0,0,0,0
10894,0,1,1991,0,0,0,0,0,0,32,32,0,25
10894,1,1,1991,0,0,0,0,0,0,0,0,0,0
10896,1,1,1991,0,12,0,0,0,0,0,0,0,0
10896,2,1,1991,0,0,0,0,0,0,0,0,0,0
10897,0,1,1991,43,43,43,43,43,43,43,43,43,43
10897,1,1,1991,0,0,0,0,12,0,0,0,0,0
10898,1,1,1991,9,13,7,11,13,14,17,12,16,24
10899,1,1,1991,0,0,0,0,0,0,0,0,0,0
10899,2,1,1991,0,0,0,0,0,0,0,0,0,0
10900,1,1,1991,0,0,0,0,0,0,0,0,0,0
10901,1,1,1991,0,0,0,0,11,0,0,0,0,0
10901,2,1,1991,0,0,0,0,0,0,0,0,0,0
10902,1,1,1991,0,0,0,0,0,0,0,0,0,22
10902,2,1,1991,0,0,0,0,0,0,17,0,0,0
10903,1,1,1991,28,28,28,28,28,28,28,28,28,28
10904,2,1,1991,21,21,21,21,21,21,21,21,21,21
10905,1,1,1991,8,24,23,30,16,23,9,11,14,8
10906,1,1,1991,0,0,0,0,0,0,0,0,0,0
10906,2,1,1991,0,0,0,21,0,8,0,0,0,19
10906,3,1,1991,24,21,9,9,16,22,4,11,16,11
10907,1,1,1991,17,17,17,17,17,17,17,17,17,17
10908,1,1,1991,0,0,0,0,0,0,0,0,0,0
10908,2,1,1991,0,0,0,0,0,0,0,0,0,0
10909,1,1,1991,0,0,0,0,0,0,0,0,0,0
10909,2,1,1991,0,0,0,0,0,0,15,0,0,0
10910,1,1,1991,17,13,2,17,5,29,8,28,11,5
10911,1,1,1991,0,0,0,0,0,0,0,0,0,0
10912,1,1,1991,17,20,0,0,12,18,34,15,11,19
10913,0,1,1991,17,17,17,17,17,17,17,17,17,17
10913,1,1,1991,0,0,0,0,0,0,0,0,0,0
10914,0,1,1991,22,12,6,13,14,29,9,15,26,7
10914,1,1,1991,0,0,0,0,0,6,0,0,0,0
10915,1,1,1991,0,0,0,0,0,0,0,0,0,0
10915,2,1,1991,0,0,0,0,0,0,0,0,0,0
10916,1,1,1991,18,18,18,18,18,18,18,18,18,18
10917,1,1,1991,2,28,8,10,25,18,16,21,12,12
10917,2,1,1991,5,5,5,5,5,5,5,5,5,5
10918,0,1,1991,25,25,25,25,25,25,25,25,25,25
10918,1,1,1991,0,0,0,0,0,0,0,0,0,0
10919,1,1,1991,0,0,0,0,0,0,0,0,0,0
10919,2,1,1991,0,0,0,0,0,0,0,0,0,12
10920,1,1,1991,0,0,0,0,0,0,0,0,0,0
10921,1,1,1991,17,0,0,0,0,0,0,0,0,0
10921,2,1,1991,0,0,0,0,0,0,0,0,0,0
10922,1,1,1991,0,0,0,0,0,0,0,0,0,0
10922,2,1,1991,0,0,0,0,0,0,0,0,0,0
10923,1,1,1991,17,0,36,10,14,6,26,22,32,23
10924,1,1,1991,0,0,0,0,0,0,0,0,0,0
10926,1,1,1991,0,0,0,0,0,0,0,0,0,0
10926,2,1,1991,0,0,0,0,0,0,0,0,0,0
10927,1,1,1991,0,0,0,0,0,0,0,0,0,0
10927,2,1,1991,0,0,0,0,0,0,0,0,0,0
10927,3,1,1991,0,0,0,0,0,0,0,0,0,0