ST_CASE,VEH_NO,PER_NO,YEAR,P1,P2,P3,P4,P5,P6,P7,P8,P9,P10
10927,4,1,1991,0,0,0,0,0,0,0,0,0,0
10928,1,1,1991,0,0,0,0,0,0,0,0,0,0
10929,1,1,1991,0,0,0,0,0,0,0,0,0,0
10930,1,1,1991,0,0,0,0,0,0,0,0,0,0
10930,2,1,1991,0,0,0,0,0,0,0,0,0,0
10931,1,1,1991,6,0,0,0,9,0,0,19,0,0
10931,2,1,1991,0,0,0,0,0,0,0,0,0,0
10932,1,1,1991,22,22,22,22,22,22,22,22,22,22
10933,0,1,1991,0,0,0,0,0,0,0,0,0,0
10933,1,1,1991,0,0,0,23,0,12,15,10,0,0
10933,2,1,1991,5,10,23,0,0,22,9,0,3,0
10933,3,1,1991,0,0,0,0,0,0,0,0,0,0
10934,1,1,1991,0,0,0,0,0,0,0,0,0,0
10935,1,1,1991,39,10,42,8,17,18,19,3,13,4
10936,1,1,1991,8,8,8,8,8,8,8,8,8,8
10936,2,1,1991,0,0,0,0,0,0,0,0,0,0
10937,1,1,1991,27,27,27,27,27,27,27,27,27,27
10937,2,1,1991,0,0,0,0,0,0,0,0,0,0
10938,1,1,1991,0,0,0,0,0,0,0,0,0,0
10938,2,1,1991,0,0,0,0,0,0,0,0,0,0
10939,1,1,1991,0,0,0,0,0,0,0,0,0,0
10939,2,1,1991,18,18,18,18,18,18,18,18,18,18
10940,1,1,1991,24,24,24,24,24,24,24,24,24,24
10941,1,1,1991,0,0,0,0,0,0,0,0,0,0
10941,2,1,1991,0,0,0,0,0,0,0,0,0,0
10942,1,1,1991,0,0,0,0,0,0,0,0,0,0
10942,2,1,1991,0,0,0,0,0,0,0,0,0,0
10943,1,1,1991,8,16,14,0,21,17,18,18,18,30
10944,1,1,1991,30,16,14,18,27,12,0,24,32,18
10945,0,1,1991,0,0,0,0,0,0,0,0,0,0
10945,1,1,1991,0,0,0,0,0,0,0,0,0,0
10946,1,1,1991,19,19,19,19,19,19,19,19,19,19
10946,2,1,1991,0,0,0,0,0,0,0,0,0,0
10947,1,1,1991,0,0,0,0,23,30,0,0,0,0
10947,2,1,1991,0,0,0,0,0,0,0,0,0,0
10947,3,1,1991,0,0,0,0,0,0,0,0,0,0
10948,1,1,1991,25,0,10,16,0,37,8,9,18,12
10948,2,1,1991,16,20,0,0,0,0,16,0,0,0
10949,0,1,1991,0,0,0,0,0,0,0,0,0,0
10949,1,1,1991,0,0,0,0,0,0,0,0,0,0
10950,1,1,1991,0,23,0,0,0,0,0,0,0,0
10951,1,1,1991,0,0,0,0,0,0,0,0,0,0
10951,2,1,1991,0,0,0,0,0,0,0,0,0,0
10952,1,1,1991,0,0,0,0,0,0,0,0,0,24
10953,1,1,1991,0,0,0,0,0,0,0,0,0,0
10953,2,1,1991,0,0,0,0,0,0,0,0,0,0
10954,1,1,1991,0,0,0,0,0,0,0,0,0,0
10954,2,1,1991,0,0,0,0,0,0,0,0,0,0
10955,1,1,1991,0,0,0,0,0,0,0,0,0,0
10956,1,1,1991,0,29,25,36,0,0,18,34,0,2
10957,1,1,1991,0,14,0,15,0,0,0,0,0,0
10957,2,1,1991,0,0,0,0,0,0,0,0,0,0
10957,3,1,1991,0,0,0,0,0,0,0,0,0,0
10957,4,1,1991,0,0,0,0,0,0,0,0,0,0
10957,5,1,1991,0,0,0,0,0,0,0,0,0,0
10958,1,1,1991,22,22,22,22,22,22,22,22,22,22
10958,2,1,1991,0,0,0,0,0,0,0,0,0,0
10959,1,1,1991,0,0,0,0,0,0,0,0,0,0
10959,2,1,1991,0,0,0,0,0,0,0,0,0,0
10960,0,1,1991,0,0,0,0,0,0,0,0,0,0
10960,1,1,1991,0,0,0,0,0,0,0,0,11,0
10961,1,1,1991,24,2,16,26,0,26,18,16,11,23
10962,1,1,1991,17,25,0,29,0,31,32,13,23,25
10963,0,1,1991,18,18,18,18,18,18,18,18,18,18
10963,1,1,1991,12,0,0,9,16,10,13,0,25,7
10964,1,1,1991,0,0,0,0,0,0,0,0,0,0
10964,2,1,1991,0,0,0,0,0,0,0,0,0,0
10965,1,1,1991,0,0,0,0,0,0,0,0,0,0
10965,2,1,1991,0,0,0,0,0,0,0,14,13,0
10965,3,1,1991,0,0,0,0,0,0,0,0,0,0
10965,4,1,1991,0,0,0,0,0,0,0,0,0,0
10966,1,1,1991,0,23,0,26,4,0,0,18,0,11
10966,2,1,1991,0,0,0,0,0,0,0,0,0,0
10967,1,1,1991,0,0,0,0,0,0,0,0,0,0
10967,2,1,1991,0,0,0,0,0,0,0,0,0,0
10968,1,1,1991,20,20,20,20,20,20,20,20,20,20
10969,1,1,1991,0,0,0,0,0,0,0,0,0,0
10969,2,1,1991,0,0,0,0,0,19,0,0,0,0
10969,3,1,1991,0,0,0,0,0,0,0,0,0,0
10970,1,1,1991,17,0,11,0,13,19,31,0,44,0
10971,1,1,1991,31,31,31,31,31,31,31,31,31,31
10972,1,1,1991,0,0,0,0,0,0,0,0,0,0
10972,2,1,1991,0,0,0,0,0,0,0,0,0,0
10973,1,1,1991,0,0,0,0,0,0,0,0,0,0
10973,2,1,1991,0,0,0,0,0,0,0,0,0,0
10974,1,1,1991,0,0,0,0,0,0,0,0,0,0
10974,2,1,1991,0,0,0,0,0,0,14,0,0,0
10975,1,1,1991,0,0,0,0,0,0,0,0,0,0
10975,2,1,1991,0,0,0,18,0,0,0,0,0,0
10976,1,1,1991,0,15,8,9,12,18,0,12,18,0
10976,2,1,1991,9,5,15,15,0,12,11,10,30,4
10977,1,1,1991,0,0,0,0,0,0,0,0,0,0
10978,1,2,1991,11,11,11,11,11,11,11,11,11,11
10979,1,1,1991,0,0,0,0,0,0,0,0,0,0
10979,2,1,1991,0,0,0,0,0,0,0,0,0,0
10980,0,1,1991,14,20,24,18,39,33,15,5,31,0
10980,1,1,1991,13,0,0,0,0,0,0,0,0,0
10981,0,1,1991,29,29,29,29,29,29,29,29,29,29
10981,1,1,1991,0,0,0,0,0,0,0,0,0,0
10982,1,1,1991,0,0,0,18,12,0,0,0,0,0
10983,1,1,1991,0,0,0,0,0,0,0,0,0,0
10983,2,1,1991,0,0,0,0,0,0,0,0,0,0
10983,3,1,1991,0,0,0,0,0,0,0,0,0,0
10984,1,1,1991,0,0,0,0,0,0,0,0,0,0
10985,1,1,1991,15,15,15,15,15,15,15,15,15,15
10986,1,1,1991,15,15,8,8,10,12,27,5,17,31
10986,2,1,1991,23,9,0,20,5,0,0,8,13,15
10986,3,1,1991,0,22,0,0,0,0,12,21,0,0
10987,1,1,1991,0,0,0,0,0,0,0,0,0,0
10987,2,1,1991,0,0,0,0,0,0,0,0,0,0
10988,0,1,1991,0,0,0,0,0,0,0,0,0,0
10988,1,1,1991,0,0,0,0,0,0,0,0,0,0
10989,1,1,1991,17,13,0,0,0,13,0,13,0,0
10990,1,1,1991,0,0,0,0,0,0,0,0,0,0
10991,1,1,1991,0,0,0,16,0,0,22,29,0,23
10992,1,1,1991,0,0,0,0,0,13,21,10,22,6
10993,0,1,1991,2,2,2,2,2,2,2,2,2,2
10993,1,1,1991,0,0,0,0,0,0,0,0,0,0
10994,1,1,1991,14,14,14,14,14,14,14,14,14,14
10994,2,1,1991,0,0,0,0,0,0,0,0,0,11
10995,1,1,1991,0,0,0,0,13,20,20,36,0,0
10995,2,1,1991,4,0,13,26,0,18,10,0,16,11
10996,0,1,1991,28,28,28,28,28,28,28,28,28,28
10996,1,1,1991,0,0,0,0,0,0,0,0,0,0
10997,1,1,1991,12,20,15,20,9,29,16,10,24,19
10997,2,1,1991,0,0,0,0,0,0,0,0,0,0
10998,1,1,1991,0,0,0,0,0,0,0,0,0,0
10998,2,1,1991,0,0,0,0,0,0,0,0,0,0
10999,1,1,1991,0,0,0,0,9,0,0,0,0,0
10999,2,1,1991,0,0,0,0,0,0,0,0,0,0
11000,1,1,1991,0,0,0,0,0,0,0,0,0,0
11000,2,1,1991,0,0,0,0,0,0,0,0,0,0
11000,3,1,1991,0,0,0,0,0,0,0,0,0,0
11001,1,1,1991,21,8,14,17,16,17,30,14,30,20
11002,1,1,1991,0,0,0,0,0,0,0,0,0,0
11002,2,1,1991,0,0,0,0,0,0,0,0,0,0
11004,1,1,1991,0,0,0,0,0,0,0,19,0,0
11004,2,1,1991,12,21,17,8,12,8,20,0,16,9
11005,0,1,1991,0,0,0,0,0,13,0,0,0,0
11005,1,1,1991,10,10,10,10,10,10,10,10,10,10
11006,1,1,1991,0,0,0,0,0,0,0,0,0,0
11006,2,1,1991,0,0,0,0,0,0,0,0,0,0
11007,1,1,1991,0,0,0,0,0,0,0,0,0,0
11007,2,1,1991,0,0,0,0,0,0,0,0,0,0
11008,1,1,1991,0,0,10,0,0,0,0,0,0,0
11009,0,1,1991,0,0,0,0,0,0,0,0,0,0
11009,1,1,1991,0,0,0,0,0,0,0,0,0,0
20001,1,1,1991,28,28,28,28,28,28,28,28,28,28
20001,2,1,1991,0,0,0,0,0,0,0,0,0,0
20002,1,1,1991,0,0,0,0,0,0,0,0,0,0
20002,2,1,1991,0,0,0,0,0,0,0,0,0,0
20003,0,1,1991,0,0,0,0,0,0,0,0,0,0
20003,1,1,1991,0,0,0,0,0,0,0,0,0,0
20005,1,1,1991,0,0,0,0,0,0,0,0,0,0
20006,1,1,1991,0,0,0,0,0,0,0,0,0,0
20006,2,1,1991,0,0,0,0,0,0,0,0,0,0
20007,1,1,1991,33,33,33,33,33,33,33,33,33,33
20007,2,1,1991,0,0,0,0,0,0,0,0,26,0
20009,0,1,1991,0,0,0,0,0,0,0,0,0,0
20009,1,1,1991,0,0,0,0,0,0,0,0,0,0
20010,1,1,1991,0,0,0,0,0,0,0,0,0,0
20010,2,1,1991,0,0,0,0,0,0,0,0,0,0
20010,3,1,1991,0,0,0,0,0,0,0,0,0,0
20011,0,1,1991,0,0,0,0,0,0,0,0,0,0
20011,1,1,1991,8,8,8,8,8,8,8,8,8,8
20012,1,1,1991,0,0,0,0,0,0,0,0,0,0
20012,2,1,1991,0,0,0,0,0,0,0,0,0,0
20013,1,1,1991,22,22,22,22,22,22,22,22,22,22
20013,2,1,1991,0,0,0,0,0,0,0,0,0,0
20014,1,1,1991,12,0,0,0,0,0,0,0,0,0
20014,2,1,1991,0,0,0,0,0,0,0,0,0,0
20015,0,1,1991,16,16,16,16,16,16,16,16,16,16
20015,1,1,1991,0,3,11,0,13,7,0,20,0,8
20016,1,1,1991,0,0,0,0,0,0,0,0,0,0
20017,0,1,1991,0,0,0,8,0,0,0,0,0,34
20017,1,1,1991,0,0,0,0,0,0,0,0,0,0
20018,1,1,1991,0,0,0,0,0,0,0,9,0,0
20018,2,1,1991,0,0,0,0,0,0,0,0,0,0
20019,0,1,1991,0,0,0,0,0,0,0,0,0,0
20019,1,1,1991,0,0,0,0,0,0,0,0,0,0
20020,1,1,1991,0,0,22,9,0,17,0,0,0,0
20021,1,1,1991,11,11,11,11,11,11,11,11,11,11
20021,2,1,1991,0,0,0,0,0,0,0,0,0,0
20022,1,1,1991,29,29,29,29,29,29,29,29,29,29
20023,1,1,1991,27,27,27,27,27,27,27,27,27,27
20024,1,1,1991,0,0,0,0,0,0,0,0,0,0
20026,0,1,1991,30,30,30,30,30,30,30,30,30,30
20026,1,1,1991,13,10,11,10,0,12,24,12,22,18
20027,0,1,1991,0,0,0,0,0,0,0,0,0,0
20027,1,1,1991,0,0,0,0,0,0,0,0,0,0
20028,1,1,1991,15,15,15,15,15,15,15,15,15,15
20029,1,1,1991,21,21,21,21,21,21,21,21,21,21
20030,0,1,1991,0,0,0,0,0,0,0,0,0,0
20030,1,1,1991,0,0,0,0,0,0,0,0,0,0
20031,0,1,1991,28,28,28,28,28,28,28,28,28,28
20031,1,1,1991,13,13,13,13,13,13,13,13,13,13
20032,0,1,1991,9,9,9,9,9,9,9,9,9,9
20032,1,1,1991,12,10,3,20,9,11,6,0,0,18
20033,1,1,1991,0,0,0,0,0,0,0,8,0,0
20033,2,1,1991,0,0,0,0,0,0,0,0,0,0
20033,3,1,1991,0,0,17,0,0,0,0,0,0,0
20035,0,1,1991,0,0,15,0,0,0,0,0,5,0
20035,1,1,1991,8,8,8,8,8,8,8,8,8,8
20036,1,1,1991,20,20,20,20,20,20,20,20,20,20
20036,2,1,1991,0,0,0,0,0,0,0,20,0,0
20037,0,1,1991,0,0,0,0,0,0,0,0,0,0
20037,1,1,1991,0,0,0,0,0,0,0,0,0,0
20038,1,1,1991,18,18,18,18,18,18,18,18,18,18
20038,2,1,1991,0,0,0,0,0,0,0,0,0,0
20039,1,1,1991,0,0,0,0,0,0,0,0,0,0
20039,2,1,1991,0,0,0,0,0,0,0,0,0,0
20040,1,1,1991,0,0,0,0,0,0,0,0,0,0
20040,2,1,1991,0,0,0,0,0,0,0,0,0,0
20041,1,1,1991,0,28,0,0,0,0,0,0,0,0
20041,2,1,1991,3,0,0,0,0,0,0,0,0,0
20042,1,1,1991,4,4,4,4,4,4,4,4,4,4
20043,0,1,1991,32,32,32,32,32,32,32,32,32,32
20043,1,1,1991,0,0,0,12,0,17,0,0,8,0
20044,0,1,1991,36,36,36,36,36,36,36,36,36,36
20044,1,1,1991,0,0,0,0,0,0,0,0,0,0
20045,1,1,1991,19,19,19,19,19,19,19,19,19,19
20046,1,1,1991,28,28,28,28,28,28,28,28,28,28
20046,2,1,1991,17,17,17,17,17,17,17,17,17,17
20047,1,1,1991,15,15,15,15,15,15,15,15,15,15
20048,1,1,1991,7,7,7,7,7,7,7,7,7,7
20049,1,1,1991,0,0,0,0,0,0,0,0,0,0
20049,2,1,1991,0,0,0,0,0,0,0,0,0,0
20049,3,1,1991,0,0,0,0,0,0,0,0,0,0
20049,4,1,1991,0,0,0,0,0,0,0,0,0,0
20050,1,1,1991,14,14,14,14,14,14,14,14,14,14
20051,1,1,1991,0,0,0,0,0,0,0,0,0,0
20051,2,1,1991,0,0,0,0,0,0,0,0,0,0
20052,1,1,1991,0,0,0,0,0,0,0,0,0,0
20052,2,1,1991,18,18,18,18,18,18,18,18,18,18
20053,1,1,1991,19,19,19,19,19,19,19,19,19,19
20054,0,1,1991,16,16,16,16,16,16,16,16,16,16
20054,1,1,1991,12,12,12,12,12,12,12,12,12,12
20055,1,1,1991,8,8,8,8,8,8,8,8,8,8
20056,1,1,1991,18,18,18,18,18,18,18,18,18,18
20056,2,1,1991,0,0,0,0,0,0,0,0,0,0
20057,1,1,1991,17,17,17,17,17,17,17,17,17,17
20057,2,1,1991,0,0,0,0,0,0,0,0,0,0
20058,0,1,1991,43,43,43,43,43,43,43,43,43,43
20058,1,1,1991,5,5,5,5,5,5,5,5,5,5
20059,0,1,1991,33,33,33,33,33,33,33,33,33,33
20059,1,1,1991,20,20,20,20,20,20,20,20,20,20
20060,1,1,1991,26,26,26,26,26,26,26,26,26,26
20060,2,1,1991,0,0,0,0,0,0,0,0,0,0
20060,3,1,1991,29,27,13,21,13,8,20,25,43,10
20060,4,1,1991,15,0,0,0,0,0,0,0,0,0
20061,1,1,1991,0,0,0,0,0,0,0,0,20,8
20062,1,1,1991,0,0,0,0,0,0,0,0,0,0
20062,2,1,1991,0,0,0,0,0,0,0,0,0,0
20063,1,1,1991,0,0,0,0,0,10,0,0,0,0
20063,2,1,1991,0,0,0,0,0,0,0,0,0,0
20064,1,1,1991,25,25,25,25,25,25,25,25,25,25
20065,1,1,1991,0,0,0,0,0,0,0,0,0,0
20066,1,1,1991,0,0,0,0,0,0,0,0,0,0
20066,2,1,1991,0,0,0,0,0,0,0,0,0,0
20067,1,1,1991,38,38,38,38,38,38,38,38,38,38
20068,0,1,1991,28,28,28,28,28,28,28,28,28,28
20068,1,1,1991,0,0,0,0,6,8,0,0,12,0
20069,1,1,1991,26,26,26,26,26,26,26,26,26,26
20069,2,1,1991,0,0,0,0,0,0,0,0,0,0
20070,1,1,1991,0,0,0,0,0,0,0,0,0,0
20071,1,1,1991,20,20,20,20,20,20,20,20,20,20
20072,1,1,1991,0,0,0,0,0,0,0,0,0,0
20072,2,1,1991,0,0,0,0,0,0,0,0,0,0
20073,1,1,1991,0,0,0,0,0,0,0,0,0,0
20073,2,1,1991,0,0,0,0,0,0,0,0,0,0
20074,1,1,1991,0,0,0,0,0,0,0,0,0,0
20075,1,1,1991,0,0,0,0,0,0,0,0,0,0
20075,2,1,1991,0,0,0,0,0,0,0,0,0,0
20076,1,1,1991,0,0,0,0,0,0,0,0,0,0
20076,2,1,1991,0,0,0,0,0,0,0,0,0,0
20077,1,1,1991,0,0,0,0,0,0,0,0,11,0
20078,1,1,1991,0,13,0,0,0,0,0,0,0,0
20078,2,1,1991,0,0,0,0,11,0,0,0,0,0
20079,1,1,1991,0,0,0,0,0,0,0,0,0,0
20080,1,1,1991,0,0,0,0,0,0,0,8,0,0
20080,2,1,1991,0,0,0,0,0,0,0,0,0,0
20081,1,1,1991,0,0,0,0,0,0,0,0,0,0
20081,2,1,1991,0,0,0,0,0,0,0,0,0,0
20082,1,1,1991,12,12,12,12,12,12,12,12,12,12
20083,1,1,1991,26,26,26,26,26,26,26,26,26,26
20084,0,1,1991,32,32,32,32,32,32,32,32,32,32
20084,1,1,1991,14,14,14,14,14,14,14,14,14,14
20085,1,1,1991,0,0,0,0,0,0,0,0,0,0
20085,2,1,1991,0,0,0,0,0,0,0,0,0,0
20086,1,1,1991,0,0,0,0,0,0,0,0,0,0
20086,2,1,1991,0,0,0,0,0,0,0,0,0,0
20087,1,1,1991,0,0,0,0,0,0,0,0,0,0
20088,1,1,1991,0,0,0,0,0,0,0,0,0,0
20088,2,1,1991,0,0,0,0,0,0,0,0,0,0
20089,1,1,1991,27,5,16,0,20,9,6,0,6,18
20090,1,1,1991,0,0,0,0,0,0,0,0,0,0
20092,1,1,1991,0,0,0,0,0,0,0,0,0,0
20092,2,1,1991,0,0,0,0,0,0,0,0,0,0
20093,1,1,1991,0,0,0,16,0,0,0,0,0,0
20093,2,1,1991,0,0,0,0,0,0,0,0,0,0
20094,2,1,1991,0,0,0,0,0,0,0,0,0,0
20095,1,1,1991,27,27,27,27,27,27,27,27,27,27
40001,0,1,1991,30,30,30,30,30,30,30,30,30,30
40001,1,1,1991,18,19,9,14,5,15,15,36,6,24
40002,1,1,1991,14,14,14,14,14,14,14,14,14,14
40003,1,1,1991,0,11,12,15,14,5,14,16,9,11
40003,2,1,1991,0,0,0,0,0,0,0,0,0,0
40004,1,1,1991,29,29,29,29,29,29,29,29,29,29
40006,1,1,1991,0,0,0,0,0,0,0,0,0,0
40006,2,1,1991,0,0,0,0,0,0,0,0,0,0
40007,1,1,1991,0,0,0,0,0,0,0,0,0,0
40008,1,1,1991,0,0,0,0,23,0,5,0,0,0
40009,1,1,1991,0,0,0,0,0,0,0,0,0,0
40009,2,1,1991,13,0,0,0,0,0,0,0,0,0
40009,3,1,1991,0,0,0,0,0,0,0,0,0,0
40010,1,1,1991,0,0,0,0,0,0,0,18,0,0
40011,1,1,1991,0,0,15,17,0,0,0,0,0,13
40012,1,1,1991,0,0,0,0,37,0,0,0,0,0
40013,1,1,1991,0,0,0,0,0,0,0,0,0,0
40013,2,1,1991,0,0,0,0,0,0,0,0,0,0
40014,1,1,1991,9,22,21,9,13,28,18,13,38,22
40015,0,1,1991,18,37,29,22,24,20,30,31,32,13
40015,1,1,1991,0,0,0,0,0,0,0,0,0,0
40015,2,1,1991,4,7,6,0,5,9,4,0,9,18
40016,1,1,1991,12,9,15,12,18,17,15,17,13,23
40016,2,1,1991,15,15,15,15,15,15,15,15,15,15
40017,1,1,1991,0,0,0,0,0,0,0,0,0,0
40017,2,1,1991,0,0,0,0,0,0,0,0,0,0
40018,0,1,1991,0,0,0,0,0,0,0,0,0,0
40018,1,1,1991,0,0,0,0,0,0,0,0,0,0
40019,1,1,1991,16,16,16,16,16,16,16,16,16,16
40019,2,1,1991,0,0,0,0,0,0,0,0,0,0
40020,1,1,1991,0,0,0,0,0,0,0,0,27,0
40020,2,1,1991,0,0,25,11,0,0,0,8,0,0
40021,1,1,1991,0,0,0,0,0,0,0,0,0,0
40021,2,1,1991,0,0,0,0,0,0,0,0,0,0
40022,1,1,1991,0,0,0,0,0,0,0,0,0,0
40023,1,1,1991,0,0,18,15,0,26,42,0,0,0
40024,0,1,1991,0,0,0,0,0,0,0,0,0,0
40024,1,1,1991,8,0,0,0,0,0,0,0,0,0
40024,2,1,1991,0,0,0,0,0,0,0,0,0,0
40025,1,1,1991,23,0,0,0,8,26,11,9,26,0
40026,1,1,1991,24,0,17,0,0,0,21,0,0,0
40027,1,1,1991,11,25,13,29,20,7,40,21,14,22
40028,1,1,1991,0,0,0,0,0,0,0,0,0,0
40029,1,1,1991,0,0,0,0,0,0,0,0,0,0
40030,1,1,1991,0,0,0,0,0,0,0,0,0,0
40030,2,1,1991,0,0,0,0,0,0,0,0,0,0
40031,1,1,1991,0,0,0,0,0,0,0,0,0,0
40031,2,1,1991,0,0,0,0,0,0,0,0,0,0
40032,0,1,1991,0,0,0,0,0,0,0,0,0,0
40032,1,1,1991,0,0,0,0,0,0,0,0,0,26
40033,1,1,1991,23,23,23,23,23,23,23,23,23,23
40034,0,1,1991,0,0,0,0,0,0,0,0,0,0
40034,0,2,1991,0,0,0,0,0,0,0,0,0,0
40034,1,1,1991,0,0,0,0,0,0,0,0,0,0
40035,0,1,1991,0,0,0,0,0,18,8,0,0,0
40035,0,2,1991,0,17,3,0,0,0,0,0,0,20
40035,1,1,1991,0,0,0,0,0,0,0,0,0,0
40036,1,1,1991,0,0,0,0,0,0,0,15,0,0
40037,0,1,1991,0,0,0,0,0,0,0,0,0,0
40037,1,1,1991,0,0,0,0,0,0,0,0,0,0
40038,1,1,1991,0,5,0,0,0,0,0,0,0,0
40038,2,1,1991,26,22,21,15,12,27,19,19,12,10
40039,1,1,1991,0,0,0,0,0,0,0,0,9,6
40040,1,1,1991,0,0,0,0,0,0,0,0,0,0
40041,1,1,1991,0,0,0,0,0,0,0,0,0,0
40041,2,1,1991,0,0,0,0,0,0,0,0,8,0
40042,0,1,1991,0,0,0,0,0,0,0,0,0,0
40042,1,1,1991,0,0,0,0,0,0,0,0,0,0
40043,1,1,1991,14,14,14,14,14,14,14,14,14,14
40044,1,1,1991,0,0,0,0,0,0,0,0,0,0
40045,1,1,1991,33,33,33,33,33,33,33,33,33,33
40045,2,1,1991,0,0,0,0,0,0,0,0,0,0
40046,0,1,1991,0,0,0,0,0,0,0,0,0,0
40046,1,1,1991,0,0,0,0,0,0,0,0,0,0
40047,0,1,1991,15,15,15,15,15,15,15,15,15,15
40047,1,1,1991,0,0,0,0,0,0,0,0,0,0
40048,0,1,1991,10,10,10,10,10,10,10,10,10,10
40048,1,1,1991,0,0,0,0,0,0,0,0,0,0
40049,1,1,1991,0,7,10,18,6,13,0,0,12,0
40049,2,1,1991,0,0,0,0,0,0,0,0,0,0
40050,1,1,1991,10,10,10,10,10,10,10,10,10,10
40051,1,1,1991,14,14,14,14,14,14,14,14,14,14
40052,1,1,1991,0,0,0,0,0,0,0,0,0,0
40052,2,1,1991,0,0,0,0,0,0,0,16,0,0
40053,1,1,1991,24,13,0,16,9,15,23,7,15,13
40054,1,1,1991,0,0,0,0,0,0,0,0,0,0
40055,1,1,1991,21,21,21,21,21,21,21,21,21,21
40055,2,1,1991,0,0,0,0,0,0,0,0,0,0
40056,1,1,1991,0,0,0,0,0,0,0,0,0,0
40056,2,1,1991,0,0,0,0,0,0,0,0,0,0
40057,0,1,1991,26,26,26,26,26,26,26,26,26,26
40057,1,1,1991,13,13,13,13,13,13,13,13,13,13
40058,1,1,1991,20,2,15,24,12,18,10,0,9,16
40059,1,1,1991,19,0,23,0,15,5,7,18,10,27
40059,2,1,1991,0,0,13,0,17,0,13,0,0,0
40060,1,1,1991,7,16,26,18,12,22,21,22,13,20
40061,1,1,1991,0,10,0,0,0,0,0,0,0,0
40061,2,1,1991,0,0,22,0,0,0,0,0,7,0
40062,1,1,1991,25,32,20,12,22,24,16,25,28,12
40062,2,1,1991,0,23,0,0,29,0,0,0,0,15
40062,3,1,1991,0,0,0,0,0,0,0,0,0,0
40062,4,1,1991,0,0,0,0,0,0,0,0,16,0
40063,0,1,1991,0,0,0,0,0,0,0,0,0,0
40063,0,2,1991,0,0,0,0,0,0,0,0,0,0
40063,0,3,1991,0,0,0,0,0,0,0,0,0,0
40063,1,1,1991,0,0,0,0,0,0,0,0,0,0
40064,1,1,1991,0,0,0,0,0,0,0,0,0,0
40064,2,1,1991,0,0,0,0,0,0,0,0,0,0
40065,0,1,1991,45,45,45,45,45,45,45,45,45,45
40065,1,1,1991,0,0,0,0,0,0,0,0,0,0
40065,2,1,1991,0,0,0,0,0,0,0,0,0,0
40066,1,1,1991,22,22,22,22,22,22,22,22,22,22
40067,1,1,1991,20,20,20,20,20,20,20,20,20,20
40068,1,1,1991,0,0,0,0,0,0,0,0,0,0
40068,2,1,1991,0,0,0,0,0,0,0,0,0,0
40069,0,1,1991,25,25,25,25,25,25,25,25,25,25
40069,1,1,1991,0,0,0,0,22,0,5,0,0,0
40070,0,1,1991,0,0,0,0,0,0,0,0,0,0
40070,1,1,1991,0,0,0,0,0,0,0,0,0,0
40071,0,1,1991,0,0,0,0,0,0,0,0,0,0
40071,1,1,1991,0,0,0,0,0,0,0,0,0,0
40072,0,1,1991,0,0,0,0,0,0,0,0,0,0
40073,1,1,1991,6,6,6,6,6,6,6,6,6,6
40074,0,1,1991,3,3,3,3,3,3,3,3,3,3
40074,1,1,1991,0,0,19,0,0,0,0,0,0,0
40075,0,1,1991,16,16,16,16,16,16,16,16,16,16
40075,1,1,1991,24,17,19,16,17,18,18,17,15,5
40076,1,1,1991,18,18,18,18,18,18,18,18,18,18
40076,2,1,1991,0,0,0,0,0,0,0,0,0,0
40077,0,1,1991,7,0,0,0,0,0,21,0,0,0
40077,1,1,1991,0,20,0,0,0,0,0,0,0,0
40078,1,1,1991,0,0,0,0,0,0,0,0,0,0
40079,1,1,1991,0,0,0,0,16,4,0,0,0,0
40079,2,1,1991,0,0,0,0,31,0,0,0,0,0
40080,0,1,1991,15,7,0,0,10,21,0,6,0,0
40080,1,1,1991,0,0,0,0,0,0,0,0,0,0
40081,0,1,1991,11,40,34,33,13,14,29,21,20,14
40081,1,1,1991,0,0,19,18,0,9,0,0,0,0
40082,1,1,1991,21,15,11,18,26,12,23,23,8,25
40083,1,1,1991,17,0,32,0,0,20,13,0,0,0
40084,1,1,1991,12,12,12,12,12,12,12,12,12,12
40085,1,1,1991,0,0,0,0,0,0,0,0,8,0
40086,1,1,1991,0,0,0,0,0,0,0,0,0,0
40086,2,1,1991,0,0,0,23,0,0,0,0,0,0
40087,1,1,1991,26,26,26,26,26,26,26,26,26,26
40087,2,1,1991,0,0,0,0,0,0,21,0,0,0
40088,1,1,1991,0,0,0,0,0,0,0,0,0,0
40088,2,1,1991,20,13,0,0,6,0,0,0,7,8
40089,1,1,1991,21,13,16,18,0,20,18,34,39,21
40089,2,1,1991,0,0,0,0,0,0,0,0,0,0
40090,1,1,1991,0,0,0,0,0,0,0,0,0,0
40091,1,1,1991,0,0,0,0,0,0,0,0,0,0
40091,2,1,1991,0,0,0,0,0,0,0,0,10,0
40092,1,1,1991,0,0,0,0,0,0,0,0,0,0
40092,2,1,1991,17,8,12,21,19,0,0,22,0,20
40093,1,1,1991,16,22,23,6,10,12,18,22,20,29
40093,2,1,1991,0,0,0,0,0,0,0,0,0,0
40094,1,1,1991,21,21,21,21,21,21,21,21,21,21
40095,1,1,1991,0,0,0,0,0,0,0,0,0,0
40096,1,1,1991,0,24,14,14,11,23,8,0,25,17
40097,1,1,1991,2,2,2,2,2,2,2,2,2,2
40097,2,1,1991,0,0,0,0,0,0,0,0,0,0
40098,1,1,1991,0,0,0,0,0,11,0,0,0,0
40098,2,1,1991,0,0,0,0,0,0,0,0,0,0
40098,3,1,1991,26,26,26,26,26,26,26,26,26,26
40099,1,1,1991,0,0,0,0,0,0,0,0,0,0
40099,2,1,1991,0,0,0,0,0,0,0,0,0,0
40100,0,1,1991,0,0,0,0,0,0,0,0,0,0
40100,1,1,1991,0,0,0,0,0,0,0,0,0,0
40101,1,1,1991,0,0,0,0,0,0,0,0,0,0
40101,2,1,1991,0,0,0,0,0,0,0,0,0,0
40102,1,1,1991,0,0,0,0,0,0,0,0,0,0
40102,2,1,1991,0,0,0,0,0,0,0,0,0,0