ST_CASE,VEH_NO,PER_NO,YEAR,P1,P2,P3,P4,P5,P6,P7,P8,P9,P10
40102,3,1,1991,0,0,0,0,0,0,0,0,0,0
40103,0,1,1991,0,13,0,7,18,0,0,0,0,0
40103,1,1,1991,0,0,0,0,0,0,0,0,0,0
40104,0,1,1991,37,37,37,37,37,37,37,37,37,37
40104,1,1,1991,32,0,0,11,36,24,16,32,13,7
40105,1,1,1991,0,0,0,0,0,0,0,0,0,0
40106,0,1,1991,0,0,0,0,0,0,19,0,0,0
40106,1,1,1991,0,0,0,0,0,0,0,0,0,0
40107,1,1,1991,0,0,0,0,0,0,0,0,0,0
40107,2,1,1991,0,0,0,0,0,0,0,0,0,0
40108,1,1,1991,29,29,29,29,29,29,29,29,29,29
40109,1,1,1991,18,18,18,18,18,18,18,18,18,18
40109,2,1,1991,0,0,0,0,0,0,0,0,0,0
40109,3,1,1991,0,0,0,0,0,0,0,0,0,0
40110,1,1,1991,0,0,0,0,0,0,0,0,0,0
40110,2,1,1991,0,0,0,0,0,0,0,0,0,0
40111,1,1,1991,19,16,15,17,15,14,23,10,13,16
40111,2,1,1991,0,0,0,0,0,0,0,0,0,0
40112,1,1,1991,0,0,0,0,0,0,0,0,0,9
40113,1,1,1991,27,20,21,17,7,0,10,21,14,20
40113,2,1,1991,0,0,0,0,0,0,0,0,0,0
40114,1,1,1991,29,15,9,9,20,14,7,5,0,14
40114,2,1,1991,0,0,0,32,0,0,0,0,0,0
40115,1,1,1991,0,0,0,0,0,0,0,0,0,0
40116,0,1,1991,31,31,31,31,31,31,31,31,31,31
40116,1,1,1991,0,13,18,0,14,14,0,0,11,0
40117,1,1,1991,0,0,0,0,0,0,0,0,0,0
40117,2,1,1991,0,0,0,0,0,0,0,0,0,0
40118,1,1,1991,0,0,0,0,0,0,0,0,0,0
40118,2,1,1991,0,11,23,5,7,4,0,21,14,3
40119,1,1,1991,12,13,19,10,15,11,18,8,19,11
40120,1,1,1991,0,0,21,0,12,25,12,7,13,20
40121,1,1,1991,47,25,31,12,22,27,22,20,23,19
40122,0,1,1991,0,0,0,0,0,0,0,0,0,0
40122,1,1,1991,12,19,9,7,17,16,14,3,0,0
40123,0,1,1991,0,0,0,0,0,0,0,0,0,0
40123,0,2,1991,0,0,28,27,10,31,16,4,0,0
40123,1,1,1991,0,0,0,0,12,5,0,0,0,0
40124,1,1,1991,30,12,17,13,4,10,9,40,13,9
40125,1,1,1991,15,34,26,9,34,15,17,7,20,0
40126,1,1,1991,0,0,0,0,0,0,0,0,0,0
40126,2,1,1991,0,0,0,19,0,3,0,0,0,0
40126,3,1,1991,0,0,0,0,0,0,0,0,0,0
40127,1,1,1991,0,0,0,0,0,0,0,0,0,0
40127,2,1,1991,0,0,0,0,0,0,0,0,0,0
40128,0,1,1991,36,36,36,36,36,36,36,36,36,36
40128,1,1,1991,20,0,12,6,12,17,17,10,10,24
40129,1,1,1991,11,11,11,11,11,11,11,11,11,11
40130,1,1,1991,25,25,25,25,25,25,25,25,25,25
40130,2,1,1991,0,0,0,0,0,0,0,0,0,0
40131,1,1,1991,24,13,0,28,0,21,23,35,0,0
40132,0,1,1991,0,0,0,0,0,0,0,0,0,0
40132,1,1,1991,0,0,0,0,0,0,0,0,0,0
40133,1,1,1991,16,16,16,16,16,16,16,16,16,16
40133,2,1,1991,0,0,0,0,0,0,17,0,0,0
40134,1,1,1991,13,17,16,22,14,5,6,18,9,13
40134,2,1,1991,0,0,0,0,0,0,0,0,0,0
40135,1,1,1991,4,4,4,4,4,4,4,4,4,4
40136,1,1,1991,9,32,18,19,0,20,14,0,14,33
40136,2,1,1991,0,0,0,0,0,0,0,0,0,0
40136,3,1,1991,0,0,0,0,0,0,0,0,0,0
40137,1,1,1991,25,25,25,25,25,25,25,25,25,25
40137,2,1,1991,0,0,0,0,0,0,0,0,0,0
40137,3,1,1991,0,0,0,0,0,0,0,0,0,0
40138,0,1,1991,30,30,30,30,30,30,30,30,30,30
40138,1,1,1991,15,15,15,15,15,15,15,15,15,15
40140,1,1,1991,0,0,0,0,0,0,0,0,0,0
40141,1,1,1991,36,0,0,0,7,0,17,13,12,0
40142,1,1,1991,0,0,0,0,0,0,0,0,0,0
40142,2,1,1991,0,0,0,0,0,0,0,0,0,0
40143,0,1,1991,0,0,0,0,0,14,0,7,32,23
40143,1,1,1991,0,0,0,0,0,0,0,0,0,0
40144,0,1,1991,17,10,24,19,28,5,21,12,9,35
40144,1,1,1991,0,0,0,0,0,0,0,0,0,0
40145,1,1,1991,20,20,20,20,20,20,20,20,20,20
40145,2,1,1991,0,0,0,0,0,12,0,0,0,0
40146,0,1,1991,0,0,0,0,0,0,0,0,0,0
40146,1,1,1991,0,0,0,0,0,0,0,0,0,0
40147,1,1,1991,0,0,0,0,0,0,0,0,0,0
40149,1,1,1991,2,0,0,14,17,18,15,19,0,0
40150,1,1,1991,10,16,31,25,33,25,15,25,9,5
40151,1,1,1991,0,0,9,27,9,20,0,11,25,0
40151,2,1,1991,35,7,24,25,21,10,30,16,15,28
40152,1,1,1991,0,0,0,0,0,0,0,0,0,0
40152,2,1,1991,0,0,0,0,0,0,0,0,0,0
40153,1,1,1991,16,21,15,21,12,21,13,0,33,13
40154,1,1,1991,0,0,0,0,0,0,0,0,0,0
40154,2,1,1991,0,0,0,0,0,0,0,0,0,0
40155,1,1,1991,19,12,2,23,5,0,17,10,13,7
40156,1,1,1991,0,0,14,0,0,0,0,0,0,0
40157,0,1,1991,0,36,0,28,0,23,34,20,0,0
40157,0,2,1991,0,0,0,0,0,0,0,0,0,0
40157,1,1,1991,0,0,0,0,0,0,0,0,0,0
40158,0,1,1991,30,30,30,30,30,30,30,30,30,30
40158,1,1,1991,0,0,0,0,0,0,0,0,0,0
40159,1,1,1991,25,5,17,0,7,9,10,9,0,15
40160,1,1,1991,0,5,0,0,0,18,0,0,16,0
40161,1,1,1991,24,24,24,24,24,24,24,24,24,24
40161,2,1,1991,0,0,0,3,0,0,0,0,0,0
40162,1,1,1991,12,12,12,12,12,12,12,12,12,12
40163,0,1,1991,0,0,0,0,0,0,0,0,0,0
40163,1,1,1991,0,0,0,0,0,0,0,0,0,0
40164,1,1,1991,0,0,0,0,0,0,0,0,0,0
40164,2,1,1991,0,0,0,0,0,0,0,0,0,0
40165,0,1,1991,0,0,0,0,0,0,0,0,0,0
40165,1,1,1991,0,0,0,0,0,0,0,0,0,0
40166,1,1,1991,0,0,0,0,0,0,0,0,0,0
40166,2,1,1991,28,28,28,28,28,28,28,28,28,28
40167,0,1,1991,0,0,0,0,0,0,0,0,0,0
40167,1,1,1991,0,0,0,0,0,0,0,0,0,0
40168,0,1,1991,0,0,0,0,0,0,0,0,0,0
40168,0,2,1991,0,28,0,0,23,24,24,18,0,21
40168,1,1,1991,26,0,0,0,0,0,0,0,0,0
40169,1,1,1991,0,0,0,0,0,0,0,0,0,0
40169,2,1,1991,0,0,0,0,0,0,0,0,0,0
40169,3,1,1991,0,0,0,0,0,0,0,0,0,0
40170,1,1,1991,0,0,0,0,0,0,0,0,0,0
40170,2,1,1991,0,0,0,0,0,0,0,0,0,0
40171,1,1,1991,0,0,0,0,0,0,0,0,0,0
40172,1,1,1991,12,30,27,22,0,0,26,0,0,0
40173,0,1,1991,0,0,0,0,0,0,0,0,0,0
40173,1,1,1991,0,0,0,0,0,0,0,0,0,0
40174,1,1,1991,0,0,0,0,21,0,0,0,0,0
40174,2,1,1991,0,0,0,0,0,0,0,0,0,0
40175,0,1,1991,0,0,0,0,0,10,0,0,0,0
40175,1,1,1991,0,30,0,0,0,0,0,0,0,0
40175,2,1,1991,0,0,0,0,0,0,0,0,0,0
40176,0,1,1991,0,0,41,0,0,0,0,0,0,0
40176,1,1,1991,0,0,0,0,0,0,0,0,0,0
40177,1,1,1991,17,17,17,17,17,17,17,17,17,17
40178,1,1,1991,34,34,34,34,34,34,34,34,34,34
40179,1,1,1991,0,0,0,0,0,0,0,0,0,0
40179,2,1,1991,0,0,0,0,0,0,0,0,0,0
40180,1,1,1991,0,0,0,0,0,0,0,0,0,0
40181,1,1,1991,20,20,20,20,20,20,20,20,20,20
40181,2,1,1991,0,0,0,0,0,0,0,0,0,0
40182,1,1,1991,0,0,0,0,0,0,0,0,0,0
40182,2,1,1991,0,0,0,0,0,0,0,0,0,0
40183,1,1,1991,0,0,0,0,0,0,0,0,0,0
40183,2,1,1991,0,0,0,0,0,0,0,0,0,9
40185,0,1,1991,20,20,20,20,20,20,20,20,20,20
40185,1,1,1991,8,0,0,0,0,0,0,0,0,0
40185,2,1,1991,0,0,0,0,0,0,19,0,0,0
40186,0,1,1991,0,0,0,0,0,0,0,0,0,0
40187,1,1,1991,15,15,15,15,15,15,15,15,15,15
40188,1,1,1991,0,0,0,0,0,0,0,0,0,0
40188,2,1,1991,0,0,0,12,0,0,0,0,0,0
40188,3,1,1991,0,0,0,0,0,0,0,0,0,0
40189,0,1,1991,29,24,15,24,27,16,17,17,18,13
40189,1,1,1991,0,0,0,0,0,0,0,0,0,0
40190,1,1,1991,17,16,31,25,16,20,14,7,19,13
40191,1,1,1991,11,11,11,11,11,11,11,11,11,11
40191,2,1,1991,0,0,0,0,0,0,0,0,0,0
40192,1,1,1991,0,0,15,9,0,0,21,30,0,0
40193,1,1,1991,27,27,27,27,27,27,27,27,27,27
40194,0,1,1991,0,0,0,0,0,0,0,0,0,0
40194,1,1,1991,0,0,0,0,0,0,0,0,0,0
40195,1,1,1991,0,0,0,0,0,0,0,0,13,0
40196,0,1,1991,26,0,17,23,18,6,25,18,32,22
40196,1,1,1991,5,25,15,16,10,12,19,19,21,14
40197,1,1,1991,15,0,0,0,0,0,13,22,20,15
40198,1,1,1991,0,0,0,0,0,0,0,0,0,0
40198,2,1,1991,0,0,0,0,0,0,0,0,0,0
40199,1,1,1991,0,0,0,0,0,0,0,0,0,0
40199,2,1,1991,10,14,0,0,17,0,17,18,15,22
40200,0,1,1991,0,0,0,0,0,0,0,0,0,0
40200,1,1,1991,0,0,0,0,0,0,0,0,0,0
40201,0,1,1991,22,22,22,22,22,22,22,22,22,22
40201,1,1,1991,0,0,0,0,0,15,0,0,0,0
40202,1,1,1991,0,0,13,0,0,0,0,0,0,0
40203,1,1,1991,0,30,23,18,17,0,9,34,8,0
40204,0,1,1991,0,0,0,0,0,0,0,0,0,0
40204,1,1,1991,0,0,0,0,0,0,0,0,0,0
40205,1,1,1991,0,0,0,0,0,0,0,0,0,0
40205,2,1,1991,0,20,0,0,0,0,0,0,0,0
40205,3,1,1991,0,0,0,0,0,0,0,0,0,0
40206,1,1,1991,0,0,12,0,0,0,0,0,0,0
40206,2,1,1991,17,13,0,24,49,11,11,0,16,0
40206,3,1,1991,0,0,0,0,0,0,0,0,0,0
40206,4,1,1991,0,0,0,0,0,0,0,0,0,0
40207,1,1,1991,0,0,0,0,0,0,0,0,0,0
40208,1,1,1991,0,0,0,0,0,0,0,0,0,0
40209,1,1,1991,18,0,0,0,0,0,0,0,8,7
40209,2,1,1991,0,0,0,0,0,0,0,0,0,0
40210,0,1,1991,0,0,0,0,0,0,0,0,0,0
40210,1,1,1991,0,0,0,0,0,0,0,0,0,0
40211,1,1,1991,0,0,0,0,0,0,0,0,0,0
40211,2,1,1991,0,0,0,0,0,0,0,0,0,0
40211,3,1,1991,0,0,0,0,0,0,0,0,0,0
40212,1,1,1991,0,0,0,0,0,0,0,0,0,7
40213,1,1,1991,9,9,9,9,9,9,9,9,9,9
40214,1,1,1991,0,21,14,0,14,0,0,0,26,0
40215,1,1,1991,0,0,0,0,0,0,0,0,0,0
40215,2,1,1991,0,0,0,0,0,0,0,0,0,0
40215,3,1,1991,0,0,0,0,0,0,0,0,0,0
40215,4,1,1991,0,0,0,0,0,0,0,0,0,0
40216,1,1,1991,19,25,11,17,9,20,7,19,12,11
40216,2,1,1991,0,0,0,0,0,0,0,0,0,0
40217,1,1,1991,9,9,9,9,9,9,9,9,9,9
40217,2,1,1991,0,0,0,0,0,0,0,0,0,0
40218,1,1,1991,11,11,11,11,11,11,11,11,11,11
40219,1,1,1991,0,5,26,31,34,19,0,26,21,22
40220,1,1,1991,6,6,6,6,6,6,6,6,6,6
40221,1,1,1991,0,0,0,0,0,0,0,0,0,0
40221,2,1,1991,0,0,0,0,0,0,0,0,0,0
40222,1,1,1991,0,0,0,0,0,0,0,0,0,0
40222,2,1,1991,0,0,0,0,0,0,0,0,0,0
40223,1,1,1991,14,7,0,30,0,0,0,0,18,0
40224,1,1,1991,0,24,0,0,0,0,0,0,0,0
40225,1,1,1991,12,12,12,12,12,12,12,12,12,12
40226,1,1,1991,0,0,0,0,0,0,0,0,0,0
40226,2,1,1991,0,0,0,0,0,0,0,0,0,0
40226,3,1,1991,0,0,0,0,0,0,0,0,0,0
40226,4,1,1991,0,0,0,0,0,0,0,0,0,0
40227,1,1,1991,11,11,11,11,11,11,11,11,11,11
40227,2,1,1991,8,21,7,24,12,12,14,11,26,19
40228,1,1,1991,28,28,28,28,28,28,28,28,28,28
40229,0,1,1991,0,0,0,0,0,0,0,0,0,0
40229,1,1,1991,0,0,0,0,0,0,0,0,0,0
40230,0,1,1991,19,19,19,19,19,19,19,19,19,19
40230,1,1,1991,0,0,0,0,0,0,0,0,0,0
40231,1,1,1991,22,22,22,22,22,22,22,22,22,22
40232,1,1,1991,25,25,25,25,25,25,25,25,25,25
40232,2,1,1991,0,0,0,0,0,0,0,0,0,0
40233,1,1,1991,0,0,0,0,0,0,0,0,0,0
40234,0,1,1991,0,0,0,0,0,0,0,0,0,0
40234,1,1,1991,0,0,0,8,0,0,0,0,0,0
40235,1,1,1991,19,19,19,19,19,19,19,19,19,19
40236,1,1,1991,5,21,8,24,22,7,19,11,23,15
40236,2,1,1991,21,21,21,21,21,21,21,21,21,21
40237,1,1,1991,10,10,10,10,10,10,10,10,10,10
40238,1,1,1991,7,10,25,24,16,37,18,13,23,14
40238,2,1,1991,0,16,0,0,0,6,0,0,0,0
40239,1,1,1991,0,0,0,0,0,0,0,10,0,0
40239,2,1,1991,0,0,0,0,0,0,0,0,0,0
40240,1,1,1991,8,12,18,21,6,0,0,9,20,9
40241,0,1,1991,0,0,0,0,0,0,0,0,0,0
40241,1,1,1991,0,0,0,0,0,0,0,0,0,0
40242,0,1,1991,37,37,37,37,37,37,37,37,37,37
40242,1,1,1991,0,0,0,0,0,0,0,0,0,0
40243,1,1,1991,22,22,22,22,22,22,22,22,22,22
40243,2,1,1991,0,0,0,0,0,0,0,0,0,0
40244,1,1,1991,13,25,14,25,8,3,17,9,7,10
40245,1,1,1991,0,16,0,0,0,0,0,0,0,0
40246,1,1,1991,15,0,0,0,0,0,0,0,0,0
40246,2,1,1991,0,0,0,0,0,0,0,0,0,0
40247,1,1,1991,20,20,20,20,20,20,20,20,20,20
40247,2,1,1991,0,0,0,0,0,0,0,0,0,0
40248,1,1,1991,14,5,6,0,7,12,33,6,8,13
40249,1,1,1991,34,34,34,34,34,34,34,34,34,34
40249,2,1,1991,0,0,0,0,0,0,0,0,0,0
40250,1,1,1991,41,41,41,41,41,41,41,41,41,41
40251,1,1,1991,12,0,26,17,23,20,8,13,26,14
40252,1,1,1991,16,16,16,16,16,16,16,16,16,16
40253,1,1,1991,0,0,0,0,0,0,0,0,0,0
40253,2,1,1991,0,0,0,0,0,0,0,0,0,0
40254,1,1,1991,0,0,0,0,0,0,0,0,0,0
40254,2,1,1991,0,0,0,0,0,0,0,0,0,0
40255,1,1,1991,0,9,8,15,31,18,4,5,27,0
40256,1,1,1991,25,24,0,25,3,10,13,15,17,12
40257,1,1,1991,0,0,0,0,0,0,0,0,0,0
40257,2,1,1991,0,0,0,0,0,0,8,0,0,0
40258,1,1,1991,0,0,0,0,0,0,0,0,0,0
40258,2,1,1991,0,0,0,0,0,0,0,0,0,0
40259,1,1,1991,17,0,21,14,18,0,26,29,0,0
40260,1,1,1991,20,20,20,20,20,20,20,20,20,20
40261,1,1,1991,0,0,0,0,0,0,0,0,0,0
40261,2,1,1991,0,0,0,16,0,0,0,0,0,0
40263,1,1,1991,0,0,0,0,0,0,0,0,0,0
40263,2,1,1991,0,0,0,0,0,0,0,0,0,0
40264,1,1,1991,0,0,15,0,0,0,0,0,0,0
40265,1,1,1991,13,10,26,5,23,9,14,0,19,24
40266,1,1,1991,38,38,38,38,38,38,38,38,38,38
40267,1,1,1991,0,0,0,0,0,0,0,0,0,0
40268,1,1,1991,0,0,0,0,0,0,0,0,0,0
40268,2,1,1991,0,0,0,0,0,0,0,0,0,0
40269,0,1,1991,36,20,13,3,11,15,14,20,10,43
40269,1,1,1991,0,0,0,13,0,0,0,0,0,0
40270,1,1,1991,19,17,11,0,34,15,7,21,7,3
40270,2,1,1991,0,0,0,0,0,0,0,0,0,0
40271,1,1,1991,21,14,18,18,15,5,20,21,24,16
40271,2,1,1991,0,0,0,0,0,0,0,0,0,0
40272,1,1,1991,6,14,0,0,13,13,0,26,12,13
40273,1,1,1991,16,0,11,0,0,0,0,0,10,0
40274,1,1,1991,0,0,0,0,0,0,0,0,0,0
40274,2,1,1991,0,0,0,0,0,0,0,0,0,0
40275,1,1,1991,0,0,0,0,0,0,0,0,0,0
40275,2,1,1991,0,0,0,0,0,0,0,0,0,0
40275,3,1,1991,0,0,0,0,0,0,0,0,0,0
40276,1,1,1991,16,16,16,16,16,16,16,16,16,16
40276,2,1,1991,0,0,0,0,0,0,0,0,0,0
40277,1,1,1991,0,0,0,0,0,0,0,0,0,0
40278,0,1,1991,28,28,28,28,28,28,28,28,28,28
40278,1,1,1991,14,12,0,3,0,17,9,15,15,0
40279,1,1,1991,0,0,0,23,0,0,0,0,0,0
40279,2,1,1991,0,0,0,0,0,0,0,0,0,0
40279,3,1,1991,0,0,0,0,0,0,0,0,0,0
40280,1,1,1991,0,0,0,0,0,0,0,0,0,0
40280,2,1,1991,0,0,0,10,0,0,0,0,0,0
40281,1,1,1991,0,0,23,7,0,0,10,0,0,0
40281,2,1,1991,0,0,0,0,0,0,0,0,0,0
40282,1,1,1991,18,6,18,20,0,7,16,11,14,7
40283,0,1,1991,2,2,2,2,2,2,2,2,2,2
40283,1,1,1991,16,14,10,16,27,33,14,11,16,14
40284,1,1,1991,2,10,0,0,0,0,0,0,0,0
40284,2,1,1991,0,0,0,0,0,0,0,0,0,0
40285,1,1,1991,0,0,0,0,0,0,0,0,0,0
40285,2,1,1991,0,0,0,0,0,0,0,0,0,0
40286,1,1,1991,0,0,0,0,0,0,0,0,0,0
40287,1,1,1991,11,20,0,10,9,0,0,14,0,20
40287,2,1,1991,0,0,0,0,0,0,0,0,0,0
40288,1,1,1991,18,18,18,18,18,18,18,18,18,18
40288,2,1,1991,0,0,0,0,0,0,0,0,0,0
40289,1,1,1991,0,0,10,5,0,0,0,0,0,0
40290,1,1,1991,0,0,0,0,0,0,0,0,0,0
40290,2,1,1991,0,0,0,0,0,0,0,0,0,0
40290,3,1,1991,0,0,0,0,0,0,0,0,24,0
40291,1,1,1991,0,0,0,0,0,0,5,0,0,0
40292,1,1,1991,15,15,15,15,15,15,15,15,15,15
40292,2,1,1991,0,0,0,0,0,0,0,0,0,0
40293,1,1,1991,0,0,0,0,0,0,0,0,0,0
40293,2,1,1991,0,0,0,0,0,0,0,0,0,0
40294,1,1,1991,0,0,0,13,0,0,0,0,0,0
40295,1,1,1991,0,0,0,0,0,0,0,0,0,0
40295,2,1,1991,0,0,0,0,0,0,0,0,0,0
40295,3,1,1991,0,0,0,0,0,0,0,0,0,0
40295,4,1,1991,0,0,0,0,0,0,0,0,0,0
40296,1,1,1991,16,16,16,16,16,16,16,16,16,16
40297,1,1,1991,0,9,0,0,0,0,0,0,0,0
40297,2,1,1991,0,0,0,0,0,0,0,0,0,0
40297,3,1,1991,0,0,0,0,0,0,0,0,0,0
40298,1,1,1991,0,0,0,0,0,0,0,0,0,0
40298,2,1,1991,0,0,0,0,0,0,0,0,0,0
40299,1,1,1991,0,10,20,16,13,13,33,0,21,0
40300,0,1,1991,0,0,0,0,0,0,0,0,0,0
40300,1,1,1991,0,0,0,0,0,0,0,0,0,0
40301,1,1,1991,0,0,0,24,0,0,0,30,0,0
40302,1,1,1991,18,18,18,18,18,18,18,18,18,18
40303,1,1,1991,0,0,0,0,0,0,0,0,0,0
40303,2,1,1991,0,0,0,0,0,0,0,0,0,0
40304,1,1,1991,0,0,0,0,0,0,0,0,0,0
40305,1,1,1991,17,17,17,17,17,17,17,17,17,17
40306,1,1,1991,15,15,15,15,15,15,15,15,15,15
40307,1,1,1991,0,0,0,0,0,0,0,0,0,0
40307,2,1,1991,0,0,0,0,0,0,0,0,0,0
40307,3,1,1991,0,0,0,0,0,0,0,0,0,0
40307,4,1,1991,0,0,0,0,0,0,0,0,9,0
40308,1,1,1991,0,0,0,0,0,0,0,0,0,0
40308,2,1,1991,0,0,0,0,31,0,0,0,0,0
40309,1,1,1991,27,27,27,27,27,27,27,27,27,27
40309,2,1,1991,0,0,0,0,0,0,0,0,0,0
40310,1,1,1991,0,0,0,0,0,0,0,0,0,0
40310,2,1,1991,0,0,0,0,8,0,0,0,0,0
40311,0,1,1991,0,0,0,0,0,0,0,0,0,0
40311,1,1,1991,0,0,0,16,20,0,11,8,21,5
40312,0,1,1991,3,24,13,9,11,17,14,17,18,23
40312,1,1,1991,14,0,29,12,18,0,12,0,7,0
40313,0,1,1991,25,0,36,36,16,0,9,0,16,10
40313,1,1,1991,13,19,7,19,19,19,9,21,24,9
40314,1,1,1991,42,13,0,28,0,0,0,22,0,23
40315,1,1,1991,0,0,0,0,20,0,0,0,0,0
40315,2,1,1991,0,0,0,0,0,0,0,0,0,0
40316,1,1,1991,0,0,0,0,0,0,0,0,0,0
40316,2,1,1991,28,12,15,5,26,14,28,26,19,0
40317,1,1,1991,20,25,25,12,18,21,0,27,31,19
40318,1,1,1991,0,0,0,0,0,0,0,0,0,0
40318,2,1,1991,12,19,21,26,7,12,20,32,24,11
40318,3,1,1991,0,0,0,0,0,0,0,0,0,0
40319,0,1,1991,0,0,0,0,0,0,0,0,0,0
40319,1,1,1991,0,0,0,0,0,0,0,0,0,0
40320,0,1,1991,25,25,25,25,25,25,25,25,25,25
40320,1,1,1991,0,0,6,0,0,0,0,0,15,0
40321,1,1,1991,22,14,19,21,21,15,39,23,36,8
40322,0,1,1991,0,0,0,0,0,0,0,0,0,0
40322,1,1,1991,0,25,0,0,0,19,6,0,0,0
40323,1,1,1991,0,0,0,0,0,0,0,0,0,0
40323,2,1,1991,25,13,0,0,0,0,0,0,0,0
40324,0,1,1991,0,0,0,0,0,0,0,0,0,0
40324,1,1,1991,0,0,0,0,0,0,0,0,0,20
40325,1,1,1991,22,22,22,22,22,22,22,22,22,22
40325,2,1,1991,0,0,0,0,0,0,0,0,0,6
40326,1,1,1991,0,0,0,0,0,0,0,0,0,0
40327,1,1,1991,3,3,3,3,3,3,3,3,3,3
40327,2,1,1991,0,0,0,0,0,0,0,0,0,0
40328,1,1,1991,0,0,0,0,0,0,14,0,0,0
40329,1,1,1991,0,0,0,0,4,0,0,0,0,0
40329,2,1,1991,9,15,20,18,24,12,0,13,21,23
40330,0,1,1991,20,9,0,0,21,8,0,13,0,20
40330,2,1,1991,0,0,0,0,0,0,0,0,0,0
40331,1,1,1991,0,21,19,14,6,31,16,14,24,17
40332,1,1,1991,9,11,12,15,8,21,24,17,0,15
40332,2,1,1991,13,0,0,0,0,0,0,0,0,0
40332,3,1,1991,0,0,0,0,0,0,0,0,0,0
40333,1,1,1991,0,0,0,0,0,0,0,0,0,0
40334,1,1,1991,13,22,18,11,28,13,13,31,24,24
40335,1,1,1991,14,14,14,14,14,14,14,14,14,14
40336,1,1,1991,0,0,0,0,0,0,0,0,0,0
40336,2,1,1991,0,0,0,0,0,15,0,17,0,0
40337,1,1,1991,22,22,22,22,22,22,22,22,22,22
40338,1,1,1991,11,10,16,33,17,24,25,16,0,18
40339,1,1,1991,0,18,19,2,0,12,0,0,0,9
40339,2,1,1991,0,14,0,0,0,0,0,0,14,0
40340,1,1,1991,0,0,0,0,0,27,0,0,0,11
40340,2,1,1991,0,0,0,0,0,0,0,0,0,0
40341,1,1,1991,10,13,15,10,13,29,0,0,18,9
40342,1,1,1991,11,23,13,25,14,22,16,15,14,6
40343,0,1,1991,0,0,0,0,0,0,0,0,0,0
40343,1,1,1991,0,9,0,0,0,0,0,0,0,0
40344,1,1,1991,0,0,0,13,0,0,0,27,0,4
40345,0,1,1991,14,15,20,21,48,14,16,16,13,49
40345,1,1,1991,0,0,0,0,0,0,0,12,0,0
40346,1,1,1991,0,0,0,0,0,0,0,0,0,0
40346,2,1,1991,0,0,0,0,0,0,0,0,0,0
40347,1,1,1991,0,0,0,0,12,0,0,0,0,0
40348,1,1,1991,0,0,0,0,0,0,0,0,0,0
40348,2,1,1991,0,0,0,0,0,0,0,0,0,0
40349,1,1,1991,28,0,0,0,0,9,0,14,0,12
40350,1,1,1991,19,19,19,19,19,19,19,19,19,19
40350,2,1,1991,0,0,0,0,0,0,0,0,0,0
40351,1,1,1991,12,9,0,21,14,20,28,27,24,11
40351,2,1,1991,0,0,0,0,0,0,0,0,0,0
40352,1,1,1991,0,0,0,0,0,0,0,0,0,0
40353,1,1,1991,17,17,17,17,17,17,17,17,17,17
40353,2,1,1991,0,0,0,0,0,0,0,0,0,0
40354,1,1,1991,22,0,0,0,0,0,12,0,10,0
40355,1,1,1991,23,9,16,12,12,5,11,27,7,22
40355,2,1,1991,0,0,0,0,0,0,0,0,0,0
40356,1,1,1991,26,0,25,29,16,0,24,0,15,23
40357,1,1,1991,7,0,0,0,0,0,0,12,20,0
40359,1,1,1991,20,4,0,11,0,0,2,28,0,18
40361,1,1,1991,0,0,29,39,0,20,33,0,11,22
40362,0,1,1991,27,0,20,27,22,6,18,0,26,16
40362,1,1,1991,0,0,0,26,0,30,24,6,8,0
40367,1,1,1991,11,21,25,15,9,13,21,18,18,7
40368,1,1,1991,0,0,0,0,0,0,0,0,0,0
40368,2,1,1991,0,0,0,0,0,0,0,0,0,0
40369,1,1,1991,0,0,0,0,0,0,0,0,0,0
40369,2,1,1991,0,0,0,0,0,0,0,0,0,0
40370,1,1,1991,0,0,0,0,0,0,0,0,0,0
40371,1,1,1991,0,0,0,0,0,0,0,0,0,0
40372,0,1,1991,23,23,23,23,23,23,23,23,23,23
40372,0,2,1991,25,0,29,14,16,14,0,0,0,0
40372,1,1,1991,16,0,28,14,26,17,0,18,6,15
40373,1,1,1991,14,14,14,14,14,14,14,14,14,14
40373,2,1,1991,0,0,0,0,0,0,0,0,0,0
40374,1,1,1991,0,0,0,0,0,0,15,5,0,7
40375,1,1,1991,13,18,15,16,18,20,21,20,9,14
40376,1,1,1991,10,10,10,10,10,10,10,10,10,10
40377,0,1,1991,0,0,0,0,0,0,0,35,20,22
40377,1,1,1991,7,24,0,0,0,0,0,0,0,0
40378,1,1,1991,20,21,10,16,19,8,7,9,11,17
40378,2,1,1991,0,0,0,0,0,0,0,0,0,0
40379,1,1,1991,0,14,0,0,0,0,0,19,11,0
40380,1,1,1991,26,26,26,26,26,26,26,26,26,26
40381,1,1,1991,14,0,0,0,15,0,10,12,0,0
40382,1,1,1991,15,22,17,16,17,14,12,7,17,15
40382,2,1,1991,0,0,0,0,0,0,0,0,0,0
40383,1,1,1991,0,0,0,0,0,0,0,0,0,0
40383,2,1,1991,0,0,0,0,0,0,0,0,0,0
40384,1,1,1991,20,0,0,0,0,13,0,18,0,0
40385,1,1,1991,17,18,0,9,17,9,11,0,19,8
40385,2,1,1991,0,0,0,0,0,0,0,0,0,0
40385,3,1,1991,0,0,0,0,0,0,0,0,0,0
40386,1,1,1991,0,0,0,0,0,0,0,0,0,0
40386,2,1,1991,14,14,14,14,14,14,14,14,14,14
40387,1,1,1991,14,15,8,28,29,26,25,22,19,16
40389,1,1,1991,26,7,6,14,9,26,7,6,25,27
40390,1,1,1991,0,23,0,0,0,0,0,0,0,0
40390,2,1,1991,0,0,0,0,0,0,0,0,0,0
40391,1,1,1991,0,0,0,0,0,0,0,0,0,0
40391,2,1,1991,0,0,0,0,0,0,0,0,0,0
40392,1,1,1991,0,7,10,9,10,0,0,13,5,19