ST_CASE,VEH_NO,PER_NO,YEAR,P1,P2,P3,P4,P5,P6,P7,P8,P9,P10
40392,2,1,1991,0,0,0,0,26,0,0,0,9,0
40393,1,1,1991,0,0,0,0,0,0,0,0,0,0
40393,2,1,1991,0,0,0,0,0,0,0,0,0,0
40394,1,1,1991,0,0,0,0,0,0,0,0,0,17
40395,1,1,1991,22,22,22,22,22,22,22,22,22,22
40396,1,1,1991,0,0,0,0,0,0,0,0,0,0
40396,2,1,1991,8,14,16,14,12,12,11,12,12,6
40397,1,1,1991,24,24,24,24,24,24,24,24,24,24
40398,1,1,1991,0,0,0,0,0,0,0,0,0,0
40398,2,1,1991,0,0,0,0,0,0,0,0,0,0
40398,3,1,1991,0,0,0,0,0,0,0,0,0,0
40399,1,1,1991,23,22,23,14,33,29,16,0,21,42
40400,1,1,1991,0,0,0,0,0,0,0,0,0,0
40401,1,1,1991,24,17,14,13,13,15,17,0,13,6
40401,2,1,1991,0,0,0,0,0,0,0,0,0,0
40402,1,1,1991,25,25,25,25,25,25,25,25,25,25
40403,1,1,1991,0,0,0,0,0,0,0,0,0,0
40404,1,1,1991,9,23,17,0,29,7,9,18,6,20
40404,2,1,1991,17,11,12,11,17,8,2,7,27,24
40404,3,1,1991,0,0,0,0,0,0,0,7,0,0
40405,1,1,1991,0,0,0,0,0,0,0,0,0,0
40405,2,1,1991,0,0,0,0,0,0,0,0,0,0
40406,0,1,1991,16,16,16,16,16,16,16,16,16,16
40406,1,1,1991,18,5,3,18,13,0,0,15,15,14
40407,1,1,1991,0,0,0,0,0,0,0,0,0,0
40407,2,1,1991,0,0,0,0,0,0,0,0,0,0
40408,1,1,1991,0,0,0,0,0,0,0,0,0,0
40408,2,1,1991,0,0,0,0,0,0,0,0,0,0
40408,3,1,1991,0,0,0,0,0,0,0,0,0,0
40409,1,1,1991,0,0,0,0,0,0,0,0,0,0
40409,2,1,1991,0,0,0,0,0,0,0,0,0,0
40410,1,1,1991,8,0,10,24,21,19,21,23,14,26
40411,1,1,1991,0,0,0,2,0,0,0,0,0,0
40411,2,1,1991,0,0,0,0,0,0,0,0,0,0
40412,0,1,1991,0,0,0,0,0,0,0,0,0,0
40412,1,1,1991,0,0,0,0,0,0,0,0,0,0
40413,0,1,1991,0,50,15,21,0,0,0,14,48,15
40413,0,2,1991,0,0,0,0,0,0,0,0,0,0
40413,1,1,1991,0,7,25,0,0,0,0,0,0,0
40414,1,1,1991,15,5,13,16,24,19,4,11,30,18
40414,2,1,1991,6,0,0,0,0,0,0,0,0,0
40415,1,1,1991,5,8,0,0,0,0,0,0,0,0
40416,0,1,1991,21,19,31,35,16,13,39,26,25,17
40416,1,1,1991,0,10,0,0,0,0,0,0,0,0
40417,1,1,1991,0,18,19,6,0,0,0,0,0,0
40418,1,1,1991,0,0,17,0,0,0,0,0,0,0
40418,2,1,1991,0,15,0,7,0,0,14,17,25,5
40419,1,1,1991,11,11,11,11,11,11,11,11,11,11
40419,2,1,1991,9,11,8,5,15,18,5,7,6,14
40420,1,1,1991,8,4,8,12,9,13,16,0,10,25
40420,2,1,1991,15,15,15,15,15,15,15,15,15,15
40421,1,1,1991,26,26,26,26,26,26,26,26,26,26
40422,1,1,1991,0,0,0,0,0,0,0,0,0,0
40422,2,1,1991,0,0,0,0,0,0,0,0,0,0
40422,3,1,1991,0,0,0,0,0,0,0,0,0,0
40422,4,1,1991,0,0,0,0,0,0,0,0,0,0
40423,1,1,1991,0,0,0,0,0,0,0,0,0,0
40424,1,1,1991,5,5,5,5,5,5,5,5,5,5
40424,2,1,1991,0,0,0,0,0,0,0,0,0,0
40425,1,1,1991,0,0,0,0,0,0,0,11,4,0
40426,1,1,1991,0,0,0,0,0,0,0,0,0,0
40426,2,1,1991,0,0,0,0,0,0,0,0,0,0
40427,1,1,1991,0,17,0,0,0,0,0,0,0,0
40427,2,1,1991,0,0,0,0,0,0,30,0,0,0
40428,1,1,1991,0,0,0,0,0,0,0,0,0,0
40429,1,1,1991,11,11,11,11,11,11,11,11,11,11
40430,1,1,1991,11,18,19,9,17,14,10,30,16,14
40431,1,1,1991,15,15,15,15,15,15,15,15,15,15
40431,2,1,1991,0,0,0,0,0,0,0,0,0,0
40432,1,1,1991,10,10,10,10,10,10,10,10,10,10
40433,1,1,1991,19,19,20,27,0,33,25,22,23,21
40434,1,1,1991,9,20,3,19,13,3,0,20,26,17
40434,2,1,1991,4,11,12,9,18,17,7,13,18,20
40435,1,1,1991,0,18,21,7,15,0,6,0,0,0
40436,0,1,1991,0,0,0,0,0,0,0,0,0,0
40436,1,1,1991,0,0,0,0,0,0,0,0,0,0
40437,0,1,1991,30,16,0,0,0,10,0,0,15,18
40437,1,1,1991,0,0,0,0,0,0,0,0,0,0
40438,1,1,1991,16,16,16,16,16,16,16,16,16,16
40439,1,1,1991,0,0,0,0,0,0,0,0,0,0
40439,2,1,1991,0,13,0,0,2,0,0,0,9,12
40440,1,1,1991,0,0,0,0,0,0,0,0,0,0
40441,1,1,1991,2,0,0,0,0,0,0,13,0,0
40441,2,1,1991,0,0,0,0,0,0,0,0,0,0
40442,0,1,1991,0,0,0,0,0,0,0,0,0,0
40442,1,1,1991,0,0,4,0,17,5,15,0,0,0
40443,1,1,1991,0,0,0,0,0,0,0,0,0,0
40443,2,1,1991,0,0,0,0,0,0,20,0,0,0
40444,1,1,1991,10,19,13,20,18,26,6,35,14,9
40444,2,1,1991,0,0,0,0,0,0,0,0,0,18
40445,1,1,1991,16,0,0,0,0,0,0,0,6,0
40445,2,1,1991,0,24,0,14,0,3,12,0,0,0
40446,1,1,1991,0,0,0,0,0,0,0,0,0,0
40447,1,1,1991,6,18,13,11,10,7,14,2,8,0
40447,2,1,1991,0,0,0,0,0,0,0,0,0,0
40448,1,1,1991,39,39,39,39,39,39,39,39,39,39
40449,1,1,1991,36,33,19,8,22,25,20,13,16,23
40450,0,1,1991,0,0,0,0,0,0,0,0,0,0
40450,1,1,1991,11,5,0,11,7,31,7,8,0,11
40452,1,1,1991,10,10,10,10,10,10,10,10,10,10
40453,1,1,1991,0,0,0,0,0,0,0,0,0,0
40453,2,1,1991,0,0,0,0,0,0,0,0,0,0
40454,1,1,1991,19,16,32,6,15,18,5,37,0,15
40455,1,1,1991,0,0,0,0,0,0,0,0,0,0
40455,2,1,1991,0,0,0,0,0,0,0,0,0,0
40456,0,1,1991,0,0,0,0,0,0,0,0,0,0
40456,0,2,1991,0,0,0,0,0,0,0,0,0,0
40456,1,1,1991,12,0,28,17,19,6,0,8,17,25
40457,1,1,1991,0,0,0,0,0,0,0,0,0,0
40457,2,1,1991,0,0,0,17,0,0,0,0,0,0
40458,0,1,1991,31,31,31,31,31,31,31,31,31,31
40458,1,1,1991,0,0,24,0,0,0,0,0,0,0
40459,1,1,1991,0,0,0,0,0,0,0,0,0,0
40459,2,1,1991,0,0,0,0,0,0,0,0,0,0
40460,1,1,1991,0,0,0,0,0,0,0,0,0,0
40461,1,1,1991,38,16,21,16,22,10,10,10,26,22
40463,1,1,1991,0,0,0,0,0,0,0,0,0,0
40463,2,1,1991,0,0,0,0,0,0,0,0,0,0
40464,1,1,1991,0,0,0,0,0,0,0,0,0,0
40464,2,1,1991,0,0,0,0,0,0,0,0,0,0
40465,1,1,1991,0,0,0,0,0,0,0,15,0,0
40466,1,1,1991,0,0,0,0,0,13,0,12,0,20
40467,1,1,1991,18,34,15,18,27,15,15,24,30,10
40468,1,1,1991,0,0,0,0,0,0,0,0,0,0
40468,2,1,1991,0,0,0,0,0,0,0,0,0,0
40469,1,1,1991,28,37,10,15,7,8,23,36,19,0
40470,0,1,1991,24,24,24,24,24,24,24,24,24,24
40470,1,1,1991,0,0,0,0,0,0,0,0,0,0
40471,1,1,1991,33,22,15,5,15,20,15,23,15,29
40472,1,1,1991,0,0,0,0,0,0,0,0,0,0
40472,2,1,1991,0,0,0,0,0,0,0,0,0,0
40473,1,1,1991,0,0,0,0,0,0,0,0,0,0
40473,2,1,1991,0,0,0,4,0,0,0,23,0,4
40474,1,1,1991,0,0,0,0,0,0,0,0,0,0
40474,2,1,1991,0,0,0,0,0,0,13,0,0,0
40475,1,1,1991,22,9,20,34,11,12,3,29,15,13
40476,1,1,1991,0,0,0,0,0,0,0,0,0,0
40476,2,1,1991,3,0,0,0,0,0,14,0,0,0
40477,1,1,1991,8,8,8,8,8,8,8,8,8,8
40478,1,1,1991,0,32,29,15,0,0,0,0,20,0
40479,1,1,1991,0,0,0,0,0,0,0,0,0,0
40479,2,1,1991,12,26,16,7,0,29,8,0,17,6
40480,1,1,1991,0,0,0,0,0,0,0,0,0,0
40480,2,1,1991,0,0,0,0,0,0,0,0,0,0
40481,1,1,1991,0,0,0,0,0,0,0,0,0,0
40481,2,1,1991,0,0,0,0,0,0,0,0,0,0
40482,1,1,1991,0,0,0,0,0,0,0,0,0,0
40482,2,1,1991,0,0,0,0,0,0,0,0,0,0
40483,1,1,1991,20,20,20,20,20,20,20,20,20,20
40484,1,1,1991,0,0,0,0,0,0,0,0,0,0
40485,0,1,1991,24,24,24,24,24,24,24,24,24,24
40485,1,1,1991,19,14,16,10,30,17,18,9,0,12
40486,0,1,1991,0,0,0,0,5,0,0,0,0,0
40486,1,1,1991,0,0,0,0,19,0,0,0,0,11
40487,0,1,1991,9,23,14,38,24,7,37,23,14,28
40487,1,1,1991,0,0,0,0,0,0,0,0,6,11
40488,1,1,1991,0,0,0,0,0,0,0,0,0,26
40488,2,1,1991,0,0,0,0,0,0,0,0,0,0
40489,0,1,1991,0,19,6,25,0,0,13,11,0,23
40489,0,2,1991,0,8,0,35,0,0,33,17,0,32
40489,0,3,1991,22,9,18,12,0,0,0,13,13,0
40489,2,1,1991,0,0,10,0,0,0,0,0,0,0
40490,1,1,1991,0,0,0,0,0,0,0,0,0,0
40490,2,1,1991,0,0,0,0,0,0,0,0,0,0
40491,1,1,1991,0,0,0,0,0,0,0,0,0,0
40491,2,1,1991,0,0,0,0,0,0,12,0,0,0
40492,1,1,1991,0,0,0,0,0,0,0,0,0,0
40493,0,1,1991,25,25,25,25,25,25,25,25,25,25
40493,1,1,1991,0,0,0,0,0,0,0,0,0,0
40494,1,1,1991,0,0,0,0,0,0,0,0,0,0
40495,1,1,1991,0,0,0,0,0,0,15,0,0,0
40496,1,1,1991,16,16,16,16,16,16,16,16,16,16
40497,1,1,1991,0,0,0,0,0,0,0,0,0,0
40497,2,1,1991,0,0,0,0,0,0,0,0,0,0
40498,1,1,1991,0,26,13,4,22,26,23,10,8,16
40499,1,1,1991,0,0,15,0,0,0,0,0,0,0
40500,0,1,1991,17,17,17,17,17,17,17,17,17,17
40500,1,1,1991,0,8,3,0,18,10,17,10,13,12
40501,1,1,1991,23,37,15,20,9,0,19,16,6,7
40501,2,1,1991,0,0,0,0,0,0,0,0,0,0
40502,1,1,1991,13,6,10,12,15,11,14,11,3,8
40502,2,1,1991,0,0,0,0,0,0,0,0,0,0
40502,3,1,1991,0,0,0,0,15,0,0,0,0,13
40503,1,1,1991,0,0,0,0,0,0,0,0,0,0
40504,1,1,1991,0,0,0,0,0,0,0,0,0,0
40504,2,1,1991,0,0,0,0,0,0,0,0,0,0
40504,3,1,1991,0,0,0,0,0,0,0,0,0,0
40505,0,1,1991,13,13,0,15,27,27,0,26,0,34
40505,1,1,1991,0,0,0,0,0,0,0,0,0,0
40506,1,1,1991,0,0,0,0,0,0,0,0,0,0
40506,2,1,1991,0,0,0,0,0,0,0,0,0,0
40507,1,1,1991,22,22,22,22,22,22,22,22,22,22
40508,0,1,1991,0,0,0,0,0,0,0,0,0,0
40508,1,1,1991,0,0,0,0,0,0,0,0,0,0
40509,0,1,1991,10,39,0,0,0,0,35,0,0,0
40509,1,1,1991,21,0,0,10,0,0,0,0,23,0
40510,1,1,1991,17,17,17,17,17,17,17,17,17,17
40510,2,1,1991,9,9,9,9,9,9,9,9,9,9
40511,0,1,1991,34,9,38,15,15,7,16,10,0,26
40511,1,1,1991,0,0,0,0,0,0,0,0,0,0
40512,1,1,1991,24,11,17,11,20,18,0,21,4,13
40513,1,1,1991,7,7,7,7,7,7,7,7,7,7
40513,2,1,1991,21,20,0,0,18,15,9,0,14,0
40514,1,1,1991,0,0,0,0,0,0,0,0,0,0
40515,1,1,1991,6,6,6,6,6,6,6,6,6,6
40516,1,1,1991,34,16,27,24,14,11,7,31,32,10
40516,2,1,1991,21,19,13,15,15,15,20,5,15,15
40517,1,1,1991,0,0,0,16,0,0,0,0,0,0
40518,1,1,1991,0,0,0,0,0,0,0,0,4,0
40519,0,1,1991,2,17,16,12,10,22,42,49,16,21
40519,1,1,1991,0,0,0,0,0,0,0,0,0,0
40520,1,1,1991,0,0,0,0,0,0,0,0,0,0
40520,2,1,1991,0,0,0,0,0,0,0,0,6,0
40521,1,1,1991,18,18,18,18,18,18,18,18,18,18
40521,2,1,1991,8,0,0,0,0,0,12,0,0,0
40522,1,1,1991,13,22,12,20,22,14,10,13,17,17
40523,0,1,1991,0,0,0,0,0,0,0,0,0,0
40523,1,1,1991,14,0,12,16,11,0,0,12,0,5
40524,1,1,1991,6,15,17,8,5,0,22,12,12,15
40524,2,1,1991,0,0,0,0,0,0,0,10,0,0
40525,1,1,1991,17,17,17,17,17,17,17,17,17,17
40526,1,1,1991,0,0,0,0,0,0,0,0,0,0
40526,2,1,1991,0,0,0,0,0,0,0,0,0,0
40527,0,1,1991,0,0,0,0,0,0,0,0,0,0
40527,1,1,1991,0,0,0,0,0,0,0,0,0,0
40528,0,1,1991,27,0,21,19,29,25,45,21,23,31
40528,1,1,1991,0,0,0,0,0,0,0,0,0,0
40529,1,1,1991,0,0,0,0,9,0,0,0,0,0
40530,1,1,1991,10,10,10,10,10,10,10,10,10,10
40531,0,1,1991,0,0,9,0,0,7,0,0,0,0
40531,1,1,1991,0,0,0,0,6,0,0,0,0,0
40532,1,1,1991,0,0,0,0,0,0,0,0,0,0
40533,1,1,1991,16,16,16,16,16,16,16,16,16,16
40533,2,1,1991,0,0,0,0,0,0,0,0,0,0
40534,1,1,1991,19,19,19,19,19,19,19,19,19,19
40535,1,1,1991,0,0,0,0,0,0,0,0,0,0
40535,2,1,1991,0,0,0,0,0,0,0,0,0,0
40536,1,1,1991,8,25,14,0,16,12,20,18,16,10
40537,0,1,1991,24,24,24,24,24,24,24,24,24,24
40537,1,1,1991,0,0,0,0,0,0,0,0,0,0
40538,1,1,1991,0,0,0,0,0,0,0,0,0,0
40538,2,1,1991,0,0,0,0,0,0,0,0,0,0
40538,3,1,1991,0,0,0,0,0,0,0,0,0,0
40539,1,1,1991,0,0,0,0,0,0,0,0,0,0
40539,2,1,1991,0,0,0,0,0,0,0,0,0,0
40540,0,1,1991,22,0,22,17,25,23,14,14,8,29
40540,1,1,1991,0,0,0,0,0,0,0,0,0,0
40541,1,1,1991,0,0,0,0,0,19,0,0,0,0
40542,0,1,1991,2,2,2,2,2,2,2,2,2,2
40542,1,1,1991,0,0,0,0,0,0,0,0,0,0
40543,1,1,1991,23,6,14,16,16,8,13,15,12,8
40543,2,1,1991,0,0,0,0,0,0,0,0,22,0
40544,1,1,1991,12,0,18,0,11,6,15,19,0,24
40545,1,1,1991,15,15,15,15,15,15,15,15,15,15
40547,1,1,1991,0,0,0,0,0,0,0,14,0,0
40549,1,1,1991,0,17,0,0,15,0,0,0,0,8
40552,0,1,1991,16,14,16,23,19,21,0,32,0,19
40552,1,1,1991,20,0,22,0,24,6,0,0,0,0
40554,0,1,1991,0,0,0,9,0,0,0,37,0,0
40554,1,1,1991,0,0,0,0,0,0,0,0,0,0
40555,0,1,1991,0,0,0,0,0,0,0,0,0,0
40555,1,1,1991,0,0,0,0,0,0,0,0,0,0
40556,1,1,1991,0,0,0,0,0,0,0,0,0,0
40556,2,1,1991,0,0,12,0,0,0,18,0,0,0
40557,1,1,1991,13,13,13,13,13,13,13,13,13,13
40558,0,1,1991,33,0,0,0,0,0,0,0,0,0
40558,1,1,1991,23,23,23,23,23,23,23,23,23,23
40558,2,1,1991,0,0,0,0,0,0,0,0,0,0
40559,0,1,1991,23,19,22,24,11,17,19,21,24,27
40559,1,1,1991,0,0,0,0,0,0,0,0,0,0
40559,2,1,1991,0,23,0,0,0,0,0,0,0,0
40560,1,1,1991,0,24,42,0,29,0,0,14,0,0
40561,1,1,1991,8,26,10,9,12,0,10,3,5,0
40562,1,1,1991,21,21,21,21,21,21,21,21,21,21
40563,1,1,1991,14,14,14,14,14,14,14,14,14,14
40564,1,1,1991,19,38,0,25,23,26,29,10,7,31
40565,0,1,1991,26,29,24,24,30,21,17,27,15,11
40565,1,1,1991,0,0,0,0,0,0,0,6,0,0
40565,2,1,1991,0,0,0,0,17,23,13,0,0,0
40566,1,1,1991,29,29,29,29,29,29,29,29,29,29
40566,2,1,1991,0,0,0,0,0,0,0,0,0,0
40567,1,1,1991,0,0,0,0,0,0,0,19,0,0
40567,2,1,1991,0,0,0,0,0,25,0,0,0,0
40568,1,1,1991,16,10,26,22,27,23,18,17,11,20
40568,2,1,1991,12,0,0,0,0,0,0,0,0,0
40569,1,1,1991,0,0,0,0,0,0,0,0,0,0
40569,2,1,1991,0,0,0,0,0,0,0,0,0,0
40570,1,1,1991,0,0,0,0,0,0,0,0,0,0
40570,2,1,1991,0,0,0,0,0,0,0,0,0,0
40571,1,1,1991,0,0,0,0,0,0,0,0,0,0
40571,2,1,1991,0,16,21,0,0,23,0,0,0,0
40572,0,1,1991,0,0,0,0,11,0,0,0,0,0
40572,1,1,1991,0,22,0,0,29,20,16,0,32,0
40573,1,1,1991,0,22,24,24,10,18,12,15,21,13
40574,1,1,1991,0,0,0,0,0,0,0,0,0,0
40574,2,1,1991,0,0,0,14,0,0,14,8,0,0
40575,0,1,1991,0,0,30,0,23,0,0,0,0,0
40575,1,1,1991,0,0,0,0,0,0,0,0,0,0
40576,0,1,1991,11,11,11,11,11,11,11,11,11,11
40576,1,1,1991,0,0,0,0,0,0,0,0,0,0
40577,1,1,1991,0,0,0,0,0,0,0,0,0,0
40577,2,1,1991,5,0,13,0,15,0,8,18,0,5
40578,1,1,1991,11,23,24,9,26,10,9,0,16,11
40578,2,1,1991,19,15,0,0,11,14,29,19,0,7
40579,1,1,1991,0,40,0,20,18,15,20,18,0,13
40579,2,1,1991,19,16,26,18,0,0,15,0,26,6
40580,1,1,1991,0,0,0,0,0,0,0,0,0,0
40580,2,1,1991,0,0,0,0,0,0,0,0,0,0
40581,1,1,1991,0,0,0,0,0,0,0,0,0,0
40582,1,1,1991,31,31,31,31,31,31,31,31,31,31
40582,2,1,1991,0,0,0,0,0,0,0,0,0,0
40583,0,1,1991,34,34,34,34,34,34,34,34,34,34
40583,1,1,1991,0,0,0,0,0,0,0,0,0,0
40584,0,1,1991,0,0,0,0,0,0,0,0,0,0
40584,1,1,1991,0,4,0,0,0,0,0,0,0,0
40585,1,1,1991,32,11,13,25,22,23,10,23,20,16
40586,0,1,1991,0,18,16,15,6,0,23,14,0,0
40586,1,1,1991,0,0,0,0,0,13,0,0,0,0
40587,0,1,1991,15,15,15,15,15,15,15,15,15,15
40587,1,1,1991,0,0,0,0,0,23,0,0,0,0
40589,1,1,1991,0,0,0,9,29,0,0,0,21,0
40590,0,1,1991,0,0,0,0,0,0,0,0,0,0
40590,1,1,1991,0,0,8,20,18,13,40,0,0,7
40591,1,1,1991,12,0,24,0,0,25,17,20,7,18
40592,1,1,1991,0,0,0,0,0,0,0,0,0,0
40592,2,1,1991,0,0,0,0,0,0,0,0,0,0
40592,3,1,1991,0,0,0,0,0,0,0,0,0,0
40593,1,1,1991,0,0,0,0,0,0,0,0,0,14
40593,2,1,1991,0,0,0,0,0,0,0,0,0,0
40594,0,1,1991,21,17,4,31,32,0,31,17,14,4
40594,1,1,1991,0,0,0,0,0,0,0,0,0,0
40595,0,1,1991,0,0,0,0,0,0,0,0,0,0
40595,1,1,1991,0,0,0,0,0,0,0,0,0,0
40596,1,1,1991,20,20,20,20,20,20,20,20,20,20
40596,2,1,1991,27,27,27,27,27,27,27,27,27,27
40597,1,1,1991,0,0,0,0,9,0,6,0,0,0
40597,2,1,1991,0,0,0,0,0,0,0,0,0,0
40597,3,1,1991,0,0,0,0,0,0,0,0,0,0
40598,1,1,1991,0,0,0,0,0,0,0,0,0,2
40598,2,1,1991,0,0,0,0,0,0,0,0,0,6
40599,1,1,1991,0,0,0,0,0,0,0,0,0,0
40599,2,1,1991,0,0,0,0,0,0,0,0,0,0
40600,1,1,1991,0,0,0,0,0,0,0,0,0,0
40600,2,1,1991,0,0,0,0,0,0,0,0,0,0
40600,3,1,1991,0,0,0,0,0,0,0,0,0,0
40600,4,1,1991,0,0,0,0,0,0,0,0,0,0
40601,1,1,1991,0,0,0,0,0,0,0,0,16,0
40602,1,1,1991,23,33,18,14,11,34,0,15,20,4
40602,2,1,1991,0,15,0,0,0,0,9,0,0,0
40602,3,1,1991,0,0,0,0,0,0,0,0,0,0
40603,1,1,1991,20,20,20,20,20,20,20,20,20,20
40604,0,1,1991,0,0,0,0,0,0,0,0,0,0
40604,1,1,1991,0,0,0,0,0,0,0,0,0,0
40605,1,1,1991,0,0,0,0,0,0,0,0,0,0
40606,1,1,1991,19,19,19,19,19,19,19,19,19,19
40606,2,1,1991,0,0,0,0,0,0,0,0,0,0
40606,3,1,1991,0,0,0,0,0,0,0,0,0,0
40607,1,1,1991,0,0,0,0,0,0,0,0,0,0
40607,2,1,1991,0,0,0,0,0,0,0,0,0,0
40608,1,1,1991,21,14,6,8,6,25,31,11,10,16
40608,2,1,1991,0,11,0,0,0,0,0,0,0,0
40609,1,1,1991,24,24,24,24,24,24,24,24,24,24
40610,1,1,1991,28,28,28,28,28,28,28,28,28,28
40611,1,1,1991,0,0,0,0,0,0,0,0,0,0
40611,2,1,1991,0,0,0,0,0,0,0,0,0,0
40612,1,1,1991,0,0,0,0,0,0,0,0,0,0
40613,1,1,1991,0,0,0,0,0,0,0,0,0,0
40613,2,1,1991,0,0,0,0,0,0,0,0,0,0
40613,3,1,1991,0,0,0,0,0,0,0,0,0,0
40614,1,1,1991,0,0,0,0,0,0,0,0,0,0
40614,2,1,1991,0,0,0,0,0,0,0,0,0,0
40615,1,1,1991,0,0,0,0,0,0,0,0,0,0
40616,0,1,1991,16,16,16,16,16,16,16,16,16,16
40616,1,1,1991,0,0,0,0,0,0,0,0,0,0
40617,0,1,1991,14,0,0,0,0,0,0,0,0,0
40617,1,1,1991,0,0,0,0,0,0,0,0,7,0
40618,1,1,1991,19,19,19,19,19,19,19,19,19,19
40618,2,1,1991,0,0,0,0,0,0,13,0,0,0
40619,1,1,1991,0,0,0,0,36,0,0,0,0,23
40620,1,1,1991,0,0,0,0,0,0,0,0,0,29
40621,1,1,1991,0,0,0,0,0,0,0,0,0,0
40622,1,1,1991,27,27,27,27,27,27,27,27,27,27
40623,1,1,1991,0,14,0,6,9,0,21,0,3,26
40623,2,1,1991,0,0,0,0,0,9,0,0,0,0
40624,1,1,1991,22,22,22,22,22,22,22,22,22,22
40626,1,1,1991,17,17,17,17,17,17,17,17,17,17
40626,2,1,1991,0,0,0,0,0,15,0,23,0,19
40627,0,1,1991,0,0,0,0,0,0,0,0,0,0
40627,2,1,1991,0,0,0,0,0,0,0,0,0,0
40627,3,1,1991,0,0,0,0,0,0,0,0,0,0
40627,4,1,1991,0,0,0,26,0,0,0,0,0,0
40627,5,1,1991,0,0,0,0,0,0,0,0,0,0
40627,6,1,1991,0,0,0,0,0,0,0,0,0,0
40627,7,1,1991,0,0,0,0,0,0,0,0,0,0
40628,1,1,1991,32,24,20,16,15,12,18,10,30,10
40629,0,1,1991,0,0,0,12,0,0,0,0,0,12
40629,0,2,1991,0,0,0,0,0,0,0,0,0,0
40629,1,1,1991,14,13,5,21,7,19,22,10,11,0
40630,0,1,1991,35,35,35,35,35,35,35,35,35,35
40630,1,1,1991,0,0,17,0,15,0,7,0,0,0
40631,1,1,1991,0,0,0,0,0,0,0,0,0,0
40631,2,1,1991,0,0,0,0,0,0,0,0,0,10
40632,1,1,1991,0,0,0,0,0,0,0,0,0,0
40632,2,1,1991,0,0,0,0,0,0,0,0,0,0
40632,3,1,1991,0,0,0,0,0,0,0,0,0,0
40632,4,1,1991,0,0,0,0,0,0,0,0,0,0
40633,1,1,1991,0,0,0,0,0,0,0,0,0,19
40634,1,1,1991,16,16,16,16,16,16,16,16,16,16
40634,2,1,1991,0,0,0,0,0,0,0,0,0,0
40635,1,1,1991,10,10,10,10,10,10,10,10,10,10
40635,2,1,1991,0,0,0,0,0,0,0,0,0,0
40636,1,1,1991,0,0,0,0,0,0,0,0,0,0
40637,1,1,1991,0,0,0,0,0,0,0,0,0,0
40637,2,1,1991,0,0,0,0,0,0,8,0,0,0
40638,0,1,1991,24,24,24,24,24,24,24,24,24,24
40638,1,1,1991,0,0,0,0,0,0,0,0,0,0
40639,0,1,1991,0,0,0,0,0,0,0,0,0,0
40639,1,1,1991,0,0,0,6,5,0,0,0,0,0
40640,1,1,1991,0,0,0,0,0,0,0,0,0,0
40640,2,1,1991,0,0,0,0,0,0,0,0,0,0
40641,0,1,1991,0,0,0,0,0,0,0,0,0,0
40641,1,1,1991,0,0,0,0,0,0,0,0,26,0
40642,1,1,1991,0,0,13,0,9,0,0,0,0,0
40642,2,1,1991,0,0,0,0,0,0,0,0,0,0
40642,3,1,1991,0,0,0,0,0,10,0,0,0,0
40642,4,1,1991,0,0,0,0,0,0,0,0,0,0
40643,0,1,1991,28,28,28,28,28,28,28,28,28,28
40643,1,1,1991,12,17,0,0,6,0,11,0,19,4
40644,1,1,1991,23,23,23,23,23,23,23,23,23,23
40644,2,1,1991,0,0,0,0,0,0,0,0,0,0
40645,0,1,1991,0,0,0,0,0,0,0,0,0,0
40645,1,1,1991,0,0,0,0,0,0,0,0,0,0
40646,1,1,1991,0,0,23,31,0,0,0,0,15,0
40646,2,1,1991,0,0,0,0,0,0,0,0,0,0
40647,0,1,1991,0,0,0,0,0,0,0,0,0,0
40647,1,1,1991,0,0,0,0,0,0,0,0,0,0
40648,1,1,1991,0,0,0,0,0,0,0,0,0,0
40649,1,1,1991,0,0,0,0,0,0,0,0,0,0
40649,2,1,1991,0,0,0,0,0,0,0,0,0,0
40650,1,1,1991,0,0,0,0,0,0,0,0,0,0
40650,2,1,1991,0,0,0,0,0,0,0,0,0,0
40651,0,1,1991,18,8,46,16,31,28,19,19,6,0
40651,1,1,1991,0,0,0,0,0,0,0,0,0,0
40652,1,1,1991,0,0,12,0,0,24,16,0,0,0
40653,1,1,1991,7,7,7,7,7,7,7,7,7,7
40654,1,1,1991,21,21,21,21,21,21,21,21,21,21
40654,2,1,1991,0,0,0,0,0,0,0,0,0,0
40655,1,1,1991,0,0,0,0,0,0,0,0,0,0
40656,0,1,1991,0,0,0,0,0,0,0,0,0,0
40656,1,1,1991,0,0,0,0,0,0,0,0,0,0
40657,1,1,1991,0,0,0,0,0,0,0,0,0,0
40657,2,1,1991,0,0,0,0,0,0,0,0,0,0
40658,1,1,1991,20,16,15,9,10,26,24,17,10,15
40658,2,1,1991,0,0,0,0,0,21,19,0,0,0
40659,0,1,1991,0,0,0,0,0,0,0,0,0,0
40659,1,1,1991,8,0,0,0,0,26,32,0,12,0
40660,1,1,1991,21,21,21,21,21,21,21,21,21,21
40661,1,1,1991,15,15,15,15,15,15,15,15,15,15
40662,1,1,1991,0,0,0,0,0,0,0,0,0,0
40663,1,1,1991,30,30,30,30,30,30,30,30,30,30
40663,2,1,1991,0,0,0,0,0,0,0,0,0,0
40664,0,1,1991,0,0,0,0,0,0,0,0,0,0
40664,1,1,1991,0,0,0,0,0,0,0,0,0,0
40665,1,1,1991,0,16,0,0,0,0,12,0,14,15
40666,1,1,1991,0,0,0,0,0,0,0,0,0,0
40667,1,1,1991,0,0,0,0,8,0,0,0,0,0
40667,2,1,1991,0,0,0,0,0,0,0,0,0,0
40667,3,1,1991,0,0,12,0,0,0,0,0,0,0
40668,1,1,1991,0,0,0,3,14,8,0,4,22,0
40668,2,1,1991,0,0,0,0,0,0,0,0,0,0
40668,3,1,1991,0,0,0,0,0,0,0,0,0,0
40669,1,1,1991,0,0,0,0,0,0,0,0,0,0
40669,2,1,1991,0,0,0,0,0,0,0,0,0,0
40670,0,1,1991,0,0,0,0,0,0,0,0,0,0