ST_CASE,VEH_NO,PER_NO,YEAR,P1,P2,P3,P4,P5,P6,P7,P8,P9,P10
80289,1,1,1991,0,0,0,0,0,0,0,0,0,0
80290,1,1,1991,21,21,21,21,21,21,21,21,21,21
80291,1,1,1991,10,10,10,10,10,10,10,10,10,10
80292,1,1,1991,21,21,21,21,21,21,21,21,21,21
80293,1,1,1991,24,24,24,24,24,24,24,24,24,24
80294,1,1,1991,19,19,19,19,19,19,19,19,19,19
80294,2,1,1991,0,0,0,0,0,0,0,0,0,0
80294,3,1,1991,0,0,0,0,0,0,13,0,0,0
80295,1,1,1991,16,16,16,16,16,16,16,16,16,16
80296,1,1,1991,23,23,23,23,23,23,23,23,23,23
80296,2,1,1991,0,0,0,0,0,0,0,0,0,0
80297,1,1,1991,0,0,0,0,0,0,0,0,0,0
80297,2,1,1991,0,0,0,0,0,0,0,0,0,0
80298,0,1,1991,28,28,28,28,28,28,28,28,28,28
80298,1,1,1991,9,9,9,9,9,9,9,9,9,9
80299,1,1,1991,0,0,0,0,0,0,0,0,0,0
80300,1,1,1991,0,0,0,0,0,0,0,0,0,0
80301,0,1,1991,0,0,0,0,0,0,0,0,0,0
80301,1,1,1991,2,2,2,2,2,2,2,2,2,2
80302,1,1,1991,13,13,13,13,13,13,13,13,13,13
80302,2,1,1991,14,14,14,14,14,14,14,14,14,14
80303,1,1,1991,18,18,18,18,18,18,18,18,18,18
80304,1,1,1991,0,0,0,0,0,0,0,0,0,0
80305,1,1,1991,0,0,0,0,0,0,0,0,0,0
80306,1,1,1991,0,0,0,0,0,0,0,0,0,0
80306,2,1,1991,0,0,0,0,0,0,0,0,0,0
80307,1,1,1991,0,0,0,0,0,0,0,0,0,0
80307,2,1,1991,0,0,0,0,0,0,0,0,0,0
80308,0,1,1991,0,0,0,0,0,0,0,0,0,8
80308,1,1,1991,0,0,0,0,0,0,0,0,0,0
80309,1,1,1991,7,7,7,7,7,7,7,7,7,7
80310,0,1,1991,0,0,0,0,0,0,0,0,0,0
80310,1,1,1991,0,0,0,0,0,0,0,0,0,0
80311,1,1,1991,5,5,5,5,5,5,5,5,5,5
80311,2,1,1991,0,0,0,0,0,0,0,0,0,0
80312,1,1,1991,21,21,21,21,21,21,21,21,21,21
80313,1,1,1991,13,16,41,10,15,19,16,0,28,15
80314,1,1,1991,8,8,8,8,8,8,8,8,8,8
80314,2,1,1991,10,10,10,10,10,10,10,10,10,10
80315,0,1,1991,0,0,0,0,0,0,0,0,0,24
80315,1,1,1991,0,0,0,0,0,0,0,0,0,0
80316,0,1,1991,0,0,0,0,0,0,0,0,0,0
80316,1,1,1991,4,4,4,4,4,4,4,4,4,4
80317,1,1,1991,12,12,12,12,12,12,12,12,12,12
80318,1,1,1991,0,0,0,0,0,0,0,0,0,0
80319,1,1,1991,0,0,0,0,0,0,0,0,0,0
80320,1,1,1991,0,0,0,0,0,0,0,0,0,0
80320,2,1,1991,0,0,0,0,0,0,0,0,0,0
80321,1,1,1991,0,0,0,0,0,0,0,0,0,0
80322,0,1,1991,0,0,0,0,0,0,0,0,0,0
80322,1,1,1991,0,0,0,0,0,0,0,0,0,0
80323,1,1,1991,16,16,16,16,16,16,16,16,16,16
80324,1,1,1991,0,0,0,0,0,0,0,0,0,0
80325,1,1,1991,0,0,0,0,0,0,0,0,0,0
80325,2,1,1991,1,1,1,1,1,1,1,1,1,1
80326,1,1,1991,5,5,5,5,5,5,5,5,5,5
80327,1,1,1991,0,0,0,0,0,0,0,0,0,0
80328,1,1,1991,0,0,0,0,0,0,0,0,0,0
80328,2,1,1991,0,0,0,0,0,0,0,0,0,0
80329,1,1,1991,23,23,23,23,23,23,23,23,23,23
80330,1,1,1991,1,1,1,1,1,1,1,1,1,1
80331,0,1,1991,0,0,0,0,0,0,0,0,0,0
80331,1,1,1991,0,0,0,0,0,0,0,0,0,0
80332,1,1,1991,0,0,0,0,0,0,0,0,0,0
80332,2,1,1991,0,0,0,0,0,0,0,0,0,0
80333,1,1,1991,3,3,3,3,3,3,3,3,3,3
80334,1,1,1991,0,0,0,0,0,0,0,0,0,0
80335,1,1,1991,24,24,24,24,24,24,24,24,24,24
80336,1,1,1991,22,22,22,22,22,22,22,22,22,22
80337,1,1,1991,1,1,1,1,1,1,1,1,1,1
80338,1,1,1991,17,17,17,17,17,17,17,17,17,17
80339,1,1,1991,9,9,9,9,9,9,9,9,9,9
80340,1,1,1991,8,8,8,8,8,8,8,8,8,8
80341,1,1,1991,0,0,0,0,0,0,0,0,0,0
80341,2,1,1991,0,0,0,0,0,0,0,0,0,0
80342,1,1,1991,0,0,0,0,0,0,0,0,0,0
80343,1,1,1991,16,16,16,16,16,16,16,16,16,16
80344,1,1,1991,11,11,11,11,11,11,11,11,11,11
80345,1,1,1991,26,26,26,26,26,26,26,26,26,26
80346,1,1,1991,0,0,0,0,0,0,0,0,0,0
80347,1,1,1991,25,25,25,25,25,25,25,25,25,25
80348,1,1,1991,18,7,32,22,17,19,21,28,21,19
80349,0,1,1991,0,0,0,0,0,0,0,0,0,0
80349,1,1,1991,0,0,0,0,0,0,0,0,0,0
80350,1,1,1991,24,24,24,24,24,24,24,24,24,24
80351,1,1,1991,13,13,13,13,13,13,13,13,13,13
80351,2,1,1991,17,0,0,0,18,0,0,0,0,11
80351,3,1,1991,23,7,16,9,26,12,15,19,16,10
80352,1,1,1991,0,0,0,0,0,0,0,0,0,0
80353,0,1,1991,0,0,0,0,0,0,0,0,0,0
80353,1,1,1991,13,0,0,7,0,0,0,0,14,0
80354,1,1,1991,0,0,0,0,0,0,0,0,0,0
80354,2,1,1991,0,0,0,0,0,0,0,0,0,0
80355,0,1,1991,23,23,23,23,23,23,23,23,23,23
80355,1,1,1991,0,10,0,0,0,0,0,0,0,20
80356,1,1,1991,24,24,24,24,24,24,24,24,24,24
80357,1,1,1991,11,11,11,11,11,11,11,11,11,11
80357,2,1,1991,0,0,0,0,0,0,0,0,0,0
80358,1,1,1991,0,0,0,0,0,0,0,0,0,0
80359,1,1,1991,34,34,34,34,34,34,34,34,34,34
80360,0,1,1991,0,0,0,0,0,0,0,0,0,0
80360,1,1,1991,0,0,0,0,10,5,0,0,0,17
80361,1,1,1991,0,0,0,0,0,0,0,0,0,0
80362,1,1,1991,0,0,0,0,22,0,0,0,0,22
80362,2,1,1991,0,0,0,0,0,0,0,0,0,0
80363,1,1,1991,21,21,21,21,21,21,21,21,21,21
80364,1,1,1991,0,0,0,0,0,0,0,0,0,0
80364,2,1,1991,0,0,0,0,0,0,0,0,0,0
80364,3,1,1991,0,0,0,0,0,0,0,0,0,0
80365,1,1,1991,21,21,21,21,21,21,21,21,21,21
80365,2,1,1991,0,0,0,0,0,0,0,0,0,0
80366,1,1,1991,29,29,29,29,29,29,29,29,29,29
80367,0,1,1991,6,6,6,6,6,6,6,6,6,6
80367,1,1,1991,0,0,0,0,0,0,0,0,13,0
80368,0,1,1991,0,0,0,0,0,0,0,0,0,0
80368,1,1,1991,3,0,0,0,0,0,0,0,0,0
80369,0,1,1991,33,17,0,18,5,33,0,0,30,19
80369,1,1,1991,0,0,0,0,0,0,0,0,0,0
80371,1,1,1991,0,0,0,0,0,0,0,0,0,0
80372,1,1,1991,0,0,0,0,0,0,0,0,0,0
80373,1,1,1991,17,17,17,17,17,17,17,17,17,17
80374,1,1,1991,0,0,0,0,0,0,0,0,0,0
80375,1,1,1991,23,23,23,23,23,23,23,23,23,23
80375,2,1,1991,0,0,0,0,0,0,12,0,0,0
80376,1,1,1991,0,0,0,0,0,0,0,0,0,0
80376,2,1,1991,0,0,0,0,0,0,0,0,0,0
80377,1,1,1991,17,17,17,17,17,17,17,17,17,17
80378,1,1,1991,28,28,28,28,28,28,28,28,28,28
80379,1,1,1991,14,14,14,14,14,14,14,14,14,14
80380,1,1,1991,0,0,0,0,0,0,0,0,0,0
80381,1,1,1991,0,0,0,0,0,0,0,0,0,0
80382,1,1,1991,9,9,9,9,9,9,9,9,9,9
80383,1,1,1991,30,30,30,30,30,30,30,30,30,30
80384,1,1,1991,0,0,0,0,0,0,0,0,0,0
80385,1,1,1991,0,0,0,0,0,0,0,0,0,0
80386,1,1,1991,1,1,1,1,1,1,1,1,1,1
80386,2,1,1991,1,1,1,1,1,1,1,1,1,1
80387,1,1,1991,0,0,0,0,0,0,0,0,0,0
80387,2,1,1991,0,0,0,0,0,0,0,0,0,0
80387,3,1,1991,23,0,0,0,0,0,0,0,0,0
80388,0,1,1991,12,12,12,12,12,12,12,12,12,12
80388,1,1,1991,11,0,0,0,0,14,8,0,0,0
80389,0,1,1991,12,12,12,12,12,12,12,12,12,12
80389,1,1,1991,0,0,0,0,0,0,0,0,0,0
80390,1,1,1991,0,0,0,0,0,0,0,0,0,0
80390,2,1,1991,0,0,0,0,0,0,0,0,0,0
80391,1,1,1991,23,23,23,23,23,23,23,23,23,23
80392,1,1,1991,0,0,0,0,0,0,0,0,0,0
80392,2,1,1991,9,9,9,9,9,9,9,9,9,9
80393,1,1,1991,0,0,0,0,0,0,0,0,0,0
80393,2,1,1991,0,0,0,0,0,0,0,0,0,0
80394,1,1,1991,27,27,27,27,27,27,27,27,27,27
80395,1,1,1991,0,6,0,0,0,0,0,0,0,0
80396,1,1,1991,0,0,0,0,0,0,0,0,0,0
80397,1,1,1991,19,19,19,19,19,19,19,19,19,19
80398,1,1,1991,14,14,14,14,14,14,14,14,14,14
80399,1,1,1991,0,0,0,0,0,0,0,0,0,0
80399,2,1,1991,0,0,0,0,0,0,0,0,0,0
80400,1,1,1991,0,0,0,0,0,0,0,0,0,0
80400,2,1,1991,0,0,0,0,0,0,6,0,0,0
80401,1,1,1991,23,23,23,23,23,23,23,23,23,23
80402,1,1,1991,0,0,0,0,0,0,0,0,0,0
80403,1,1,1991,10,10,10,10,10,10,10,10,10,10
80404,1,1,1991,0,0,0,0,0,15,0,0,0,17
80405,1,1,1991,15,15,15,15,15,15,15,15,15,15
80405,2,1,1991,0,0,0,0,0,0,0,0,0,0
80406,1,1,1991,0,0,0,0,0,0,0,0,0,0
80407,1,1,1991,0,0,16,19,11,24,24,12,9,5
80407,2,1,1991,0,0,0,0,0,0,0,0,0,0
80408,0,1,1991,0,0,0,0,0,0,0,0,0,0
80408,1,1,1991,0,0,0,0,0,0,0,0,0,0
80409,0,1,1991,0,0,0,0,0,0,0,0,0,0
80409,1,1,1991,0,0,0,0,0,0,0,0,0,0
80410,1,1,1991,0,0,0,0,0,0,0,0,0,0
80410,2,1,1991,0,0,0,0,0,0,0,0,0,0
80410,3,1,1991,0,0,0,0,0,0,0,0,0,0
80411,1,1,1991,8,8,8,8,8,8,8,8,8,8
80411,2,1,1991,0,0,29,13,0,15,7,16,0,12
80412,1,1,1991,17,17,17,17,17,17,17,17,17,17
80412,2,1,1991,0,0,0,0,0,0,0,0,0,0
80413,1,1,1991,0,0,0,0,0,0,0,0,0,0
80413,2,1,1991,0,0,0,0,0,0,0,0,0,0
80414,1,1,1991,27,27,27,27,27,27,27,27,27,27
80414,2,1,1991,0,0,0,0,0,0,0,0,0,0
80415,1,1,1991,0,0,0,0,0,0,0,0,0,0
80416,0,1,1991,0,0,0,15,0,0,0,0,0,0
80416,1,1,1991,22,22,22,22,22,22,22,22,22,22
80417,1,1,1991,15,15,15,15,15,15,15,15,15,15
80418,1,1,1991,0,0,0,0,0,0,0,0,0,0
80418,2,1,1991,0,0,0,0,0,0,0,0,0,0
80419,1,1,1991,12,12,12,12,12,12,12,12,12,12
80420,1,1,1991,0,0,0,0,0,0,0,0,0,0
80420,2,1,1991,0,0,0,0,0,0,0,0,0,0
80421,0,1,1991,0,0,0,0,0,0,0,0,0,0
80421,1,1,1991,0,0,0,0,0,0,0,0,0,0
80422,1,1,1991,37,37,37,37,37,37,37,37,37,37
80423,1,1,1991,22,22,22,22,22,22,22,22,22,22
80423,2,1,1991,0,0,0,0,0,12,0,0,0,0
80424,1,1,1991,24,24,24,24,24,24,24,24,24,24
80424,2,1,1991,0,0,0,0,0,0,0,0,0,0
80425,1,1,1991,0,0,0,0,0,0,0,0,0,0
80426,1,1,1991,35,35,35,35,35,35,35,35,35,35
80426,2,1,1991,0,0,0,0,0,0,0,0,0,0
80427,1,1,1991,23,23,23,23,23,23,23,23,23,23
80427,2,1,1991,0,0,0,0,0,0,0,0,0,0
80428,1,1,1991,13,13,13,13,13,13,13,13,13,13
80429,1,1,1991,0,0,0,0,0,0,0,0,13,0
80429,2,1,1991,0,0,0,0,0,0,0,0,0,0
80429,3,1,1991,0,0,0,0,0,0,0,0,0,0
80430,1,1,1991,0,0,0,0,0,0,0,0,0,0
80431,1,1,1991,0,0,0,0,0,0,0,0,0,0
80431,2,1,1991,0,0,0,0,0,0,0,0,0,0
80432,1,1,1991,24,24,24,24,24,24,24,24,24,24
80433,0,1,1991,34,34,34,34,34,34,34,34,34,34
80433,1,1,1991,0,10,0,0,0,0,0,0,0,0
80434,1,1,1991,0,0,0,0,0,7,0,0,0,19
80434,2,1,1991,0,0,0,0,0,0,0,0,0,0
80435,1,1,1991,0,0,0,0,0,0,0,0,0,0
80435,2,1,1991,0,0,0,0,0,0,0,0,0,0
80436,1,1,1991,0,0,0,0,0,0,0,0,0,0
80437,1,1,1991,1,1,1,1,1,1,1,1,1,1
80438,1,1,1991,23,23,23,23,23,23,23,23,23,23
80439,1,1,1991,0,0,0,0,0,0,0,0,0,0
80439,2,1,1991,0,0,20,0,0,0,0,0,0,0
80440,1,1,1991,5,17,0,0,0,10,6,0,0,0
80440,2,1,1991,0,0,0,0,0,0,0,0,0,0
80440,3,1,1991,0,0,0,0,14,0,0,0,0,0
80440,4,1,1991,9,0,0,0,4,0,0,0,0,0
80441,1,1,1991,18,18,18,18,18,18,18,18,18,18
80442,0,1,1991,36,36,36,36,36,36,36,36,36,36
80442,1,1,1991,0,0,0,0,0,28,0,0,0,0
80443,1,1,1991,29,29,29,29,29,29,29,29,29,29
80443,2,1,1991,0,0,0,0,0,0,0,0,0,0
80444,1,1,1991,0,0,0,0,0,0,0,0,0,0
80444,2,1,1991,0,0,0,0,0,0,0,0,0,0
80444,3,1,1991,0,0,0,0,0,0,0,0,0,0
80445,1,1,1991,0,0,0,0,0,0,0,0,0,0
80446,1,1,1991,0,0,0,0,0,0,0,0,0,0
80446,2,1,1991,0,0,0,0,0,0,0,0,0,0
80447,1,1,1991,0,0,0,0,0,0,0,0,0,0
80448,1,1,1991,19,19,19,19,19,19,19,19,19,19
80448,2,1,1991,0,0,0,0,0,0,0,0,0,0
80449,1,1,1991,0,0,0,28,0,0,0,0,0,0
80449,2,1,1991,0,0,0,0,0,0,0,0,0,0
80449,3,1,1991,1,1,1,1,1,1,1,1,1,1
80449,4,1,1991,0,0,0,0,0,0,8,0,0,0
80450,1,1,1991,0,0,0,0,0,0,0,0,0,0
80451,1,1,1991,0,0,0,0,0,0,0,0,0,0
80451,2,1,1991,0,0,0,0,0,0,0,0,0,0
80452,1,1,1991,20,20,20,20,20,20,20,20,20,20
80452,2,1,1991,0,0,0,0,0,0,0,0,0,0
80453,1,1,1991,40,40,40,40,40,40,40,40,40,40
80453,2,1,1991,0,0,0,0,0,0,0,0,0,0
80454,1,1,1991,0,0,0,0,0,0,0,0,0,0
80455,1,1,1991,13,13,13,13,13,13,13,13,13,13
80456,1,1,1991,0,0,0,0,0,0,0,0,0,0
80456,2,1,1991,0,0,0,0,0,0,0,0,0,0
80457,0,1,1991,0,0,0,0,0,0,0,0,0,0
80457,1,1,1991,0,12,0,0,0,27,0,0,0,0
80458,1,1,1991,45,45,45,45,45,45,45,45,45,45
80459,1,1,1991,0,0,0,0,0,0,0,0,0,0
80459,2,1,1991,0,0,0,0,0,0,0,0,0,0
80460,1,1,1991,22,22,22,22,22,22,22,22,22,22
80460,2,1,1991,13,13,13,13,13,13,13,13,13,13
80461,1,1,1991,15,15,15,15,15,15,15,15,15,15
80461,2,1,1991,0,0,0,0,0,0,0,0,0,0
80462,1,1,1991,26,26,26,26,26,26,26,26,26,26
80462,2,1,1991,0,0,0,0,0,0,0,0,0,0
80463,1,1,1991,0,0,0,0,0,0,0,0,0,0
80463,2,1,1991,0,0,0,0,0,0,0,0,0,0
80464,1,1,1991,0,0,0,0,0,0,0,0,0,0
80465,1,1,1991,6,6,6,6,6,6,6,6,6,6
80465,2,1,1991,0,0,0,0,0,0,0,0,0,0
80466,1,1,1991,0,0,0,0,0,0,0,0,0,0
80467,0,1,1991,0,0,0,0,0,0,0,0,0,0
80467,1,1,1991,1,1,1,1,1,1,1,1,1,1
80468,1,1,1991,32,32,32,32,32,32,32,32,32,32
80468,2,1,1991,5,0,0,0,0,0,0,0,0,0
80469,1,1,1991,27,27,27,27,27,27,27,27,27,27
80470,1,1,1991,0,0,0,0,0,0,0,0,0,0
80471,1,1,1991,0,0,0,0,0,0,0,0,0,0
80471,2,1,1991,0,0,0,0,0,0,0,0,5,0
80472,1,1,1991,0,27,0,0,8,0,0,0,0,0
80472,2,1,1991,0,0,0,0,0,0,0,0,0,0
80473,1,1,1991,0,0,0,0,0,0,0,0,0,0
80473,2,1,1991,0,0,0,0,0,0,0,0,0,0
80474,1,1,1991,23,23,23,23,23,23,23,23,23,23
80475,1,1,1991,22,22,22,22,22,22,22,22,22,22
80476,1,1,1991,14,14,14,14,14,14,14,14,14,14
80476,2,1,1991,0,0,0,0,0,0,0,0,0,0
80476,3,1,1991,10,11,2,12,8,27,10,8,4,6
80477,1,1,1991,17,17,17,17,17,17,17,17,17,17
80478,0,1,1991,0,0,0,0,0,0,0,0,0,0
80478,1,1,1991,0,0,0,0,0,0,0,0,0,0
80479,1,1,1991,0,0,0,0,0,26,19,0,0,0
80479,2,1,1991,0,0,0,0,0,0,0,0,0,0
80480,1,1,1991,0,0,0,0,0,0,0,0,0,0
80482,1,1,1991,0,0,0,0,0,0,0,0,0,0
80482,2,1,1991,0,12,0,19,9,24,0,0,0,11
80483,1,1,1991,0,0,0,0,0,0,0,0,0,0
80484,1,1,1991,29,29,29,29,29,29,29,29,29,29
80485,1,1,1991,0,0,34,0,0,5,3,0,0,0
80486,1,1,1991,0,0,0,22,0,13,10,0,0,0
90001,1,1,1991,19,19,19,19,19,19,19,19,19,19
90002,0,1,1991,0,0,0,0,0,0,0,0,0,0
90002,1,1,1991,0,0,0,0,0,0,0,23,0,0
90003,0,1,1991,0,0,21,0,0,0,0,0,0,0
90003,1,1,1991,0,0,0,0,0,0,0,0,0,0
90004,1,1,1991,20,20,20,20,20,20,20,20,20,20
90005,1,1,1991,0,0,0,0,0,0,0,0,0,0
90006,1,1,1991,5,5,5,5,5,5,5,5,5,5
90007,1,1,1991,21,21,21,21,21,21,21,21,21,21
90008,0,1,1991,0,0,0,0,0,0,0,0,0,0
90008,1,1,1991,0,0,0,0,0,0,0,0,0,0
90009,0,1,1991,0,0,0,0,0,0,0,0,0,0
90009,1,1,1991,0,0,0,0,0,0,0,0,0,0
90010,1,1,1991,23,23,23,23,23,23,23,23,23,23
90010,2,1,1991,0,0,0,0,0,0,0,0,0,0
90010,3,1,1991,0,0,0,0,0,0,0,0,0,0
90011,0,1,1991,0,0,0,0,0,0,0,0,0,0
90011,1,1,1991,0,0,0,0,0,0,0,0,0,0
90012,1,1,1991,12,12,12,12,12,12,12,12,12,12
90012,2,1,1991,0,0,0,0,0,0,0,0,0,0
90013,1,1,1991,19,19,19,19,19,19,19,19,19,19
90013,2,1,1991,0,0,0,0,0,0,0,0,0,0
90014,0,1,1991,0,0,0,0,0,0,0,0,0,0
90014,0,2,1991,0,0,0,0,0,15,6,0,0,0
90014,1,1,1991,0,0,0,0,0,0,0,0,0,0
90015,1,1,1991,0,0,0,0,0,0,0,0,0,0
90015,2,1,1991,0,0,0,0,0,0,0,0,0,0
90016,1,1,1991,0,0,0,0,0,0,0,0,0,0
90016,2,1,1991,0,0,0,0,0,0,0,0,0,0
90017,0,1,1991,22,22,22,22,22,22,22,22,22,22
90017,1,1,1991,0,0,0,0,0,0,0,0,0,0
90020,1,1,1991,0,0,0,0,0,0,0,0,0,0
90020,2,1,1991,0,4,0,0,0,0,0,0,0,0
90021,1,1,1991,7,6,14,15,8,22,7,20,11,5
90021,2,1,1991,0,0,0,0,0,0,0,0,0,0
90021,3,1,1991,0,0,0,0,12,0,0,0,2,0
90022,1,1,1991,20,20,20,20,20,20,20,20,20,20
90022,2,1,1991,0,18,7,7,4,17,0,0,0,0
90023,1,1,1991,0,0,0,0,0,0,0,0,0,0
90023,2,1,1991,0,0,0,0,0,0,0,0,0,0
90024,1,1,1991,23,23,23,23,23,23,23,23,23,23
90025,1,1,1991,0,0,0,28,0,0,0,0,0,0
90025,2,1,1991,7,7,7,7,7,7,7,7,7,7
90026,1,1,1991,19,19,19,19,19,19,19,19,19,19
90028,0,1,1991,0,0,0,0,0,0,0,0,0,0
90028,0,2,1991,0,30,30,0,0,0,0,0,0,15
90028,1,1,1991,10,0,0,0,10,0,0,10,0,0
90028,2,1,1991,5,5,5,5,5,5,5,5,5,5
90029,1,1,1991,0,0,0,0,0,0,0,0,0,0
90030,1,1,1991,14,14,14,14,14,14,14,14,14,14
90030,2,1,1991,0,0,0,6,0,6,0,0,22,0
90031,1,1,1991,0,0,0,0,0,5,0,0,0,0
90031,2,1,1991,0,0,0,0,0,0,0,0,0,0
90032,0,1,1991,0,0,0,0,0,0,0,0,0,0
90032,1,1,1991,11,0,0,10,0,0,0,0,0,0
90033,1,1,1991,22,22,22,22,22,22,22,22,22,22
90034,0,1,1991,2,2,2,2,2,2,2,2,2,2
90034,1,1,1991,0,0,0,0,0,0,0,0,5,0
90035,1,1,1991,22,22,22,22,22,22,22,22,22,22
90036,1,1,1991,13,13,13,13,13,13,13,13,13,13
90037,1,1,1991,32,32,32,32,32,32,32,32,32,32
90037,2,1,1991,0,0,0,0,0,0,0,0,0,0
90038,0,1,1991,0,0,0,0,0,0,0,0,0,0
90038,1,1,1991,3,3,14,15,1,7,0,0,25,31
90039,1,1,1991,0,0,22,12,28,0,0,12,0,0
90039,2,1,1991,0,0,0,0,0,0,0,0,0,0
90039,3,1,1991,0,0,0,0,0,0,15,0,0,0
90040,1,1,1991,0,0,0,0,0,0,0,0,0,0
90040,2,1,1991,0,0,0,0,0,0,0,0,0,0
90041,1,1,1991,35,35,35,35,35,35,35,35,35,35
90042,0,1,1991,0,0,0,0,0,0,0,0,0,0
90042,1,1,1991,0,21,0,0,0,0,0,0,0,0
90043,1,1,1991,15,15,15,15,15,15,15,15,15,15
90044,1,1,1991,34,34,34,34,34,34,34,34,34,34
90044,2,1,1991,7,7,7,7,7,7,7,7,7,7
90045,1,1,1991,16,10,15,25,3,23,10,21,15,11
90046,1,1,1991,0,0,0,0,0,0,0,0,0,0
90046,2,1,1991,14,0,0,0,0,0,0,0,0,0
90047,1,1,1991,13,13,13,13,13,13,13,13,13,13
90048,1,1,1991,0,7,0,0,0,0,0,0,0,0
90048,2,1,1991,0,0,0,0,9,0,0,0,0,0
90049,1,1,1991,20,20,20,20,20,20,20,20,20,20
90050,1,1,1991,0,0,0,0,0,0,0,0,0,0
90051,1,1,1991,14,14,14,14,14,14,14,14,14,14
90052,1,1,1991,0,0,0,0,0,0,0,0,0,0
90053,1,1,1991,6,6,6,6,6,6,6,6,6,6
90054,1,1,1991,0,22,14,11,17,0,0,0,0,0
90054,2,1,1991,0,0,0,0,0,0,0,0,0,0
90055,0,1,1991,0,0,0,0,0,0,0,0,0,0
90055,1,1,1991,0,0,0,0,0,0,0,0,0,0
90056,1,1,1991,0,0,0,0,0,0,0,0,0,0
90056,2,1,1991,0,0,0,0,0,0,0,0,0,0
90056,3,1,1991,0,0,0,12,15,10,0,11,12,0
90057,1,1,1991,19,19,19,19,19,19,19,19,19,19
90057,2,1,1991,0,0,19,13,0,0,0,0,0,12
90058,1,1,1991,11,11,11,11,11,11,11,11,11,11
90060,1,1,1991,0,0,0,0,0,0,0,0,0,0
90061,0,1,1991,0,0,0,0,0,0,0,0,0,0
90061,1,1,1991,0,0,0,0,0,0,0,0,0,0
90062,1,1,1991,16,16,16,16,16,16,16,16,16,16
90063,1,1,1991,20,20,20,20,20,20,20,20,20,20
90063,2,1,1991,16,0,0,0,12,20,0,0,0,18
90063,3,1,1991,0,0,0,0,0,0,0,0,0,0
90064,0,1,1991,0,0,0,0,0,0,0,0,0,0
90064,1,1,1991,0,0,0,0,0,0,0,0,0,0
90065,1,1,1991,0,0,0,0,0,0,0,0,0,0
90066,1,1,1991,22,22,22,22,22,22,22,22,22,22
90066,2,1,1991,0,0,0,0,0,0,0,0,0,0
90067,1,1,1991,0,0,0,0,7,14,0,7,17,33
90069,1,1,1991,0,0,0,0,0,0,0,0,0,0
90071,1,1,1991,6,6,6,6,6,6,6,6,6,6
90072,1,1,1991,13,13,13,13,13,13,13,13,13,13
90073,1,1,1991,0,0,0,0,0,0,0,0,0,0
90073,2,1,1991,0,0,0,0,0,0,0,0,0,25
90074,1,1,1991,16,16,16,16,16,16,16,16,16,16
90074,2,1,1991,0,0,0,0,0,0,0,0,0,0
90074,3,1,1991,0,0,0,0,0,0,0,0,0,0
90075,1,1,1991,0,0,0,0,0,0,0,0,0,0
90075,2,1,1991,3,3,3,3,3,3,3,3,3,3
90076,1,1,1991,0,0,0,0,0,0,0,0,0,0
90076,2,1,1991,0,0,0,0,0,0,0,0,0,0
90077,1,1,1991,0,0,0,0,0,0,0,0,0,0
90077,2,1,1991,0,0,0,0,0,14,0,0,0,0
90078,1,1,1991,28,28,28,28,28,28,28,28,28,28
90079,1,1,1991,0,0,0,0,0,0,0,0,0,0
90079,2,1,1991,0,0,0,0,0,0,0,0,0,0
90080,1,1,1991,24,35,23,24,3,8,23,9,19,16
90081,1,1,1991,0,0,0,0,0,0,0,0,0,0
90081,2,1,1991,0,0,0,0,0,0,0,0,0,0
90082,1,1,1991,4,4,4,4,4,4,4,4,4,4
90083,1,1,1991,0,0,0,0,0,0,0,0,0,0
90083,2,1,1991,0,0,0,0,0,0,0,0,21,0
90084,1,1,1991,0,0,0,0,0,0,0,0,0,0
90084,2,1,1991,0,0,0,0,0,0,0,0,0,0
90085,1,1,1991,0,0,0,0,0,0,0,0,0,0
90086,1,1,1991,31,31,31,31,31,31,31,31,31,31
90087,0,1,1991,0,0,0,0,0,0,0,0,0,0
90087,1,1,1991,0,0,0,0,0,0,0,0,0,0
90088,1,1,1991,18,18,18,18,18,18,18,18,18,18
90088,2,1,1991,0,0,0,0,0,0,0,0,0,0
90089,0,1,1991,6,6,6,6,6,6,6,6,6,6
90089,1,1,1991,9,0,0,0,0,0,0,0,0,0
90090,1,1,1991,20,20,20,20,20,20,20,20,20,20
90090,2,1,1991,0,0,0,0,0,0,0,0,0,0
90090,3,1,1991,10,0,8,14,0,0,0,0,10,0
90091,1,1,1991,10,10,10,10,10,10,10,10,10,10
90092,1,1,1991,4,4,4,4,4,4,4,4,4,4
90093,1,1,1991,0,0,0,0,0,0,0,0,0,0
90094,1,1,1991,8,0,0,36,0,0,40,0,0,0
90095,1,1,1991,0,0,0,0,0,0,0,0,0,0
90096,0,1,1991,0,0,0,0,0,0,0,0,0,0
90096,1,1,1991,24,24,24,24,24,24,24,24,24,24
90097,0,1,1991,0,0,0,0,0,0,0,0,0,0
90097,1,1,1991,0,0,0,0,0,0,0,0,0,0
90098,0,1,1991,23,16,0,0,23,34,21,14,23,27
90098,1,1,1991,20,29,10,18,0,5,37,14,18,21
90099,1,1,1991,0,0,0,0,0,0,0,0,0,0
90099,2,1,1991,0,0,0,0,0,0,0,0,0,0
90100,1,1,1991,0,0,0,0,0,0,0,0,0,0
90100,2,1,1991,0,0,0,0,0,0,0,0,0,0
90101,1,1,1991,15,0,0,0,0,0,0,0,0,0
90101,2,1,1991,0,28,0,0,12,0,0,0,0,0
90102,1,1,1991,0,0,0,0,0,0,0,0,0,0
90102,2,1,1991,0,0,0,0,0,0,0,0,0,0
90103,1,1,1991,21,21,21,21,21,21,21,21,21,21
90104,0,1,1991,0,0,0,0,0,0,0,0,0,0
90104,1,1,1991,0,0,0,0,0,0,0,0,0,0
90105,0,1,1991,40,40,40,40,40,40,40,40,40,40
90105,0,2,1991,0,0,0,0,0,0,0,0,0,0