ST_CASE,VEH_NO,PER_NO,YEAR,P1,P2,P3,P4,P5,P6,P7,P8,P9,P10
90105,1,1,1991,0,0,0,0,0,0,0,0,0,0
90107,1,1,1991,17,17,17,17,17,17,17,17,17,17
90108,1,1,1991,0,0,0,0,0,0,0,0,0,0
90109,1,1,1991,0,0,0,0,0,0,0,0,0,0
90109,2,1,1991,0,0,0,0,0,0,0,0,0,0
90110,1,1,1991,26,26,26,26,26,26,26,26,26,26
90110,2,1,1991,0,0,0,0,0,0,0,0,0,0
90111,1,1,1991,0,0,0,0,0,0,0,0,0,0
90111,2,1,1991,0,0,0,0,0,0,0,0,0,0
90112,1,1,1991,0,0,0,0,0,0,0,0,0,0
90112,2,1,1991,0,0,0,0,0,0,0,0,0,0
90113,0,1,1991,22,22,22,22,22,22,22,22,22,22
90113,1,1,1991,0,0,0,0,0,0,0,0,0,0
90115,1,1,1991,14,14,14,14,14,14,14,14,14,14
90115,2,1,1991,0,0,8,18,5,7,9,11,8,6
90116,1,1,1991,0,0,0,0,0,0,0,0,0,0
90116,2,1,1991,0,0,0,0,0,0,0,0,0,0
90117,1,1,1991,0,0,0,0,0,0,0,0,0,0
90118,1,1,1991,14,14,14,14,14,14,14,14,14,14
90120,1,1,1991,0,0,0,0,0,0,0,0,0,0
90121,1,1,1991,0,19,0,0,8,0,0,0,0,0
90122,1,1,1991,16,16,16,16,16,16,16,16,16,16
90122,2,1,1991,0,0,0,0,0,0,0,0,0,0
90123,1,1,1991,0,0,0,0,0,17,0,0,0,0
90124,1,1,1991,0,0,0,0,19,0,0,0,7,0
90125,1,1,1991,0,0,0,0,0,0,0,0,8,0
90125,2,1,1991,16,16,16,16,16,16,16,16,16,16
90126,1,1,1991,18,18,18,18,18,18,18,18,18,18
90127,1,1,1991,26,26,26,26,26,26,26,26,26,26
90127,2,1,1991,17,17,17,17,17,17,17,17,17,17
90129,1,1,1991,0,0,0,0,0,0,0,0,0,0
90129,2,1,1991,0,0,0,0,0,0,0,0,0,0
90130,1,1,1991,0,0,0,0,0,0,0,0,0,0
90131,1,1,1991,19,19,19,19,19,19,19,19,19,19
90131,2,1,1991,0,0,0,7,8,0,0,26,3,0
90132,1,1,1991,17,17,17,17,17,17,17,17,17,17
90133,0,1,1991,37,37,37,37,37,37,37,37,37,37
90133,1,1,1991,0,0,0,0,0,0,0,0,0,0
90134,1,1,1991,0,0,0,0,0,0,0,0,0,0
90135,1,1,1991,0,0,0,0,0,0,0,0,0,0
90135,2,1,1991,0,0,0,0,0,0,0,0,0,0
90136,0,1,1991,0,0,0,0,0,0,0,0,0,0
90136,1,1,1991,0,0,0,0,0,0,0,0,0,0
90137,0,1,1991,0,0,0,0,0,0,0,0,0,0
90137,1,1,1991,0,0,0,0,0,0,0,0,0,0
90138,1,1,1991,0,0,0,0,0,0,0,0,0,0
90138,2,1,1991,0,0,0,0,0,0,2,0,13,0
90139,1,1,1991,0,0,0,0,0,0,0,0,0,0
90140,1,1,1991,0,0,0,0,0,0,0,0,0,0
90141,1,1,1991,0,0,0,0,0,0,0,0,0,0
90142,1,1,1991,0,0,0,0,0,0,0,0,0,0
90142,2,1,1991,0,0,0,0,0,0,0,0,0,0
90143,0,1,1991,0,0,0,0,0,0,0,0,0,0
90143,1,1,1991,0,0,0,0,0,0,0,0,0,0
90144,1,1,1991,0,0,0,0,0,0,0,0,0,0
90144,2,1,1991,0,0,0,0,0,0,0,0,0,0
90145,1,1,1991,27,27,27,27,27,27,27,27,27,27
90146,1,1,1991,0,0,0,0,0,0,0,0,0,0
90146,2,1,1991,0,0,0,0,0,0,0,0,0,0
90147,1,1,1991,11,11,11,11,11,11,11,11,11,11
90147,2,1,1991,25,0,0,23,0,0,0,0,0,0
90148,0,1,1991,6,6,6,6,6,6,6,6,6,6
90148,1,1,1991,16,16,16,16,16,16,16,16,16,16
90149,0,1,1991,0,0,0,0,0,0,0,0,0,0
90149,1,1,1991,0,0,0,0,0,0,0,0,0,0
90150,1,1,1991,0,0,0,0,0,0,0,0,0,0
90150,2,1,1991,0,0,0,0,0,0,0,0,0,0
90151,1,1,1991,0,0,0,0,0,0,0,0,0,0
90151,2,1,1991,0,0,0,0,0,0,0,0,0,0
90152,1,1,1991,0,0,0,0,0,0,0,0,0,0
90153,1,1,1991,0,0,0,0,0,0,0,0,0,0
90153,2,1,1991,0,0,0,0,0,0,0,0,0,0
90154,1,1,1991,10,0,0,0,0,0,0,0,0,0
90154,2,1,1991,0,0,0,0,0,0,0,0,0,0
90155,0,1,1991,17,17,17,17,17,17,17,17,17,17
90155,1,1,1991,0,0,0,0,0,0,0,0,0,0
90156,1,1,1991,23,23,23,23,23,23,23,23,23,23
90157,0,1,1991,0,0,0,0,0,0,0,0,0,0
90157,1,1,1991,0,0,0,0,0,0,0,0,0,0
90158,0,1,1991,0,0,0,0,0,0,0,0,0,0
90158,0,2,1991,0,35,0,0,0,0,0,0,0,0
90158,1,1,1991,17,17,17,17,17,17,17,17,17,17
90159,1,1,1991,0,0,0,0,0,0,0,0,0,0
90160,1,1,1991,4,4,4,4,4,4,4,4,4,4
90160,2,1,1991,0,0,0,0,0,0,0,0,0,0
90161,1,1,1991,13,13,13,13,13,13,13,13,13,13
90161,2,1,1991,0,0,0,0,0,0,0,0,0,0
90162,1,1,1991,0,0,0,0,0,0,0,0,0,0
90162,2,1,1991,5,5,5,5,5,5,5,5,5,5
90163,1,1,1991,14,14,14,14,14,14,14,14,14,14
90163,2,1,1991,5,5,5,5,5,5,5,5,5,5
90164,1,1,1991,0,0,0,0,0,0,0,0,0,0
90165,1,1,1991,29,29,29,29,29,29,29,29,29,29
90165,2,1,1991,0,0,0,0,0,0,0,0,0,0
90166,1,1,1991,0,0,0,0,0,0,0,0,0,0
90166,2,1,1991,0,0,0,0,0,0,0,0,0,0
90167,1,1,1991,12,12,12,12,12,12,12,12,12,12
90168,1,1,1991,17,17,17,17,17,17,17,17,17,17
90168,2,1,1991,0,0,0,0,0,0,0,0,0,0
90169,1,1,1991,19,19,19,19,19,19,19,19,19,19
90170,1,1,1991,0,0,0,0,0,0,0,0,0,0
90170,2,1,1991,0,0,0,0,0,0,0,0,0,0
90171,1,1,1991,0,0,0,0,0,0,0,0,0,0
90172,1,1,1991,0,0,0,0,0,0,0,0,0,0
90172,2,1,1991,0,0,0,0,0,0,0,0,0,0
90173,1,1,1991,18,18,18,18,18,18,18,18,18,18
90174,1,1,1991,0,0,0,0,0,0,0,0,0,0
90175,1,1,1991,0,0,0,0,0,0,0,0,0,0
90175,2,1,1991,0,0,0,0,0,0,0,0,0,0
90176,1,1,1991,0,0,0,0,0,0,0,0,0,0
90176,2,1,1991,0,0,0,0,0,0,0,0,0,0
90177,1,1,1991,23,23,23,23,23,23,23,23,23,23
90179,1,1,1991,22,22,22,22,22,22,22,22,22,22
90179,2,1,1991,0,0,0,0,0,0,0,0,0,0
90180,0,1,1991,35,35,35,35,35,35,35,35,35,35
90180,1,1,1991,0,0,0,0,0,0,0,0,0,0
90182,1,1,1991,0,0,0,0,0,0,0,0,0,0
90182,2,1,1991,7,7,7,7,7,7,7,7,7,7
90183,0,1,1991,0,0,0,0,0,0,0,0,0,0
90183,1,1,1991,16,25,23,0,0,27,0,6,0,16
90184,0,1,1991,0,0,0,0,0,0,0,0,0,0
90184,1,1,1991,0,0,0,0,0,0,0,0,0,0
90185,0,1,1991,0,0,0,0,0,0,0,0,0,0
90185,1,1,1991,0,0,0,0,0,0,0,0,0,0
90186,1,1,1991,18,18,18,18,18,18,18,18,18,18
90186,2,1,1991,0,0,0,0,0,0,0,0,0,0
90186,3,1,1991,0,0,0,0,0,18,14,17,12,0
90187,1,1,1991,11,34,29,0,12,28,18,28,16,6
90188,1,1,1991,37,37,37,37,37,37,37,37,37,37
90188,2,1,1991,23,16,0,0,0,10,0,0,0,0
90189,1,1,1991,0,0,0,0,0,0,0,0,0,0
90190,1,1,1991,0,0,0,0,0,0,0,0,0,0
90190,2,1,1991,0,0,0,0,0,0,0,0,0,0
90191,1,1,1991,0,0,0,0,0,0,0,0,0,0
90191,2,1,1991,0,0,0,0,5,16,0,0,0,0
90192,1,1,1991,11,11,11,11,11,11,11,11,11,11
90193,0,1,1991,0,0,0,0,0,0,0,0,0,0
90193,1,1,1991,23,23,23,23,23,23,23,23,23,23
90194,1,1,1991,0,0,17,0,0,0,0,0,0,0
90194,2,1,1991,0,0,0,0,0,0,0,0,0,0
90195,1,1,1991,0,0,0,0,0,0,0,0,0,0
90196,1,1,1991,10,10,10,10,10,10,10,10,10,10
90196,2,1,1991,0,0,0,0,0,0,0,0,0,0
90197,0,1,1991,0,0,0,0,0,0,0,0,0,0
90197,1,1,1991,0,0,0,0,0,0,0,0,0,0
90198,0,1,1991,0,0,0,0,0,0,0,0,0,0
90198,1,1,1991,0,0,0,0,0,0,0,0,0,0
90199,1,1,1991,0,0,0,0,0,0,0,0,0,0
90199,2,1,1991,0,0,0,0,0,0,0,0,0,0
90200,1,1,1991,2,7,21,14,8,13,25,13,7,6
90200,2,1,1991,0,0,0,0,0,0,0,0,0,0
90201,1,1,1991,14,14,14,14,14,14,14,14,14,14
90202,1,1,1991,12,12,12,12,12,12,12,12,12,12
90203,1,1,1991,27,0,7,24,0,0,21,12,11,13
90204,1,1,1991,26,26,26,26,26,26,26,26,26,26
90204,2,1,1991,0,0,0,0,0,0,0,0,0,0
90205,1,1,1991,0,0,0,0,0,0,0,0,0,0
90206,0,1,1991,24,24,24,24,24,24,24,24,24,24
90206,1,1,1991,0,0,0,0,0,0,0,0,0,0
90206,2,1,1991,0,0,0,0,0,0,0,0,0,0
90207,1,1,1991,0,0,0,0,0,0,0,0,0,0
90207,2,1,1991,0,0,0,0,0,0,0,0,0,0
90207,3,1,1991,3,3,3,3,3,3,3,3,3,3
90208,1,1,1991,0,0,0,0,0,0,0,0,0,0
90209,1,1,1991,0,0,0,0,0,0,0,0,0,0
90210,0,1,1991,0,0,0,0,0,0,0,0,0,0
90210,1,1,1991,0,0,0,0,0,0,0,0,0,0
90211,0,1,1991,0,0,0,0,0,0,0,0,0,0
90211,1,1,1991,0,0,0,0,0,0,0,0,0,0
90211,2,1,1991,0,0,0,0,0,0,0,0,0,0
90212,1,1,1991,0,0,30,0,0,0,0,0,0,0
90212,2,1,1991,0,0,11,0,0,0,0,0,0,0
90213,1,1,1991,0,0,0,0,0,0,0,0,0,0
90214,1,1,1991,0,0,0,0,0,0,0,0,0,0
90215,1,1,1991,0,10,0,0,0,0,0,0,0,0
90215,2,1,1991,0,0,0,0,0,0,0,0,0,0
90216,1,1,1991,32,32,32,32,32,32,32,32,32,32
90216,2,1,1991,0,0,0,0,0,0,0,0,0,0
90217,1,1,1991,0,0,0,0,0,0,0,0,0,0
90218,0,1,1991,0,0,0,0,0,0,0,0,0,0
90218,1,1,1991,0,0,0,0,0,0,0,0,0,0
90219,1,1,1991,22,22,22,22,22,22,22,22,22,22
90219,2,1,1991,0,0,0,0,0,0,0,0,0,0
90220,1,1,1991,12,12,12,12,12,12,12,12,12,12
90220,2,1,1991,0,0,0,0,0,0,0,0,0,0
90221,0,1,1991,0,0,0,0,0,0,0,21,0,25
90221,1,1,1991,0,0,0,0,0,0,0,0,0,0
90222,1,1,1991,0,0,0,0,0,0,0,0,0,0
90223,1,1,1991,0,0,0,0,0,0,0,0,0,0
90223,2,1,1991,0,0,0,0,0,0,0,0,0,0
90224,1,1,1991,26,26,26,26,26,26,26,26,26,26
90224,2,1,1991,13,13,13,13,13,13,13,13,13,13
90225,1,1,1991,19,19,19,19,19,19,19,19,19,19
90225,2,1,1991,0,0,0,0,0,0,0,0,0,0
90226,1,1,1991,29,29,29,29,29,29,29,29,29,29
90228,1,1,1991,0,0,0,0,0,0,0,0,0,0
90229,0,1,1991,0,0,0,0,0,0,0,0,0,0
90229,1,1,1991,15,13,0,0,4,0,6,0,0,0
90230,1,1,1991,0,0,0,0,0,0,0,0,0,0
90231,1,1,1991,0,0,0,0,0,0,0,0,0,0
90232,1,1,1991,8,8,8,8,8,8,8,8,8,8
90233,0,1,1991,0,0,0,0,0,0,0,0,0,0
90233,1,1,1991,0,0,0,0,0,8,0,0,0,0
90234,0,1,1991,0,0,0,0,0,0,0,0,0,0
90234,1,1,1991,0,0,0,0,0,0,0,0,0,0
90235,1,1,1991,20,20,20,20,20,20,20,20,20,20
90236,1,1,1991,0,0,0,0,0,0,0,0,0,0
90236,2,1,1991,0,0,0,0,0,0,0,0,0,0
90236,3,1,1991,0,0,0,0,0,0,0,0,0,0
90236,4,1,1991,12,0,0,0,0,0,0,0,0,0
90236,5,1,1991,0,0,0,0,0,25,0,0,0,0
90237,1,1,1991,0,0,0,0,0,0,0,0,0,0
90237,2,1,1991,19,0,7,0,12,17,0,17,18,0
90238,1,1,1991,23,23,23,23,23,23,23,23,23,23
90239,1,1,1991,0,0,0,0,0,0,0,0,0,0
90239,2,1,1991,0,0,0,0,0,0,0,0,0,0
90239,3,1,1991,0,12,5,0,0,0,0,0,0,5
90240,1,1,1991,19,19,19,19,19,19,19,19,19,19
90242,1,1,1991,0,0,0,0,0,5,0,0,0,0
90242,2,1,1991,0,0,0,0,0,0,0,0,0,0
90243,1,1,1991,14,14,14,14,14,14,14,14,14,14
90244,1,1,1991,0,0,0,0,0,0,0,0,0,0
90244,2,1,1991,0,0,0,0,0,5,0,0,0,0
90245,1,1,1991,0,0,0,0,0,0,0,0,0,0
90246,1,1,1991,0,0,0,0,0,0,0,0,0,0
90246,2,1,1991,0,0,0,0,0,0,0,0,0,0
90247,1,1,1991,0,0,0,0,0,0,0,0,0,15
90247,2,1,1991,9,9,9,9,9,9,9,9,9,9
90248,1,1,1991,16,16,16,16,16,16,16,16,16,16
90248,2,1,1991,0,14,23,0,0,11,23,0,11,0
90249,1,1,1991,5,5,5,5,5,5,5,5,5,5
90250,1,1,1991,0,0,0,0,0,0,0,0,0,0
90251,1,1,1991,4,4,4,4,4,4,4,4,4,4
90252,1,1,1991,0,0,0,0,0,0,0,0,0,0
90253,1,1,1991,30,30,30,30,30,30,30,30,30,30
90254,1,1,1991,19,19,19,19,19,19,19,19,19,19
90254,2,1,1991,13,13,13,13,13,13,13,13,13,13
90255,1,1,1991,0,0,0,0,0,0,0,0,0,0
90255,2,1,1991,0,0,0,0,0,0,10,0,0,0
90256,1,1,1991,0,0,0,0,0,0,0,0,3,27
90257,1,1,1991,21,21,21,21,21,21,21,21,21,21
90258,0,1,1991,0,0,0,0,0,0,0,0,0,0
90258,1,1,1991,0,0,0,0,0,0,0,0,0,0
90259,0,1,1991,0,0,0,0,0,0,0,0,0,0
90259,1,1,1991,0,0,0,0,0,0,0,0,0,0
90260,1,1,1991,2,2,2,2,2,2,2,2,2,2
90260,2,1,1991,10,0,0,0,9,0,0,0,18,0
90261,1,1,1991,20,20,20,20,20,20,20,20,20,20
90262,1,1,1991,0,0,9,12,16,0,25,12,0,6
90262,2,1,1991,0,0,0,11,0,0,8,0,0,9
90263,1,1,1991,20,20,20,20,20,20,20,20,20,20
90264,1,1,1991,0,0,0,0,0,0,0,0,14,0
90265,1,1,1991,22,22,22,22,22,22,22,22,22,22
90265,2,1,1991,0,0,0,0,0,0,0,0,0,0
90266,1,1,1991,1,1,1,1,1,1,1,1,1,1
90266,2,1,1991,0,0,0,0,0,0,0,9,0,0
90267,1,1,1991,11,11,11,11,11,11,11,11,11,11
90267,2,1,1991,0,0,0,0,0,0,0,0,0,0
90268,1,1,1991,14,15,22,3,12,15,17,19,4,31
90269,1,1,1991,10,10,10,10,10,10,10,10,10,10
90270,1,1,1991,0,0,0,22,0,0,0,0,0,0
90271,1,1,1991,14,14,14,14,14,14,14,14,14,14
90272,1,1,1991,23,23,23,23,23,23,23,23,23,23
90272,2,1,1991,0,0,0,0,0,0,0,0,0,0
90273,1,1,1991,0,0,0,0,0,0,0,0,0,0
90274,1,1,1991,20,20,20,20,20,20,20,20,20,20
90274,2,1,1991,0,0,0,0,0,0,0,0,0,0
90275,1,1,1991,0,0,0,31,0,0,0,0,0,0
90276,1,1,1991,0,0,0,0,0,0,0,0,0,0
90277,1,1,1991,0,0,0,0,0,0,0,0,0,0
90277,2,1,1991,0,0,0,0,0,0,0,0,0,0
90278,1,1,1991,38,0,24,24,0,10,0,12,19,3
90278,2,1,1991,0,36,25,13,0,0,0,0,26,28
90279,0,1,1991,0,0,0,0,0,0,0,0,0,0
90279,1,1,1991,0,0,0,0,0,0,15,0,0,0
90280,1,1,1991,3,3,3,3,3,3,3,3,3,3
90282,1,1,1991,20,20,20,20,20,20,20,20,20,20
90283,1,1,1991,8,8,8,8,8,8,8,8,8,8
90284,1,1,1991,19,19,19,19,19,19,19,19,19,19
90285,0,1,1991,52,52,52,52,52,52,52,52,52,52
90285,1,1,1991,13,13,13,13,13,13,13,13,13,13
90286,1,1,1991,0,15,4,0,18,13,0,28,8,0
90287,0,1,1991,10,10,10,10,10,10,10,10,10,10
90287,0,2,1991,0,17,0,0,12,2,24,0,0,0
90287,1,1,1991,11,11,11,11,11,11,11,11,11,11
90288,1,1,1991,0,0,0,0,0,0,0,0,0,0
90289,1,1,1991,21,21,21,21,21,21,21,21,21,21
90289,2,1,1991,0,0,0,0,0,0,0,0,0,0
90290,1,1,1991,10,10,10,10,10,10,10,10,10,10
90291,1,1,1991,0,0,0,0,5,0,0,0,0,0
90291,2,1,1991,12,12,12,12,12,12,12,12,12,12
90292,1,1,1991,0,0,0,0,0,0,0,0,0,0
90293,1,1,1991,7,19,13,4,17,6,5,11,16,14
90294,0,1,1991,0,0,0,0,0,0,0,0,0,0
90294,1,1,1991,0,0,0,0,0,0,0,0,0,0
90295,0,1,1991,0,0,0,0,0,0,0,0,0,0
90295,1,1,1991,0,0,0,0,0,0,0,0,0,0
90296,1,1,1991,0,0,0,0,0,0,0,0,0,0
100001,0,1,1991,0,0,0,0,0,0,0,0,0,0
100001,1,1,1991,0,0,0,0,0,0,0,0,0,0
100002,1,1,1991,0,0,0,0,0,0,0,0,0,0
100002,2,1,1991,0,0,0,0,0,0,0,0,0,0
100003,1,1,1991,0,0,0,0,0,0,0,0,0,0
100004,1,1,1991,0,0,0,0,0,0,4,0,0,0
100004,2,1,1991,0,0,0,0,0,0,0,0,0,0
100005,1,1,1991,2,2,2,2,2,2,2,2,2,2
100005,2,1,1991,14,14,14,14,14,14,14,14,14,14
100006,1,1,1991,0,0,0,0,0,0,0,0,0,0
100006,2,1,1991,0,0,0,0,0,0,0,0,0,0
100007,1,1,1991,0,0,0,0,0,0,0,0,0,0
100008,1,1,1991,23,23,23,23,23,23,23,23,23,23
100009,1,1,1991,0,0,0,0,0,0,0,0,0,0
100010,1,1,1991,0,0,0,0,0,0,0,0,0,0
100010,2,1,1991,0,0,0,0,0,0,0,0,0,0
100011,1,1,1991,0,0,0,0,0,13,0,0,0,0
100012,0,1,1991,7,7,7,7,7,7,7,7,7,7
100012,1,1,1991,0,0,0,0,0,0,0,0,0,0
100013,1,1,1991,17,0,15,0,0,0,8,0,0,0
100014,1,1,1991,0,0,0,0,0,0,0,0,0,0
100014,2,1,1991,15,15,15,15,15,15,15,15,15,15
100015,1,1,1991,0,0,0,0,0,0,0,0,0,0
100015,2,1,1991,0,0,0,0,0,0,0,0,0,0
100016,1,1,1991,21,21,21,21,21,21,21,21,21,21
100017,1,1,1991,12,12,12,12,12,12,12,12,12,12
100018,1,1,1991,21,21,21,21,21,21,21,21,21,21
100019,1,1,1991,0,0,0,0,0,0,0,0,0,0
100019,2,1,1991,0,0,0,0,0,0,0,0,0,0
100019,3,1,1991,0,0,0,0,0,0,0,0,0,0
100020,1,1,1991,0,0,0,0,0,0,0,0,0,0
100021,1,3,1991,8,8,8,8,8,8,8,8,8,8
100022,1,1,1991,0,0,0,0,0,0,0,0,0,0
100022,2,1,1991,0,0,0,0,0,0,0,0,0,0
100022,3,1,1991,0,0,0,0,0,0,19,0,0,0
100023,1,1,1991,23,23,23,23,23,23,23,23,23,23
100023,2,1,1991,0,0,0,0,0,0,0,0,0,0
100024,0,1,1991,0,0,0,0,0,0,0,0,0,0
100024,1,1,1991,0,0,0,0,0,0,0,0,0,0
100026,1,1,1991,0,0,0,0,0,0,0,0,0,0
100026,2,1,1991,0,0,0,0,0,0,0,0,0,0
100027,0,1,1991,14,14,14,14,14,14,14,14,14,14
100027,1,1,1991,0,0,0,0,0,0,0,0,0,0
100028,0,1,1991,0,0,0,0,0,0,0,0,0,0
100028,1,1,1991,0,0,0,0,0,0,0,0,0,0
100028,2,1,1991,0,0,0,0,0,0,0,0,0,0
100029,0,1,1991,34,34,34,34,34,34,34,34,34,34
100029,1,1,1991,8,8,8,8,8,8,8,8,8,8
100030,0,1,1991,0,0,0,0,0,0,0,0,0,0
100030,1,1,1991,13,13,13,13,13,13,13,13,13,13
100031,1,1,1991,13,13,13,13,13,13,13,13,13,13
100031,2,1,1991,7,7,7,7,7,7,7,7,7,7
100032,0,1,1991,34,34,34,34,34,34,34,34,34,34
100032,1,1,1991,0,0,0,0,0,0,0,0,0,0
100033,1,1,1991,19,19,19,19,19,19,19,19,19,19
100034,1,1,1991,0,0,0,0,0,0,0,0,0,0
100034,2,1,1991,0,0,0,0,0,0,0,0,0,0
100035,0,1,1991,0,0,0,0,0,0,0,0,0,0
100035,1,1,1991,0,0,0,0,0,0,0,0,0,0
100036,1,1,1991,11,11,11,11,11,11,11,11,11,11
100036,2,1,1991,5,5,5,5,5,5,5,5,5,5
100037,1,1,1991,0,0,0,0,0,0,0,0,0,0
100037,2,1,1991,0,0,0,0,32,0,0,0,4,0
100037,3,1,1991,0,0,0,0,0,0,0,0,0,0
100038,1,2,1991,0,0,0,0,0,0,0,0,0,0
100039,1,1,1991,0,0,0,0,0,0,0,0,0,0
100039,2,1,1991,0,0,0,0,0,0,0,0,0,0
100040,1,1,1991,0,0,0,0,0,0,0,0,0,0
100041,1,4,1991,0,0,0,0,0,0,0,0,0,0
100042,1,1,1991,16,16,16,16,16,16,16,16,16,16
100043,1,1,1991,23,23,23,23,23,23,23,23,23,23
100044,1,1,1991,16,16,16,16,16,16,16,16,16,16
100045,1,1,1991,0,0,0,0,0,0,0,0,0,0
100045,2,1,1991,13,13,13,13,13,13,13,13,13,13
100046,1,1,1991,0,0,0,0,0,0,0,0,0,0
100047,1,1,1991,0,0,0,0,0,0,0,0,0,0
100047,2,1,1991,0,0,0,0,0,0,0,0,0,0
100047,3,1,1991,0,0,0,0,0,0,0,0,0,0
100047,4,1,1991,0,0,0,0,0,0,0,0,0,0
100048,1,1,1991,0,0,0,0,0,0,0,0,0,0
100048,2,1,1991,0,0,0,0,0,0,0,0,0,0
100049,1,1,1991,17,17,17,17,17,17,17,17,17,17
100049,2,1,1991,0,0,0,0,0,0,0,0,0,0
100050,1,1,1991,0,16,0,0,0,0,0,0,0,0
100051,1,1,1991,0,0,0,0,0,0,0,0,0,0
100051,2,1,1991,0,0,0,0,0,0,0,0,0,0
100052,1,1,1991,23,0,0,17,0,11,15,0,0,0
100052,2,3,1991,0,0,0,0,0,0,0,0,0,0
100053,1,1,1991,0,0,0,0,0,0,0,0,0,0
100053,2,1,1991,0,0,0,0,0,0,0,0,0,0
100054,1,1,1991,1,1,1,1,1,1,1,1,1,1
100054,2,1,1991,0,0,0,0,0,0,0,0,0,0
100055,1,1,1991,0,0,0,0,15,0,0,0,0,20
100055,2,1,1991,16,14,27,16,7,5,0,4,1,8
100057,0,1,1991,24,24,24,24,24,24,24,24,24,24
100057,1,1,1991,0,0,0,0,0,0,0,0,0,0
100058,1,1,1991,9,9,9,9,9,9,9,9,9,9
100058,2,1,1991,0,0,0,0,0,0,0,0,0,0
100059,1,1,1991,0,0,0,0,0,0,0,0,0,0
100059,2,1,1991,0,0,0,0,0,0,0,0,0,0
100059,3,1,1991,0,0,0,0,0,0,0,0,0,0
100059,4,1,1991,0,0,0,0,0,0,0,0,0,0
100060,1,1,1991,0,0,0,0,0,0,0,0,0,0
100060,2,1,1991,0,0,0,0,0,0,0,0,0,0
100060,3,1,1991,0,0,0,0,0,0,0,0,0,0
100061,1,1,1991,19,19,19,19,19,19,19,19,19,19
100062,0,1,1991,19,19,19,19,19,19,19,19,19,19
100062,1,1,1991,0,0,0,0,0,0,0,0,0,0
100063,1,2,1991,16,16,16,16,16,16,16,16,16,16
100064,1,1,1991,0,0,0,0,0,0,0,0,0,0
100065,1,1,1991,0,0,0,0,0,0,0,0,0,0
100065,2,1,1991,0,0,0,0,0,0,0,0,0,0
100067,1,1,1991,0,0,0,0,0,0,0,0,0,0
100067,2,1,1991,0,0,0,0,0,0,0,0,0,0
100068,1,1,1991,13,13,13,13,13,13,13,13,13,13
100069,0,1,1991,0,0,0,0,0,0,0,0,0,0
100069,1,1,1991,0,0,0,0,0,0,0,0,0,0
100073,1,1,1991,22,22,22,22,22,22,22,22,22,22
100073,2,1,1991,22,13,0,15,0,43,29,20,37,13
100074,1,1,1991,4,4,4,4,4,4,4,4,4,4
100075,0,1,1991,27,27,27,27,27,27,27,27,27,27
100075,1,1,1991,12,12,12,12,12,12,12,12,12,12
100076,1,1,1991,0,0,0,0,0,0,0,0,0,0
100076,2,2,1991,0,0,0,0,0,0,0,0,0,0
100077,1,1,1991,10,10,10,10,10,10,10,10,10,10
100077,2,1,1991,0,0,0,0,0,0,0,0,0,0
100078,1,1,1991,11,11,11,11,11,11,11,11,11,11
100078,2,1,1991,0,0,0,0,0,0,0,0,0,0
100079,1,1,1991,0,0,0,0,0,0,0,0,0,0
100079,2,1,1991,0,0,0,0,0,0,0,0,0,0
100080,0,1,1991,0,0,0,0,0,0,0,0,0,0
100080,1,1,1991,0,0,0,0,0,0,0,0,0,0
100081,0,1,1991,17,17,17,17,17,17,17,17,17,17
100081,1,1,1991,1,1,1,1,1,1,1,1,1,1
100081,2,1,1991,0,0,0,0,0,0,0,0,0,0
100083,1,1,1991,13,14,5,14,13,2,10,5,0,7
100084,1,1,1991,0,0,0,0,0,0,0,0,0,0
100084,2,1,1991,0,0,0,0,0,0,0,0,0,0
100085,1,1,1991,0,0,0,0,0,0,0,0,0,13
100085,2,1,1991,0,0,0,0,0,0,0,0,0,0
100086,1,1,1991,18,18,18,18,18,18,18,18,18,18
100088,0,1,1991,0,0,0,0,0,0,0,0,0,0
100088,1,1,1991,0,0,0,0,0,0,0,0,0,0
100089,1,1,1991,0,0,0,0,0,0,0,0,0,0
100089,2,1,1991,0,0,0,0,0,0,0,0,0,0
100090,0,1,1991,8,8,8,8,8,8,8,8,8,8
100090,1,1,1991,0,0,0,0,0,0,0,0,0,0
100091,1,1,1991,21,21,21,21,21,21,21,21,21,21
100092,0,1,1991,22,22,22,22,22,22,22,22,22,22
100092,1,1,1991,7,4,13,6,0,9,0,28,15,0
100093,1,1,1991,0,0,0,0,0,0,0,0,0,0
100093,2,1,1991,0,0,0,0,0,0,0,0,0,0
100094,1,1,1991,17,17,17,17,17,17,17,17,17,17
100095,0,1,1991,0,0,0,0,0,0,0,0,0,0
100095,0,2,1991,0,0,0,0,0,0,0,0,0,0
100095,0,3,1991,0,0,0,0,0,0,0,0,0,0
100095,1,1,1991,0,0,11,0,0,7,0,0,0,13
100095,2,1,1991,0,0,0,0,0,0,0,0,0,0
100096,1,1,1991,0,0,0,0,0,0,0,0,0,0
100096,2,1,1991,0,0,0,0,0,0,0,0,0,0
100097,1,1,1991,0,0,0,0,0,0,0,0,0,0
100097,2,1,1991,0,0,0,0,0,0,0,0,0,0
100097,3,1,1991,0,0,0,0,0,0,0,0,0,0
100099,1,1,1991,0,0,0,0,0,0,0,0,0,0
100099,2,1,1991,0,0,0,0,0,0,0,0,0,0
100099,3,1,1991,0,0,0,0,0,0,0,0,0,0
100099,4,1,1991,0,0,0,0,0,0,0,0,0,0
100099,5,1,1991,0,0,0,0,0,0,0,0,0,0
100099,6,1,1991,0,0,0,0,0,0,0,0,0,0
110001,1,1,1991,17,17,17,17,17,17,17,17,17,17
110002,1,1,1991,0,0,0,0,0,0,0,0,0,0
110002,2,1,1991,0,0,0,0,0,0,10,0,0,0
110003,0,1,1991,0,0,0,0,0,0,0,0,0,0
110003,1,1,1991,0,0,0,0,0,0,0,0,0,0