ST_CASE,VEH_NO,PER_NO,YEAR,P1,P2,P3,P4,P5,P6,P7,P8,P9,P10
110004,0,1,1991,0,0,0,0,0,0,0,0,0,0
110004,1,1,1991,0,0,0,32,0,0,0,0,0,0
110005,0,1,1991,0,0,0,0,0,0,0,0,0,0
110005,1,1,1991,0,0,0,0,0,0,9,0,0,0
110006,0,1,1991,4,4,4,4,4,4,4,4,4,4
110006,1,1,1991,0,22,4,0,21,10,0,0,4,18
110007,1,1,1991,0,0,0,0,0,0,0,0,0,0
110007,2,1,1991,0,0,0,0,0,0,0,0,0,0
110008,1,1,1991,13,13,13,13,13,13,13,13,13,13
110008,2,1,1991,5,5,5,5,5,5,5,5,5,5
110009,1,1,1991,16,16,16,16,16,16,16,16,16,16
110010,1,1,1991,3,3,3,3,3,3,3,3,3,3
110011,1,1,1991,0,0,0,0,0,0,0,0,0,0
110011,2,1,1991,0,0,0,0,0,0,9,0,0,19
110012,1,1,1991,0,0,0,0,0,0,0,0,0,0
110014,1,1,1991,18,18,18,18,18,18,18,18,18,18
110014,2,1,1991,0,0,0,0,0,0,0,0,0,0
110015,0,1,1991,0,0,0,0,0,0,0,0,0,0
110015,1,1,1991,8,0,0,0,0,0,0,0,0,0
110016,1,1,1991,0,0,0,0,0,0,0,0,0,0
110016,2,1,1991,0,0,0,0,0,0,0,0,0,0
110016,3,1,1991,4,4,4,4,4,4,4,4,4,4
110017,0,1,1991,20,20,20,20,20,20,20,20,20,20
110017,1,1,1991,0,0,0,19,0,20,16,0,18,0
110018,1,1,1991,14,23,0,0,0,24,0,0,0,17
110019,0,1,1991,0,0,0,0,0,0,0,0,0,0
110019,1,1,1991,0,0,0,0,0,0,0,0,0,0
110020,1,1,1991,19,8,0,6,14,0,3,0,20,0
110020,2,1,1991,11,11,11,11,11,11,11,11,11,11
110021,0,1,1991,0,0,0,0,0,0,0,0,0,0
110021,1,1,1991,0,0,0,0,0,0,0,0,0,0
110022,1,1,1991,0,0,0,0,0,0,0,0,0,0
110022,2,1,1991,0,0,0,0,0,0,0,0,0,0
110022,3,1,1991,0,0,0,3,0,0,0,0,0,0
110023,0,1,1991,0,0,0,0,0,0,0,0,0,0
110023,1,1,1991,18,0,0,5,0,0,0,0,0,14
110024,0,1,1991,5,5,5,5,5,5,5,5,5,5
110024,1,1,1991,26,0,0,20,21,23,0,15,0,0
110025,1,1,1991,0,0,0,0,0,0,0,0,0,0
110026,1,1,1991,9,0,12,0,10,0,0,0,0,20
110027,0,1,1991,0,0,0,0,0,0,0,0,0,0
110027,1,1,1991,0,0,0,0,0,0,0,0,0,0
110028,0,1,1991,0,14,0,0,0,0,0,16,0,0
110028,1,1,1991,0,0,0,0,0,0,0,0,0,0
110029,1,1,1991,0,0,0,0,0,0,0,0,0,0
110029,2,1,1991,0,0,0,0,0,0,0,0,0,0
110029,3,1,1991,0,0,0,0,0,0,0,0,0,0
110029,4,1,1991,0,0,0,0,0,0,0,0,0,0
110030,1,1,1991,11,11,11,11,11,11,11,11,11,11
110030,2,1,1991,0,0,0,0,0,0,0,0,0,0
110031,0,1,1991,0,0,0,0,0,0,0,0,0,0
110031,1,1,1991,0,0,0,0,0,0,0,0,0,0
110032,1,1,1991,0,0,0,0,0,0,0,0,0,0
110032,2,1,1991,0,0,0,0,0,0,0,0,0,0
110033,1,1,1991,0,0,0,0,0,0,0,0,0,0
110033,2,1,1991,0,0,0,0,0,0,0,0,0,0
110034,0,1,1991,0,0,0,0,0,0,0,0,0,0
110034,1,1,1991,0,0,16,0,0,0,0,0,0,0
110035,0,1,1991,0,0,0,0,0,0,0,0,0,0
110035,1,1,1991,0,0,0,0,0,0,0,0,0,0
110036,0,1,1991,26,26,26,26,26,26,26,26,26,26
110036,1,1,1991,0,0,0,25,0,0,0,14,0,0
110037,1,1,1991,0,0,0,0,0,0,0,0,0,0
110038,1,1,1991,0,0,0,0,0,0,0,0,0,0
110039,0,1,1991,0,0,22,0,6,18,0,0,0,0
110039,1,1,1991,0,0,0,8,0,0,0,0,0,0
110040,1,1,1991,0,0,0,0,0,0,0,0,0,0
110040,2,1,1991,0,0,0,0,0,0,0,0,0,0
110041,1,1,1991,0,0,0,0,0,0,0,0,0,0
110041,2,1,1991,0,0,0,0,0,0,0,0,0,0
110042,1,1,1991,2,0,0,0,0,0,0,0,0,0
110042,2,1,1991,0,0,0,0,0,0,0,0,0,0
110043,1,1,1991,0,0,0,0,0,17,0,0,0,0
110044,1,1,1991,28,28,28,28,28,28,28,28,28,28
110045,1,1,1991,0,0,0,0,0,0,0,0,0,0
110045,2,1,1991,0,0,0,0,0,0,0,0,0,0
110046,0,1,1991,8,8,8,8,8,8,8,8,8,8
110046,1,1,1991,0,7,0,0,10,12,12,0,0,0
110047,0,1,1991,0,0,0,0,0,0,0,0,0,0
110047,1,1,1991,0,0,0,0,0,15,0,0,0,0
110048,0,1,1991,11,11,11,11,11,11,11,11,11,11
110048,1,1,1991,16,16,16,16,16,16,16,16,16,16
110049,0,1,1991,0,0,0,0,0,0,0,0,0,0
110049,1,1,1991,0,0,0,0,0,0,0,0,0,0
110050,1,1,1991,0,0,0,0,0,0,0,0,0,0
110050,2,1,1991,38,38,38,38,38,38,38,38,38,38
110051,1,1,1991,0,23,0,0,0,0,0,0,13,0
110052,0,1,1991,0,0,0,0,0,0,0,0,0,0
110052,1,1,1991,10,31,13,0,0,0,3,0,24,0
110052,2,1,1991,9,0,0,0,0,0,0,0,0,12
110052,3,1,1991,0,0,0,0,0,0,0,0,0,0
110053,1,1,1991,11,11,11,11,11,11,11,11,11,11
110054,1,1,1991,0,0,0,0,10,0,0,16,0,0
110054,2,1,1991,0,0,0,0,16,0,0,0,0,0
110054,3,1,1991,0,0,0,0,0,0,0,0,0,0
110055,1,1,1991,0,0,0,0,0,0,0,0,0,0
110056,1,1,1991,0,0,0,0,0,0,0,0,0,0
110057,1,1,1991,0,0,0,0,0,33,0,0,27,0
110057,2,1,1991,0,0,0,0,0,0,0,0,0,0
110057,3,1,1991,0,0,0,0,0,12,0,0,0,0
110058,1,1,1991,20,20,20,20,20,20,20,20,20,20
110059,0,1,1991,0,0,0,0,0,0,0,0,0,0
110059,0,2,1991,0,15,0,0,0,0,0,0,25,0
110059,1,1,1991,0,0,0,0,0,0,0,0,0,0
110059,2,1,1991,0,0,0,0,0,0,0,0,0,0
110060,0,1,1991,23,23,23,23,23,23,23,23,23,23
110060,1,1,1991,0,0,0,0,0,0,0,0,0,0
110061,0,1,1991,0,0,0,0,0,0,0,0,0,0
110061,1,1,1991,0,0,0,0,0,0,0,0,0,0
120001,1,1,1991,0,0,0,0,0,0,0,0,0,0
120001,2,1,1991,0,0,0,0,0,0,0,0,0,0
120002,1,1,1991,18,22,0,20,0,0,0,23,0,0
120002,2,1,1991,0,0,0,0,0,0,0,0,0,0
120003,1,1,1991,7,7,7,7,7,7,7,7,7,7
120004,1,1,1991,23,23,23,23,23,23,23,23,23,23
120004,2,1,1991,29,29,29,29,29,29,29,29,29,29
120005,0,1,1991,0,0,0,0,0,0,0,0,0,0
120005,1,1,1991,0,0,0,0,0,0,0,0,0,0
120006,0,1,1991,24,24,24,24,24,24,24,24,24,24
120006,1,1,1991,0,19,0,0,9,10,0,0,11,21
120007,1,1,1991,12,12,12,12,12,12,12,12,12,12
120008,1,1,1991,0,0,0,0,24,0,0,0,0,0
120009,1,1,1991,0,0,0,0,0,0,0,0,0,0
120009,2,1,1991,0,0,0,0,0,0,0,0,0,0
120010,1,1,1991,0,0,0,20,0,0,0,0,0,0
120011,0,1,1991,17,3,0,0,0,0,0,0,0,15
120011,1,1,1991,0,0,0,0,0,0,0,0,0,0
120012,1,1,1991,0,0,0,0,0,0,0,0,0,0
120012,2,1,1991,0,0,0,0,0,0,0,0,0,0
120013,1,1,1991,0,0,0,0,0,0,0,0,0,0
120014,1,1,1991,0,0,0,0,0,0,0,0,0,0
120014,2,1,1991,0,0,0,0,0,0,0,0,0,0
120015,0,1,1991,0,13,0,24,0,28,7,23,16,39
120015,1,1,1991,0,0,0,0,0,0,0,0,0,0
120016,1,1,1991,41,41,41,41,41,41,41,41,41,41
120017,0,1,1991,0,0,0,0,0,0,0,0,0,0
120017,1,1,1991,0,0,0,0,0,0,0,0,0,0
120018,1,1,1991,10,10,10,10,10,10,10,10,10,10
120019,1,1,1991,20,20,20,20,20,20,20,20,20,20
120020,1,1,1991,0,0,0,0,0,0,0,0,0,0
120020,2,1,1991,0,0,0,0,0,0,0,0,0,0
120021,1,1,1991,19,19,19,19,19,19,19,19,19,19
120021,2,1,1991,0,0,0,0,0,0,0,0,0,0
120022,1,1,1991,26,26,26,26,26,26,26,26,26,26
120023,1,1,1991,22,22,22,22,22,22,22,22,22,22
120024,0,1,1991,0,0,0,0,0,0,0,0,0,0
120024,1,1,1991,0,0,15,0,0,0,0,0,0,0
120025,1,1,1991,0,0,0,0,0,0,0,0,0,0
120025,2,1,1991,0,0,0,0,0,0,0,0,0,0
120026,1,1,1991,0,0,0,0,0,0,0,0,0,0
120026,2,1,1991,0,0,0,0,0,0,0,0,0,0
120027,1,1,1991,22,0,0,0,14,10,0,0,0,0
120027,2,1,1991,0,0,0,0,0,41,13,0,17,0
120028,1,1,1991,13,13,13,13,13,13,13,13,13,13
120028,2,1,1991,0,0,0,12,36,0,0,15,0,0
120029,0,1,1991,25,7,0,0,0,0,0,0,0,0
120029,1,1,1991,0,0,0,0,0,0,0,0,0,0
120030,0,1,1991,24,24,24,24,24,24,24,24,24,24
120030,1,1,1991,0,0,0,0,0,0,0,0,0,0
120031,0,1,1991,0,0,0,0,0,0,0,0,0,0
120031,0,2,1991,0,7,15,6,0,0,0,15,0,0
120031,0,3,1991,0,13,0,0,0,0,0,0,0,0
120031,1,1,1991,0,0,0,0,0,0,0,0,0,0
120032,1,1,1991,0,0,0,0,0,0,0,0,0,0
120033,1,1,1991,30,19,16,14,29,34,23,10,19,29
120034,1,1,1991,16,16,16,16,16,16,16,16,16,16
120035,0,1,1991,0,0,0,0,0,0,0,0,0,0
120035,1,1,1991,0,19,0,0,0,0,0,0,0,0
120036,1,1,1991,1,1,1,1,1,1,1,1,1,1
120036,2,1,1991,0,0,0,0,0,0,0,0,0,0
120037,0,1,1991,0,0,0,0,0,0,0,0,0,0
120037,0,2,1991,0,0,0,0,0,0,0,0,0,0
120037,1,1,1991,0,0,12,0,0,0,0,0,15,0
120038,0,1,1991,35,23,38,24,16,19,20,26,0,0
120038,1,1,1991,15,0,0,0,0,0,0,0,0,8
120039,1,1,1991,0,0,0,0,0,0,0,0,0,0
120040,1,1,1991,18,18,18,18,18,18,18,18,18,18
120041,1,1,1991,27,27,27,27,27,27,27,27,27,27
120042,1,1,1991,0,0,0,0,0,0,0,0,0,0
120043,1,1,1991,0,0,0,0,0,0,0,0,0,0
120043,2,1,1991,0,0,0,0,0,0,0,0,0,9
120043,3,1,1991,0,0,0,0,0,0,0,0,0,0
120044,1,1,1991,0,0,0,0,0,0,0,0,0,0
120045,1,1,1991,0,0,0,0,0,0,0,0,0,0
120046,1,1,1991,12,12,12,12,12,12,12,12,12,12
120046,2,1,1991,0,0,0,0,0,0,0,0,0,0
120047,0,1,1991,0,0,0,0,0,0,0,0,0,0
120047,1,1,1991,0,0,0,0,0,0,0,0,0,0
120048,1,1,1991,21,21,21,21,21,21,21,21,21,21
120049,0,1,1991,0,0,0,0,0,0,0,0,0,0
120049,1,1,1991,0,0,0,0,0,0,0,0,0,0
120049,2,1,1991,0,0,0,0,0,0,0,0,0,0
120051,0,1,1991,0,0,0,0,0,0,0,0,0,0
120051,1,1,1991,0,0,0,0,0,0,0,0,0,0
120052,0,1,1991,0,0,0,0,21,0,0,0,0,0
120052,1,1,1991,0,0,0,19,0,10,0,0,0,0
120053,1,1,1991,0,0,0,0,0,0,0,0,0,0
120053,2,1,1991,0,0,0,0,0,0,0,0,0,0
120054,1,1,1991,15,14,0,0,20,0,26,40,18,0
120055,1,1,1991,21,21,21,21,21,21,21,21,21,21
120056,1,1,1991,0,0,0,0,0,0,0,0,0,0
120056,2,1,1991,0,0,0,0,0,0,0,0,0,0
120057,1,1,1991,15,15,15,15,15,15,15,15,15,15
120058,1,1,1991,0,0,0,0,0,0,0,0,0,0
120058,2,1,1991,0,0,0,0,0,0,0,18,0,18
120058,3,1,1991,0,0,0,0,0,0,0,7,0,0
120059,1,1,1991,15,15,15,15,15,15,15,15,15,15
120060,1,1,1991,14,14,14,14,14,14,14,14,14,14
120061,1,1,1991,0,0,0,0,0,0,0,0,0,0
120061,2,1,1991,0,0,0,0,12,0,0,0,0,0
120062,0,1,1991,0,0,0,0,0,0,0,0,0,0
120062,1,1,1991,0,0,0,0,0,0,0,0,0,21
120063,1,1,1991,0,0,0,0,0,0,3,0,0,0
120063,2,1,1991,0,0,0,0,0,0,0,0,0,0
120064,1,1,1991,19,19,19,19,19,19,19,19,19,19
120064,2,1,1991,0,0,0,0,0,0,0,0,0,0
120065,1,1,1991,0,0,0,0,0,0,0,0,0,0
120066,0,1,1991,5,5,5,5,5,5,5,5,5,5
120066,1,1,1991,0,0,0,0,0,0,0,0,0,0
120068,1,1,1991,11,0,21,20,12,0,0,0,13,0
120069,0,1,1991,19,19,19,19,19,19,19,19,19,19
120069,1,1,1991,0,0,0,0,14,0,0,0,10,36
120069,2,1,1991,0,0,0,0,0,0,0,0,0,5
120070,1,1,1991,19,19,19,19,19,19,19,19,19,19
120070,2,1,1991,0,0,4,0,0,0,0,0,0,0
120071,1,1,1991,0,0,0,0,0,0,0,0,0,0
120072,1,1,1991,17,17,17,17,17,17,17,17,17,17
120073,1,1,1991,30,30,30,30,30,30,30,30,30,30
120074,0,1,1991,11,11,11,11,11,11,11,11,11,11
120074,1,1,1991,0,0,0,0,0,0,0,0,0,0
120075,1,1,1991,20,0,0,0,0,9,0,0,0,0
120075,2,1,1991,0,0,0,0,0,0,14,0,0,0
120076,1,1,1991,1,1,1,1,1,1,1,1,1,1
120076,2,1,1991,0,0,0,0,0,0,0,0,0,0
120077,1,1,1991,0,0,0,0,0,0,0,0,0,0
120077,2,1,1991,0,0,0,0,0,0,0,0,0,0
120078,0,1,1991,25,25,25,25,25,25,25,25,25,25
120078,1,1,1991,0,0,0,0,0,0,0,0,0,0
120079,0,1,1991,0,0,0,0,0,0,0,0,0,0
120079,1,1,1991,0,0,0,0,0,0,0,0,0,0
120080,1,1,1991,0,0,0,11,0,0,0,0,0,0
120080,2,1,1991,0,0,0,0,0,0,0,2,0,0
120081,1,1,1991,0,0,0,0,0,0,0,0,0,0
120082,1,1,1991,19,0,0,0,0,0,0,0,35,23
120082,2,1,1991,0,0,0,0,0,0,5,0,0,0
120082,3,1,1991,0,0,0,0,0,0,0,0,0,0
120083,0,1,1991,28,7,26,23,26,0,32,0,0,12
120083,1,1,1991,0,0,8,0,0,5,3,0,0,0
120084,0,1,1991,19,19,19,19,19,19,19,19,19,19
120084,0,2,1991,12,12,12,12,12,12,12,12,12,12
120084,1,1,1991,25,25,25,25,25,25,25,25,25,25
120085,1,1,1991,0,0,0,0,0,0,0,0,0,0
120085,2,1,1991,0,0,0,0,0,0,0,0,0,0
120086,0,1,1991,0,0,0,0,0,0,0,0,0,0
120086,1,1,1991,0,0,0,0,2,0,0,15,0,0
120087,1,1,1991,22,22,22,22,22,22,22,22,22,22
120088,1,1,1991,29,29,29,29,29,29,29,29,29,29
120089,1,1,1991,13,13,13,13,13,13,13,13,13,13
120090,0,1,1991,0,0,0,0,0,0,0,0,0,0
120090,1,1,1991,0,0,0,0,0,0,0,0,0,0
120091,1,1,1991,0,0,0,0,0,0,0,0,0,0
120091,2,1,1991,0,0,0,0,0,0,0,0,0,0
120092,1,1,1991,15,0,0,14,0,0,0,21,0,9
120092,2,1,1991,0,0,0,0,0,0,0,0,0,0
120093,0,1,1991,0,0,0,17,0,0,0,0,0,0
120093,1,1,1991,0,0,0,0,0,0,0,0,0,0
120094,1,1,1991,12,12,12,12,12,12,12,12,12,12
120094,2,1,1991,0,0,0,0,0,0,0,0,0,0
120095,1,1,1991,0,0,0,0,0,0,0,0,0,0
120096,1,1,1991,0,0,10,0,0,0,0,0,0,0
120097,1,1,1991,0,0,0,0,0,0,0,0,0,0
120097,2,1,1991,0,16,0,0,0,0,0,0,0,0
120098,1,1,1991,13,13,13,13,13,13,13,13,13,13
120098,2,1,1991,0,0,0,0,16,0,0,0,0,0
120099,1,1,1991,23,23,23,23,23,23,23,23,23,23
120099,2,1,1991,18,18,18,18,18,18,18,18,18,18
120100,1,1,1991,24,24,24,24,24,24,24,24,24,24
120100,2,1,1991,0,0,0,10,0,0,0,0,0,0
120101,0,1,1991,0,0,0,0,0,0,0,0,0,0
120101,1,1,1991,0,0,0,0,0,0,0,0,0,0
120103,1,1,1991,0,0,0,0,0,0,6,23,0,18
120103,2,1,1991,0,0,11,0,0,0,14,0,0,0
120103,3,1,1991,0,0,0,0,0,0,0,0,0,0
120104,1,1,1991,0,0,0,0,0,0,0,5,0,0
120105,0,1,1991,8,8,8,8,8,8,8,8,8,8
120105,1,1,1991,0,0,0,0,0,0,0,0,0,0
120105,2,1,1991,0,0,0,0,0,20,0,0,0,0
120106,0,1,1991,23,23,23,23,23,23,23,23,23,23
120106,1,1,1991,0,0,0,0,0,0,15,0,0,0
120107,1,1,1991,0,0,0,0,0,0,0,0,0,0
120108,1,1,1991,12,0,21,0,16,0,0,0,0,0
120108,2,1,1991,0,0,0,0,0,0,0,0,0,0
120109,1,1,1991,15,15,15,15,15,15,15,15,15,15
120109,2,1,1991,0,26,0,0,0,0,0,0,0,0
120110,0,1,1991,0,25,0,0,0,0,0,0,0,0
120110,1,1,1991,26,26,26,26,26,26,26,26,26,26
120110,2,1,1991,0,0,0,0,0,0,0,0,0,0
120110,3,1,1991,0,0,0,0,0,0,0,0,0,0
120111,0,1,1991,0,0,0,0,0,0,0,0,0,0
120111,1,1,1991,0,0,0,0,0,0,0,0,0,0
120112,1,1,1991,26,26,26,26,26,26,26,26,26,26
120112,2,1,1991,0,0,0,0,0,0,4,0,0,0
120113,1,1,1991,0,0,0,27,0,12,0,11,0,7
120114,0,1,1991,0,0,0,0,0,0,0,0,0,0
120114,1,1,1991,0,0,0,0,0,0,0,0,0,0
120115,1,1,1991,14,14,14,14,14,14,14,14,14,14
120115,2,1,1991,0,0,0,0,0,0,0,0,0,0
120116,1,1,1991,0,0,0,0,0,0,0,0,0,0
120117,1,1,1991,0,25,0,0,0,0,12,0,0,0
120118,1,1,1991,0,0,0,0,0,0,0,0,0,0
120118,2,1,1991,0,0,0,0,0,0,0,0,0,0
120119,1,1,1991,12,12,12,12,12,12,12,12,12,12
120119,2,1,1991,0,0,0,10,0,0,0,0,0,0
120120,0,1,1991,0,0,0,0,0,0,0,14,0,12
120120,1,1,1991,0,0,0,0,0,0,0,0,0,0
120121,1,1,1991,16,16,16,16,16,16,16,16,16,16
120121,2,1,1991,0,0,0,0,0,0,0,0,0,0
120122,1,1,1991,0,0,0,0,0,0,0,0,0,0
120122,2,1,1991,0,0,0,0,0,0,0,0,0,0
120124,1,1,1991,0,0,0,0,0,0,0,0,20,0
120124,2,1,1991,0,0,0,0,0,0,0,0,0,9
120125,0,1,1991,0,0,0,0,0,0,0,0,0,0
120125,1,1,1991,0,0,0,0,0,0,0,0,0,0
120126,1,1,1991,0,0,0,0,0,0,0,0,0,0
120126,2,1,1991,0,0,0,0,0,0,0,0,0,0
120127,1,1,1991,0,0,0,0,0,0,0,0,0,0
120128,1,1,1991,0,0,0,0,0,0,0,0,0,0
120128,2,1,1991,13,13,13,13,13,13,13,13,13,13
120129,1,1,1991,0,0,0,0,0,0,0,0,0,0
120129,2,1,1991,11,11,11,11,11,11,11,11,11,11
120130,1,1,1991,0,0,0,0,0,0,0,0,11,0
120130,2,1,1991,0,0,0,0,0,0,0,0,0,0
120131,1,1,1991,11,11,11,11,11,11,11,11,11,11
120131,2,1,1991,0,0,0,0,0,0,0,0,0,0
120132,1,1,1991,0,0,17,8,0,0,19,11,24,10
120133,0,1,1991,0,0,0,0,0,0,0,0,0,0
120133,1,1,1991,0,0,0,0,0,0,0,0,0,0
120134,1,1,1991,9,9,9,9,9,9,9,9,9,9
120135,0,1,1991,0,0,20,51,13,0,6,24,0,0
120135,1,1,1991,0,0,0,0,0,0,0,0,0,0
120136,1,1,1991,0,0,0,0,0,0,9,0,0,0
120136,2,1,1991,0,0,0,0,0,11,0,8,0,0
120136,3,1,1991,0,0,0,0,0,0,0,0,5,11
120137,1,1,1991,0,0,0,0,0,0,0,0,0,2
120137,2,1,1991,17,17,17,17,17,17,17,17,17,17
120137,3,1,1991,0,0,0,0,0,0,0,0,0,0
120138,1,1,1991,0,0,0,0,0,0,0,0,0,0
120138,2,1,1991,0,0,0,0,0,0,0,0,0,0
120139,1,1,1991,21,21,21,21,21,21,21,21,21,21
120140,1,1,1991,0,0,0,0,0,0,0,33,0,0
120141,1,1,1991,13,26,32,22,24,15,20,23,17,0
120142,1,1,1991,20,20,20,20,20,20,20,20,20,20
120142,2,1,1991,0,0,0,0,0,8,0,16,0,16
120144,0,1,1991,0,0,0,0,0,0,0,0,0,0
120144,1,1,1991,0,0,0,0,0,0,0,0,0,0
120145,1,1,1991,3,0,17,0,33,0,15,4,11,25
120146,1,1,1991,2,2,2,2,2,2,2,2,2,2
120147,1,1,1991,0,0,9,15,12,11,0,0,10,10
120147,2,1,1991,0,28,8,22,13,12,23,0,0,0
120148,0,1,1991,0,0,0,28,0,0,0,0,0,0
120148,0,2,1991,0,0,0,0,0,0,0,0,0,0
120148,1,1,1991,0,0,0,0,0,0,0,0,0,0
120149,1,1,1991,0,0,0,0,0,0,0,0,0,0
120149,2,1,1991,0,0,0,0,0,0,0,0,0,0
120150,1,1,1991,1,1,1,1,1,1,1,1,1,1
120151,1,1,1991,18,18,18,18,18,18,18,18,18,18
120151,2,1,1991,0,0,0,0,0,0,0,0,0,0
120151,3,1,1991,0,0,0,0,0,0,0,0,0,0
120151,4,1,1991,0,0,0,0,0,0,0,0,0,0
120152,0,1,1991,15,15,15,15,15,15,15,15,15,15
120152,1,1,1991,0,0,0,0,0,0,0,0,0,0
120154,1,1,1991,18,18,18,18,18,18,18,18,18,18
120154,2,1,1991,0,0,0,0,0,0,0,0,0,0
120155,1,1,1991,0,0,0,0,0,0,0,0,0,0
120155,2,1,1991,0,0,0,0,0,0,0,0,0,0
120156,1,1,1991,10,10,10,10,10,10,10,10,10,10
120157,1,1,1991,0,0,0,0,0,0,0,0,0,0
120158,0,1,1991,17,0,0,22,15,0,0,0,0,0
120158,0,2,1991,0,21,17,21,0,0,37,0,15,7
120158,1,1,1991,0,0,0,0,0,0,0,0,0,0
120159,0,1,1991,0,0,0,0,0,0,0,0,0,0
120159,1,1,1991,0,0,0,0,0,0,0,0,0,0
120160,0,1,1991,22,22,22,22,22,22,22,22,22,22
120160,1,1,1991,3,3,3,3,3,3,3,3,3,3
120160,2,1,1991,0,0,0,0,0,0,0,0,0,0
120161,1,1,1991,26,26,26,26,26,26,26,26,26,26
120162,0,1,1991,0,0,0,0,0,0,0,0,0,0
120162,1,1,1991,0,0,0,0,0,0,0,0,8,0
120163,1,1,1991,9,9,9,9,9,9,9,9,9,9
120164,1,1,1991,15,15,15,15,15,15,15,15,15,15
120165,1,1,1991,0,0,0,0,0,0,0,0,0,0
120165,2,1,1991,0,0,0,0,0,0,0,0,0,0
120166,1,1,1991,13,0,0,0,0,0,0,0,0,0
120166,2,1,1991,15,15,15,15,15,15,15,15,15,15
120167,0,1,1991,0,0,0,0,0,0,13,0,0,0
120167,1,1,1991,0,0,0,0,0,0,0,0,0,0
120169,1,1,1991,11,11,11,11,11,11,11,11,11,11
120169,2,1,1991,0,0,0,0,0,0,0,0,0,0
120169,3,1,1991,33,0,0,0,0,0,0,0,0,0
120170,1,1,1991,0,0,31,14,25,38,13,30,0,0
120171,0,1,1991,0,0,0,0,0,0,0,0,0,0
120171,1,1,1991,0,0,0,0,0,0,0,0,0,0
120172,1,1,1991,12,12,12,12,12,12,12,12,12,12
120172,2,1,1991,0,0,0,0,17,0,0,0,0,0
120173,1,1,1991,23,0,0,24,0,0,0,23,0,0
120173,2,1,1991,0,0,0,0,9,0,0,0,0,15
120174,0,1,1991,19,19,19,19,19,19,19,19,19,19
120174,1,1,1991,0,0,0,0,0,0,0,0,0,0
120175,1,1,1991,30,30,30,30,30,30,30,30,30,30
120176,0,1,1991,0,0,0,0,0,0,0,0,0,0
120176,1,1,1991,24,24,24,24,24,24,24,24,24,24
120177,1,1,1991,0,0,0,18,0,0,0,0,15,0
120177,2,1,1991,7,0,0,0,19,0,16,0,0,0
120179,1,1,1991,0,0,0,0,0,0,0,0,0,0
120180,1,1,1991,29,29,29,29,29,29,29,29,29,29
120181,0,1,1991,0,0,34,16,26,7,0,9,18,16
120181,1,1,1991,0,0,0,0,0,0,0,0,0,0
120182,1,1,1991,15,7,28,32,16,22,36,9,27,0
120183,1,1,1991,0,0,0,0,0,0,0,0,0,0
120184,0,1,1991,0,0,0,0,0,14,0,0,0,0
120184,1,1,1991,13,13,13,13,13,13,13,13,13,13
120185,1,1,1991,0,0,0,0,0,0,0,0,0,0
120185,2,1,1991,0,0,0,0,0,0,0,0,0,0
120186,1,1,1991,0,0,0,0,0,0,0,0,0,0
120186,2,1,1991,0,0,0,0,0,0,0,0,0,0
120187,1,1,1991,0,0,0,0,0,0,0,0,0,0
120187,2,1,1991,0,0,0,0,0,0,0,0,0,0
120188,0,1,1991,0,0,0,0,0,0,0,0,0,0
120188,1,1,1991,0,0,0,0,0,30,30,0,18,0
120189,1,1,1991,0,0,0,0,0,0,0,0,0,0
120189,2,1,1991,0,0,0,0,0,0,0,0,0,0
120190,1,1,1991,0,0,0,0,0,0,0,0,0,0
120190,2,1,1991,0,0,0,0,0,0,0,0,0,0
120191,1,1,1991,0,21,0,0,0,0,0,0,0,0
120193,0,1,1991,0,0,0,0,0,0,0,0,0,0
120193,0,2,1991,0,22,19,0,0,0,0,17,0,0
120193,1,1,1991,0,4,20,0,0,0,0,0,0,0
120194,1,1,1991,0,0,9,0,0,0,0,20,6,0
120195,0,1,1991,21,21,21,21,21,21,21,21,21,21
120195,1,1,1991,0,0,0,0,0,0,0,0,0,0
120196,1,1,1991,0,0,0,0,0,0,0,0,0,0
120196,2,1,1991,0,0,0,0,0,0,13,0,0,0
120197,0,1,1991,0,0,0,0,0,0,0,0,0,0
120197,1,1,1991,0,0,0,0,0,0,0,0,0,0
120198,1,1,1991,0,0,0,0,0,0,0,0,0,0
120198,2,1,1991,0,0,0,0,0,0,0,0,0,0
120198,3,1,1991,0,0,0,0,0,0,0,0,0,0
120199,1,1,1991,0,0,0,0,0,0,0,12,0,0
120199,2,1,1991,37,9,14,0,26,0,0,0,0,20
120200,1,1,1991,0,0,0,0,0,0,0,0,0,0
120200,2,1,1991,0,0,0,0,0,0,0,0,0,0
120201,1,1,1991,0,0,0,0,0,0,0,0,0,0
120201,2,1,1991,16,0,0,0,0,0,0,0,0,0
120202,1,1,1991,11,11,11,11,11,11,11,11,11,11
120202,2,1,1991,25,25,25,25,25,25,25,25,25,25
120205,0,1,1991,19,8,0,0,0,0,19,0,36,0
120205,1,1,1991,0,0,0,0,0,0,0,0,0,0
120206,1,1,1991,0,0,0,0,0,0,0,0,0,0
120206,2,1,1991,0,7,13,8,0,0,0,0,24,0
120207,1,1,1991,29,29,29,29,29,29,29,29,29,29
120209,0,1,1991,11,11,0,0,24,25,0,0,0,0
120209,1,1,1991,0,0,0,3,0,0,0,0,0,0
120210,1,1,1991,0,0,0,0,0,0,0,0,0,0
120210,2,1,1991,0,0,0,0,0,0,0,0,0,0
120211,1,1,1991,18,18,18,18,18,18,18,18,18,18