ST_CASE,VEH_NO,PER_NO,YEAR,P1,P2,P3,P4,P5,P6,P7,P8,P9,P10
120211,2,1,1991,0,0,0,0,0,0,0,0,0,0
120213,0,1,1991,0,0,0,0,0,0,0,0,0,28
120213,1,1,1991,0,0,0,0,0,0,0,0,0,0
120214,1,1,1991,23,0,0,0,0,0,0,12,0,0
120214,2,1,1991,0,0,0,0,0,0,0,0,0,0
120215,0,1,1991,0,0,0,0,0,0,0,0,0,0
120215,1,1,1991,0,0,0,0,0,0,0,0,0,6
120216,1,1,1991,2,2,2,2,2,2,2,2,2,2
120217,1,1,1991,24,24,24,24,24,24,24,24,24,24
120218,1,1,1991,0,0,0,0,0,0,0,0,0,0
120218,2,1,1991,0,0,0,0,0,0,0,0,0,0
120218,3,1,1991,0,0,13,0,13,32,12,9,0,0
120219,1,1,1991,0,0,0,0,0,0,0,0,0,0
120220,1,1,1991,18,18,18,18,18,18,18,18,18,18
120221,1,1,1991,0,0,0,0,0,0,0,0,0,0
120222,1,1,1991,0,0,0,0,0,0,0,6,0,0
120222,2,1,1991,0,0,0,0,0,0,0,0,0,0
120223,1,1,1991,0,0,0,0,0,0,0,0,0,0
120223,2,1,1991,0,0,0,0,0,0,0,0,0,0
120224,0,1,1991,12,12,12,12,12,12,12,12,12,12
120224,1,1,1991,0,0,0,0,0,0,0,0,0,0
120225,0,1,1991,0,0,0,0,0,0,0,0,0,0
120225,1,1,1991,15,15,15,15,15,15,15,15,15,15
120226,1,1,1991,0,0,0,0,0,0,0,0,0,19
120226,2,1,1991,0,0,0,0,0,0,0,0,0,21
120226,3,1,1991,0,21,0,0,0,0,0,0,0,0
120227,0,1,1991,29,26,24,16,0,21,0,0,29,0
120227,1,1,1991,0,0,0,0,0,0,0,0,0,0
120228,0,1,1991,0,0,0,0,0,0,0,0,0,0
120228,1,1,1991,17,0,29,0,0,21,0,20,12,23
120229,0,1,1991,0,0,0,0,0,0,0,0,0,0
120229,1,1,1991,0,0,0,0,0,19,0,0,0,0
120230,1,1,1991,13,13,13,13,13,13,13,13,13,13
120231,1,1,1991,0,0,0,0,0,0,0,0,0,0
120231,2,1,1991,0,0,0,0,0,0,0,0,0,0
120232,1,1,1991,24,24,24,24,24,24,24,24,24,24
120233,0,1,1991,0,0,0,0,0,0,0,0,0,0
120233,1,1,1991,0,0,0,0,0,0,0,0,0,0
120234,1,1,1991,0,0,0,0,0,0,0,0,0,0
120234,2,1,1991,0,0,0,0,0,0,0,0,0,0
120236,1,1,1991,8,8,8,8,8,8,8,8,8,8
120236,2,1,1991,0,0,0,0,0,0,0,0,0,0
120237,1,1,1991,0,0,0,0,0,0,0,0,0,0
120238,1,1,1991,0,0,0,0,0,0,0,0,0,0
120238,2,1,1991,17,17,17,17,17,17,17,17,17,17
120239,1,1,1991,6,6,6,6,6,6,6,6,6,6
120240,0,1,1991,1,1,1,1,1,1,1,1,1,1
120240,1,1,1991,0,0,0,0,0,0,0,0,0,21
120241,0,1,1991,0,0,0,0,0,0,0,0,0,0
120241,1,1,1991,0,0,0,0,0,0,0,0,0,0
120242,1,1,1991,23,20,0,19,19,0,18,19,14,23
120243,1,1,1991,0,0,0,0,0,0,0,0,0,0
120243,2,1,1991,0,0,0,0,0,0,0,0,0,0
120243,3,1,1991,0,0,0,0,0,0,0,0,0,0
120244,0,1,1991,10,10,10,10,10,10,10,10,10,10
120244,1,1,1991,0,0,0,0,0,0,0,0,0,0
120245,1,1,1991,8,8,8,8,8,8,8,8,8,8
120245,2,1,1991,16,8,0,0,13,15,12,5,14,11
120246,1,1,1991,0,0,0,0,0,0,0,0,0,0
120247,0,1,1991,0,0,0,0,0,0,0,0,0,0
120247,0,2,1991,0,0,0,22,0,0,0,0,20,0
120247,1,1,1991,0,0,0,2,0,0,0,0,0,0
120248,0,1,1991,49,22,10,21,16,15,0,0,19,3
120248,1,1,1991,0,0,8,0,0,0,0,0,0,0
120249,1,1,1991,0,0,0,2,0,0,0,0,0,0
120249,2,1,1991,0,0,0,0,0,0,0,0,0,0
120249,3,1,1991,0,0,0,0,0,0,0,0,0,0
120249,4,1,1991,0,0,0,0,0,0,0,0,0,0
120249,5,1,1991,0,0,0,0,0,15,0,0,0,0
120249,6,1,1991,0,0,0,7,0,0,0,0,0,0
120250,1,1,1991,0,0,0,0,0,0,0,0,0,0
120250,2,1,1991,0,0,0,0,0,0,0,0,0,0
120252,1,2,1991,20,10,25,0,16,11,32,25,0,22
120253,1,1,1991,4,4,4,4,4,4,4,4,4,4
120253,2,1,1991,0,0,0,0,0,0,0,0,0,0
120254,1,1,1991,28,28,28,28,28,28,28,28,28,28
120255,1,1,1991,0,0,0,0,0,0,0,0,0,0
120255,2,1,1991,18,0,0,0,0,0,0,13,17,0
120256,1,1,1991,15,15,15,15,15,15,15,15,15,15
120257,1,1,1991,0,0,8,0,0,0,0,17,0,0
120257,2,1,1991,23,23,23,23,23,23,23,23,23,23
120258,0,1,1991,24,24,24,24,24,24,24,24,24,24
120258,1,1,1991,0,0,0,0,0,0,0,0,0,0
120259,1,1,1991,0,0,0,0,26,34,14,0,0,0
120259,2,1,1991,0,0,0,0,0,0,0,0,0,0
120260,0,1,1991,18,19,27,11,25,24,18,40,40,21
120260,1,1,1991,0,27,0,7,0,0,0,0,16,0
120261,1,1,1991,0,0,0,0,0,0,0,0,15,0
120261,2,1,1991,0,0,0,0,0,0,0,0,0,0
120262,1,1,1991,18,0,7,9,25,10,6,0,17,15
120263,0,1,1991,17,19,13,0,40,27,11,0,0,33
120263,1,1,1991,0,0,0,0,0,0,0,0,0,0
120263,2,1,1991,17,0,14,21,14,0,0,0,14,23
120263,3,1,1991,0,0,0,0,0,0,0,0,0,0
120264,1,1,1991,0,33,30,25,18,32,21,25,27,31
120265,1,1,1991,0,0,0,0,0,0,0,0,0,0
120266,1,1,1991,15,15,15,15,15,15,15,15,15,15
120267,1,1,1991,22,22,22,22,22,22,22,22,22,22
120267,2,1,1991,0,0,0,0,0,0,0,0,0,0
120268,1,1,1991,0,0,0,0,5,19,0,12,0,11
120269,1,1,1991,22,22,22,22,22,22,22,22,22,22
120271,1,1,1991,0,0,0,0,0,0,0,0,0,0
120271,2,1,1991,0,0,0,0,0,0,0,0,0,0
120272,1,1,1991,0,0,0,0,0,0,0,0,0,0
120272,2,1,1991,0,0,0,0,0,0,0,0,0,0
120273,1,1,1991,6,6,6,6,6,6,6,6,6,6
120274,1,1,1991,0,0,0,0,0,0,0,0,0,0
120274,2,1,1991,0,0,0,0,0,0,0,0,0,0
120274,3,1,1991,0,2,0,0,0,0,0,0,0,0
120275,1,1,1991,0,12,0,0,0,0,0,0,2,0
120276,1,1,1991,0,0,0,0,0,0,0,0,0,0
120276,2,1,1991,30,30,30,30,30,30,30,30,30,30
120277,1,1,1991,0,0,0,0,0,0,0,0,0,0
120277,2,1,1991,0,0,0,0,0,0,0,0,0,0
120277,3,1,1991,13,10,15,0,0,12,0,0,0,14
120278,0,1,1991,23,0,0,26,0,0,0,0,0,26
120278,1,1,1991,0,0,0,0,0,0,0,0,0,0
120279,1,1,1991,0,0,0,0,0,0,0,0,0,0
120279,2,1,1991,0,0,0,0,0,0,0,0,0,0
120280,1,1,1991,32,0,21,12,26,0,0,17,22,7
120281,1,1,1991,0,0,0,17,0,0,7,12,0,7
120281,2,1,1991,0,0,0,6,21,0,24,11,16,28
120283,1,1,1991,18,0,0,0,0,0,0,0,0,0
120284,1,1,1991,17,17,17,17,17,17,17,17,17,17
120284,2,1,1991,0,26,15,6,18,8,17,13,34,15
120285,1,1,1991,26,13,31,14,17,5,18,17,13,10
120286,1,1,1991,18,18,18,18,18,18,18,18,18,18
120287,1,1,1991,12,12,12,12,12,12,12,12,12,12
120288,1,1,1991,0,0,0,0,0,0,0,0,0,0
120289,1,1,1991,0,0,0,0,0,0,0,0,0,0
120290,1,1,1991,0,0,0,0,0,0,0,0,0,0
120291,0,1,1991,0,0,0,0,0,0,0,0,0,0
120291,1,1,1991,0,0,0,0,3,0,0,0,0,0
120292,1,1,1991,15,15,15,15,15,15,15,15,15,15
120293,1,1,1991,17,17,17,17,17,17,17,17,17,17
120293,2,1,1991,16,16,16,16,16,16,16,16,16,16
120294,0,1,1991,14,14,14,14,14,14,14,14,14,14
120294,1,1,1991,0,0,0,0,0,0,0,0,0,13
120295,1,1,1991,5,5,5,5,5,5,5,5,5,5
120295,2,1,1991,9,9,9,9,9,9,9,9,9,9
120296,1,1,1991,0,0,0,0,0,0,0,0,0,0
120296,2,1,1991,0,0,0,0,0,0,0,0,0,0
120297,1,1,1991,6,6,6,6,6,6,6,6,6,6
120298,1,1,1991,0,0,0,0,0,0,0,0,0,0
120298,2,1,1991,0,0,0,0,0,0,0,0,0,0
120299,1,1,1991,23,23,23,23,23,23,23,23,23,23
120300,1,1,1991,9,9,9,9,9,9,9,9,9,9
120300,2,1,1991,0,0,0,0,0,0,0,0,0,0
120301,1,1,1991,18,18,18,18,18,18,18,18,18,18
120301,2,1,1991,0,0,0,0,0,0,0,0,13,0
120302,1,1,1991,0,0,0,0,0,0,0,0,0,0
120302,2,1,1991,0,0,0,0,0,0,0,0,0,0
120304,0,1,1991,20,20,20,20,20,20,20,20,20,20
120304,1,1,1991,19,19,19,19,19,19,19,19,19,19
120305,1,1,1991,16,16,16,16,16,16,16,16,16,16
120306,0,1,1991,20,17,0,34,15,0,23,0,19,25
120306,1,1,1991,0,0,0,0,0,0,0,0,0,0
120307,1,1,1991,0,0,0,0,0,0,0,0,0,0
120307,2,1,1991,0,0,0,0,0,0,0,0,0,0
120308,1,1,1991,14,14,14,14,14,14,14,14,14,14
120309,0,1,1991,0,0,0,0,0,0,0,0,0,0
120309,1,1,1991,0,0,0,0,0,0,0,0,0,0
120311,1,1,1991,0,0,0,0,0,0,0,0,0,0
120311,2,1,1991,0,0,0,0,0,0,0,0,0,0
120312,1,1,1991,17,0,30,21,0,17,42,23,26,0
120313,1,1,1991,0,0,0,0,0,0,0,0,0,0
120313,2,1,1991,0,0,0,0,0,0,0,0,0,0
120314,0,1,1991,0,0,0,0,0,0,0,0,0,0
120314,1,1,1991,0,0,0,0,0,0,0,0,0,0
120315,1,1,1991,15,15,15,15,15,15,15,15,15,15
120316,1,1,1991,9,9,9,9,9,9,9,9,9,9
120316,2,1,1991,0,10,0,0,0,0,0,0,0,0
120317,1,1,1991,16,16,16,16,16,16,16,16,16,16
120317,2,1,1991,0,0,0,23,12,0,0,10,6,0
120317,3,1,1991,0,0,0,0,0,0,0,0,0,6
120318,1,1,1991,0,0,0,0,0,0,0,0,0,0
120319,1,1,1991,0,0,0,0,0,0,0,0,0,0
120319,2,1,1991,0,0,0,0,0,0,0,0,0,0
120320,0,1,1991,0,0,0,0,0,0,0,0,0,0
120320,1,1,1991,0,0,0,0,0,0,0,0,0,0
120321,1,1,1991,0,0,0,0,0,0,0,0,0,0
120321,2,1,1991,0,0,0,0,0,0,0,0,0,0
120322,1,1,1991,0,0,0,0,0,0,0,22,0,0
120322,2,1,1991,0,0,0,0,0,0,0,0,0,0
120323,1,1,1991,13,13,13,13,13,13,13,13,13,13
120323,2,1,1991,0,0,0,0,16,0,0,0,0,0
120324,0,1,1991,17,14,32,27,22,9,16,0,35,35
120324,1,1,1991,0,0,9,0,0,0,0,4,0,0
120325,1,1,1991,0,0,0,0,0,0,0,0,0,0
120325,2,1,1991,0,0,0,0,0,0,0,0,0,0
120326,1,1,1991,0,0,0,0,0,0,0,0,0,0
120327,1,1,1991,0,0,0,0,0,0,0,0,0,0
120327,2,1,1991,0,0,0,0,0,0,0,0,0,0
120329,1,1,1991,0,0,0,0,0,0,0,0,0,0
120330,1,1,1991,0,0,0,0,0,0,0,0,0,0
120330,2,1,1991,0,0,0,0,0,0,0,0,0,0
120330,3,1,1991,0,0,0,0,0,0,0,0,0,0
120332,1,1,1991,0,0,0,0,0,0,0,0,0,0
120333,1,1,1991,4,4,4,4,4,4,4,4,4,4
120334,0,1,1991,0,0,0,0,0,0,0,0,0,0
120334,1,1,1991,0,0,0,0,0,0,0,0,12,0
120335,1,1,1991,19,19,19,19,19,19,19,19,19,19
120335,2,1,1991,0,0,0,0,0,0,0,0,0,0
120336,1,1,1991,0,0,0,0,0,0,0,0,0,0
120337,0,1,1991,0,0,0,0,0,0,0,0,0,0
120337,1,1,1991,0,0,0,0,0,0,0,0,0,0
120338,1,1,1991,0,0,0,0,0,0,0,7,0,0
120338,2,1,1991,0,0,0,0,0,0,0,0,0,0
120339,1,1,1991,0,0,0,0,0,0,0,0,0,0
120339,2,1,1991,0,30,24,16,0,12,0,16,0,0
120340,1,1,1991,0,0,0,0,0,0,0,0,0,0
120340,2,1,1991,0,0,0,0,0,5,0,0,0,0
120340,3,1,1991,0,0,0,0,0,0,0,0,0,0
120341,1,1,1991,0,0,0,0,0,0,0,0,0,0
120341,2,1,1991,0,0,0,0,0,0,0,0,0,16
120341,3,1,1991,0,0,0,0,0,0,0,0,0,0
120342,1,1,1991,30,30,30,30,30,30,30,30,30,30
120342,2,1,1991,0,0,0,0,0,0,0,0,0,0
120343,0,1,1991,0,0,0,0,0,0,0,0,0,0
120343,1,1,1991,0,0,0,0,0,0,0,0,0,0
120344,1,1,1991,0,0,0,0,0,0,0,0,0,0
120344,2,1,1991,0,0,20,0,0,0,0,0,0,0
120344,3,1,1991,0,0,0,0,0,0,0,0,0,0
120344,4,1,1991,0,0,0,0,0,0,0,0,0,0
120344,5,1,1991,0,24,0,0,0,0,0,0,0,0
120344,6,1,1991,0,0,7,0,0,0,0,0,18,17
120345,0,1,1991,0,0,0,0,0,0,0,0,0,0
120345,1,1,1991,0,0,0,0,0,0,0,0,0,0
120346,0,1,1991,0,0,0,0,0,0,0,0,0,0
120346,1,1,1991,0,0,0,11,0,0,0,0,0,0
120347,1,1,1991,0,0,0,0,0,0,0,0,0,0
120347,2,1,1991,0,0,0,0,0,0,0,0,0,0
120348,1,1,1991,0,0,0,0,0,0,0,0,0,0
120348,2,1,1991,0,0,0,0,0,0,0,0,0,0
120349,1,1,1991,11,11,11,11,11,11,11,11,11,11
120350,1,1,1991,7,7,7,7,7,7,7,7,7,7
120351,0,1,1991,0,0,0,0,0,0,0,0,0,0
120351,1,1,1991,0,0,0,0,0,0,0,0,0,0
120352,0,1,1991,0,0,0,0,0,0,7,0,0,38
120352,1,1,1991,0,0,0,0,0,0,0,0,0,0
120353,1,1,1991,0,10,0,0,0,0,0,0,0,0
120353,2,1,1991,0,0,0,0,0,0,0,0,8,0
120354,0,1,1991,0,0,0,0,0,0,0,0,0,0
120354,1,1,1991,0,0,0,0,0,0,0,0,0,0
120355,1,1,1991,0,0,0,0,0,0,0,0,0,0
120356,1,1,1991,12,12,12,12,12,12,12,12,12,12
120356,2,1,1991,0,0,0,0,0,0,0,0,0,0
120357,1,1,1991,9,9,9,9,9,9,9,9,9,9
120358,1,1,1991,0,0,0,0,0,0,0,0,0,0
120358,2,1,1991,13,0,2,0,0,0,0,0,0,0
120359,1,1,1991,17,17,17,17,17,17,17,17,17,17
120360,1,1,1991,21,21,21,21,21,21,21,21,21,21
120361,1,1,1991,0,0,0,0,0,0,0,0,0,0
120362,1,1,1991,0,0,0,0,0,0,0,0,0,0
120362,2,1,1991,0,0,0,0,0,0,0,0,0,0
120363,1,1,1991,20,20,20,20,20,20,20,20,20,20
120364,1,1,1991,10,10,10,10,10,10,10,10,10,10
120365,1,1,1991,0,0,0,0,0,0,28,0,0,0
120365,2,1,1991,0,0,0,0,0,0,0,0,0,0
120366,1,1,1991,0,0,0,0,0,0,0,0,0,0
120367,0,1,1991,0,0,0,0,0,0,0,0,0,0
120367,1,1,1991,0,0,0,0,0,0,0,0,0,0
120368,1,1,1991,0,0,0,0,0,0,0,0,0,0
120369,1,1,1991,0,0,0,0,0,0,0,0,0,0
120369,2,1,1991,0,0,0,0,0,0,0,0,0,0
120370,1,1,1991,28,28,28,28,28,28,28,28,28,28
120371,1,1,1991,10,10,10,10,10,10,10,10,10,10
120372,1,1,1991,0,0,0,0,0,0,0,0,8,0
120372,2,1,1991,0,22,0,15,10,0,6,8,0,22
120373,1,1,1991,0,11,30,23,40,19,12,30,21,29
120374,1,1,1991,0,0,0,0,0,0,0,0,0,0
120374,2,1,1991,0,0,0,0,0,0,0,0,0,0
120375,1,1,1991,0,0,0,0,0,10,0,0,15,0
120375,2,1,1991,0,0,0,0,0,0,0,0,0,0
120376,1,1,1991,0,0,0,0,0,0,0,0,0,0
120377,0,1,1991,0,0,0,0,0,0,0,0,27,0
120377,1,1,1991,0,0,0,0,0,0,0,0,0,0
120378,1,1,1991,0,0,0,0,11,0,0,0,11,0
120378,2,1,1991,0,0,0,0,0,0,0,0,0,0
120379,1,1,1991,6,0,0,0,0,0,19,0,0,0
120380,1,1,1991,8,8,8,8,8,8,8,8,8,8
120380,2,1,1991,0,0,10,0,13,0,0,0,0,0
120381,0,1,1991,0,0,0,0,0,0,0,0,0,0
120381,1,1,1991,0,0,0,0,0,0,0,0,0,0
120382,0,1,1991,0,0,0,0,0,0,0,0,0,0
120382,1,1,1991,0,0,0,0,0,0,0,0,0,0
120383,1,1,1991,0,0,0,0,0,0,0,0,0,0
120383,2,1,1991,0,0,0,0,0,0,0,0,0,0
120384,1,1,1991,0,0,0,0,0,0,0,0,0,0
120384,2,1,1991,0,0,0,0,0,0,0,0,0,0
120385,1,1,1991,0,0,0,0,0,0,0,0,0,0
120386,1,1,1991,0,0,0,0,0,0,0,0,0,0
120386,2,1,1991,0,0,0,0,0,0,0,0,0,0
120387,1,1,1991,11,11,11,11,11,11,11,11,11,11
120387,2,1,1991,0,0,0,0,0,0,0,0,0,0
120388,1,1,1991,12,0,0,0,0,19,0,0,0,0
120388,2,1,1991,0,0,0,0,5,0,0,0,0,0
120389,0,1,1991,0,0,24,0,0,0,0,0,0,0
120389,1,1,1991,25,0,0,0,0,0,0,0,21,12
120390,1,1,1991,0,0,0,0,0,0,0,0,0,0
120391,1,1,1991,0,29,24,0,0,0,0,0,16,0
120392,1,1,1991,0,0,0,0,0,0,0,0,0,0
120392,2,1,1991,0,0,8,0,0,0,10,0,0,6
120393,1,1,1991,0,0,0,0,0,0,0,21,0,0
120394,1,1,1991,0,0,0,0,0,0,0,0,0,0
120394,2,1,1991,0,0,0,0,0,0,0,0,0,0
120395,1,1,1991,0,0,0,0,0,0,0,0,0,0
120395,2,1,1991,0,0,0,0,16,0,0,0,0,0
120396,1,1,1991,0,0,0,0,0,0,0,0,0,0
120396,2,1,1991,0,0,0,0,0,0,0,0,0,0
120397,1,1,1991,0,0,0,0,0,0,0,0,0,0
120397,2,1,1991,17,17,17,17,17,17,17,17,17,17
120398,1,1,1991,14,14,14,14,14,14,14,14,14,14
120399,0,1,1991,0,0,0,0,20,0,0,0,0,31
120399,1,1,1991,0,0,0,0,0,0,0,0,0,0
120400,0,1,1991,0,0,0,0,0,8,0,0,0,0
120400,1,1,1991,0,27,0,18,4,0,14,19,13,0
120400,2,1,1991,0,0,0,0,0,0,0,0,0,0
120401,1,1,1991,0,0,9,0,13,0,0,0,0,0
120401,2,1,1991,0,0,0,0,0,0,0,0,0,0
120402,1,1,1991,4,4,4,4,4,4,4,4,4,4
120403,1,1,1991,0,0,0,0,0,0,0,0,0,0
120403,2,1,1991,0,0,0,0,0,0,0,0,0,0
120404,1,1,1991,0,0,0,0,0,0,0,0,0,0
120404,2,1,1991,0,0,0,0,0,0,0,0,0,0
120405,0,1,1991,0,0,0,0,0,0,0,0,0,0
120405,1,1,1991,0,0,0,0,0,0,0,0,0,0
120407,0,1,1991,0,0,0,0,0,0,0,0,0,0
120407,1,1,1991,0,0,0,0,0,0,0,0,0,0
120408,1,1,1991,0,0,0,0,0,0,0,0,0,0
120408,2,1,1991,0,2,0,0,0,0,0,0,0,5
120409,0,1,1991,0,24,0,0,0,0,0,0,25,0
120409,1,1,1991,7,7,7,7,7,7,7,7,7,7
120410,1,1,1991,0,0,0,0,0,0,0,0,0,0
120411,1,1,1991,0,0,0,0,0,0,0,0,0,0
120411,2,1,1991,0,0,0,0,0,0,0,0,0,0
120412,0,1,1991,18,18,18,18,18,18,18,18,18,18
120412,0,2,1991,22,0,0,13,0,20,0,24,20,25
120412,1,1,1991,18,18,18,18,18,18,18,18,18,18
120413,1,1,1991,0,0,0,0,0,0,0,0,0,0
120413,2,1,1991,0,0,0,0,0,0,0,0,0,0
120414,1,1,1991,0,0,0,0,0,0,0,0,0,0
120414,2,1,1991,0,0,0,8,11,13,0,0,0,0
120415,1,1,1991,0,15,0,0,0,0,12,17,0,0
120416,1,1,1991,0,0,0,0,0,0,0,0,0,0
120416,2,1,1991,0,0,0,0,0,0,0,0,0,0
120417,1,1,1991,13,8,16,24,7,18,7,7,26,18
120417,2,1,1991,14,19,14,27,7,17,10,15,20,0
120418,1,1,1991,20,20,20,20,20,20,20,20,20,20
120418,2,1,1991,0,0,0,0,0,0,0,0,0,0
120419,1,1,1991,0,0,0,0,0,0,0,0,0,0
120419,2,1,1991,0,0,0,0,0,0,0,0,0,0
120420,1,1,1991,3,3,3,3,3,3,3,3,3,3
120420,2,1,1991,13,0,0,0,8,6,0,0,0,0
120423,1,1,1991,0,0,0,0,0,0,0,0,0,0
120423,2,1,1991,0,0,0,0,0,0,0,0,0,0
120423,3,1,1991,0,0,0,0,0,0,0,0,0,0
120424,1,1,1991,0,0,0,0,0,0,0,0,0,0
120424,2,1,1991,0,0,0,0,0,0,0,0,0,0
120425,1,1,1991,0,0,0,0,0,0,0,0,0,0
120425,2,1,1991,0,0,0,0,0,0,0,0,2,0
120426,0,1,1991,0,0,0,0,0,0,0,0,0,0
120426,1,1,1991,0,0,0,0,0,0,0,0,0,0
120427,1,1,1991,0,0,0,0,0,0,0,0,0,0
120427,2,1,1991,0,0,0,0,0,0,0,0,0,0
120428,1,1,1991,19,0,0,22,16,24,25,23,20,29
120429,0,1,1991,0,16,22,6,0,23,9,0,0,32
120429,1,1,1991,0,0,10,0,0,0,0,19,13,0
120430,1,1,1991,0,0,0,0,0,0,0,0,0,0
120430,2,1,1991,0,0,0,0,0,0,0,0,0,0
120433,1,1,1991,12,12,12,12,12,12,12,12,12,12
120434,0,1,1991,10,10,10,10,10,10,10,10,10,10
120434,1,1,1991,0,0,0,0,0,0,0,0,23,0
120435,1,1,1991,0,14,0,0,10,0,0,0,12,0
120436,1,1,1991,11,11,11,11,11,11,11,11,11,11
120437,1,1,1991,18,18,18,18,18,18,18,18,18,18
120438,1,1,1991,0,0,0,0,0,0,0,0,0,0
120438,2,1,1991,0,0,0,0,4,0,0,0,0,0
120438,3,1,1991,8,0,0,0,0,0,0,0,0,0
120439,0,1,1991,0,0,0,0,0,0,0,0,0,0
120439,1,1,1991,0,0,0,0,0,0,0,0,0,0
120440,1,1,1991,0,0,0,0,29,0,0,0,0,0
120440,2,1,1991,0,0,0,0,0,0,0,0,0,0
120440,3,1,1991,0,0,0,0,0,0,0,0,0,0
120441,1,1,1991,0,0,0,0,0,0,0,0,0,0
120442,1,1,1991,10,10,10,10,10,10,10,10,10,10
120443,1,1,1991,0,0,0,0,0,0,0,0,0,0
120446,1,1,1991,0,0,40,23,27,19,29,27,0,0
120447,0,1,1991,33,33,33,33,33,33,33,33,33,33
120447,1,1,1991,10,10,10,10,10,10,10,10,10,10
120448,1,1,1991,16,16,16,16,16,16,16,16,16,16
120449,1,1,1991,17,17,17,17,17,17,17,17,17,17
120450,1,1,1991,0,0,0,0,0,0,0,0,0,0
120450,2,1,1991,0,0,0,0,0,0,0,0,0,0
120451,1,1,1991,10,10,10,10,10,10,10,10,10,10
120452,0,1,1991,0,0,0,0,0,0,0,0,0,0
120452,1,1,1991,0,0,0,0,0,0,0,0,0,0
120453,1,1,1991,23,8,0,11,0,25,0,0,0,0
120454,1,1,1991,0,0,0,0,0,0,0,0,0,0
120454,2,1,1991,0,0,26,0,0,14,0,0,0,0
120455,0,1,1991,0,0,0,0,0,0,0,0,0,0
120455,1,1,1991,0,0,0,0,0,0,0,0,0,0
120456,1,1,1991,0,0,0,0,0,0,0,0,0,0
120456,2,1,1991,0,0,0,0,0,0,0,0,0,0
120456,3,1,1991,0,0,0,10,0,0,0,0,10,0
120457,1,1,1991,0,0,0,0,0,0,0,0,0,0
120458,1,1,1991,0,0,0,0,0,0,0,0,0,0
120458,2,1,1991,0,0,0,0,0,0,0,0,0,0
120459,0,1,1991,0,0,0,0,0,0,0,0,0,0
120459,1,1,1991,0,0,0,0,0,0,0,0,0,0
120460,1,1,1991,14,14,14,14,14,14,14,14,14,14
120461,0,1,1991,0,0,0,0,0,0,0,0,0,0
120461,1,1,1991,0,0,0,0,0,0,0,0,0,0
120462,1,1,1991,0,0,0,0,0,0,0,0,0,0
120463,1,1,1991,0,0,0,0,0,0,0,0,0,0
120463,2,1,1991,0,0,0,0,0,0,0,0,0,0
120463,3,1,1991,0,0,0,0,0,0,0,0,0,0
120463,4,1,1991,0,0,0,0,0,0,0,0,0,0
120464,1,1,1991,0,0,0,0,0,0,0,0,0,0
120464,2,1,1991,0,0,0,0,0,0,0,0,0,0
120465,0,1,1991,21,21,21,21,21,21,21,21,21,21
120465,1,1,1991,0,0,0,0,0,0,0,0,0,0
120466,1,1,1991,0,0,0,0,0,0,0,0,0,0
120466,2,1,1991,0,0,10,0,0,0,0,0,0,0
120467,0,1,1991,0,0,0,2,0,0,0,12,0,0
120467,0,2,1991,0,0,0,0,0,0,0,0,0,0
120467,1,1,1991,0,0,0,0,0,0,0,0,0,0
120468,0,1,1991,0,0,0,0,0,0,0,19,0,0
120468,1,1,1991,0,0,0,0,0,0,0,0,0,0
120469,1,1,1991,0,18,30,0,17,0,6,5,0,0
120469,2,1,1991,0,0,0,0,11,0,0,0,0,0
120470,0,1,1991,22,22,22,22,22,22,22,22,22,22
120470,1,1,1991,0,0,20,0,27,0,0,0,0,0
120471,0,1,1991,0,0,0,0,0,0,0,0,0,0
120471,1,1,1991,0,0,0,0,0,0,0,0,0,0
120472,1,1,1991,20,20,20,20,20,20,20,20,20,20
120473,1,1,1991,0,19,22,11,21,7,0,30,0,0
120473,2,1,1991,0,8,0,0,0,0,9,10,22,15
120474,0,1,1991,0,0,12,0,0,28,0,0,16,0
120474,1,1,1991,8,16,0,8,18,0,31,10,0,9
120475,1,1,1991,0,0,0,0,0,0,0,0,0,0
120476,1,1,1991,0,0,0,0,0,0,0,0,0,0
120476,2,1,1991,0,0,0,0,0,18,0,0,0,0
120477,0,1,1991,36,36,36,36,36,36,36,36,36,36
120477,1,1,1991,0,0,0,0,0,0,0,0,0,0
120478,1,1,1991,18,18,18,18,18,18,18,18,18,18
120479,1,1,1991,0,0,0,0,0,0,0,0,0,0
120479,2,1,1991,0,0,0,0,0,0,0,0,0,0
120480,1,1,1991,4,0,0,0,0,0,0,0,0,0
120481,1,1,1991,13,0,0,0,11,0,0,0,0,0
120481,2,1,1991,0,0,0,0,0,0,0,10,0,0
120481,3,1,1991,0,0,0,0,0,0,17,0,0,0
120481,4,1,1991,0,0,0,0,0,0,0,0,0,0
120482,1,1,1991,28,28,28,28,28,28,28,28,28,28
120483,1,1,1991,0,0,0,0,0,0,0,0,0,0
120484,1,1,1991,10,12,21,0,23,5,14,15,18,16
120484,2,1,1991,0,0,4,0,0,0,0,0,0,0
120485,1,1,1991,20,20,20,20,20,20,20,20,20,20
120486,0,1,1991,14,14,14,14,14,14,14,14,14,14
120486,1,1,1991,14,0,0,0,15,16,0,0,37,12
120487,0,1,1991,32,32,32,32,32,32,32,32,32,32
120487,1,1,1991,0,0,0,0,0,0,0,0,0,0
120488,1,1,1991,0,0,0,0,0,0,0,0,0,0
120489,1,1,1991,0,0,0,0,0,0,0,0,0,0
120489,2,1,1991,0,23,0,0,0,0,0,29,0,0
120489,3,1,1991,0,5,13,9,0,0,4,0,12,25
120490,0,1,1991,12,0,39,15,0,0,13,0,0,6
120490,1,1,1991,16,15,0,0,33,22,0,4,0,20