ST_CASE,VEH_NO,PER_NO,YEAR,P1,P2,P3,P4,P5,P6,P7,P8,P9,P10
120491,1,1,1991,14,14,14,14,14,14,14,14,14,14
120492,1,1,1991,16,16,16,16,16,16,16,16,16,16
120493,1,1,1991,0,0,25,0,0,0,0,14,0,0
120494,1,1,1991,0,26,0,0,0,0,18,0,25,0
120495,1,1,1991,0,0,0,0,0,0,0,0,0,0
120496,0,1,1991,0,0,0,0,0,0,0,0,0,0
120496,1,1,1991,0,0,5,0,31,0,12,0,0,0
120497,1,1,1991,9,9,9,9,9,9,9,9,9,9
120498,1,1,1991,18,18,18,18,18,18,18,18,18,18
120499,1,1,1991,0,0,0,0,0,0,0,0,0,0
120499,2,1,1991,0,0,0,0,0,0,0,0,0,0
120500,1,1,1991,0,0,0,0,0,0,0,0,0,8
120500,2,1,1991,0,9,0,0,0,0,7,0,0,0
120501,1,1,1991,0,0,0,0,0,0,0,0,0,0
120501,2,1,1991,0,0,0,0,0,0,0,0,0,0
120501,3,1,1991,0,0,0,0,0,0,0,0,0,0
120502,0,1,1991,0,0,0,0,0,0,0,0,0,0
120502,1,1,1991,0,0,0,0,0,0,0,0,0,0
120503,1,1,1991,0,0,0,0,0,0,0,0,0,0
120503,2,1,1991,16,16,16,16,16,16,16,16,16,16
120504,1,1,1991,14,14,14,14,14,14,14,14,14,14
120505,1,1,1991,11,11,11,11,11,11,11,11,11,11
120507,0,1,1991,0,0,0,0,0,0,0,0,0,0
120507,1,1,1991,17,0,0,0,17,0,22,0,0,29
120508,1,1,1991,0,0,0,0,0,0,0,0,0,0
120508,2,1,1991,0,0,0,0,0,0,0,0,0,0
120509,0,1,1991,0,0,0,24,0,0,0,0,0,0
120509,1,1,1991,0,0,0,0,0,0,0,0,0,0
120509,2,1,1991,0,0,8,0,0,0,0,0,0,11
120510,0,1,1991,0,0,0,0,0,0,0,0,0,0
120510,1,1,1991,0,0,0,0,0,0,0,0,0,0
120511,1,1,1991,0,0,0,0,0,0,0,0,0,0
120512,1,1,1991,0,23,0,0,0,0,0,0,0,0
120512,2,1,1991,0,0,0,0,0,16,0,0,0,0
120514,0,1,1991,0,0,0,0,0,0,0,0,0,0
120514,1,1,1991,0,0,0,0,0,0,0,0,0,0
120515,1,1,1991,12,12,12,12,12,12,12,12,12,12
120515,2,1,1991,0,0,0,0,0,9,0,0,0,24
120516,1,1,1991,9,9,9,9,9,9,9,9,9,9
120517,1,1,1991,0,0,0,0,0,0,0,0,0,0
120517,2,1,1991,0,0,0,0,0,40,0,0,0,0
120518,1,1,1991,0,0,0,0,0,0,0,0,0,0
120518,2,1,1991,0,0,0,0,0,0,0,0,0,0
120519,1,1,1991,22,0,0,26,0,30,0,0,10,15
120519,2,1,1991,0,0,10,14,0,0,0,11,0,0
120520,1,1,1991,14,14,14,14,14,14,14,14,14,14
120521,1,1,1991,6,0,0,0,0,0,0,0,0,9
120521,2,1,1991,21,21,21,21,21,21,21,21,21,21
120522,1,1,1991,0,21,0,0,0,0,0,0,0,0
120522,2,1,1991,0,0,0,0,0,0,0,0,0,0
120523,1,1,1991,0,0,0,0,0,0,0,0,0,33
120523,2,1,1991,0,0,0,24,29,0,14,42,0,33
120524,1,1,1991,0,0,0,0,0,0,0,0,0,0
120524,2,1,1991,0,0,0,0,0,0,0,0,0,0
120525,1,1,1991,0,0,0,0,13,11,0,0,0,14
120526,1,1,1991,20,20,20,20,20,20,20,20,20,20
120527,1,1,1991,12,12,12,12,12,12,12,12,12,12
120528,1,1,1991,0,0,0,0,0,0,0,0,0,0
120528,2,1,1991,0,0,0,0,0,0,0,0,0,0
120529,1,1,1991,0,0,0,0,0,0,0,0,0,0
120530,1,1,1991,0,0,0,0,0,0,0,0,0,0
120531,1,1,1991,0,0,0,0,0,0,0,0,0,0
120531,2,1,1991,0,0,0,0,0,0,0,0,0,5
120532,1,1,1991,0,0,0,0,0,0,0,0,0,0
120533,1,1,1991,0,0,0,0,0,0,0,0,0,0
120533,2,1,1991,0,0,0,0,0,0,0,0,0,0
120534,1,1,1991,0,0,0,0,0,0,0,0,0,0
120534,2,1,1991,0,0,0,0,0,0,0,0,0,0
120535,0,1,1991,0,0,0,0,0,0,0,0,0,0
120535,1,1,1991,18,18,18,18,18,18,18,18,18,18
120536,1,1,1991,0,0,0,0,0,0,0,0,0,0
120537,1,1,1991,0,0,0,0,0,0,0,0,14,0
120537,2,1,1991,0,0,0,0,0,0,0,0,0,0
120538,1,1,1991,0,0,0,0,0,0,0,0,0,0
120538,2,1,1991,0,0,0,0,0,0,0,0,0,0
120538,3,1,1991,0,0,0,0,0,0,0,0,0,0
120539,1,1,1991,0,0,0,0,0,0,0,0,0,0
120539,2,1,1991,0,0,0,0,5,0,0,0,0,0
120540,1,1,1991,27,11,12,12,9,11,18,4,12,8
120541,0,1,1991,0,0,0,0,0,0,0,0,0,0
120541,0,2,1991,15,22,42,0,0,0,16,19,0,0
120541,0,3,1991,0,0,17,0,0,0,37,0,0,0
120541,1,1,1991,0,0,0,0,0,9,0,11,0,16
120541,2,1,1991,0,0,0,0,0,0,0,0,0,0
120542,0,1,1991,21,21,21,21,21,21,21,21,21,21
120542,1,1,1991,12,12,12,12,12,12,12,12,12,12
120543,1,1,1991,0,4,0,0,0,0,0,0,0,0
120543,2,1,1991,0,0,0,0,0,0,0,0,0,0
120544,1,1,1991,0,0,0,16,9,24,0,6,17,0
120544,2,1,1991,0,0,0,0,0,0,0,0,0,27
120545,0,1,1991,23,5,24,38,17,0,43,7,15,18
120545,1,1,1991,16,0,0,0,0,0,0,0,0,0
120545,2,1,1991,11,0,0,14,30,0,14,0,17,0
120545,3,1,1991,9,0,0,19,9,0,25,23,12,15
120546,1,1,1991,14,14,14,14,14,14,14,14,14,14
120547,1,1,1991,0,0,0,12,0,0,0,0,19,0
120548,1,1,1991,0,0,0,0,0,0,0,0,0,0
120548,2,1,1991,0,0,0,0,0,0,0,0,0,0
120549,1,1,1991,0,0,18,0,0,0,0,0,10,27
120550,1,1,1991,0,24,31,0,17,29,0,0,19,21
120551,1,1,1991,0,0,0,0,0,0,0,0,0,0
120551,2,1,1991,0,0,0,0,0,0,0,0,0,0
120552,1,1,1991,0,0,0,0,0,0,0,0,0,0
120552,2,1,1991,0,0,0,0,0,0,0,0,0,0
120553,1,1,1991,39,39,39,39,39,39,39,39,39,39
120554,1,1,1991,0,0,0,0,0,0,0,0,0,0
120554,2,1,1991,0,0,0,0,0,0,0,0,0,0
120555,1,1,1991,0,0,0,0,0,0,0,0,0,0
120555,2,1,1991,0,7,0,0,0,0,0,0,0,0
120556,0,1,1991,27,27,27,27,27,27,27,27,27,27
120556,1,1,1991,0,0,0,0,0,0,0,0,0,17
120557,0,1,1991,16,26,26,26,16,22,0,27,21,0
120557,1,1,1991,0,0,0,7,0,0,0,0,0,0
120558,1,1,1991,1,1,1,1,1,1,1,1,1,1
120558,2,1,1991,0,0,0,0,0,0,0,0,0,0
120559,1,1,1991,0,0,0,0,0,0,0,0,0,0
120559,2,1,1991,0,0,0,0,0,0,0,0,0,0
120560,0,1,1991,18,29,40,20,24,17,6,0,9,0
120560,1,1,1991,0,0,0,0,0,0,0,0,0,0
120561,1,1,1991,0,0,0,0,0,0,0,0,18,0
120561,2,1,1991,0,0,0,0,0,0,0,0,0,0
120562,0,1,1991,0,0,0,0,0,0,0,0,0,0
120562,1,1,1991,0,0,0,0,0,0,0,0,0,0
120563,0,1,1991,0,0,0,0,0,0,0,0,0,0
120565,0,1,1991,20,20,20,20,20,20,20,20,20,20
120565,1,1,1991,19,0,0,0,0,9,18,0,0,10
120566,1,1,1991,0,0,0,0,0,0,0,0,0,0
120566,2,1,1991,0,0,0,0,0,0,0,0,0,35
120567,0,1,1991,0,0,0,0,0,0,0,0,0,0
120567,1,1,1991,0,0,0,0,0,0,0,0,0,0
120568,0,1,1991,0,0,0,0,0,0,0,14,0,0
120568,1,1,1991,0,0,0,0,0,0,0,0,0,0
120569,2,1,1991,0,0,0,0,0,0,0,0,0,0
120570,1,1,1991,0,0,0,0,0,0,0,0,0,0
120570,2,1,1991,0,0,0,0,0,0,0,0,0,0
120571,1,2,1991,22,18,15,0,14,20,15,17,13,17
120572,1,1,1991,12,0,0,14,0,0,0,0,0,0
120572,2,1,1991,0,0,0,0,25,0,25,0,0,10
120573,1,1,1991,24,24,24,24,24,24,24,24,24,24
120574,1,1,1991,29,29,29,29,29,29,29,29,29,29
120575,1,1,1991,0,0,0,0,0,0,0,0,0,0
120576,0,1,1991,0,0,0,0,0,0,0,0,0,0
120576,1,1,1991,0,0,0,0,0,0,0,0,0,0
120577,0,1,1991,16,16,16,16,16,16,16,16,16,16
120577,1,1,1991,13,0,16,0,13,0,20,0,0,0
120578,1,1,1991,19,19,19,19,19,19,19,19,19,19
120579,1,1,1991,25,25,25,25,25,25,25,25,25,25
120579,2,1,1991,0,0,0,0,0,0,0,0,0,0
120580,1,1,1991,6,6,6,6,6,6,6,6,6,6
120581,1,1,1991,16,16,16,16,16,16,16,16,16,16
120582,1,1,1991,7,7,7,7,7,7,7,7,7,7
120583,1,1,1991,0,0,0,0,0,0,0,0,0,0
120583,2,1,1991,0,0,0,0,0,0,0,0,0,0
120584,0,1,1991,26,26,26,26,26,26,26,26,26,26
120584,1,1,1991,0,0,0,0,0,0,0,0,0,0
120585,1,1,1991,0,0,0,0,0,0,0,0,0,0
120585,2,1,1991,0,0,27,0,0,0,17,0,0,0
120586,1,1,1991,0,0,0,0,0,0,0,0,0,0
120586,2,1,1991,0,0,0,0,0,0,0,0,0,0
120587,1,1,1991,14,14,14,14,14,14,14,14,14,14
120588,0,1,1991,0,0,0,0,0,0,0,0,0,0
120588,1,1,1991,0,0,0,0,0,0,0,11,0,0
120589,1,1,1991,0,0,22,0,24,0,0,10,5,0
120589,2,1,1991,0,17,11,0,13,0,23,0,0,0
120590,0,1,1991,0,16,0,0,0,0,0,0,0,0
120590,1,1,1991,0,0,0,8,0,0,0,14,0,0
120591,1,1,1991,29,29,29,29,29,29,29,29,29,29
120591,2,1,1991,0,0,0,10,0,14,0,0,0,0
120592,0,1,1991,12,12,12,12,12,12,12,12,12,12
120592,0,2,1991,6,6,6,6,6,6,6,6,6,6
120592,1,1,1991,0,0,0,0,0,0,0,0,0,0
120593,1,1,1991,0,0,0,0,0,24,0,0,0,21
120594,1,1,1991,0,0,0,0,0,0,0,0,0,0
120594,2,1,1991,0,0,22,0,24,10,0,0,0,19
120595,0,1,1991,0,0,0,0,0,0,0,0,0,0
120595,1,1,1991,0,0,21,0,0,0,0,0,0,0
120596,0,1,1991,11,0,21,0,13,0,0,21,18,29
120596,1,1,1991,0,0,0,0,0,0,0,0,0,0
120597,1,1,1991,0,0,0,0,0,0,0,0,0,0
120597,2,1,1991,0,0,0,0,0,0,0,0,0,0
120597,3,1,1991,0,0,0,0,0,0,0,0,0,0
120598,0,1,1991,0,0,0,0,0,0,0,0,0,0
120598,1,1,1991,9,9,9,9,9,9,9,9,9,9
120599,0,1,1991,0,0,0,0,0,0,0,0,0,0
120599,1,1,1991,0,0,0,0,0,0,0,0,0,0
120600,0,1,1991,0,0,0,0,0,0,0,0,0,0
120600,1,1,1991,0,0,0,0,0,0,0,0,0,0
120601,1,1,1991,0,0,0,0,20,6,0,0,0,0
120601,2,1,1991,0,0,0,0,0,0,0,0,0,0
120602,0,1,1991,0,0,0,0,0,0,0,0,0,0
120602,1,1,1991,0,0,0,0,24,0,29,0,0,0
120603,1,1,1991,14,14,14,14,14,14,14,14,14,14
120604,0,1,1991,0,0,0,0,0,0,0,0,0,0
120604,1,1,1991,0,0,0,0,0,0,0,0,0,0
120605,0,1,1991,20,20,20,20,20,20,20,20,20,20
120605,1,1,1991,0,0,0,0,0,0,0,0,0,0
120606,1,1,1991,20,20,20,20,20,20,20,20,20,20
120607,1,1,1991,15,15,15,15,15,15,15,15,15,15
120608,1,1,1991,0,0,0,0,0,0,0,0,0,0
120609,0,1,1991,7,7,7,7,7,7,7,7,7,7
120609,1,1,1991,8,8,8,8,8,8,8,8,8,8
120610,0,1,1991,11,33,9,22,33,21,27,30,10,27
120610,1,1,1991,15,15,15,15,15,15,15,15,15,15
120611,0,1,1991,0,0,0,0,0,0,0,0,0,0
120611,1,1,1991,0,0,0,0,0,0,0,0,0,0
120612,0,2,1991,0,0,0,0,0,0,0,0,0,0
120612,1,1,1991,0,0,0,0,0,0,0,0,0,0
120613,1,1,1991,0,0,0,0,0,0,0,0,0,0
120614,0,1,1991,0,0,0,0,0,0,0,0,0,0
120614,1,1,1991,0,0,0,0,9,0,13,0,0,0
120615,1,1,1991,12,0,0,0,0,11,11,0,0,5
120615,2,1,1991,0,0,0,0,0,0,0,0,0,39
120616,1,1,1991,19,19,19,19,19,19,19,19,19,19
120616,2,1,1991,14,0,0,0,0,13,0,0,0,0
120616,3,1,1991,0,0,0,0,0,0,0,0,0,0
120617,0,1,1991,13,13,13,13,13,13,13,13,13,13
120617,1,1,1991,14,14,14,14,14,14,14,14,14,14
120618,0,1,1991,0,0,0,0,0,0,0,0,0,0
120618,1,1,1991,15,13,4,0,10,16,20,20,14,53
120619,1,1,1991,8,8,8,8,8,8,8,8,8,8
120619,2,1,1991,0,0,0,44,0,18,0,0,0,0
120620,1,1,1991,14,14,14,14,14,14,14,14,14,14
120621,1,1,1991,25,25,25,25,25,25,25,25,25,25
120623,0,1,1991,28,28,28,28,28,28,28,28,28,28
120623,1,1,1991,19,0,0,7,21,10,2,17,31,15
120624,1,1,1991,24,24,24,24,24,24,24,24,24,24
120625,0,1,1991,17,17,17,17,17,17,17,17,17,17
120625,1,1,1991,0,0,0,0,0,0,0,0,0,0
120626,1,1,1991,0,0,0,0,0,0,0,0,0,0
120627,1,1,1991,0,0,0,0,0,0,0,0,0,0
120627,2,1,1991,0,0,0,0,0,0,0,0,0,0
120628,0,1,1991,0,0,0,0,0,0,0,0,0,0
120628,1,1,1991,0,0,0,0,0,0,0,0,0,0
120629,1,1,1991,0,0,0,0,0,0,0,0,0,0
120630,0,1,1991,0,0,0,0,0,0,20,0,0,0
120630,1,1,1991,0,0,0,0,0,8,0,0,0,0
120631,1,1,1991,0,0,0,0,0,0,0,0,0,0
120631,2,1,1991,0,0,0,0,0,0,0,0,0,0
120632,0,1,1991,0,0,0,0,0,0,0,0,0,0
120633,1,1,1991,0,0,0,0,0,0,0,0,0,0
120633,2,1,1991,0,0,0,0,0,0,0,0,0,0
120634,1,1,1991,15,15,15,15,15,15,15,15,15,15
120634,2,1,1991,0,0,0,0,0,0,0,0,0,0
120635,1,1,1991,0,0,0,0,0,0,0,0,0,0
120635,2,1,1991,0,0,0,0,0,0,0,0,0,0
120636,1,1,1991,31,31,31,31,31,31,31,31,31,31
120637,1,1,1991,11,13,8,8,21,9,19,0,0,20
120637,2,1,1991,0,0,0,0,0,0,0,0,0,0
120638,1,1,1991,4,0,0,0,0,0,17,0,0,0
120638,2,1,1991,0,0,0,0,0,0,0,0,21,0
120639,1,1,1991,2,2,2,2,2,2,2,2,2,2
120639,2,1,1991,0,0,0,0,0,0,0,0,0,0
120640,1,1,1991,0,0,0,0,0,0,0,0,0,0
120640,2,1,1991,0,0,0,0,0,0,0,0,0,0
120641,1,1,1991,13,0,0,0,0,0,0,0,0,0
120641,2,1,1991,0,0,0,0,0,0,0,0,0,0
120642,1,1,1991,29,29,29,29,29,29,29,29,29,29
120644,1,1,1991,0,0,0,0,0,0,0,0,0,0
120644,2,1,1991,0,0,0,0,0,0,6,0,0,0
120645,1,1,1991,20,20,20,20,20,20,20,20,20,20
120646,1,1,1991,0,0,0,0,0,0,0,0,0,0
120646,2,1,1991,0,0,0,0,0,0,0,0,0,0
120647,1,1,1991,0,0,0,0,0,0,0,0,0,0
120648,1,1,1991,0,0,17,0,0,9,0,0,0,0
120649,1,1,1991,2,2,2,2,2,2,2,2,2,2
120650,1,1,1991,20,20,20,20,20,20,20,20,20,20
120650,2,1,1991,0,0,0,0,0,0,0,0,0,0
120651,0,1,1991,18,18,18,18,18,18,18,18,18,18
120651,1,1,1991,10,10,10,10,10,10,10,10,10,10
120652,1,1,1991,23,23,23,23,23,23,23,23,23,23
120653,1,1,1991,0,0,0,0,0,0,0,0,0,0
120654,1,1,1991,0,0,0,0,0,0,0,0,0,0
120654,2,1,1991,0,0,0,0,0,0,0,0,3,0
120655,0,1,1991,0,5,0,0,13,0,26,12,0,11
120655,1,1,1991,0,0,0,0,0,0,0,0,0,0
120656,0,1,1991,17,17,17,17,17,17,17,17,17,17
120656,1,1,1991,0,0,0,0,13,0,0,0,0,0
120657,1,1,1991,20,20,20,20,20,20,20,20,20,20
120658,1,1,1991,11,11,11,11,11,11,11,11,11,11
120659,0,1,1991,0,0,0,8,0,0,0,0,5,13
120659,1,1,1991,20,21,27,12,24,11,8,17,0,0
120660,0,1,1991,17,17,17,17,17,17,17,17,17,17
120660,1,1,1991,0,0,0,0,2,0,0,0,0,0
120661,0,1,1991,0,0,0,0,0,13,0,0,0,0
120661,1,1,1991,0,0,0,0,0,0,0,0,0,0
120662,1,1,1991,0,0,0,0,0,0,0,0,0,0
120662,2,1,1991,0,0,0,0,0,0,0,0,0,0
120663,1,1,1991,0,0,0,0,0,0,0,0,0,0
120663,2,1,1991,0,0,0,0,0,0,0,0,0,0
120664,1,1,1991,19,19,19,19,19,19,19,19,19,19
120665,0,1,1991,8,8,8,8,8,8,8,8,8,8
120665,1,1,1991,7,7,7,7,7,7,7,7,7,7
120666,1,1,1991,0,0,0,0,0,0,0,0,0,0
120667,1,1,1991,0,0,0,13,0,0,0,0,0,19
120667,2,1,1991,0,0,0,0,0,0,0,0,0,0
120668,1,1,1991,28,28,28,28,28,28,28,28,28,28
120668,2,1,1991,0,0,0,0,0,0,0,0,0,0
120668,3,1,1991,0,0,0,0,0,0,0,0,0,0
120669,1,1,1991,0,0,0,0,0,0,0,0,0,0
120670,1,1,1991,0,0,0,12,0,0,0,0,0,12
120671,1,1,1991,0,0,0,0,0,0,0,0,0,0
120671,2,1,1991,0,0,0,0,0,0,0,0,0,0
120672,1,1,1991,0,0,0,14,0,0,0,0,0,0
120672,2,1,1991,0,0,0,0,0,0,0,0,0,0
120673,1,1,1991,0,4,0,0,0,20,0,0,0,0
120674,0,1,1991,0,0,0,0,0,0,0,0,0,0
120674,1,1,1991,0,0,0,0,0,0,0,0,0,0
120675,0,1,1991,18,18,18,18,18,18,18,18,18,18
120675,1,1,1991,0,0,0,0,0,0,0,0,0,0
120676,1,1,1991,0,0,0,25,0,0,0,0,0,0
120676,2,1,1991,0,0,0,0,0,0,0,0,0,0
120677,0,1,1991,9,13,0,0,19,28,17,23,6,20
120677,1,1,1991,6,19,0,19,15,0,0,11,8,0
120678,1,1,1991,7,7,7,7,7,7,7,7,7,7
120678,2,1,1991,0,0,21,0,14,19,10,0,0,0
120679,1,1,1991,18,18,18,18,18,18,18,18,18,18
120680,1,1,1991,14,14,14,14,14,14,14,14,14,14
120680,2,1,1991,15,15,15,15,15,15,15,15,15,15
120680,3,1,1991,0,0,0,0,0,0,0,0,0,0
120681,1,1,1991,10,43,21,41,25,21,27,19,20,30
120682,1,1,1991,49,49,49,49,49,49,49,49,49,49
120682,2,1,1991,0,0,0,0,0,0,0,0,0,0
120683,1,1,1991,0,0,24,0,14,12,0,11,0,0
120684,1,1,1991,6,6,6,6,6,6,6,6,6,6
120685,1,1,1991,4,4,4,4,4,4,4,4,4,4
120686,1,1,1991,0,0,0,0,0,0,15,0,0,0
120687,1,1,1991,23,20,0,0,7,19,32,5,20,14
120687,2,1,1991,0,0,0,0,0,0,0,0,0,0
120688,0,1,1991,39,22,28,24,13,14,6,20,20,24
120688,1,1,1991,0,0,0,0,0,0,0,0,0,0
120689,1,1,1991,12,12,12,12,12,12,12,12,12,12
120689,2,1,1991,0,0,0,0,0,0,0,0,0,0
120690,1,1,1991,0,0,0,10,0,0,0,0,0,0
120690,2,1,1991,0,0,0,0,0,0,0,0,0,0
120691,1,1,1991,0,0,0,0,0,0,0,0,0,0
120691,2,1,1991,0,0,0,0,0,0,0,0,0,0
120692,0,1,1991,0,0,0,0,0,0,0,0,0,0
120692,1,1,1991,0,0,0,0,0,0,0,0,0,4
120693,1,1,1991,1,1,1,1,1,1,1,1,1,1
120693,2,1,1991,1,1,1,1,1,1,1,1,1,1
120694,1,1,1991,11,11,11,11,11,11,11,11,11,11
120694,2,1,1991,22,22,22,22,22,22,22,22,22,22
120695,1,1,1991,27,27,27,27,27,27,27,27,27,27
120695,2,1,1991,11,11,11,11,11,11,11,11,11,11
120696,1,1,1991,0,0,0,0,0,0,0,0,0,0
120697,1,1,1991,0,0,0,0,0,0,0,0,0,0
120697,2,1,1991,0,0,0,0,0,0,0,0,0,0
120698,1,1,1991,13,13,13,13,13,13,13,13,13,13
120698,2,1,1991,10,10,10,10,10,10,10,10,10,10
120699,1,1,1991,0,0,0,0,0,0,0,0,0,0
120699,2,1,1991,0,0,0,0,0,0,0,0,0,0
120700,1,1,1991,32,32,32,32,32,32,32,32,32,32
120700,2,1,1991,0,0,0,7,0,0,0,3,0,0
120701,1,1,1991,0,0,0,0,0,0,0,0,0,0
120702,1,1,1991,33,6,30,9,4,21,15,31,17,16
120703,1,1,1991,0,0,0,0,0,0,0,0,0,0
120703,2,1,1991,0,0,0,0,0,0,0,0,0,0
120704,0,1,1991,37,37,37,37,37,37,37,37,37,37
120704,1,1,1991,0,0,0,0,0,0,0,0,0,0
120705,1,1,1991,1,1,1,1,1,1,1,1,1,1
120706,1,1,1991,9,9,9,9,9,9,9,9,9,9
120707,1,1,1991,20,20,20,20,20,20,20,20,20,20
120708,1,1,1991,0,25,7,0,0,0,0,0,0,0
120709,0,1,1991,0,0,0,0,0,0,0,0,0,0
120709,1,1,1991,0,0,0,0,0,0,0,0,0,0
120710,1,1,1991,2,2,2,2,2,2,2,2,2,2
120710,2,1,1991,17,17,17,17,17,17,17,17,17,17
120711,0,1,1991,0,0,0,0,0,0,0,0,0,0
120711,1,1,1991,0,0,0,0,0,0,0,0,0,0
120712,1,1,1991,0,0,0,0,0,0,0,0,20,7
120712,2,1,1991,0,0,0,0,0,0,0,0,0,0
120713,0,1,1991,38,38,38,38,38,38,38,38,38,38
120713,1,1,1991,29,3,2,16,37,10,18,0,25,21
120714,1,1,1991,0,0,0,0,0,0,0,0,0,0
120714,2,1,1991,0,0,0,0,0,0,0,0,0,0
120715,1,1,1991,0,0,0,0,0,0,0,0,0,0
120715,2,1,1991,3,0,0,0,0,0,0,0,0,0
120716,1,1,1991,17,17,17,17,17,17,17,17,17,17
120717,1,1,1991,0,0,0,0,0,0,0,0,0,0
120717,2,1,1991,0,0,0,0,0,0,0,0,0,0
120718,1,1,1991,0,0,0,0,0,0,0,0,0,0
120718,2,1,1991,0,0,0,0,0,0,0,0,0,0
120719,1,1,1991,0,0,0,0,0,0,0,0,0,0
120719,2,1,1991,0,0,0,0,0,0,0,0,0,0
120719,3,1,1991,0,0,0,0,0,0,0,0,0,0
120720,1,2,1991,0,0,0,21,14,4,0,8,19,0
120721,1,1,1991,0,0,0,0,0,0,0,0,0,0
120721,2,1,1991,0,0,0,0,0,0,0,0,0,0
120722,1,1,1991,0,0,0,0,0,12,0,0,0,0
120722,2,1,1991,0,0,0,0,0,0,0,0,0,0
120722,3,1,1991,0,0,0,0,0,0,0,0,0,0
120723,1,1,1991,0,0,0,0,0,0,0,0,0,0
120723,2,1,1991,0,0,13,0,0,0,0,0,0,0
120724,1,1,1991,16,16,16,16,16,16,16,16,16,16
120724,2,1,1991,0,0,14,0,10,0,0,0,0,0
120724,3,1,1991,0,0,0,0,0,8,0,0,0,0
120725,1,1,1991,0,0,0,0,0,0,0,0,0,0
120725,2,1,1991,2,2,2,2,2,2,2,2,2,2
120726,1,1,1991,0,0,0,0,0,0,0,0,0,0
120726,2,1,1991,0,0,0,0,0,0,0,0,0,0
120727,1,1,1991,0,0,0,0,0,0,0,0,0,0
120727,2,1,1991,0,0,0,0,0,0,0,0,0,0
120728,1,1,1991,0,0,0,0,15,0,0,0,0,0
120728,2,1,1991,7,7,7,7,7,7,7,7,7,7
120729,1,1,1991,13,13,13,13,13,13,13,13,13,13
120730,1,1,1991,0,0,0,0,0,0,0,0,0,0
120731,1,1,1991,10,10,10,10,10,10,10,10,10,10
120731,2,1,1991,0,0,0,0,0,0,0,0,0,0
120732,1,1,1991,0,0,0,0,0,0,0,0,0,0
120732,2,1,1991,0,0,0,0,0,0,0,0,0,0
120733,1,1,1991,11,11,11,11,11,11,11,11,11,11
120733,2,1,1991,0,24,0,0,0,0,0,0,0,0
120734,1,1,1991,0,0,0,0,0,0,0,0,0,0
120734,2,1,1991,9,9,9,9,9,9,9,9,9,9
120735,1,1,1991,0,0,0,0,0,0,0,0,0,0
120735,2,1,1991,0,0,0,0,0,0,0,0,0,0
120736,1,1,1991,7,7,7,7,7,7,7,7,7,7
120737,0,1,1991,24,24,24,24,24,24,24,24,24,24
120737,1,1,1991,7,7,7,7,7,7,7,7,7,7
120738,1,1,1991,15,15,15,15,15,15,15,15,15,15
120739,1,1,1991,18,10,21,17,31,2,12,17,8,26
120740,0,1,1991,0,0,0,0,0,0,0,0,0,0
120740,0,2,1991,0,0,0,0,0,0,0,0,0,0
120740,1,1,1991,9,9,9,9,9,9,9,9,9,9
120741,0,1,1991,0,0,0,0,0,0,0,0,0,16
120741,1,1,1991,0,0,0,9,0,0,0,0,0,0
120742,0,1,1991,0,19,0,0,0,0,0,0,0,0
120742,1,1,1991,0,0,0,0,0,0,0,0,0,0
120743,1,1,1991,0,0,0,0,0,0,0,0,15,0
120743,2,1,1991,0,0,0,0,0,0,0,0,0,0
120744,0,1,1991,15,43,29,28,11,17,27,20,10,48
120744,1,1,1991,15,15,15,15,15,15,15,15,15,15
120745,0,1,1991,0,0,0,0,0,0,0,0,0,0
120745,1,1,1991,0,0,0,0,0,0,0,0,0,0
120746,0,1,1991,0,0,0,0,0,0,0,0,0,0
120746,1,1,1991,0,0,0,0,0,0,0,0,0,0
120747,0,1,1991,0,0,0,0,0,0,0,0,0,0
120747,1,1,1991,0,0,0,0,0,0,0,0,0,0
120748,1,1,1991,0,0,0,0,0,0,0,0,0,0
120748,2,1,1991,8,0,0,0,4,0,19,0,0,13
120748,3,1,1991,17,17,17,17,17,17,17,17,17,17
120749,0,1,1991,0,0,0,0,0,0,0,0,0,0
120749,1,1,1991,0,0,0,0,0,0,0,0,0,0
120750,1,1,1991,0,0,0,0,0,0,0,0,0,0
120750,2,1,1991,0,10,0,0,0,0,0,0,0,0
120751,1,1,1991,11,11,11,11,11,11,11,11,11,11
120752,1,1,1991,27,27,27,27,27,27,27,27,27,27
120752,2,1,1991,4,4,4,4,4,4,4,4,4,4
120754,1,1,1991,0,0,0,0,0,0,0,0,0,0
120754,2,1,1991,0,0,0,0,0,0,0,0,0,0
120755,1,1,1991,0,0,17,0,0,0,21,8,9,0
120755,2,1,1991,0,0,19,8,0,0,18,0,11,0
120756,1,1,1991,28,22,0,25,0,0,14,0,0,14
120757,0,1,1991,10,0,0,0,0,0,0,0,0,0
120757,1,1,1991,9,0,0,0,0,0,0,0,0,0
120758,1,1,1991,0,0,0,0,0,0,0,0,0,0
120758,2,1,1991,0,0,0,0,0,0,0,0,0,0
120759,1,1,1991,29,26,13,12,0,0,20,0,0,0
120760,0,1,1991,0,0,0,0,0,0,0,0,0,0
120760,1,1,1991,0,0,0,0,0,0,0,0,0,0
120761,1,1,1991,0,0,33,0,0,0,15,0,0,0
120761,2,1,1991,0,0,0,0,0,0,0,0,0,0
120761,3,1,1991,0,0,0,0,0,0,0,0,0,0
120761,4,1,1991,0,15,0,0,0,17,0,0,0,0