ST_CASE,VEH_NO,PER_NO,YEAR,P1,P2,P3,P4,P5,P6,P7,P8,P9,P10
120762,1,1,1991,0,0,0,0,0,0,0,0,0,0
120762,2,1,1991,0,0,0,0,0,0,0,0,0,0
120763,1,1,1991,0,0,0,0,0,0,0,0,0,0
120764,1,1,1991,0,0,0,0,0,0,0,0,0,0
120764,2,1,1991,0,0,0,0,0,0,0,0,0,0
120765,1,1,1991,0,0,0,10,0,0,0,0,0,0
120765,2,1,1991,0,0,0,0,0,0,0,0,0,0
120766,1,1,1991,0,0,0,0,0,0,0,0,0,0
120767,1,1,1991,18,18,18,18,18,18,18,18,18,18
120768,1,1,1991,0,0,0,0,0,0,0,0,0,0
120768,2,1,1991,0,0,0,0,0,0,0,0,0,0
120769,0,1,1991,21,21,21,21,21,21,21,21,21,21
120769,1,1,1991,0,0,0,0,18,0,0,0,0,0
120770,1,1,1991,22,22,22,22,22,22,22,22,22,22
120770,2,1,1991,0,0,0,0,0,0,0,0,0,0
120771,1,1,1991,2,2,2,2,2,2,2,2,2,2
120771,2,1,1991,0,0,0,0,0,0,0,0,0,0
120772,1,1,1991,0,0,0,13,0,0,0,13,0,0
120773,1,1,1991,0,0,0,0,0,0,0,0,0,0
120773,2,1,1991,0,0,0,0,0,0,0,0,0,0
120774,1,1,1991,16,16,16,16,16,16,16,16,16,16
120775,1,1,1991,0,0,0,0,0,0,0,0,0,0
120776,1,1,1991,0,0,0,0,0,0,0,0,0,0
120776,2,1,1991,0,0,0,0,0,0,0,16,0,0
120777,0,1,1991,3,3,3,3,3,3,3,3,3,3
120777,1,1,1991,0,0,0,0,0,0,0,0,4,0
120778,1,1,1991,0,0,0,0,0,0,0,0,0,0
120778,2,1,1991,9,0,12,0,10,0,0,0,0,0
120779,1,1,1991,11,11,11,11,11,11,11,11,11,11
120779,2,1,1991,0,0,0,0,0,0,0,0,0,0
120780,1,1,1991,0,0,0,0,0,0,0,0,0,0
120780,2,1,1991,0,0,0,0,0,0,0,0,0,0
120780,3,1,1991,0,0,0,0,0,0,0,0,0,0
120781,1,1,1991,0,0,0,0,0,0,0,0,0,0
120781,2,1,1991,0,0,0,0,0,0,0,0,7,0
120782,1,1,1991,0,0,0,0,0,0,0,11,0,0
120782,2,1,1991,0,0,0,0,0,0,0,0,0,0
120783,0,1,1991,24,24,24,24,24,24,24,24,24,24
120783,1,1,1991,16,16,16,16,16,16,16,16,16,16
120784,1,1,1991,0,14,20,20,35,13,0,7,22,16
120785,1,1,1991,11,11,11,11,11,11,11,11,11,11
120786,1,1,1991,0,0,0,0,0,0,0,0,0,0
120787,1,1,1991,0,15,0,0,0,16,0,0,0,0
120787,2,1,1991,0,0,0,0,0,0,0,0,0,0
120787,3,1,1991,0,0,0,0,0,0,0,0,0,0
120787,4,1,1991,0,0,0,0,0,0,0,0,0,0
120788,1,1,1991,0,0,0,0,0,0,0,0,0,0
120789,1,1,1991,0,0,0,0,0,0,0,0,0,0
120789,2,1,1991,0,0,0,0,0,0,0,0,0,0
120789,3,1,1991,0,0,0,0,0,0,0,0,0,0
120790,1,1,1991,0,0,0,14,0,0,0,0,0,0
120790,2,1,1991,0,0,0,0,0,0,0,0,0,0
120790,3,1,1991,0,0,0,0,12,0,0,0,0,0
120790,4,1,1991,0,0,0,0,0,0,0,0,0,0
120790,5,1,1991,0,0,0,0,0,0,0,0,0,0
120791,1,1,1991,8,8,8,8,8,8,8,8,8,8
120792,0,1,1991,0,0,0,0,0,0,0,0,0,0
120792,1,1,1991,0,0,0,0,0,0,0,0,0,0
120792,2,1,1991,0,0,0,0,0,0,0,0,0,0
120792,3,1,1991,0,0,0,0,0,0,0,0,0,0
120792,4,1,1991,0,0,0,17,0,0,0,0,0,0
120794,1,1,1991,15,15,15,15,15,15,15,15,15,15
120794,2,1,1991,0,0,0,0,0,0,0,0,0,0
120795,1,1,1991,0,0,9,0,0,0,0,0,0,0
120795,2,1,1991,26,0,13,0,24,0,0,0,0,7
120796,1,1,1991,10,10,10,10,10,10,10,10,10,10
120796,2,1,1991,20,20,20,20,20,20,20,20,20,20
120797,1,1,1991,9,9,9,9,9,9,9,9,9,9
120798,0,1,1991,12,12,12,12,12,12,12,12,12,12
120798,1,1,1991,16,16,16,16,16,16,16,16,16,16
120799,1,1,1991,22,22,22,22,22,22,22,22,22,22
120799,2,1,1991,0,0,0,0,0,0,0,0,0,0
120800,1,1,1991,0,0,0,0,0,39,0,0,0,0
120800,2,1,1991,0,0,0,0,0,0,0,0,0,0
120801,1,1,1991,0,0,0,0,0,0,0,0,0,0
120801,2,1,1991,0,0,0,0,8,0,0,0,0,0
120802,1,1,1991,0,0,0,0,0,0,0,0,0,0
120802,2,1,1991,0,0,0,0,0,0,0,0,0,0
120803,1,1,1991,29,29,29,29,29,29,29,29,29,29
120803,2,1,1991,0,0,0,0,0,0,0,0,0,0
120804,1,1,1991,0,0,0,0,0,0,0,0,0,0
120804,2,1,1991,0,0,0,0,0,0,0,0,0,0
120804,3,1,1991,0,0,0,0,0,0,0,0,0,0
120805,1,1,1991,7,7,7,7,7,7,7,7,7,7
120805,2,1,1991,0,0,0,0,0,0,0,0,0,0
120806,1,1,1991,0,0,0,0,0,0,0,0,0,0
120806,2,1,1991,0,0,0,0,0,0,0,0,0,0
120807,0,1,1991,26,26,26,26,26,26,26,26,26,26
120807,1,1,1991,0,0,0,0,0,0,0,0,0,0
120808,1,1,1991,0,0,0,0,0,0,0,0,0,0
120808,2,1,1991,0,0,0,0,0,0,0,0,0,0
120808,3,1,1991,0,0,0,0,0,12,0,0,0,0
120809,1,1,1991,4,4,4,4,4,4,4,4,4,4
120809,2,1,1991,0,0,0,0,0,0,0,0,0,14
120809,3,1,1991,0,0,0,0,0,0,0,0,0,0
120810,1,1,1991,0,0,0,0,0,13,0,0,0,0
120810,2,1,1991,0,0,0,0,0,0,0,0,0,0
120811,1,1,1991,36,36,36,36,36,36,36,36,36,36
120812,0,1,1991,21,21,21,21,21,21,21,21,21,21
120812,1,1,1991,11,0,2,0,16,13,0,0,0,11
120813,1,1,1991,12,12,12,12,12,12,12,12,12,12
120815,1,1,1991,0,0,0,0,0,0,0,0,0,0
120815,2,1,1991,0,0,0,0,0,0,0,0,0,0
120816,1,1,1991,0,0,0,0,0,0,0,0,0,0
120816,2,1,1991,0,0,0,0,0,0,0,0,0,0
120816,3,1,1991,0,0,0,0,0,0,0,0,0,0
120817,1,1,1991,17,17,17,17,17,17,17,17,17,17
120819,0,1,1991,18,18,18,18,18,18,18,18,18,18
120819,1,1,1991,0,0,0,0,0,0,0,0,0,0
120820,1,1,1991,24,24,24,24,24,24,24,24,24,24
120821,1,1,1991,40,40,40,40,40,40,40,40,40,40
120822,1,1,1991,0,0,0,0,0,0,0,0,0,0
120823,0,1,1991,0,0,0,0,0,0,0,0,0,0
120823,1,1,1991,0,0,0,0,0,0,0,0,0,0
120823,2,1,1991,0,0,0,0,0,0,0,0,0,0
120824,0,1,1991,0,0,0,0,0,0,0,0,0,0
120824,1,1,1991,0,0,0,0,0,0,0,0,0,0
120825,1,1,1991,0,0,0,0,0,0,0,0,0,0
120825,2,1,1991,0,0,0,0,0,0,0,0,0,0
120826,1,1,1991,0,0,0,0,0,0,0,0,0,0
120827,1,1,1991,6,6,6,6,6,6,6,6,6,6
120828,1,1,1991,12,12,12,12,12,12,12,12,12,12
120828,2,1,1991,2,2,2,2,2,2,2,2,2,2
120829,1,1,1991,26,26,26,26,26,26,26,26,26,26
120830,1,1,1991,0,0,0,0,0,0,0,0,0,0
120830,2,1,1991,0,0,0,0,0,0,0,0,0,0
120831,0,1,1991,7,7,7,7,7,7,7,7,7,7
120831,1,1,1991,0,0,0,0,21,15,0,14,0,0
120832,1,1,1991,36,36,36,36,36,36,36,36,36,36
120833,1,1,1991,0,0,0,0,7,0,0,0,0,0
120833,2,1,1991,0,0,0,0,0,0,0,0,0,0
120834,1,1,1991,0,0,0,0,0,0,0,0,0,0
120834,2,1,1991,0,9,0,0,0,0,11,20,0,0
120835,1,1,1991,0,0,0,0,0,0,0,0,10,0
120835,2,1,1991,0,0,0,0,0,0,0,0,0,0
120836,0,1,1991,34,34,34,34,34,34,34,34,34,34
120836,1,1,1991,0,0,0,0,0,0,0,0,0,0
120837,0,1,1991,0,15,0,31,47,23,0,55,0,8
120837,1,1,1991,0,0,3,0,0,0,0,0,0,0
120838,1,1,1991,7,7,7,7,7,7,7,7,7,7
120838,2,1,1991,0,0,0,0,0,0,0,0,0,0
120839,1,1,1991,0,0,0,0,0,0,0,0,0,0
120839,2,1,1991,0,0,0,0,0,0,0,0,0,0
120839,3,1,1991,0,0,0,0,0,0,0,0,0,0
120840,1,1,1991,0,0,0,0,0,0,0,0,0,0
120841,1,1,1991,45,0,0,0,0,0,0,0,6,28
120842,1,1,1991,0,0,0,4,0,0,0,0,0,0
120842,2,1,1991,0,0,0,0,0,0,0,0,0,0
120843,1,1,1991,3,3,3,3,3,3,3,3,3,3
120843,2,1,1991,0,0,0,0,0,0,0,0,0,0
120843,3,1,1991,2,2,2,2,2,2,2,2,2,2
120844,1,1,1991,0,0,0,0,0,0,0,0,0,0
120844,2,1,1991,0,0,0,0,0,0,0,0,0,0
120844,3,1,1991,0,0,0,0,0,0,0,0,0,0
120845,1,1,1991,0,9,0,14,0,0,0,0,21,0
120845,2,1,1991,28,0,0,18,22,0,21,9,16,0
120846,0,1,1991,0,0,0,0,0,0,0,0,0,0
120846,1,1,1991,0,16,9,17,5,14,7,8,8,0
120847,1,1,1991,0,0,0,0,0,0,0,0,0,0
120847,2,1,1991,0,0,0,0,0,0,14,0,0,0
120848,1,1,1991,0,16,0,7,0,11,0,9,0,13
120848,2,1,1991,0,0,0,0,0,0,0,0,0,0
120848,3,1,1991,13,0,0,0,0,0,0,14,0,0
120849,1,1,1991,0,0,0,0,0,0,0,0,0,0
120850,1,1,1991,24,24,24,24,24,24,24,24,24,24
120850,2,1,1991,2,2,2,2,2,2,2,2,2,2
120851,1,1,1991,0,0,0,0,0,0,0,0,0,0
120852,1,1,1991,26,21,23,0,21,0,0,0,13,0
120853,1,1,1991,29,29,29,29,29,29,29,29,29,29
120854,1,1,1991,24,0,0,0,0,0,15,0,0,0
120855,1,1,1991,30,30,30,30,30,30,30,30,30,30
120856,1,1,1991,0,0,0,0,0,0,0,0,0,0
120857,1,1,1991,16,0,9,0,19,12,0,0,0,20
120858,1,1,1991,15,15,15,15,15,15,15,15,15,15
120858,2,1,1991,0,0,0,0,0,0,0,0,0,0
120859,1,1,1991,22,22,22,22,22,22,22,22,22,22
120860,1,1,1991,0,0,27,0,20,0,0,22,0,0
120861,1,1,1991,13,13,13,13,13,13,13,13,13,13
120862,1,1,1991,27,27,27,27,27,27,27,27,27,27
120863,1,1,1991,17,17,17,17,17,17,17,17,17,17
120863,2,1,1991,9,9,9,9,9,9,9,9,9,9
120863,3,1,1991,0,0,0,0,0,0,0,7,0,0
120864,1,1,1991,13,13,13,13,13,13,13,13,13,13
120864,2,1,1991,2,2,2,2,2,2,2,2,2,2
120865,1,1,1991,20,20,20,20,20,20,20,20,20,20
120865,2,1,1991,0,0,0,0,0,0,0,0,0,0
120866,1,1,1991,0,0,0,0,0,0,0,0,0,0
120867,1,1,1991,16,0,22,0,21,0,0,9,7,18
120868,1,1,1991,8,8,8,8,8,8,8,8,8,8
120868,2,1,1991,4,0,0,0,0,0,0,0,16,0
120869,1,1,1991,0,0,0,0,0,0,0,0,0,17
120869,2,1,1991,7,7,7,7,7,7,7,7,7,7
120870,0,1,1991,26,29,25,0,20,0,0,0,15,2
120870,1,1,1991,0,0,0,0,8,8,16,0,0,0
120871,1,1,1991,20,20,20,20,20,20,20,20,20,20
120872,0,1,1991,32,32,32,32,32,32,32,32,32,32
120872,1,1,1991,0,0,0,0,0,0,0,0,0,0
120873,1,1,1991,0,0,0,0,0,0,0,0,0,0
120873,2,1,1991,0,0,0,0,0,11,0,0,0,0
120874,1,1,1991,0,0,0,0,0,0,0,0,0,0
120874,2,1,1991,0,0,0,0,0,0,0,9,0,0
120875,0,1,1991,39,39,39,39,39,39,39,39,39,39
120875,1,1,1991,14,14,14,14,14,14,14,14,14,14
120876,0,1,1991,21,21,21,21,21,21,21,21,21,21
120876,1,1,1991,0,0,0,0,0,0,0,0,0,0
120877,1,1,1991,0,0,0,0,0,0,13,0,0,0
120877,2,1,1991,23,23,23,23,23,23,23,23,23,23
120878,1,1,1991,0,0,0,0,0,0,0,0,0,0
120878,2,1,1991,14,0,0,0,0,0,0,0,0,0
120879,0,1,1991,0,28,0,9,35,17,0,0,12,0
120879,1,1,1991,0,0,0,0,0,0,0,0,0,0
120879,2,1,1991,0,0,0,0,9,20,17,0,0,0
120880,0,1,1991,15,22,23,11,0,12,0,23,39,0
120880,1,1,1991,0,0,0,0,13,0,0,0,25,13
120881,0,1,1991,14,14,14,14,14,14,14,14,14,14
120881,1,1,1991,0,6,0,0,22,0,19,0,0,0
120882,0,1,1991,0,0,0,0,0,0,0,0,0,0
120882,1,1,1991,0,0,0,0,0,24,10,13,6,0
120882,2,1,1991,11,0,0,0,0,0,0,0,0,0
120882,3,1,1991,0,0,0,0,0,0,0,0,0,0
120883,1,1,1991,0,0,0,0,0,0,0,0,0,0
120884,1,1,1991,18,18,18,18,18,18,18,18,18,18
120885,0,1,1991,0,0,0,0,0,0,0,0,0,0
120885,1,1,1991,0,0,0,0,0,0,0,0,0,0
120886,1,1,1991,0,0,0,0,0,0,0,0,0,0
120887,0,1,1991,32,32,32,32,32,32,32,32,32,32
120887,1,1,1991,14,14,14,14,14,14,14,14,14,14
120888,1,1,1991,0,0,0,13,0,0,0,0,0,0
120888,2,1,1991,0,0,0,0,0,0,0,0,0,0
120889,1,1,1991,13,13,13,13,13,13,13,13,13,13
120890,0,1,1991,0,0,0,0,0,0,0,0,0,0
120890,1,1,1991,0,0,0,0,0,0,0,0,0,0
120891,1,1,1991,0,0,0,0,0,0,0,0,0,0
120891,2,1,1991,0,25,0,0,0,0,0,0,0,0
120892,1,1,1991,13,13,13,13,13,13,13,13,13,13
120892,2,1,1991,0,0,10,0,0,0,0,0,0,0
120892,3,1,1991,0,0,0,0,0,0,0,0,0,0
120892,4,1,1991,0,0,0,0,0,0,0,0,0,0
120892,5,1,1991,0,0,0,0,0,0,0,0,0,0
120893,1,1,1991,3,3,3,3,3,3,3,3,3,3
120894,1,1,1991,0,0,0,0,0,0,0,0,0,0
120894,2,1,1991,0,0,0,0,19,19,0,0,0,0
120895,1,1,1991,27,27,27,27,27,27,27,27,27,27
120896,1,1,1991,0,0,0,0,0,0,0,0,0,0
120896,2,1,1991,0,0,0,0,0,0,0,0,0,0
120897,1,1,1991,5,11,0,9,17,0,0,18,4,0
120897,2,1,1991,0,0,0,0,0,0,0,0,0,0
120898,1,1,1991,24,24,24,24,24,24,24,24,24,24
120899,1,1,1991,0,0,0,0,0,0,0,0,0,0
120900,1,1,1991,12,12,12,12,12,12,12,12,12,12
120901,1,1,1991,9,9,9,9,9,9,9,9,9,9
120901,2,1,1991,15,15,15,15,15,15,15,15,15,15
120902,1,1,1991,0,0,19,0,0,0,0,0,0,0
120902,2,1,1991,0,0,0,0,0,0,0,0,0,0
120903,1,1,1991,20,20,20,20,20,20,20,20,20,20
120904,1,1,1991,14,14,14,14,14,14,14,14,14,14
120905,1,1,1991,20,20,20,20,20,20,20,20,20,20
120905,2,1,1991,0,0,0,0,0,0,0,0,0,0
120906,1,1,1991,0,0,0,0,0,0,0,0,0,0
120907,1,1,1991,0,0,0,0,0,0,0,0,0,0
120907,2,1,1991,0,0,0,0,0,0,0,16,0,0
120908,1,1,1991,0,0,0,0,0,0,0,0,0,0
120908,2,1,1991,8,8,8,8,8,8,8,8,8,8
120909,1,1,1991,0,0,0,0,0,0,0,0,0,0
120909,2,1,1991,5,0,0,0,0,0,0,0,0,0
120910,1,1,1991,26,26,26,26,26,26,26,26,26,26
120911,1,1,1991,26,26,26,26,26,26,26,26,26,26
120912,1,1,1991,0,0,0,0,0,0,0,0,0,0
120912,2,1,1991,0,0,0,0,0,0,0,0,0,0
120913,0,1,1991,0,0,0,0,27,0,0,0,0,0
120913,1,1,1991,25,25,25,25,25,25,25,25,25,25
120914,1,1,1991,0,0,0,0,0,0,0,0,0,0
120914,2,1,1991,13,0,0,10,0,9,0,5,10,0
120915,1,1,1991,29,29,29,29,29,29,29,29,29,29
120916,1,1,1991,19,19,19,19,19,19,19,19,19,19
120917,0,1,1991,21,21,21,21,21,21,21,21,21,21
120917,1,1,1991,0,0,5,0,0,28,0,0,0,4
120918,0,1,1991,0,0,0,0,0,0,0,0,0,0
120918,1,1,1991,0,0,0,0,0,0,0,0,0,0
120919,0,1,1991,34,15,9,24,23,18,13,16,0,13
120919,1,1,1991,0,0,0,0,0,0,0,0,0,0
120920,0,1,1991,0,0,0,0,0,0,0,0,0,0
120920,1,1,1991,0,0,0,0,0,0,0,0,0,0
120921,1,1,1991,18,0,14,28,0,0,7,0,11,16
120922,0,1,1991,0,0,0,0,0,0,0,0,0,0
120922,1,1,1991,10,10,10,10,10,10,10,10,10,10
120923,0,1,1991,0,0,0,0,0,0,0,0,0,0
120923,0,2,1991,0,0,0,0,0,0,0,0,0,0
120923,1,1,1991,14,14,14,14,14,14,14,14,14,14
120924,0,1,1991,0,0,0,0,0,0,0,0,0,0
120924,1,1,1991,0,0,0,0,0,0,0,0,0,0
120925,1,1,1991,0,0,0,9,0,0,0,0,0,0
120926,0,1,1991,0,0,0,0,0,0,0,0,0,0
120926,1,1,1991,0,0,0,0,0,0,0,0,0,0
120927,1,1,1991,34,7,0,15,11,11,8,25,28,21
120928,0,1,1991,0,0,12,0,0,0,0,0,0,0
120928,1,1,1991,0,0,0,0,0,0,13,0,0,0
120928,2,1,1991,0,0,0,0,0,0,9,0,0,0
120928,3,1,1991,30,0,0,0,0,0,0,0,0,10
120929,1,1,1991,0,0,0,0,0,23,0,17,0,0
120929,2,1,1991,0,0,0,0,0,0,0,0,0,0
120930,0,1,1991,25,10,17,55,31,50,17,17,18,10
120930,1,1,1991,0,3,0,0,16,0,18,0,0,15
120931,1,1,1991,26,26,26,26,26,26,26,26,26,26
120931,2,1,1991,20,20,20,20,20,20,20,20,20,20
120932,1,1,1991,0,0,0,0,0,0,0,0,0,0
120932,2,1,1991,0,0,0,0,0,0,0,0,0,0
120933,1,1,1991,16,16,16,16,16,16,16,16,16,16
120934,0,1,1991,0,0,0,0,0,0,0,0,0,0
120934,1,1,1991,0,0,0,0,0,0,0,0,0,0
120935,1,1,1991,13,13,13,13,13,13,13,13,13,13
120936,1,1,1991,0,0,0,0,0,0,0,0,0,0
120937,1,1,1991,0,0,0,0,0,0,0,0,0,0
120937,2,1,1991,0,0,19,0,0,5,0,0,0,0
120938,1,1,1991,0,0,0,0,0,0,0,0,0,0
120939,1,1,1991,0,0,0,0,0,0,0,0,0,0
120940,1,1,1991,0,0,0,0,0,0,0,0,0,0
120940,2,1,1991,0,0,0,0,0,0,0,0,0,0
120941,1,1,1991,13,13,13,13,13,13,13,13,13,13
120941,2,1,1991,0,0,0,0,0,0,0,0,0,0
120942,1,1,1991,20,20,20,20,20,20,20,20,20,20
120942,2,1,1991,0,0,0,0,0,0,0,0,0,0
120943,1,1,1991,0,0,0,0,0,0,0,0,0,0
120943,2,1,1991,0,0,0,0,0,0,0,0,0,0
120944,1,1,1991,9,9,9,9,9,9,9,9,9,9
120944,2,1,1991,0,0,0,0,0,0,0,0,0,0
120945,1,1,1991,0,13,0,18,0,0,0,0,0,0
120945,2,1,1991,0,0,0,0,0,0,19,0,0,0
120945,3,1,1991,0,0,0,0,0,0,0,0,0,0
120946,1,1,1991,8,0,0,0,11,0,0,0,0,0
120947,0,1,1991,27,27,27,27,27,27,27,27,27,27
120947,1,1,1991,0,0,0,0,0,0,0,0,0,0
120948,1,1,1991,0,0,0,0,0,0,24,0,0,0
120949,0,1,1991,0,0,0,0,0,0,0,0,0,0
120949,1,1,1991,0,0,0,0,0,0,0,0,0,0
120950,0,1,1991,17,17,17,17,17,17,17,17,17,17
120950,1,1,1991,0,0,0,0,0,0,0,0,0,0
120951,1,1,1991,0,0,0,0,3,0,0,0,0,0
120951,2,1,1991,0,0,0,0,0,0,0,0,0,0
120952,1,1,1991,5,5,5,5,5,5,5,5,5,5
120952,2,1,1991,15,0,0,0,0,0,0,0,0,31
120953,0,1,1991,12,12,12,12,12,12,12,12,12,12
120953,1,1,1991,12,12,4,23,19,17,25,15,15,23
120954,1,1,1991,0,0,11,0,0,0,0,0,0,0
120955,1,1,1991,20,16,6,7,5,23,21,30,0,21
120956,0,1,1991,2,2,2,2,2,2,2,2,2,2
120956,1,1,1991,2,2,2,2,2,2,2,2,2,2
120957,0,1,1991,22,22,22,22,22,22,22,22,22,22
120957,1,1,1991,0,0,0,0,20,0,0,0,0,0
120958,1,1,1991,0,0,0,0,0,0,0,0,0,0
120959,1,1,1991,14,14,14,14,14,14,14,14,14,14
120960,1,1,1991,0,0,0,0,0,12,0,0,0,0
120961,1,1,1991,3,3,3,3,3,3,3,3,3,3
120962,0,1,1991,0,0,7,0,0,0,0,0,0,0
120962,1,1,1991,0,0,0,0,0,0,0,0,0,0
120963,1,1,1991,0,0,0,0,0,0,0,0,0,0
120963,2,1,1991,0,0,25,0,0,7,0,0,0,0
120964,1,1,1991,0,0,0,0,0,0,0,0,0,0
120965,0,1,1991,4,0,0,0,0,0,0,5,0,0
120965,1,1,1991,0,0,2,0,0,0,0,17,0,0
120966,0,1,1991,0,0,0,0,0,0,0,0,0,0
120966,1,1,1991,0,0,0,0,0,0,0,0,0,0
120967,1,1,1991,0,0,0,0,0,0,0,0,0,0
120967,2,1,1991,0,0,0,0,0,0,0,0,0,12
120967,3,1,1991,0,0,0,0,0,0,0,0,0,0
120968,0,1,1991,0,0,0,0,0,0,0,0,0,0
120968,1,1,1991,0,0,8,0,14,2,0,19,0,4
120969,1,1,1991,0,0,0,0,0,0,0,0,0,0
120970,1,1,1991,0,0,0,0,0,0,0,0,0,0
120970,2,1,1991,0,0,0,0,0,0,0,0,0,0
120971,1,1,1991,19,19,19,19,19,19,19,19,19,19
120971,2,1,1991,0,0,0,0,23,0,0,0,0,0
120971,3,1,1991,0,0,0,0,0,0,0,0,0,0
120972,1,1,1991,2,2,2,2,2,2,2,2,2,2
120972,2,1,1991,0,0,0,0,0,0,0,0,0,0
120973,1,2,1991,17,4,18,7,22,6,13,0,15,20
120974,0,1,1991,42,0,0,0,0,13,0,0,0,0
120974,1,1,1991,0,0,0,0,8,0,0,6,0,0
120975,1,1,1991,0,0,0,0,0,0,0,0,0,0
120976,1,1,1991,0,0,0,0,0,0,0,0,0,0
120976,2,1,1991,0,11,0,0,0,0,4,0,12,0
120977,1,1,1991,0,0,21,0,23,0,0,0,0,0
120977,2,1,1991,0,0,0,0,0,0,0,0,17,0
120978,0,1,1991,0,0,0,0,0,0,0,0,0,0
120978,1,1,1991,19,0,21,0,21,0,0,0,0,12
120978,2,1,1991,27,3,0,16,8,0,25,18,13,14
120979,1,1,1991,18,18,18,18,18,18,18,18,18,18
120980,1,1,1991,0,0,9,0,0,15,0,0,0,25
120980,2,1,1991,0,0,0,0,0,0,0,0,0,0
120980,3,1,1991,0,11,0,4,0,0,18,0,0,0
120981,1,1,1991,2,2,2,2,2,2,2,2,2,2
120981,2,1,1991,0,0,0,0,0,4,0,0,0,0
120982,1,1,1991,13,13,13,13,13,13,13,13,13,13
120982,2,1,1991,0,0,0,0,0,0,0,0,0,0
120983,1,1,1991,0,0,0,0,0,0,0,0,0,0
120983,2,1,1991,0,0,0,0,0,0,0,0,0,0
120984,1,1,1991,7,27,0,0,0,0,0,0,0,0
120984,2,1,1991,0,0,0,0,0,0,0,0,0,0
120985,0,1,1991,11,11,11,11,11,11,11,11,11,11
120985,1,1,1991,10,17,0,8,12,34,0,0,0,24
120986,1,1,1991,12,12,12,12,12,12,12,12,12,12
120987,1,1,1991,0,0,0,0,0,0,0,0,0,0
120987,2,1,1991,0,0,0,0,0,0,0,0,0,0
120988,1,1,1991,15,15,15,15,15,15,15,15,15,15
120989,1,1,1991,24,24,24,24,24,24,24,24,24,24
120989,2,1,1991,0,0,0,0,0,0,0,0,0,0
120990,1,1,1991,11,32,8,9,15,0,3,14,5,0
120991,1,1,1991,0,0,0,0,0,0,0,0,0,0
120991,2,1,1991,0,0,0,0,0,0,0,0,0,0
120992,1,1,1991,11,11,11,11,11,11,11,11,11,11
120992,2,1,1991,0,0,0,0,0,0,0,0,0,0
120993,1,1,1991,8,0,14,0,0,0,0,15,0,29
120994,1,1,1991,22,22,22,22,22,22,22,22,22,22
120994,2,1,1991,12,0,26,0,0,43,0,0,0,0
120995,1,1,1991,21,26,20,49,22,26,18,19,0,17
120996,0,1,1991,0,34,0,21,20,0,0,0,0,15
120996,1,1,1991,0,0,0,0,0,0,0,0,0,0
120997,1,1,1991,0,0,0,0,0,0,0,0,0,0
120997,2,1,1991,0,0,0,0,0,0,0,0,0,0
120998,1,1,1991,0,0,0,9,0,0,0,0,0,0
120998,2,1,1991,0,0,0,0,2,0,0,0,0,0
120998,3,1,1991,0,0,0,0,0,0,0,0,0,0
120999,1,1,1991,18,18,18,18,18,18,18,18,18,18
121000,1,1,1991,20,36,13,11,0,22,11,23,29,20
121001,1,1,1991,14,0,11,0,0,0,0,0,0,0
121001,2,1,1991,0,0,0,0,0,0,0,0,0,0
121002,1,1,1991,18,18,18,18,18,18,18,18,18,18
121002,2,1,1991,0,0,0,0,0,0,0,0,0,0
121003,1,1,1991,0,0,0,0,0,0,0,0,0,0
121003,2,1,1991,0,0,0,0,0,0,0,0,0,0
121004,1,1,1991,0,0,0,0,0,0,0,0,0,0
121004,2,1,1991,0,0,0,0,0,0,0,0,0,0
121006,0,1,1991,25,0,22,24,19,32,14,26,22,16
121006,1,1,1991,6,27,2,23,19,21,5,9,0,20
121008,0,1,1991,0,0,0,0,0,0,0,0,0,0
121008,1,1,1991,0,0,0,0,0,0,0,0,0,0
121009,0,1,1991,17,0,0,0,0,0,10,0,11,28
121009,1,1,1991,0,16,0,0,9,13,0,6,19,14
121010,1,1,1991,17,0,33,0,0,0,9,0,36,0
121011,1,1,1991,0,0,0,0,0,0,0,0,0,0
121011,2,1,1991,0,0,0,0,0,0,0,0,0,0
121012,1,1,1991,0,0,0,0,0,0,0,0,0,0
121012,2,1,1991,0,0,0,9,12,0,0,0,0,0
121013,0,1,1991,0,0,0,0,0,0,0,0,0,0
121013,1,1,1991,18,18,18,18,18,18,18,18,18,18
121014,1,1,1991,0,0,17,0,0,0,0,0,0,0
121014,2,1,1991,21,0,0,0,0,0,0,0,0,0
121015,1,1,1991,9,9,9,9,9,9,9,9,9,9
121016,1,1,1991,0,0,0,0,0,0,0,18,0,17
121016,2,1,1991,22,0,0,0,0,0,19,0,0,0
121017,0,1,1991,0,0,0,35,0,0,0,0,0,0
121017,1,1,1991,0,0,0,0,0,0,0,0,0,0
121018,1,1,1991,10,10,10,10,10,10,10,10,10,10
121018,2,1,1991,0,0,16,0,0,0,0,0,0,0
121019,1,1,1991,17,17,17,17,17,17,17,17,17,17
121020,1,1,1991,16,16,16,16,16,16,16,16,16,16
121021,1,1,1991,18,0,0,0,0,0,0,0,0,0
121021,2,1,1991,0,0,0,0,0,0,0,0,0,0
121022,1,1,1991,16,16,16,16,16,16,16,16,16,16
121022,2,1,1991,11,11,11,11,11,11,11,11,11,11
121023,1,1,1991,0,0,0,0,0,0,0,0,0,0
121023,2,1,1991,0,0,0,0,0,0,0,0,0,0
121024,0,1,1991,0,0,0,0,0,0,0,0,0,0