ST_CASE,VEH_NO,PER_NO,YEAR,P1,P2,P3,P4,P5,P6,P7,P8,P9,P10
121283,1,1,1991,18,0,0,0,0,0,0,0,0,0
121285,0,1,1991,0,0,0,0,0,0,0,0,0,0
121285,0,2,1991,7,0,0,19,0,32,0,18,0,0
121285,1,1,1991,18,18,18,18,18,18,18,18,18,18
121286,1,1,1991,0,0,0,0,0,0,0,0,0,0
121286,2,1,1991,0,0,0,0,0,0,0,0,0,0
121287,1,1,1991,26,26,26,26,26,26,26,26,26,26
121288,0,1,1991,28,28,28,28,28,28,28,28,28,28
121288,1,1,1991,0,0,0,0,21,0,0,0,0,0
121289,0,1,1991,16,16,16,16,16,16,16,16,16,16
121289,1,1,1991,22,22,22,22,22,22,22,22,22,22
121290,1,1,1991,35,25,21,18,12,25,19,9,30,0
121291,1,1,1991,0,0,0,0,0,0,0,0,0,0
121292,1,1,1991,18,18,18,18,18,18,18,18,18,18
121292,2,1,1991,0,0,0,0,0,0,0,0,0,0
121293,1,1,1991,12,12,12,12,12,12,12,12,12,12
121294,1,1,1991,3,3,3,3,3,3,3,3,3,3
121295,0,1,1991,0,0,0,0,0,0,0,0,0,0
121295,1,1,1991,0,0,0,0,0,0,0,0,0,0
121296,1,1,1991,17,17,17,17,17,17,17,17,17,17
121296,2,1,1991,0,0,0,0,0,0,0,0,0,0
121296,3,1,1991,0,0,0,0,0,0,0,0,0,0
121297,1,1,1991,0,0,0,0,0,0,0,0,0,0
121297,2,1,1991,7,7,7,7,7,7,7,7,7,7
121298,1,1,1991,0,0,0,0,0,0,0,0,0,0
121298,2,1,1991,0,0,0,0,0,0,0,0,0,0
121299,1,1,1991,13,0,12,0,0,0,17,0,21,12
121300,1,1,1991,0,0,0,0,0,0,0,0,0,0
121300,2,1,1991,0,0,0,0,0,0,0,0,0,0
121301,0,1,1991,16,16,16,16,16,16,16,16,16,16
121301,1,1,1991,11,11,11,11,11,11,11,11,11,11
121302,0,1,1991,0,0,0,0,0,0,0,0,0,0
121302,1,1,1991,30,0,0,0,0,0,4,3,0,0
121303,0,1,1991,0,0,0,0,0,0,0,0,0,0
121303,1,1,1991,0,0,0,0,0,0,0,0,0,0
121304,1,1,1991,0,0,0,0,0,0,0,0,0,0
121305,1,1,1991,0,33,0,0,0,0,0,0,0,0
121305,2,1,1991,41,0,0,0,0,0,0,0,0,8
121305,3,1,1991,0,0,0,0,0,0,0,0,0,0
121305,4,1,1991,14,0,0,0,11,0,0,0,0,0
121306,1,1,1991,0,0,0,0,0,0,0,0,0,0
121306,2,1,1991,0,0,0,0,0,0,0,0,13,0
121306,3,1,1991,0,0,0,0,0,0,0,0,0,0
121308,0,1,1991,0,0,0,0,0,0,0,0,0,0
121308,1,1,1991,0,0,0,0,0,0,0,0,0,0
121309,1,1,1991,0,0,0,0,0,0,0,0,0,0
121309,2,1,1991,0,0,0,0,0,0,0,0,0,0
121310,0,1,1991,0,0,0,0,0,0,0,0,0,0
121310,1,1,1991,0,0,0,0,0,0,0,0,0,0
121311,1,1,1991,15,0,16,0,0,9,0,29,18,0
121311,2,1,1991,0,0,0,0,0,0,0,0,0,0
121312,1,1,1991,0,30,11,0,9,20,0,0,24,0
121313,1,1,1991,18,0,0,20,10,0,0,0,0,0
121314,1,1,1991,0,0,0,0,0,0,0,0,0,0
121314,2,1,1991,0,0,0,0,19,0,10,0,0,0
121315,0,1,1991,0,0,0,0,0,0,0,22,0,0
121315,1,1,1991,0,0,0,0,0,4,0,0,0,0
121316,1,1,1991,29,29,29,29,29,29,29,29,29,29
121317,1,1,1991,28,28,28,28,28,28,28,28,28,28
121318,1,1,1991,0,0,0,0,0,0,0,0,0,0
121318,2,1,1991,0,0,0,0,0,0,0,0,0,0
121319,1,1,1991,9,9,9,9,9,9,9,9,9,9
121319,2,1,1991,0,0,10,0,0,0,0,0,0,12
121320,1,1,1991,0,7,13,0,0,0,0,0,0,0
121320,2,1,1991,0,20,0,11,0,13,0,0,21,21
121321,1,1,1991,0,0,0,0,0,0,0,0,0,0
121321,2,1,1991,0,0,0,0,0,0,0,0,0,0
121322,1,1,1991,0,0,0,0,0,0,0,0,0,0
121322,2,1,1991,0,0,0,0,0,0,0,0,0,0
121323,1,1,1991,8,8,8,8,8,8,8,8,8,8
121324,1,1,1991,18,19,0,13,0,18,18,18,15,21
121324,2,1,1991,0,0,0,0,0,0,11,0,0,0
121325,1,1,1991,8,8,8,8,8,8,8,8,8,8
121325,2,1,1991,0,0,0,0,14,0,0,0,0,0
121326,1,1,1991,31,31,31,31,31,31,31,31,31,31
121326,2,1,1991,0,0,31,14,15,0,0,22,8,0
121327,1,1,1991,8,8,8,8,8,8,8,8,8,8
121328,1,1,1991,0,0,0,0,0,0,0,0,0,0
121328,2,1,1991,0,0,0,0,13,0,0,0,0,0
121329,0,1,1991,0,0,0,0,0,0,0,0,0,0
121329,1,1,1991,22,0,0,0,27,0,15,0,0,0
121330,1,1,1991,0,0,0,0,0,0,0,0,0,0
121330,2,1,1991,0,0,0,0,0,0,0,0,0,0
121331,1,1,1991,20,20,20,20,20,20,20,20,20,20
121331,2,1,1991,0,0,0,36,0,0,0,0,0,0
121332,1,1,1991,5,5,5,5,5,5,5,5,5,5
121332,2,1,1991,8,0,0,0,0,0,0,0,0,0
121333,0,1,1991,12,0,0,0,12,0,0,0,26,17
121333,1,1,1991,5,5,5,5,5,5,5,5,5,5
121334,1,1,1991,20,20,20,20,20,20,20,20,20,20
121334,2,1,1991,9,9,9,9,9,9,9,9,9,9
121335,1,1,1991,15,15,15,15,15,15,15,15,15,15
121336,1,1,1991,0,0,0,0,0,0,0,0,0,0
121336,2,1,1991,0,0,0,0,0,0,0,0,0,0
121337,0,1,1991,0,0,0,0,0,10,0,0,28,0
121337,1,1,1991,0,0,0,0,0,0,0,0,0,0
121338,1,1,1991,31,16,28,12,0,20,16,23,11,20
121338,2,1,1991,0,10,17,15,0,5,10,4,0,9
121339,1,1,1991,0,0,0,0,0,10,0,0,18,0
121339,2,1,1991,0,0,0,0,0,0,0,0,0,0
121340,1,1,1991,16,10,4,7,16,17,6,24,18,15
121340,2,1,1991,17,17,17,17,17,17,17,17,17,17
121341,1,1,1991,2,2,2,2,2,2,2,2,2,2
121341,2,1,1991,7,0,0,0,0,0,0,0,0,0
121342,1,1,1991,0,0,0,0,0,0,0,0,0,0
121342,2,1,1991,0,0,21,0,20,20,0,0,16,13
121343,0,1,1991,21,21,21,21,21,21,21,21,21,21
121343,1,1,1991,24,16,0,0,11,14,13,0,0,17
121344,1,1,1991,16,16,16,16,16,16,16,16,16,16
121345,1,1,1991,23,23,23,23,23,23,23,23,23,23
121345,2,1,1991,0,0,0,14,0,0,0,9,0,0
121346,1,1,1991,11,11,11,11,11,11,11,11,11,11
121346,2,1,1991,0,0,0,0,0,0,0,11,0,0
121347,1,1,1991,0,0,0,0,0,0,0,0,0,0
121347,2,1,1991,0,0,0,0,5,0,0,0,0,0
121348,1,1,1991,0,17,0,0,0,14,12,16,0,0
121348,2,1,1991,0,0,0,0,0,23,0,0,0,0
121349,1,1,1991,17,17,17,17,17,17,17,17,17,17
121351,1,1,1991,5,5,5,5,5,5,5,5,5,5
121351,2,1,1991,11,11,11,11,11,11,11,11,11,11
121352,0,1,1991,7,7,7,7,7,7,7,7,7,7
121352,1,1,1991,15,15,15,15,15,15,15,15,15,15
121353,1,1,1991,10,0,14,0,0,0,0,0,11,0
121353,2,1,1991,0,0,0,0,0,0,0,0,0,0
121353,3,1,1991,0,0,0,0,0,0,0,0,0,0
121354,0,1,1991,0,0,26,0,17,19,0,0,0,0
121354,1,1,1991,0,0,0,0,0,0,0,0,0,0
121355,1,1,1991,0,0,0,0,0,0,0,0,0,0
121355,2,1,1991,0,0,0,0,0,0,0,0,0,0
121356,0,1,1991,0,0,0,0,0,0,0,0,0,0
121356,1,1,1991,0,0,0,0,0,0,0,0,0,0
121357,0,1,1991,0,0,0,0,0,0,0,0,0,0
121357,1,1,1991,0,0,0,0,0,0,0,0,37,0
121358,0,1,1991,1,1,1,1,1,1,1,1,1,1
121358,1,1,1991,11,0,0,9,0,0,0,0,0,0
121359,1,1,1991,0,13,13,0,25,27,0,24,0,0
121359,2,1,1991,0,0,14,0,0,0,0,0,0,0
121359,3,1,1991,0,0,0,0,11,0,0,0,0,0
121360,1,1,1991,0,0,0,0,0,0,0,0,0,0
121360,2,1,1991,0,26,26,0,15,15,10,16,6,13
121361,1,1,1991,0,0,14,0,16,0,0,0,0,0
121362,1,1,1991,0,0,0,0,0,0,0,0,0,0
121362,2,1,1991,0,0,0,0,0,7,0,0,0,0
121363,1,1,1991,11,5,17,10,0,14,23,8,21,12
121363,2,1,1991,0,0,0,0,0,9,0,0,0,0
121364,1,1,1991,0,0,0,0,0,0,0,0,0,0
121365,1,1,1991,26,26,26,26,26,26,26,26,26,26
121366,1,1,1991,0,0,0,0,0,0,0,0,0,0
121366,2,1,1991,0,0,0,0,0,0,0,0,0,0
121367,1,1,1991,12,12,12,12,12,12,12,12,12,12
121368,0,1,1991,26,26,26,26,26,26,26,26,26,26
121368,1,1,1991,10,0,0,0,0,0,15,0,0,0
121369,0,1,1991,29,29,29,29,29,29,29,29,29,29
121369,1,1,1991,21,31,0,7,0,0,0,11,25,0
121370,1,1,1991,0,0,0,0,0,0,0,0,0,0
121370,2,1,1991,0,0,0,0,0,0,0,0,0,0
121370,3,1,1991,0,0,0,0,0,0,0,0,0,0
121371,1,1,1991,16,16,16,16,16,16,16,16,16,16
121372,1,1,1991,0,0,0,0,0,0,0,0,0,0
121372,2,1,1991,0,0,0,0,0,0,0,0,0,0
121373,0,1,1991,44,0,0,0,0,7,0,0,12,22
121373,0,2,1991,0,16,0,25,0,0,26,0,15,0
121373,1,2,1991,1,13,0,0,0,17,0,0,30,0
121375,0,1,1991,11,0,0,0,0,22,18,17,18,20
121375,1,1,1991,14,14,14,14,14,14,14,14,14,14
121376,1,1,1991,0,0,0,0,0,0,0,0,0,0
121377,1,1,1991,0,0,0,0,0,0,0,0,0,0
121378,1,1,1991,2,2,2,2,2,2,2,2,2,2
121379,0,1,1991,19,0,0,0,0,0,0,0,0,0
121379,1,1,1991,0,0,0,0,0,0,0,0,0,0
121380,1,1,1991,0,0,0,0,0,0,0,0,0,0
121381,1,1,1991,7,7,7,7,7,7,7,7,7,7
121382,1,1,1991,0,0,0,0,0,0,0,0,0,0
121383,1,1,1991,0,0,0,0,0,0,0,0,0,0
121384,1,1,1991,0,0,0,0,0,0,0,0,0,0
121384,2,1,1991,0,0,0,0,0,0,0,0,0,0
121385,1,1,1991,18,18,18,18,18,18,18,18,18,18
121386,1,1,1991,0,0,0,0,0,0,0,0,0,0
121387,1,1,1991,18,18,18,18,18,18,18,18,18,18
121387,2,1,1991,0,0,0,0,0,0,0,0,0,0
121388,0,1,1991,0,0,0,0,0,0,0,0,0,0
121388,1,1,1991,0,0,0,0,0,0,0,0,0,0
121389,1,1,1991,25,25,25,25,25,25,25,25,25,25
121390,0,1,1991,0,0,0,0,0,0,0,0,0,0
121390,1,1,1991,0,0,0,0,0,0,0,0,0,0
121391,0,1,1991,0,0,0,0,0,0,3,0,0,0
121391,1,1,1991,0,0,0,0,0,0,0,0,0,0
121392,1,1,1991,39,23,25,24,13,25,13,16,0,28
121393,0,1,1991,39,39,39,39,39,39,39,39,39,39
121393,1,1,1991,0,0,0,0,0,0,0,0,0,0
121394,1,1,1991,14,14,14,14,14,14,14,14,14,14
121395,1,1,1991,0,0,0,0,0,0,0,0,0,0
121395,2,1,1991,0,0,0,0,0,0,0,0,0,0
121396,1,1,1991,0,31,0,0,7,0,0,0,0,0
121397,0,1,1991,26,26,26,26,26,26,26,26,26,26
121397,1,1,1991,0,0,0,0,0,0,0,0,0,0
121398,1,1,1991,0,0,0,0,0,0,0,0,0,0
121398,2,1,1991,0,0,0,0,0,0,0,0,0,0
121399,0,1,1991,39,39,39,39,39,39,39,39,39,39
121399,1,1,1991,13,11,10,5,15,14,9,0,11,0
121400,1,1,1991,21,21,21,21,21,21,21,21,21,21
121401,1,1,1991,0,0,0,0,0,0,0,0,0,0
121401,2,1,1991,0,0,0,0,0,0,0,0,0,0
121403,1,1,1991,25,25,25,25,25,25,25,25,25,25
121405,1,1,1991,0,0,0,0,0,0,0,0,0,0
121406,0,1,1991,0,0,0,0,0,0,0,0,0,0
121406,1,1,1991,0,0,0,0,0,0,0,0,0,0
121407,1,1,1991,0,0,0,0,0,0,0,0,0,0
121407,2,1,1991,0,0,0,0,0,0,0,0,0,0
121407,3,1,1991,0,0,0,0,0,0,0,0,0,0
121407,4,1,1991,0,0,0,0,0,0,0,0,0,0
121407,5,1,1991,18,0,0,0,0,0,0,0,0,0
121408,1,1,1991,0,0,0,0,0,0,0,8,0,8
121409,0,1,1991,0,0,0,0,0,0,0,0,0,0
121409,1,1,1991,16,16,16,16,16,16,16,16,16,16
121410,0,1,1991,22,22,22,22,22,22,22,22,22,22
121410,1,1,1991,0,0,0,0,0,0,0,0,0,0
121411,1,1,1991,0,0,0,0,0,0,0,0,0,0
121412,1,1,1991,0,11,17,0,12,20,11,20,25,13
121412,2,1,1991,0,0,0,0,25,6,0,17,6,19
121412,3,1,1991,0,0,0,0,0,0,0,0,0,0
121413,1,1,1991,0,0,0,0,0,0,0,0,0,0
121414,0,1,1991,18,0,15,6,12,26,0,17,18,32
121414,1,1,1991,0,0,0,0,0,0,0,0,0,0
121415,1,1,1991,0,0,0,0,0,0,0,0,0,0
121415,2,1,1991,0,0,0,20,0,0,0,23,0,24
121416,1,1,1991,0,0,0,0,0,0,0,0,0,0
121416,2,1,1991,0,0,0,0,0,0,0,20,0,0
121418,1,1,1991,46,46,46,46,46,46,46,46,46,46
121418,2,1,1991,0,0,0,0,0,0,0,0,0,0
121419,0,1,1991,0,0,0,0,0,0,0,0,0,0
121419,1,1,1991,20,20,20,20,20,20,20,20,20,20
121420,0,1,1991,0,23,0,0,0,0,0,0,0,0
121420,1,1,1991,21,21,21,21,21,21,21,21,21,21
121421,1,1,1991,12,12,12,12,12,12,12,12,12,12
121421,2,1,1991,0,0,0,0,0,0,0,0,0,0
121422,0,1,1991,17,17,17,17,17,17,17,17,17,17
121422,1,1,1991,17,17,17,17,17,17,17,17,17,17
121423,1,1,1991,0,0,27,0,0,0,6,0,0,0
121423,2,1,1991,16,16,16,16,16,16,16,16,16,16
121424,1,1,1991,0,0,0,0,0,0,0,0,0,0
121424,2,1,1991,0,0,0,0,0,0,0,0,0,0
121425,1,1,1991,12,12,12,12,12,12,12,12,12,12
121426,1,1,1991,0,0,0,0,0,0,0,0,0,0
121427,0,1,1991,18,18,18,18,18,18,18,18,18,18
121427,1,1,1991,3,0,0,8,31,11,0,0,0,0
121428,1,1,1991,0,0,0,0,0,0,0,0,0,0
121428,2,1,1991,0,0,0,0,0,0,0,0,0,0
121429,1,1,1991,0,0,0,0,0,0,0,0,0,0
121429,2,1,1991,0,0,0,0,0,0,0,0,0,0
121430,0,1,1991,21,10,34,27,25,10,12,0,29,22
121430,1,1,1991,0,0,0,0,0,0,3,0,0,0
121431,1,1,1991,4,4,4,4,4,4,4,4,4,4
121432,1,1,1991,0,0,0,0,0,0,0,0,0,0
121433,1,1,1991,22,22,22,22,22,22,22,22,22,22
121433,2,1,1991,0,0,0,0,17,0,0,0,0,0
121434,1,1,1991,0,0,0,0,0,0,0,0,0,0
121434,2,1,1991,0,0,0,0,0,0,0,0,0,0
121435,1,1,1991,0,11,0,0,0,0,0,9,0,0
121436,0,1,1991,0,0,0,0,0,0,0,0,0,0
121436,1,1,1991,8,8,8,8,8,8,8,8,8,8
121437,1,1,1991,18,18,18,18,18,18,18,18,18,18
121438,1,1,1991,11,38,8,15,0,16,26,7,26,40
121439,1,1,1991,0,0,0,0,0,0,0,0,0,0
121440,1,1,1991,22,17,7,16,13,6,31,15,22,22
121441,1,1,1991,0,0,0,0,0,0,0,0,0,0
121441,2,1,1991,0,0,0,0,0,0,0,0,0,0
121442,0,1,1991,0,0,0,0,7,0,0,0,0,0
121442,1,1,1991,0,0,0,0,0,0,0,0,0,0
121443,1,1,1991,25,25,25,25,25,25,25,25,25,25
121444,1,1,1991,0,0,0,0,0,0,0,0,0,0
121444,2,1,1991,11,11,11,11,11,11,11,11,11,11
121445,1,1,1991,26,26,26,26,26,26,26,26,26,26
121446,1,1,1991,0,0,0,0,0,0,0,0,0,0
121446,2,1,1991,0,0,0,0,0,0,0,0,0,0
121446,3,1,1991,0,0,0,0,0,0,0,0,0,0
121447,1,1,1991,12,13,21,0,0,18,14,0,6,17
121448,1,1,1991,0,0,0,0,0,0,0,0,0,23
121448,2,1,1991,0,0,0,0,0,18,0,0,0,20
121448,3,1,1991,0,0,0,0,13,0,0,0,29,11
121449,1,1,1991,22,22,22,22,22,22,22,22,22,22
121450,0,1,1991,0,0,0,0,0,0,0,0,0,0
121450,1,1,1991,0,0,0,0,8,0,0,0,0,0
121451,0,1,1991,32,32,32,32,32,32,32,32,32,32
121451,1,1,1991,0,0,0,0,0,0,0,0,0,0
121451,2,1,1991,3,0,0,0,11,0,0,0,0,0
121452,1,1,1991,0,0,0,0,0,0,0,0,0,0
121452,2,1,1991,0,0,0,0,0,0,0,0,0,0
121453,1,1,1991,0,0,0,0,0,25,0,0,0,0
121453,2,1,1991,0,0,0,0,0,0,0,0,0,0
121454,1,1,1991,27,22,29,7,17,13,24,10,24,22
121454,2,1,1991,0,0,18,0,0,0,0,0,0,0
121455,1,1,1991,0,0,19,0,0,0,0,0,0,0
121455,2,1,1991,0,0,0,0,0,0,0,0,0,0
121455,3,1,1991,0,0,0,0,0,0,0,0,0,0
121456,1,1,1991,0,0,0,0,0,0,0,0,0,0
121456,2,1,1991,0,0,0,0,0,0,0,0,0,0
121457,0,1,1991,13,0,20,0,0,0,0,0,0,0
121457,1,1,1991,0,0,0,0,0,0,0,0,0,0
121458,0,1,1991,0,23,0,11,31,24,0,0,24,24
121458,1,1,1991,0,3,15,17,11,27,0,0,13,8
121459,1,1,1991,18,18,18,18,18,18,18,18,18,18
121460,1,1,1991,29,19,12,0,0,0,7,0,14,7
121460,2,1,1991,14,14,14,14,14,14,14,14,14,14
121461,1,1,1991,6,6,6,6,6,6,6,6,6,6
121461,2,1,1991,0,0,0,0,0,0,0,0,3,0
121462,0,1,1991,0,0,0,0,0,0,0,0,0,0
121462,1,1,1991,0,11,0,0,0,0,0,0,0,0
121463,1,1,1991,27,0,0,0,0,12,14,0,0,0
121464,1,1,1991,0,0,0,4,0,11,7,0,0,0
121464,2,1,1991,18,10,4,0,0,0,0,27,0,7
121465,1,1,1991,0,0,0,0,0,0,0,0,0,0
121465,2,1,1991,0,0,0,0,0,0,0,0,0,0
121465,3,1,1991,0,0,0,0,0,0,0,0,0,7
121466,1,1,1991,0,0,0,0,0,0,0,0,0,0
121467,1,1,1991,0,0,0,0,0,0,0,0,0,0
121467,2,1,1991,0,0,0,0,0,0,0,0,0,0
121468,1,1,1991,18,18,18,18,18,18,18,18,18,18
121468,2,1,1991,0,0,0,0,0,0,0,0,0,0
121469,1,1,1991,20,20,20,20,20,20,20,20,20,20
121469,2,1,1991,0,0,0,0,0,0,0,0,0,0
121470,0,1,1991,0,0,0,0,0,0,0,0,0,0
121470,1,1,1991,0,0,0,0,0,0,0,0,0,0
121471,0,1,1991,19,19,19,19,19,19,19,19,19,19
121471,1,1,1991,0,0,17,15,0,0,0,0,0,0
121472,1,1,1991,0,0,0,0,0,15,0,0,0,0
121473,0,1,1991,0,0,0,0,0,0,0,0,0,0
121473,1,1,1991,0,0,0,0,0,0,0,0,0,0
121474,1,1,1991,0,0,0,0,0,0,0,0,0,0
121474,2,1,1991,0,0,0,0,0,0,0,0,0,0
121475,1,1,1991,0,19,0,0,0,0,0,0,19,0
121475,2,1,1991,0,0,24,0,16,0,18,0,0,0
121476,1,1,1991,0,0,0,0,0,0,0,0,0,0
121476,2,1,1991,21,21,21,21,21,21,21,21,21,21
121477,0,1,1991,0,0,8,0,0,0,0,0,0,0
121477,1,1,1991,0,0,0,0,0,0,0,0,0,0
121478,0,1,1991,39,39,39,39,39,39,39,39,39,39
121478,1,1,1991,0,0,0,0,0,0,0,9,0,0
121478,2,1,1991,0,0,0,0,0,0,0,7,0,0
121479,1,1,1991,0,6,0,22,0,0,18,0,21,0
121479,2,1,1991,0,0,0,0,0,0,0,0,0,0
121480,1,1,1991,0,0,0,0,0,0,0,0,0,0
121481,1,1,1991,24,24,24,24,24,24,24,24,24,24
121481,2,1,1991,0,0,0,0,0,0,0,0,0,0
121482,1,1,1991,0,0,0,0,0,0,0,0,0,0
121482,2,1,1991,0,0,0,0,0,0,0,0,0,0
121483,0,1,1991,0,0,0,0,0,0,0,0,0,0
121483,1,1,1991,13,7,8,0,11,15,12,27,14,0
121483,2,1,1991,0,0,0,15,0,0,0,10,22,25
121484,1,1,1991,0,0,0,0,0,0,0,0,0,0
121485,1,1,1991,19,19,19,19,19,19,19,19,19,19
121486,1,1,1991,12,12,12,12,12,12,12,12,12,12
121487,1,1,1991,0,0,0,0,0,0,0,0,0,0
121487,2,1,1991,0,0,0,0,0,0,0,0,0,0
121488,1,1,1991,0,0,0,0,0,0,0,0,0,0
121488,2,1,1991,0,0,0,0,0,0,18,0,0,0
121489,1,1,1991,21,21,21,21,21,21,21,21,21,21
121490,0,1,1991,0,0,0,0,0,0,0,0,0,0
121490,1,1,1991,0,0,0,0,0,29,0,0,0,0
121491,0,1,1991,33,0,0,13,17,0,0,26,0,16
121491,1,1,1991,12,8,0,0,0,0,4,0,0,0
121492,0,1,1991,0,0,0,0,0,0,0,0,0,0
121492,1,1,1991,0,0,0,0,0,0,0,0,0,0
121493,1,1,1991,23,23,23,23,23,23,23,23,23,23
121494,1,1,1991,30,30,30,30,30,30,30,30,30,30
121495,0,1,1991,0,0,0,0,0,0,0,0,0,0
121495,1,1,1991,0,0,0,0,0,0,0,0,0,0
121496,0,1,1991,0,0,0,0,0,0,0,0,0,0
121496,1,1,1991,0,0,0,0,0,0,0,0,13,0
121497,1,1,1991,0,0,0,0,0,0,0,0,0,0
121497,2,1,1991,6,6,6,6,6,6,6,6,6,6
121497,3,1,1991,0,0,12,0,0,0,0,0,0,0
121498,1,1,1991,0,0,0,0,0,0,0,0,0,0
121498,2,1,1991,0,0,0,0,0,0,0,0,10,0
121499,0,1,1991,30,30,30,30,30,30,30,30,30,30
121499,1,1,1991,0,0,0,0,0,0,0,0,0,0
121500,1,1,1991,0,0,0,0,0,0,0,0,0,0
121501,1,1,1991,0,0,0,0,0,0,0,0,0,0
121501,2,1,1991,0,0,0,0,0,0,0,0,0,0
121501,3,1,1991,0,0,0,0,0,0,0,0,0,0
121502,0,1,1991,2,2,2,2,2,2,2,2,2,2
121502,1,1,1991,0,0,0,0,0,0,0,0,0,0
121503,1,1,1991,0,0,0,0,0,0,0,0,0,0
121504,1,1,1991,0,0,0,0,0,0,0,0,0,0
121504,2,1,1991,0,0,0,0,0,0,0,0,0,0
121505,0,1,1991,13,0,0,0,0,0,0,0,20,0
121505,0,2,1991,0,10,18,0,0,35,23,0,0,0
121505,1,1,1991,0,0,0,0,0,16,17,0,7,0
121505,2,1,1991,0,0,0,13,20,0,11,6,0,0
121506,1,1,1991,0,0,0,0,10,0,0,17,0,0
121506,2,1,1991,0,7,0,0,17,36,0,0,5,0
121507,1,1,1991,0,0,0,0,0,0,0,0,0,0
121508,1,1,1991,26,26,26,26,26,26,26,26,26,26
121509,0,1,1991,11,11,11,11,11,11,11,11,11,11
121509,0,2,1991,0,16,0,0,0,25,17,17,10,0
121509,1,1,1991,31,31,31,31,31,31,31,31,31,31
121510,1,1,1991,0,0,0,0,0,0,0,0,0,0
121510,2,1,1991,0,0,0,0,0,0,0,0,0,0
121511,0,1,1991,0,0,0,0,0,0,0,0,12,0
121511,1,1,1991,0,0,0,0,0,0,0,0,0,0
121512,0,1,1991,0,0,0,0,0,0,0,0,0,0
121512,1,1,1991,0,0,0,0,0,0,0,0,0,0
121513,1,1,1991,0,0,0,0,0,0,0,0,0,0
121513,2,1,1991,0,0,0,0,0,0,0,0,0,0
121513,3,1,1991,0,0,0,0,0,0,0,0,0,0
121514,0,1,1991,0,0,0,0,0,0,0,0,0,0
121514,1,1,1991,0,0,0,0,0,0,0,0,0,0
121515,1,1,1991,0,0,0,0,0,16,0,0,0,0
121516,1,1,1991,21,21,21,21,21,21,21,21,21,21
121516,2,1,1991,15,0,0,0,0,0,0,0,0,0
121517,1,1,1991,0,0,0,0,0,0,0,0,0,0
121517,2,1,1991,0,0,0,0,0,0,0,0,0,0
121518,1,1,1991,0,0,0,0,12,0,0,0,0,0
121518,2,1,1991,0,0,20,0,0,0,0,18,0,0
121519,1,1,1991,0,15,0,21,23,0,0,0,0,0
121519,2,1,1991,0,0,0,0,0,0,0,0,0,0
121520,1,1,1991,0,0,0,0,0,0,0,0,0,0
121520,2,1,1991,8,8,8,8,8,8,8,8,8,8
121521,0,1,1991,0,0,0,0,0,0,0,0,0,0
121521,1,1,1991,0,0,0,0,0,0,0,0,0,0
121522,1,1,1991,0,0,0,0,9,0,0,0,0,0
121522,2,1,1991,0,0,0,0,0,0,0,0,0,0
121523,1,1,1991,0,0,0,0,0,0,0,0,0,0
121523,2,1,1991,0,0,0,0,0,0,0,0,0,0
121524,0,1,1991,40,40,40,40,40,40,40,40,40,40
121524,1,1,1991,0,15,25,0,0,0,15,0,0,0
121525,1,1,1991,30,30,30,30,30,30,30,30,30,30
121526,0,1,1991,29,29,29,29,29,29,29,29,29,29
121526,1,1,1991,0,0,0,0,0,0,0,0,0,0
121527,0,1,1991,0,0,0,0,0,0,0,0,0,0
121527,1,1,1991,0,0,0,0,0,0,0,0,0,0
121528,1,1,1991,41,41,41,41,41,41,41,41,41,41
121528,2,1,1991,0,29,19,0,15,9,8,0,10,0
121529,0,1,1991,35,35,35,35,35,35,35,35,35,35
121529,1,1,1991,6,6,6,6,6,6,6,6,6,6
121530,1,1,1991,0,0,0,3,0,0,0,0,0,0
121530,2,1,1991,0,0,0,0,0,0,0,0,0,0
121531,1,1,1991,0,0,0,0,0,0,0,0,0,0
121531,2,1,1991,0,0,0,0,0,0,0,0,0,0
121532,0,1,1991,41,41,41,41,41,41,41,41,41,41
121532,1,1,1991,11,9,25,14,27,5,0,10,0,0
121533,1,1,1991,17,17,17,17,17,17,17,17,17,17
121534,1,1,1991,0,0,0,0,0,0,0,0,0,0
121534,2,1,1991,0,0,0,0,0,0,0,0,0,0
121535,1,1,1991,0,0,0,0,0,0,0,23,0,0
121535,2,1,1991,0,0,0,0,0,0,0,0,0,0
121535,3,1,1991,0,0,0,0,0,0,0,0,0,0
121536,1,1,1991,18,0,6,14,0,32,0,0,9,20
121536,2,1,1991,0,0,0,12,0,0,0,0,0,0
121537,1,1,1991,0,0,0,0,0,0,0,0,0,0
121537,2,1,1991,0,0,0,0,0,0,0,0,0,0
121538,1,1,1991,12,12,12,12,12,12,12,12,12,12
121539,1,1,1991,29,29,29,29,29,29,29,29,29,29
121539,2,1,1991,0,0,0,0,0,0,0,0,0,0
121540,1,1,1991,19,19,19,19,19,19,19,19,19,19
121540,2,1,1991,3,3,3,3,3,3,3,3,3,3
121541,0,1,1991,24,37,0,22,0,34,51,0,14,9
121541,1,1,1991,0,0,21,0,20,18,0,0,0,0
121542,0,1,1991,0,0,0,0,0,0,0,0,0,0
121542,1,1,1991,0,0,0,0,0,0,0,0,0,0
121543,0,1,1991,0,0,0,0,0,0,0,0,0,0
121543,1,1,1991,0,0,0,0,0,0,0,0,0,0
121544,1,1,1991,14,0,0,12,0,21,0,8,3,0