ST_CASE,VEH_NO,PER_NO,YEAR,P1,P2,P3,P4,P5,P6,P7,P8,P9,P10
121544,2,1,1991,18,18,18,18,18,18,18,18,18,18
121545,1,1,1991,0,0,0,0,0,0,0,0,0,0
121545,2,1,1991,0,0,0,0,0,0,0,0,0,0
121546,1,1,1991,0,0,0,0,0,0,0,0,0,0
121546,2,1,1991,0,0,0,0,0,0,0,0,0,0
121547,1,1,1991,18,0,9,0,0,16,16,0,0,0
121548,1,1,1991,14,14,14,14,14,14,14,14,14,14
121549,0,1,1991,0,0,0,0,0,0,21,0,0,0
121549,1,1,1991,0,0,0,0,0,0,0,0,0,0
121550,1,1,1991,36,36,36,36,36,36,36,36,36,36
121550,2,1,1991,0,0,0,0,0,0,0,0,0,0
121551,1,1,1991,0,0,0,0,0,0,0,0,0,0
121552,1,1,1991,15,15,15,15,15,15,15,15,15,15
121553,1,1,1991,0,0,0,0,0,0,0,0,0,0
121553,2,1,1991,0,0,0,0,0,0,0,0,0,0
121554,1,1,1991,2,2,2,2,2,2,2,2,2,2
121554,2,1,1991,0,0,0,0,0,0,0,0,0,0
121555,1,1,1991,19,19,19,19,19,19,19,19,19,19
121556,0,1,1991,25,25,25,25,25,25,25,25,25,25
121556,1,1,1991,0,0,0,0,0,0,0,0,0,0
121557,1,1,1991,0,0,0,0,0,0,0,0,0,0
121557,2,1,1991,0,0,0,0,0,0,0,0,0,0
121558,1,1,1991,0,0,0,0,0,0,0,0,24,0
121559,1,1,1991,11,11,11,11,11,11,11,11,11,11
121560,1,1,1991,28,28,28,28,28,28,28,28,28,28
121560,2,1,1991,0,0,23,0,0,0,0,0,2,8
121561,1,1,1991,18,18,18,18,18,18,18,18,18,18
121562,1,1,1991,28,0,0,0,0,0,0,0,0,0
121562,2,1,1991,0,0,0,0,0,0,0,0,0,0
121562,3,1,1991,0,0,0,0,0,0,0,0,0,0
121563,1,1,1991,0,0,0,0,0,0,0,0,0,0
121564,1,1,1991,0,0,0,0,0,0,0,0,0,0
121565,0,1,1991,0,0,0,0,0,0,0,0,0,0
121565,1,1,1991,0,0,0,0,0,0,0,0,0,0
121566,1,1,1991,25,25,25,25,25,25,25,25,25,25
121567,0,1,1991,15,28,6,21,30,15,51,21,32,18
121567,1,1,1991,0,0,0,0,0,0,0,0,0,0
121568,1,1,1991,23,23,23,23,23,23,23,23,23,23
121568,2,1,1991,0,0,0,0,0,0,0,0,0,0
121568,3,1,1991,4,0,0,0,0,0,0,0,0,0
121569,0,1,1991,25,25,25,25,25,25,25,25,25,25
121569,1,1,1991,0,0,0,0,0,0,0,0,0,0
121570,0,1,1991,23,0,0,0,0,0,0,4,20,0
121570,1,1,1991,0,8,0,10,0,0,11,36,6,0
121571,1,1,1991,5,5,5,5,5,5,5,5,5,5
121572,0,1,1991,0,0,0,0,0,0,38,12,0,0
121572,1,1,1991,0,0,0,0,0,0,0,0,0,0
121573,1,1,1991,33,33,33,33,33,33,33,33,33,33
121574,1,1,1991,0,0,0,21,0,0,0,0,0,0
121574,2,1,1991,0,0,0,0,0,0,0,0,0,0
121574,3,1,1991,0,0,0,0,0,0,0,0,0,17
121574,4,1,1991,0,0,0,0,0,0,0,0,0,0
121575,0,1,1991,23,23,23,23,23,23,23,23,23,23
121575,1,1,1991,0,0,0,0,0,0,0,0,0,0
121576,1,1,1991,17,17,17,17,17,17,17,17,17,17
121576,2,1,1991,0,0,28,17,24,0,0,0,12,0
121577,1,1,1991,0,0,0,0,0,0,0,0,0,0
121577,2,1,1991,0,0,0,0,0,0,0,0,0,0
121578,1,1,1991,0,0,0,0,0,0,0,0,0,0
121578,2,1,1991,9,9,9,9,9,9,9,9,9,9
121579,1,1,1991,0,0,0,0,0,0,0,0,0,0
121579,2,1,1991,0,0,0,0,0,0,0,0,0,0
121579,3,1,1991,0,0,0,0,0,0,0,0,0,0
121580,1,1,1991,0,0,0,0,0,0,0,0,0,0
121581,0,1,1991,0,0,0,0,0,0,0,0,0,0
121581,1,1,1991,0,0,0,0,0,0,0,0,0,18
121582,1,1,1991,28,28,28,28,28,28,28,28,28,28
121582,2,1,1991,0,0,0,0,0,0,0,0,0,0
121583,1,1,1991,0,0,0,0,0,0,0,0,0,11
121583,2,1,1991,0,9,0,0,0,0,0,0,0,27
121584,0,1,1991,12,12,12,12,12,12,12,12,12,12
121584,1,1,1991,0,0,0,0,0,0,0,0,0,0
121585,1,1,1991,14,14,14,14,14,14,14,14,14,14
121586,1,1,1991,12,12,12,12,12,12,12,12,12,12
121587,1,1,1991,21,0,0,0,0,0,0,0,0,0
121587,2,1,1991,0,0,0,0,0,0,0,0,0,0
121588,1,1,1991,0,0,0,0,0,0,0,0,0,0
121588,2,1,1991,0,0,0,0,0,0,0,0,0,0
121588,3,1,1991,0,0,0,0,0,0,0,0,0,0
121588,4,1,1991,0,0,0,0,0,0,0,0,0,0
121589,1,1,1991,16,16,16,16,16,16,16,16,16,16
121590,0,1,1991,0,0,0,0,0,0,0,0,0,0
121590,1,1,1991,0,0,0,0,0,0,0,0,0,0
121591,1,1,1991,0,0,0,0,0,0,0,0,0,0
121591,2,1,1991,0,0,0,0,0,0,0,0,0,0
121591,3,1,1991,0,0,0,0,0,0,0,13,13,0
121592,1,1,1991,0,0,0,0,0,0,0,0,0,0
121592,2,1,1991,0,0,0,0,0,0,0,0,0,0
121593,1,1,1991,0,0,0,0,0,0,0,21,0,0
121593,2,1,1991,0,0,0,0,0,0,0,0,0,0
121593,3,1,1991,0,0,0,0,0,0,0,0,0,0
121594,1,1,1991,16,16,16,16,16,16,16,16,16,16
121595,1,1,1991,27,27,27,27,27,27,27,27,27,27
121596,0,1,1991,0,0,0,0,0,0,0,0,0,0
121596,1,1,1991,0,0,0,0,0,9,0,0,0,0
121597,1,1,1991,0,0,0,0,0,0,0,0,0,0
121597,2,1,1991,0,0,0,0,0,0,0,0,0,0
121597,3,1,1991,21,0,0,0,0,0,0,0,0,0
121597,4,1,1991,0,0,0,0,0,0,0,0,0,0
121598,1,1,1991,14,14,14,14,14,14,14,14,14,14
121599,0,1,1991,0,0,0,0,0,0,0,0,0,0
121599,1,1,1991,0,0,0,0,0,0,0,0,0,0
121600,0,1,1991,0,0,0,0,0,0,0,0,0,0
121600,1,1,1991,0,0,0,0,0,0,0,0,0,0
121601,1,1,1991,0,0,0,0,0,0,0,0,0,0
121601,2,1,1991,14,19,8,0,15,26,17,14,30,0
121602,1,1,1991,17,15,0,6,20,13,13,0,30,0
121602,2,1,1991,16,34,13,0,0,25,17,27,21,0
121602,3,1,1991,6,9,16,16,25,6,13,23,5,21
121603,1,1,1991,0,0,0,0,0,0,0,0,0,0
121604,0,1,1991,0,0,0,0,0,0,0,0,0,0
121604,1,1,1991,0,0,16,0,0,0,0,0,0,0
121605,1,1,1991,0,0,0,0,0,0,0,0,0,0
121605,2,1,1991,0,0,0,0,0,0,0,0,0,0
121606,1,1,1991,18,7,19,0,0,12,14,9,0,0
121607,1,1,1991,0,0,0,0,0,0,0,0,0,0
121607,2,1,1991,0,0,0,0,0,0,0,10,0,0
121608,0,1,1991,0,0,0,0,0,0,0,0,0,0
121608,1,1,1991,0,0,0,0,0,0,0,0,0,0
121609,0,1,1991,0,0,0,0,22,0,0,0,0,0
121609,1,1,1991,0,14,18,22,0,0,18,0,13,0
121610,1,1,1991,0,0,0,0,0,0,0,0,0,0
121610,2,1,1991,0,0,0,0,0,18,0,0,0,0
121611,1,1,1991,0,0,0,0,0,0,0,0,0,0
121611,2,1,1991,22,15,0,31,0,16,13,0,17,11
121612,0,1,1991,0,0,0,0,0,0,0,0,0,0
121612,1,1,1991,0,15,4,17,0,0,5,0,0,2
121613,1,1,1991,0,0,0,0,0,0,0,0,0,0
121613,2,1,1991,0,0,0,0,0,0,0,0,0,0
121614,1,1,1991,0,0,0,0,0,0,0,0,0,0
121614,2,1,1991,0,0,0,0,0,0,0,0,0,0
121615,0,1,1991,4,4,4,4,4,4,4,4,4,4
121616,0,1,1991,20,20,20,20,20,20,20,20,20,20
121616,1,1,1991,19,0,0,0,0,0,22,0,0,0
121617,0,1,1991,0,0,0,0,0,0,0,0,0,0
121617,0,2,1991,0,0,0,0,0,0,0,0,0,0
121617,1,1,1991,0,0,0,0,0,0,0,0,0,0
121618,1,1,1991,24,24,24,24,24,24,24,24,24,24
121619,1,1,1991,7,7,7,7,7,7,7,7,7,7
121619,2,1,1991,0,0,0,0,0,13,0,0,0,0
121620,1,1,1991,14,14,14,14,14,14,14,14,14,14
121621,0,1,1991,15,3,10,13,12,13,11,4,11,18
121621,1,1,1991,0,0,0,0,0,0,0,0,0,0
121622,1,1,1991,11,11,11,11,11,11,11,11,11,11
121623,1,1,1991,23,23,23,23,23,23,23,23,23,23
121623,2,1,1991,0,0,0,0,0,0,0,0,0,0
121624,1,1,1991,16,36,0,27,13,24,0,0,12,2
121625,1,1,1991,0,0,0,0,0,0,0,0,0,0
121625,2,1,1991,0,0,0,0,0,0,0,0,0,0
121626,0,1,1991,20,20,20,20,20,20,20,20,20,20
121626,1,1,1991,16,16,16,16,16,16,16,16,16,16
121628,0,1,1991,30,0,0,0,24,28,41,32,0,0
121628,1,1,1991,0,0,0,0,8,0,0,0,0,0
121629,0,1,1991,0,0,0,0,0,0,0,0,0,0
121629,1,1,1991,0,0,0,0,0,0,0,0,0,0
121631,1,1,1991,0,0,0,0,0,0,0,0,0,0
121631,2,1,1991,0,0,0,0,0,0,0,0,0,0
121632,1,1,1991,0,0,0,0,13,9,0,0,0,0
121633,1,1,1991,0,0,0,0,0,0,0,0,0,0
121633,2,1,1991,0,0,0,0,0,0,0,0,0,0
121634,1,1,1991,0,0,0,0,0,0,0,0,0,0
121634,2,1,1991,0,0,0,0,0,0,0,0,0,0
121635,1,1,1991,0,0,0,0,0,0,0,0,0,0
121635,2,1,1991,0,0,0,0,0,0,0,0,0,0
121636,1,1,1991,0,0,0,0,0,0,0,0,0,0
121636,2,1,1991,0,0,0,0,0,0,0,0,0,0
121637,0,1,1991,0,0,0,0,0,0,0,0,0,0
121637,1,1,1991,19,19,19,19,19,19,19,19,19,19
121638,0,1,1991,23,23,23,23,23,23,23,23,23,23
121638,1,1,1991,0,0,0,0,0,0,0,15,0,0
121639,1,1,1991,0,0,0,0,0,0,0,0,0,0
121639,2,1,1991,0,0,0,0,0,0,0,0,0,0
121640,1,1,1991,45,45,45,45,45,45,45,45,45,45
121640,2,1,1991,18,18,18,18,18,18,18,18,18,18
121641,1,1,1991,16,11,15,16,26,25,17,21,18,13
121642,1,1,1991,0,0,0,0,0,0,0,0,0,0
121642,2,1,1991,0,0,0,0,0,0,0,0,0,0
121643,0,1,1991,0,0,0,0,0,0,0,0,0,0
121643,1,1,1991,0,0,0,0,0,0,0,0,0,0
121644,0,1,1991,0,0,0,0,0,0,0,0,0,0
121644,1,1,1991,0,4,0,0,0,0,0,0,0,0
121645,0,1,1991,0,0,0,0,0,0,0,0,0,0
121645,1,1,1991,0,0,0,0,0,0,0,0,0,0
121646,1,1,1991,14,0,0,0,0,0,0,0,0,14
121646,2,1,1991,0,0,0,0,7,0,0,0,0,0
121647,1,1,1991,0,0,0,0,0,0,0,0,0,0
121647,2,1,1991,2,2,2,2,2,2,2,2,2,2
121648,1,1,1991,0,0,0,0,0,0,0,0,0,0
121648,2,1,1991,0,0,0,0,0,0,0,0,0,0
121649,0,1,1991,0,0,0,0,0,0,0,0,0,0
121649,1,1,1991,0,0,0,0,0,0,0,0,0,0
121650,1,1,1991,10,0,9,32,0,0,0,8,0,0
121652,0,1,1991,20,20,20,20,20,20,20,20,20,20
121652,1,1,1991,0,0,0,0,0,0,0,0,0,0
121653,1,1,1991,0,0,0,0,0,0,0,0,0,0
121653,2,1,1991,0,0,0,0,0,0,0,0,0,0
121654,0,1,1991,0,0,0,0,0,0,0,24,0,0
121655,1,1,1991,22,22,22,22,22,22,22,22,22,22
121656,0,1,1991,0,0,0,0,0,0,0,0,0,0
121656,1,1,1991,0,0,0,0,0,0,0,0,0,0
121657,1,1,1991,24,24,24,24,24,24,24,24,24,24
121658,0,1,1991,25,25,25,25,25,25,25,25,25,25
121658,1,1,1991,0,0,0,0,0,0,0,0,0,0
121659,1,1,1991,0,0,26,0,0,0,0,0,0,0
121659,2,1,1991,0,0,0,0,0,0,0,0,0,0
121660,0,1,1991,0,0,35,0,0,0,8,0,0,7
121660,0,2,1991,9,0,0,0,17,16,27,0,10,0
121660,1,1,1991,6,24,17,16,10,21,21,12,18,6
121661,1,1,1991,0,0,0,0,0,0,0,0,0,0
121661,2,1,1991,0,0,0,0,13,0,0,0,0,0
121662,1,1,1991,19,0,11,26,23,16,26,19,13,31
121662,2,1,1991,0,0,0,0,0,20,0,0,0,0
121663,1,1,1991,0,0,0,0,0,0,0,0,0,0
121663,2,1,1991,0,0,0,0,0,0,13,0,0,0
121664,1,1,1991,18,18,18,18,18,18,18,18,18,18
121665,0,1,1991,28,0,0,0,0,0,0,0,0,0
121665,1,1,1991,0,8,13,0,0,0,0,0,0,0
121666,1,1,1991,0,0,0,0,0,0,0,0,0,0
121667,1,1,1991,13,13,13,13,13,13,13,13,13,13
121667,2,1,1991,0,0,0,0,0,6,0,0,3,0
121668,0,1,1991,0,0,0,0,0,0,0,0,0,0
121668,1,1,1991,0,0,0,0,0,0,0,0,0,0
121669,0,1,1991,0,0,0,0,37,0,0,0,0,0
121669,1,1,1991,0,0,0,0,0,0,0,0,0,0
121670,0,1,1991,25,25,25,25,25,25,25,25,25,25
121670,1,1,1991,0,0,0,20,10,0,0,0,0,0
121671,1,1,1991,0,0,0,0,0,0,0,0,0,0
121671,2,1,1991,0,0,0,0,0,0,0,0,0,0
121672,1,1,1991,0,0,0,0,0,0,0,0,0,0
121672,2,1,1991,0,0,0,0,0,0,0,0,0,0
121673,1,1,1991,0,0,0,0,0,0,0,0,0,0
121673,2,1,1991,0,0,0,0,0,14,0,0,0,0
121674,1,1,1991,0,0,0,0,0,0,0,0,0,0
121674,2,1,1991,0,0,0,0,0,0,0,0,0,0
121675,1,1,1991,0,0,0,0,0,0,0,0,0,0
121675,2,1,1991,0,0,0,0,0,0,0,0,0,0
121676,1,1,1991,0,0,0,0,0,0,0,0,0,0
121676,2,1,1991,0,0,0,0,0,0,0,0,0,0
121677,0,1,1991,18,18,18,18,18,18,18,18,18,18
121677,1,1,1991,0,0,0,0,0,0,0,0,0,0
121678,1,1,1991,0,0,0,6,0,0,0,0,0,0
121678,2,1,1991,0,0,14,0,0,0,0,0,0,0
121679,1,1,1991,7,7,7,7,7,7,7,7,7,7
121679,2,1,1991,6,6,6,6,6,6,6,6,6,6
121679,3,1,1991,0,0,0,0,0,0,0,0,0,0
121680,0,1,1991,0,0,0,0,0,0,0,0,0,0
121680,0,2,1991,0,0,0,21,0,0,0,0,32,0
121680,0,3,1991,0,10,0,13,0,0,0,0,20,32
121680,0,4,1991,0,0,14,0,0,0,0,0,0,0
121680,1,1,1991,31,0,11,4,0,15,22,18,0,0
121682,1,1,1991,0,0,0,0,0,0,0,0,0,0
121683,1,1,1991,21,21,21,21,21,21,21,21,21,21
121684,1,1,1991,0,0,0,0,0,0,0,0,0,0
121685,0,1,1991,0,0,9,0,0,0,0,0,0,0
121685,1,1,1991,0,0,0,12,0,0,0,0,0,0
121687,1,1,1991,17,17,17,17,17,17,17,17,17,17
121689,1,1,1991,26,26,26,26,26,26,26,26,26,26
121690,1,1,1991,0,0,0,0,0,0,0,0,0,0
121690,2,1,1991,0,0,0,0,0,0,0,0,0,0
121691,1,1,1991,0,0,0,0,0,0,0,0,0,0
121692,1,1,1991,19,19,19,19,19,19,19,19,19,19
121693,1,1,1991,16,16,16,16,16,16,16,16,16,16
121694,1,1,1991,24,24,24,24,24,24,24,24,24,24
121695,1,1,1991,0,0,0,0,0,0,0,0,0,0
121695,2,1,1991,0,0,0,0,0,0,0,0,0,0
121696,1,1,1991,0,0,0,0,0,0,0,0,0,0
121697,1,1,1991,19,19,19,19,19,19,19,19,19,19
121697,2,1,1991,0,0,0,0,0,0,0,0,0,0
121698,1,1,1991,0,0,0,0,0,0,0,0,0,0
121699,1,1,1991,0,0,0,0,0,0,0,0,0,0
121699,2,1,1991,0,0,0,0,0,0,0,0,0,0
121700,0,1,1991,18,18,18,18,18,18,18,18,18,18
121700,1,1,1991,0,0,0,0,0,0,0,0,0,0
121701,0,1,1991,0,0,0,0,28,0,0,0,0,0
121701,1,1,1991,0,0,0,0,0,0,0,0,0,0
121701,2,1,1991,0,0,0,0,0,0,0,0,0,0
121702,1,1,1991,0,0,0,0,0,0,0,0,0,0
121702,2,1,1991,0,11,0,0,10,0,0,0,0,0
121702,3,1,1991,0,0,0,0,0,0,0,0,0,0
121702,4,1,1991,0,0,0,0,0,0,0,0,0,0
121702,5,1,1991,0,0,0,0,0,0,0,0,0,0
121703,1,1,1991,0,0,0,0,9,0,0,0,0,0
121703,2,1,1991,0,0,0,0,0,0,0,0,0,0
121704,1,1,1991,0,0,0,0,0,0,0,0,0,0
121704,2,1,1991,0,0,0,0,0,0,0,0,0,0
121705,1,1,1991,12,12,12,12,12,12,12,12,12,12
121706,1,1,1991,0,0,0,0,0,0,0,0,0,0
121706,2,1,1991,0,0,0,0,0,0,0,0,0,0
121707,1,1,1991,18,18,18,18,18,18,18,18,18,18
121708,1,1,1991,10,10,10,10,10,10,10,10,10,10
121710,1,1,1991,0,0,0,0,0,0,0,0,0,0
121710,2,1,1991,25,25,25,25,25,25,25,25,25,25
121711,1,1,1991,34,0,0,0,0,3,0,0,0,0
121711,2,1,1991,0,0,0,0,0,0,0,0,0,0
121712,1,1,1991,0,0,0,0,0,0,0,0,0,0
121712,2,1,1991,0,0,0,0,0,0,0,0,0,0
121713,1,1,1991,0,0,0,0,17,19,0,15,11,0
121713,2,1,1991,0,0,0,0,0,0,0,0,0,0
121714,1,1,1991,0,0,0,0,0,0,0,0,0,0
121714,2,1,1991,0,0,0,0,0,0,0,0,0,0
121715,1,1,1991,0,0,0,0,0,0,0,0,0,0
121715,2,1,1991,0,0,0,0,0,0,0,0,0,0
121715,3,1,1991,0,0,0,0,0,0,0,0,0,0
121716,0,1,1991,15,15,15,15,15,15,15,15,15,15
121716,1,1,1991,0,0,0,0,0,0,0,0,0,0
121717,0,1,1991,18,0,0,0,0,0,0,0,30,0
121717,1,1,1991,0,16,11,17,0,5,16,0,0,0
121718,0,1,1991,0,0,9,0,0,0,0,0,0,0
121718,1,1,1991,0,0,0,0,0,0,19,0,0,0
121719,1,1,1991,12,12,12,12,12,12,12,12,12,12
121720,1,1,1991,9,9,9,9,9,9,9,9,9,9
121721,1,1,1991,24,24,24,24,24,24,24,24,24,24
121721,2,1,1991,16,16,16,16,16,16,16,16,16,16
121722,1,1,1991,26,26,26,26,26,26,26,26,26,26
121723,1,1,1991,0,0,0,0,0,0,0,0,0,0
121723,2,1,1991,0,0,0,0,0,0,0,0,0,0
121724,1,1,1991,0,0,0,0,0,0,0,0,0,0
121724,2,1,1991,0,0,0,0,0,0,0,0,0,0
121725,0,1,1991,0,0,0,0,0,0,0,0,0,0
121725,1,1,1991,0,0,0,0,0,0,0,0,0,0
121726,1,1,1991,13,13,13,13,13,13,13,13,13,13
121726,2,1,1991,11,11,11,11,11,11,11,11,11,11
121727,1,1,1991,0,0,0,0,20,16,0,0,0,8
121727,2,1,1991,1,1,1,1,1,1,1,1,1,1
121728,1,1,1991,0,0,0,0,0,0,0,0,0,0
121728,2,1,1991,0,0,0,0,0,0,0,0,0,0
121729,0,1,1991,0,0,0,0,0,0,0,0,0,0
121729,1,1,1991,0,8,0,16,0,0,0,0,0,0
121730,1,1,1991,35,35,35,35,35,35,35,35,35,35
121731,1,1,1991,0,0,0,0,0,0,0,0,0,3
121732,1,1,1991,17,17,17,17,17,17,17,17,17,17
121733,1,1,1991,11,11,11,11,11,11,11,11,11,11
121733,2,1,1991,0,0,0,0,0,0,0,0,0,0
121734,1,1,1991,7,7,7,7,7,7,7,7,7,7
121735,0,1,1991,0,0,0,0,0,0,0,0,0,0
121735,2,1,1991,0,0,0,0,0,0,0,0,0,0
121735,3,1,1991,0,0,0,0,0,0,0,0,0,0
121737,1,1,1991,21,11,28,6,34,35,28,27,24,12
121738,1,1,1991,0,0,0,0,0,0,0,0,0,0
121738,2,1,1991,0,0,0,0,0,0,0,0,0,0
121739,1,1,1991,19,19,19,19,19,19,19,19,19,19
121739,2,1,1991,17,10,19,18,0,14,0,13,0,9
121740,1,1,1991,0,0,0,0,0,0,0,0,0,0
121740,2,1,1991,0,0,0,0,0,0,0,0,0,0
121741,1,1,1991,0,15,0,0,0,0,0,0,0,0
121741,2,1,1991,0,0,0,0,0,0,0,0,0,0
121742,1,1,1991,0,0,0,0,0,0,0,0,0,0
121742,2,1,1991,0,0,0,7,0,0,0,0,0,0
121743,1,1,1991,0,0,0,0,0,0,0,0,0,0
121743,2,1,1991,0,0,0,0,0,0,0,0,0,0
121744,0,1,1991,0,0,0,0,0,22,0,0,0,0
121744,1,1,1991,0,0,0,0,0,0,0,0,0,0
121745,0,1,1991,0,0,0,0,0,0,0,0,0,0
121745,1,1,1991,0,0,0,31,0,0,0,0,0,0
121746,1,1,1991,22,22,22,22,22,22,22,22,22,22
121747,1,1,1991,0,0,0,0,0,0,0,0,0,0
121748,1,1,1991,0,0,0,0,0,0,0,0,0,0
121748,2,1,1991,0,0,0,0,0,0,0,0,0,0
121748,3,1,1991,0,0,0,0,0,0,0,0,0,0
121749,1,1,1991,0,0,0,0,0,0,0,0,0,0
121749,2,1,1991,0,0,0,0,0,0,0,0,0,0
121750,1,1,1991,0,0,0,0,12,0,0,0,0,15
121750,2,1,1991,0,0,0,0,0,0,0,0,0,0
121750,3,1,1991,0,12,0,0,0,0,0,0,0,0
121751,1,1,1991,23,0,0,0,0,16,34,6,0,3
121752,1,1,1991,0,0,0,0,0,0,0,0,0,0
121752,2,1,1991,0,0,0,0,0,0,0,0,0,0
121753,0,1,1991,0,0,0,0,0,0,0,0,0,0
121753,1,1,1991,0,37,0,0,0,0,0,0,0,0
121754,1,1,1991,0,0,0,0,0,0,0,0,0,0
121754,2,1,1991,0,0,0,0,0,0,0,0,0,0
121755,1,1,1991,12,12,12,12,12,12,12,12,12,12
121756,0,1,1991,31,31,31,31,31,31,31,31,31,31
121756,1,1,1991,0,0,0,0,0,0,0,0,0,0
121757,1,1,1991,0,0,0,0,0,0,0,0,0,0
121757,2,1,1991,0,0,0,0,0,0,6,0,0,0
121758,1,1,1991,0,6,7,25,0,0,0,13,0,12
121758,2,1,1991,0,12,0,0,0,0,0,0,0,0
121759,1,1,1991,8,0,0,0,0,12,9,28,0,0
121760,1,1,1991,0,0,0,0,0,0,0,0,0,0
121761,1,1,1991,21,21,21,21,21,21,21,21,21,21
121761,2,1,1991,13,13,13,13,13,13,13,13,13,13
121762,1,1,1991,0,0,0,0,0,0,0,0,0,0
121762,2,1,1991,0,0,0,0,0,0,0,0,0,0
121763,0,1,1991,0,0,0,0,0,0,0,0,0,0
121763,1,1,1991,0,0,0,0,0,0,0,0,0,0
121764,1,1,1991,0,0,0,0,0,0,0,0,0,0
121764,2,1,1991,0,0,0,0,0,0,0,0,0,0
121765,1,1,1991,0,0,0,0,0,0,0,0,0,0
121765,2,1,1991,0,0,0,0,0,0,0,0,0,0
121766,0,1,1991,0,0,0,0,0,0,0,0,0,0
121766,1,1,1991,0,0,0,0,17,3,0,0,0,0
121767,1,1,1991,21,21,21,21,21,21,21,21,21,21
121769,1,1,1991,0,0,0,0,0,0,0,0,0,0
121769,2,1,1991,0,0,0,0,0,0,0,0,0,0
121769,3,1,1991,0,0,0,0,0,0,0,0,0,0
121769,4,1,1991,0,0,0,0,0,0,0,0,0,0
121770,1,1,1991,14,14,14,14,14,14,14,14,14,14
121770,2,1,1991,0,0,0,0,0,0,0,0,0,0
121770,3,1,1991,0,0,0,0,0,0,0,0,0,0
121771,1,1,1991,0,0,0,0,0,0,0,0,4,0
121772,1,1,1991,0,0,0,0,0,0,0,0,0,0
121772,2,1,1991,0,19,0,21,9,0,6,0,0,0
121773,0,1,1991,17,16,23,25,9,24,19,22,47,5
121773,1,1,1991,0,0,0,0,0,0,0,0,0,0
121774,0,1,1991,0,0,0,0,0,0,0,0,0,0
121774,1,1,1991,0,0,0,0,0,0,0,0,0,0
121776,0,1,1991,30,9,27,20,20,20,13,33,0,21
121776,1,1,1991,0,0,0,0,0,0,0,0,0,0
121777,0,1,1991,0,0,0,0,0,0,0,0,0,0
121777,1,1,1991,0,0,0,0,0,0,0,0,0,0
121778,1,1,1991,0,0,0,0,0,0,0,0,0,0
121778,2,1,1991,10,10,10,10,10,10,10,10,10,10
121779,1,1,1991,17,17,17,17,17,17,17,17,17,17
121779,2,1,1991,0,0,0,0,0,0,0,0,0,0
121779,3,1,1991,0,0,0,0,0,0,0,0,0,0
121779,4,1,1991,10,10,10,10,10,10,10,10,10,10
121780,1,1,1991,17,17,17,17,17,17,17,17,17,17
121781,0,1,1991,0,0,0,46,0,0,42,0,0,0
121781,1,1,1991,0,10,0,0,0,0,0,0,0,0
121782,1,1,1991,0,0,0,0,17,0,0,25,0,0
121782,2,1,1991,26,26,26,26,26,26,26,26,26,26
121783,1,1,1991,31,31,31,31,31,31,31,31,31,31
121783,2,1,1991,0,0,0,0,0,0,17,0,0,0
121784,1,1,1991,0,0,15,0,0,0,0,0,0,0
121784,2,1,1991,0,0,0,0,20,0,0,0,0,0
121785,1,1,1991,29,29,29,29,29,29,29,29,29,29
121786,1,1,1991,14,14,14,14,14,14,14,14,14,14
121787,0,1,1991,13,13,13,13,13,13,13,13,13,13
121787,1,1,1991,5,5,5,5,5,5,5,5,5,5
121788,0,1,1991,0,0,0,0,0,0,0,0,0,0
121788,1,1,1991,0,0,0,0,0,0,0,0,0,0
121789,1,1,1991,0,0,0,0,0,0,0,0,0,0
121790,1,1,1991,0,23,28,9,12,0,27,0,0,17
121791,1,1,1991,30,30,30,30,30,30,30,30,30,30
121792,1,1,1991,13,10,13,9,12,4,11,18,27,11
121793,1,1,1991,20,15,0,0,0,19,0,0,0,0
121794,0,1,1991,0,0,9,0,0,0,0,0,0,0
121794,1,1,1991,0,0,0,0,0,0,0,0,0,0
121795,1,1,1991,8,8,8,8,8,8,8,8,8,8
121795,2,1,1991,0,0,0,0,0,0,0,0,0,0
121796,1,1,1991,0,0,0,0,0,0,0,0,0,0
121796,2,1,1991,0,0,0,0,0,0,0,0,0,0
121797,1,1,1991,0,0,0,0,0,0,0,0,0,0
121797,2,1,1991,0,0,0,0,0,0,0,0,0,0
121798,0,1,1991,10,10,10,10,10,10,10,10,10,10
121798,1,1,1991,0,0,0,0,0,0,0,0,0,10
121799,1,1,1991,0,0,0,0,0,0,0,0,0,0
121799,2,1,1991,0,0,0,0,0,0,0,0,0,0
121800,0,1,1991,0,0,0,0,0,0,0,0,0,0
121800,1,1,1991,0,0,0,0,0,0,0,0,0,0
121801,1,1,1991,0,0,14,14,14,5,19,19,2,15
121801,2,1,1991,0,0,0,0,0,0,0,0,0,0
121801,3,1,1991,6,7,0,6,14,17,0,9,7,0
121802,0,1,1991,30,30,30,30,30,30,30,30,30,30
121802,1,1,1991,0,0,0,0,19,0,0,12,0,0
121803,0,1,1991,0,0,0,0,0,0,0,0,0,0
121803,0,2,1991,0,0,0,0,0,0,0,0,0,0
121803,1,1,1991,0,0,0,0,0,0,0,0,0,0
121804,1,1,1991,9,9,9,9,9,9,9,9,9,9
121805,0,1,1991,0,0,0,0,0,0,0,0,0,0
121805,0,2,1991,0,0,0,9,21,0,0,0,3,38
121805,1,1,1991,24,24,24,24,24,24,24,24,24,24
121806,1,1,1991,16,16,16,16,16,16,16,16,16,16
121807,1,1,1991,0,0,0,0,0,0,0,0,0,0