ST_CASE,VEH_NO,PER_NO,YEAR,P1,P2,P3,P4,P5,P6,P7,P8,P9,P10
121807,2,1,1991,0,0,0,0,0,0,0,0,0,0
121808,1,1,1991,0,0,0,0,0,0,0,0,0,0
121809,0,1,1991,0,0,0,0,0,0,0,0,0,0
121809,1,1,1991,0,0,0,0,0,0,0,0,0,0
121810,1,1,1991,0,0,0,0,0,0,10,0,0,0
121810,2,1,1991,18,0,0,0,14,0,0,0,12,0
121811,1,1,1991,16,12,0,30,0,25,26,0,16,7
121812,0,1,1991,0,30,0,0,17,0,0,0,0,0
121812,1,1,1991,0,0,0,0,0,0,6,20,0,0
121813,1,1,1991,0,0,0,0,0,0,0,0,0,0
121813,2,1,1991,0,0,0,0,0,0,0,0,0,0
121814,1,1,1991,0,0,0,0,0,0,0,0,0,0
121814,2,1,1991,0,0,0,0,0,0,0,0,0,0
121815,1,1,1991,16,16,16,16,16,16,16,16,16,16
121815,2,1,1991,0,0,0,0,0,0,0,0,0,0
121816,1,1,1991,11,11,11,11,11,11,11,11,11,11
121817,1,1,1991,32,32,32,32,32,32,32,32,32,32
121818,1,1,1991,30,30,30,30,30,30,30,30,30,30
121819,1,1,1991,18,18,18,18,18,18,18,18,18,18
121820,1,1,1991,0,0,0,0,0,0,0,0,0,0
121821,1,1,1991,0,0,0,0,0,0,0,0,0,0
121823,0,1,1991,14,14,14,14,14,14,14,14,14,14
121823,1,1,1991,0,0,0,0,19,20,0,0,11,39
121824,1,1,1991,3,3,3,3,3,3,3,3,3,3
121824,2,1,1991,0,16,0,0,0,0,0,16,0,0
121825,0,1,1991,0,0,0,0,0,0,0,0,0,0
121825,1,1,1991,0,0,0,0,0,0,26,0,3,0
121826,1,1,1991,21,21,21,21,21,21,21,21,21,21
121826,2,1,1991,0,0,0,0,0,0,0,0,0,0
121826,3,1,1991,0,0,0,0,11,0,0,0,0,0
121827,1,1,1991,23,23,23,23,23,23,23,23,23,23
121828,1,1,1991,0,0,0,0,0,0,0,0,0,0
121828,2,1,1991,0,0,0,0,0,0,19,0,0,0
121829,1,1,1991,0,0,0,0,0,25,21,0,0,0
121829,2,1,1991,0,22,14,0,10,4,0,7,18,10
121830,1,1,1991,0,0,0,5,0,0,0,0,0,0
121830,2,1,1991,20,20,20,20,20,20,20,20,20,20
121831,0,1,1991,3,3,3,3,3,3,3,3,3,3
121831,1,1,1991,0,0,0,0,0,0,0,10,6,0
121832,1,1,1991,0,0,0,0,0,0,0,0,0,0
121832,2,1,1991,0,0,0,0,0,0,0,0,0,0
121833,1,1,1991,25,25,25,25,25,25,25,25,25,25
121833,2,1,1991,0,0,0,0,0,0,0,0,0,0
121834,0,1,1991,19,0,0,0,0,0,0,0,0,0
121834,1,1,1991,0,0,0,0,0,18,0,0,0,0
121835,1,1,1991,0,0,0,0,0,0,0,0,0,0
121836,1,1,1991,19,19,19,19,19,19,19,19,19,19
121837,1,1,1991,0,0,0,0,0,0,0,0,0,0
121837,2,1,1991,0,0,0,0,0,0,0,0,0,0
121838,1,1,1991,27,27,27,27,27,27,27,27,27,27
121839,1,1,1991,26,26,26,26,26,26,26,26,26,26
121840,1,1,1991,15,0,0,0,0,0,0,0,0,0
121841,1,1,1991,0,0,0,0,0,0,0,0,0,0
121842,1,1,1991,0,0,0,0,0,0,0,0,0,0
121842,2,1,1991,0,0,0,0,15,0,0,0,0,0
121843,1,1,1991,0,0,0,0,0,0,0,0,0,0
121844,2,1,1991,0,0,0,0,0,0,0,0,0,0
121845,1,1,1991,0,0,0,0,0,0,0,0,0,0
121845,2,1,1991,0,0,0,0,0,0,0,0,0,0
121846,1,1,1991,0,0,0,0,0,0,0,0,0,0
121846,2,1,1991,0,0,0,0,0,0,0,0,0,0
121846,3,1,1991,0,0,0,0,0,0,0,0,0,0
121847,1,1,1991,15,26,33,10,23,30,18,21,20,20
121848,1,1,1991,0,0,0,0,0,0,0,0,0,0
121848,2,1,1991,0,0,0,0,0,0,0,0,0,0
121849,1,1,1991,15,15,15,15,15,15,15,15,15,15
121850,1,1,1991,27,27,27,27,27,27,27,27,27,27
121850,2,1,1991,0,0,0,0,0,0,0,0,0,0
121851,1,1,1991,0,0,0,0,0,0,0,0,27,0
121851,2,1,1991,18,0,0,0,0,0,0,0,0,0
121852,1,1,1991,0,18,29,20,12,0,0,0,38,14
121853,1,1,1991,13,23,0,19,0,0,0,12,0,0
121854,1,1,1991,0,0,0,0,0,0,0,0,0,0
121855,1,1,1991,22,22,22,22,22,22,22,22,22,22
121857,1,1,1991,21,0,10,10,8,18,7,22,13,24
121857,2,1,1991,0,0,0,0,0,0,0,0,0,0
121858,1,1,1991,20,17,18,0,14,22,8,19,32,0
121858,2,1,1991,20,0,0,13,0,9,0,0,0,7
121859,0,1,1991,0,0,0,0,0,0,0,0,0,0
121859,1,1,1991,0,0,0,0,0,0,0,0,0,0
121860,1,1,1991,18,18,18,18,18,18,18,18,18,18
121861,1,1,1991,0,0,0,0,0,0,0,3,0,0
121861,2,1,1991,5,6,3,29,13,20,9,9,0,6
121862,0,1,1991,11,0,0,12,0,31,17,0,0,0
121862,1,1,1991,0,0,0,0,0,0,0,0,0,0
121863,1,1,1991,0,0,0,0,0,0,0,0,0,0
121863,2,1,1991,0,0,0,0,0,0,0,0,0,0
121863,3,1,1991,0,0,0,0,0,0,0,0,0,0
121864,0,1,1991,18,18,18,18,18,18,18,18,18,18
121864,1,1,1991,0,0,0,0,0,0,0,0,0,0
121865,1,1,1991,10,10,10,10,10,10,10,10,10,10
121868,1,1,1991,0,0,0,0,0,0,0,0,0,0
121868,2,1,1991,0,0,0,0,0,0,0,0,0,0
121869,1,1,1991,26,26,26,26,26,26,26,26,26,26
121870,0,1,1991,0,0,20,17,20,28,0,0,10,0
121870,1,1,1991,39,39,39,39,39,39,39,39,39,39
121872,0,1,1991,0,0,0,0,0,0,0,0,0,0
121872,1,1,1991,0,0,0,0,0,0,0,0,0,0
121873,1,1,1991,0,0,0,0,0,0,0,0,0,0
121874,0,1,1991,0,0,0,0,0,0,0,0,0,0
121874,1,1,1991,23,23,23,23,23,23,23,23,23,23
121875,0,1,1991,26,0,0,0,0,0,8,0,0,0
121875,1,1,1991,0,0,0,0,0,0,0,0,0,0
121876,0,1,1991,0,0,0,0,33,0,0,0,0,0
121876,1,1,1991,0,0,17,0,0,0,0,0,0,0
121877,1,1,1991,0,0,0,0,0,0,0,0,0,0
121877,2,1,1991,5,5,5,5,5,5,5,5,5,5
121878,1,1,1991,0,0,0,0,0,0,0,0,0,0
121878,2,1,1991,0,0,0,0,0,0,0,0,0,0
121878,3,1,1991,0,0,0,0,0,0,0,0,0,0
121879,1,1,1991,11,11,11,11,11,11,11,11,11,11
121879,2,1,1991,0,0,0,0,0,0,0,0,0,0
121880,0,1,1991,0,0,11,26,0,0,22,17,0,0
121880,1,1,1991,0,0,0,0,15,9,0,0,0,0
121881,0,1,1991,0,0,0,0,0,0,0,0,0,0
121881,1,1,1991,0,0,0,0,0,0,0,0,0,0
121881,2,1,1991,0,0,0,0,0,0,0,0,0,0
121882,1,1,1991,0,0,0,0,0,0,0,0,0,0
121882,2,1,1991,0,0,0,0,0,0,0,0,0,0
121883,1,1,1991,0,0,0,0,0,0,0,0,0,0
121884,0,1,1991,16,16,16,16,16,16,16,16,16,16
121884,1,1,1991,0,0,0,0,0,0,0,0,0,0
121885,1,1,1991,9,0,9,25,11,18,18,25,27,19
121885,2,1,1991,0,8,0,0,0,0,0,0,0,0
121886,1,1,1991,0,0,26,0,0,0,10,24,18,0
121886,2,1,1991,0,0,0,0,0,0,0,0,0,0
121887,1,1,1991,0,0,0,0,0,0,0,0,0,0
121887,2,1,1991,0,0,0,0,0,0,0,0,0,0
121887,3,1,1991,0,0,0,0,0,0,0,0,0,0
121888,1,1,1991,0,0,0,0,0,0,0,0,0,0
121889,1,1,1991,0,0,0,0,0,0,0,0,0,0
121889,2,1,1991,0,0,0,0,0,0,0,0,0,0
121890,1,1,1991,0,0,0,0,0,0,0,0,0,0
121891,1,1,1991,30,30,30,30,30,30,30,30,30,30
121891,2,1,1991,17,17,17,17,17,17,17,17,17,17
121892,1,1,1991,8,0,32,18,0,0,0,0,0,0
121892,2,1,1991,0,0,0,0,0,0,21,0,0,7
121892,3,1,1991,0,0,0,0,0,0,0,0,0,0
121893,1,1,1991,8,17,7,0,0,5,0,0,0,24
121893,2,1,1991,0,31,0,0,13,14,36,20,30,0
121894,1,1,1991,0,7,0,0,0,0,0,0,0,0
121895,1,1,1991,0,0,0,0,0,0,0,0,0,0
121896,1,1,1991,0,0,0,0,0,0,0,0,0,0
121896,2,1,1991,0,0,0,0,0,0,0,0,0,0
121897,1,1,1991,0,0,0,0,0,0,0,0,0,0
121898,1,1,1991,0,0,0,0,0,0,0,0,0,0
121898,2,1,1991,0,0,0,0,0,0,0,0,0,0
121898,3,1,1991,0,13,0,1,0,0,0,4,0,0
121899,1,1,1991,0,0,6,0,15,0,0,29,0,17
121900,0,1,1991,8,23,20,27,16,14,40,15,7,0
121900,1,1,1991,0,9,0,0,0,0,0,0,0,0
121902,1,1,1991,16,16,16,16,16,16,16,16,16,16
121903,1,1,1991,11,11,11,11,11,11,11,11,11,11
121903,2,1,1991,0,0,0,0,0,0,0,0,0,0
121904,0,1,1991,0,0,0,0,0,0,0,0,0,0
121904,1,1,1991,0,0,0,0,0,0,0,0,0,0
121905,1,1,1991,0,0,0,0,0,0,0,0,0,0
121905,2,1,1991,0,0,0,0,0,0,0,0,0,0
121906,0,1,1991,0,0,0,0,0,0,0,0,0,0
121906,1,1,1991,0,0,0,0,0,0,0,0,0,0
121907,1,1,1991,0,0,0,0,0,0,0,0,0,0
121907,2,1,1991,0,0,0,0,0,0,0,0,0,0
121908,1,1,1991,0,0,0,0,0,0,0,5,6,0
121908,2,1,1991,0,0,0,0,0,0,0,0,0,0
121909,1,1,1991,0,0,0,0,0,0,0,0,0,0
121909,2,1,1991,6,0,0,0,13,0,0,0,0,0
121909,3,1,1991,11,0,21,0,0,7,19,0,0,29
121910,1,1,1991,0,0,0,0,0,0,0,0,0,0
121910,2,1,1991,0,0,0,0,0,0,0,22,0,14
121911,1,1,1991,12,0,0,0,0,0,0,11,0,0
121911,2,1,1991,0,0,0,0,0,0,7,0,0,18
121912,1,1,1991,7,7,7,7,7,7,7,7,7,7
121913,1,1,1991,17,17,17,17,17,17,17,17,17,17
121914,1,1,1991,0,0,0,0,0,0,0,0,0,0
121915,1,1,1991,19,19,19,19,19,19,19,19,19,19
121916,1,1,1991,0,0,0,0,0,0,0,0,0,0
121916,2,1,1991,0,0,0,0,0,0,0,0,0,0
121917,1,1,1991,0,0,0,0,0,0,0,0,0,0
121917,2,1,1991,0,0,0,0,0,0,0,0,0,0
121918,1,1,1991,25,13,15,15,19,9,14,0,6,23
121919,1,1,1991,15,15,15,15,15,15,15,15,15,15
121920,1,1,1991,0,23,0,0,0,0,9,0,0,12
121921,0,1,1991,7,7,7,7,7,7,7,7,7,7
121921,1,1,1991,0,8,0,0,0,0,0,0,0,0
121922,1,1,1991,0,0,0,0,0,0,0,0,0,0
121922,2,1,1991,0,0,0,0,6,0,0,0,0,0
121923,0,1,1991,28,12,10,32,18,23,41,0,18,3
121923,1,1,1991,26,0,16,0,0,0,0,20,0,0
121924,0,1,1991,0,0,0,0,0,0,0,0,0,0
121924,1,1,1991,0,16,8,9,11,0,18,27,23,13
121925,0,1,1991,11,32,21,24,14,24,19,15,15,23
121925,1,1,1991,0,0,0,0,0,0,0,11,11,0
121926,1,1,1991,0,0,0,0,0,0,0,0,0,0
121926,2,1,1991,0,0,0,0,0,0,0,0,0,0
121927,1,1,1991,2,2,2,2,2,2,2,2,2,2
121928,0,1,1991,22,0,22,12,20,28,24,18,0,10
121928,1,1,1991,0,0,0,11,0,12,0,0,0,0
121929,0,1,1991,0,0,0,0,0,0,0,0,0,0
121929,1,1,1991,0,0,26,0,13,0,0,0,0,0
121930,1,1,1991,17,17,17,17,17,17,17,17,17,17
121931,1,1,1991,6,6,6,6,6,6,6,6,6,6
121932,1,1,1991,0,0,0,0,0,0,0,0,0,0
121932,2,1,1991,0,0,0,0,0,0,0,0,0,0
121933,1,1,1991,0,0,0,0,0,0,0,0,0,0
121933,2,1,1991,0,0,0,0,0,0,0,0,0,0
121934,1,1,1991,22,22,22,22,22,22,22,22,22,22
121934,2,1,1991,0,0,0,0,0,0,0,0,0,4
121935,1,1,1991,14,13,17,14,12,12,19,27,0,0
121936,1,1,1991,0,0,0,0,0,0,0,0,0,0
121936,2,1,1991,0,0,0,0,0,0,0,0,0,0
121937,0,1,1991,13,14,0,0,0,0,16,0,18,0
121937,1,1,1991,0,0,0,7,0,0,0,0,0,0
121939,1,1,1991,21,0,39,21,23,0,34,17,0,0
121940,1,1,1991,32,19,7,15,4,12,11,35,12,28
121940,2,1,1991,0,0,8,0,12,0,27,0,0,0
121941,1,1,1991,16,16,16,16,16,16,16,16,16,16
121941,2,1,1991,0,0,0,0,0,0,19,6,0,0
121942,0,1,1991,0,0,0,0,0,0,0,0,0,0
121942,1,1,1991,0,0,0,0,0,0,0,0,0,0
121943,1,1,1991,0,0,0,0,0,0,0,0,0,0
121944,1,1,1991,0,0,0,0,0,0,0,0,0,0
121944,2,1,1991,0,0,0,0,0,0,0,0,0,0
121946,0,1,1991,0,0,0,0,0,0,30,0,0,14
121946,1,1,1991,0,0,0,0,0,0,0,0,0,0
121947,0,1,1991,27,27,27,27,27,27,27,27,27,27
121947,1,1,1991,7,0,0,3,17,9,9,0,11,0
121948,1,1,1991,0,0,0,0,0,0,0,0,0,0
121948,2,1,1991,0,0,0,0,0,0,0,0,0,0
121948,3,1,1991,0,0,0,0,0,0,0,0,0,0
121949,1,1,1991,0,0,0,0,15,0,0,0,0,0
121949,2,1,1991,0,0,0,23,0,0,7,0,16,11
121950,1,1,1991,0,0,0,0,7,0,0,15,0,0
121950,2,1,1991,15,15,15,15,15,15,15,15,15,15
121951,1,1,1991,0,0,0,0,0,0,0,0,0,0
121951,2,1,1991,0,0,0,0,0,0,0,0,0,0
121952,1,1,1991,32,32,32,32,32,32,32,32,32,32
121953,1,1,1991,16,16,16,16,16,16,16,16,16,16
121953,2,1,1991,0,0,0,0,0,0,0,0,0,0
121954,1,1,1991,0,0,0,0,0,0,0,0,0,0
121954,2,1,1991,0,0,0,0,0,0,0,0,0,0
121955,1,1,1991,0,0,0,0,0,0,0,0,0,0
121955,2,1,1991,13,0,0,0,0,0,0,0,0,0
121956,1,1,1991,0,0,0,0,0,0,0,0,0,0
121956,2,1,1991,0,0,0,0,0,0,0,0,0,0
121957,1,1,1991,14,14,14,14,14,14,14,14,14,14
121958,1,1,1991,0,0,0,0,0,0,0,0,0,0
121958,2,1,1991,0,0,0,0,7,0,0,0,0,0
121959,1,1,1991,22,22,22,22,22,22,22,22,22,22
121959,2,1,1991,4,4,4,4,4,4,4,4,4,4
121959,3,1,1991,0,0,0,0,0,0,0,0,0,0
121960,0,1,1991,19,21,18,7,15,44,10,39,4,36
121960,1,1,1991,19,19,19,19,19,19,19,19,19,19
121961,1,1,1991,0,0,0,0,0,0,0,0,0,0
121961,2,1,1991,0,0,0,0,0,0,0,0,0,0
121962,1,1,1991,0,0,0,0,0,0,0,0,0,0
121962,2,1,1991,0,0,0,0,0,0,8,0,0,0
121963,1,1,1991,12,12,12,12,12,12,12,12,12,12
121964,1,1,1991,0,0,0,0,0,0,0,0,0,0
121965,1,1,1991,14,14,14,14,14,14,14,14,14,14
121966,1,1,1991,0,0,0,0,0,0,0,0,0,0
121967,0,1,1991,9,22,17,0,20,9,0,0,23,0
121967,0,2,1991,0,11,0,27,0,0,26,12,4,0
121967,1,1,1991,15,15,15,15,15,15,15,15,15,15
121968,1,1,1991,21,21,21,21,21,21,21,21,21,21
121970,1,1,1991,23,23,23,23,23,23,23,23,23,23
121971,1,1,1991,28,28,28,28,28,28,28,28,28,28
121971,2,1,1991,0,0,0,0,0,0,0,0,0,0
121972,1,1,1991,0,39,0,24,0,25,8,30,0,12
121973,1,1,1991,0,8,21,0,16,9,0,0,0,0
121974,0,1,1991,0,0,0,0,0,0,0,0,0,0
121974,1,1,1991,0,0,0,0,0,0,0,0,0,0
121975,0,1,1991,0,0,0,0,0,0,0,0,0,0
121975,1,1,1991,0,0,0,0,0,0,0,0,0,0
121976,1,1,1991,21,21,21,21,21,21,21,21,21,21
121976,2,1,1991,0,0,0,0,0,0,0,0,0,0
121976,3,1,1991,0,0,0,0,0,0,0,0,0,0
121977,0,1,1991,0,0,13,19,0,9,0,0,26,0
121977,1,1,1991,18,0,0,0,0,0,0,0,0,0
121978,1,1,1991,11,11,11,11,11,11,11,11,11,11
121979,1,1,1991,0,0,0,0,26,0,0,0,0,0
121979,2,1,1991,0,0,0,0,0,0,0,0,0,0
121980,0,1,1991,22,22,22,22,22,22,22,22,22,22
121980,1,1,1991,0,0,0,0,0,0,0,0,0,0
121981,1,1,1991,16,16,16,16,16,16,16,16,16,16
121982,1,1,1991,14,14,14,14,14,14,14,14,14,14
121982,2,1,1991,0,0,0,0,0,0,0,0,0,0
121983,0,1,1991,0,0,0,0,0,0,0,0,0,0
121983,1,1,1991,0,0,0,0,0,0,0,0,0,0
121984,1,1,1991,0,0,0,0,0,0,0,0,0,0
121984,2,1,1991,0,0,0,0,0,0,0,0,0,0
121984,3,1,1991,0,0,0,0,0,0,0,0,0,0
121985,1,1,1991,0,0,0,0,0,0,0,0,0,0
121985,2,1,1991,0,0,0,0,22,0,0,0,0,0
121986,0,1,1991,0,11,0,0,0,0,0,0,0,0
121986,1,1,1991,0,0,7,10,8,0,14,24,7,0
121987,1,1,1991,10,12,12,9,14,16,19,0,0,0
121987,2,1,1991,0,0,0,0,0,0,0,0,0,0
121987,3,1,1991,0,0,9,0,0,0,0,0,0,0
121988,0,1,1991,35,27,47,39,30,0,0,27,18,23
121988,1,1,1991,0,0,0,0,0,0,0,27,0,0
121989,1,1,1991,13,13,13,13,13,13,13,13,13,13
121990,0,1,1991,28,28,28,28,28,28,28,28,28,28
121990,1,1,1991,0,0,0,0,0,0,0,0,0,0
121991,1,1,1991,18,0,4,0,18,0,0,23,0,0
121991,2,1,1991,0,0,0,0,0,0,0,0,0,0
121992,0,1,1991,0,0,0,0,0,0,0,0,0,0
121992,1,1,1991,0,0,0,0,0,20,0,0,0,29
121993,1,1,1991,0,0,0,0,0,0,0,0,0,0
121993,2,1,1991,0,0,0,0,0,0,0,0,0,0
121994,1,1,1991,0,0,0,0,0,0,0,0,0,0
121994,2,1,1991,0,0,0,0,0,0,0,0,0,0
121995,0,1,1991,15,15,15,15,15,15,15,15,15,15
121995,1,1,1991,0,0,0,0,0,0,0,0,0,0
121997,1,1,1991,0,0,0,0,0,0,0,0,0,0
121997,2,1,1991,0,0,0,0,0,0,5,0,0,0
121998,1,1,1991,34,34,34,34,34,34,34,34,34,34
121999,1,1,1991,12,12,12,12,12,12,12,12,12,12
122000,1,1,1991,0,0,0,0,0,0,0,0,0,0
122001,1,1,1991,19,19,19,19,19,19,19,19,19,19
122001,2,1,1991,0,0,0,0,0,0,0,0,0,0
122001,3,1,1991,0,11,0,5,0,0,0,11,0,0
122001,4,1,1991,0,0,0,0,0,0,0,0,0,0
122002,1,1,1991,0,0,0,0,0,0,0,0,0,0
122002,2,1,1991,0,0,0,0,0,0,0,0,0,0
122002,3,1,1991,0,0,0,0,0,0,0,0,0,0
122003,0,1,1991,9,9,9,9,9,9,9,9,9,9
122003,1,1,1991,0,0,6,0,0,0,0,0,0,0
122004,1,1,1991,0,0,0,0,0,0,0,0,0,0
122004,2,1,1991,0,0,0,0,0,0,0,0,0,0
122005,1,1,1991,22,22,22,22,22,22,22,22,22,22
122006,0,1,1991,0,0,0,0,0,0,0,0,0,0
122006,1,1,1991,0,0,0,0,0,0,0,0,0,15
122007,0,1,1991,0,0,0,6,0,0,0,0,0,0
122007,1,1,1991,0,0,0,0,0,0,0,0,0,0
122008,1,1,1991,0,0,0,0,0,0,0,0,0,0
122008,2,1,1991,0,0,0,0,0,0,0,0,0,0
122009,0,1,1991,40,18,30,22,13,6,18,25,17,12
122009,1,1,1991,0,0,0,0,0,0,0,0,0,0
122010,1,1,1991,0,0,0,0,0,0,0,0,0,0
122010,2,1,1991,0,0,0,0,0,0,0,0,0,0
122011,0,1,1991,0,0,0,0,0,0,0,0,0,28
122011,1,1,1991,23,23,23,23,23,23,23,23,23,23
122012,1,1,1991,0,0,0,7,0,22,0,0,11,0
122012,2,1,1991,0,0,0,0,4,0,0,0,0,0
122013,1,1,1991,0,0,0,0,0,0,0,0,0,13
122013,2,1,1991,0,0,0,0,0,0,0,0,0,0
122013,3,1,1991,12,2,21,0,10,0,0,0,0,0
122015,1,1,1991,17,17,17,17,17,17,17,17,17,17
122015,2,1,1991,15,13,12,20,22,4,0,19,0,0
122016,0,1,1991,0,0,0,0,0,0,0,0,0,0
122016,1,1,1991,0,0,0,0,0,0,0,0,0,0
122017,0,1,1991,0,0,0,0,0,0,0,0,0,0
122017,1,1,1991,0,0,0,0,0,0,0,12,0,0
122018,0,1,1991,0,0,0,0,0,0,0,0,0,0
122018,1,1,1991,0,0,0,0,0,0,0,0,0,0
122019,1,1,1991,11,0,7,0,13,17,14,4,6,0
122019,2,1,1991,0,0,0,0,0,0,0,0,0,0
122020,1,1,1991,0,0,0,18,0,29,0,14,0,0
122020,2,1,1991,8,10,0,0,0,0,7,0,0,0
122021,1,1,1991,0,0,0,0,7,0,0,0,0,0
122021,2,1,1991,0,0,0,0,0,0,15,0,0,0
122022,1,1,1991,0,0,0,0,0,0,0,0,0,0
122022,2,1,1991,0,0,0,0,0,0,0,0,0,0
122024,0,1,1991,0,0,4,0,0,0,35,0,0,0
122024,1,1,1991,16,16,16,16,16,16,16,16,16,16
122025,1,1,1991,0,0,0,0,0,0,0,0,0,0
122025,2,1,1991,12,12,12,12,12,12,12,12,12,12
122026,1,1,1991,0,0,0,0,0,14,0,0,0,0
122026,2,1,1991,0,0,0,0,0,0,0,0,0,0
122026,3,1,1991,0,0,0,0,0,0,0,15,0,0
122027,0,1,1991,0,0,0,0,0,0,0,0,13,0
122027,1,1,1991,0,0,0,0,0,0,0,0,0,0
122028,1,1,1991,7,0,0,0,0,0,14,0,0,0
122028,2,1,1991,0,25,0,0,0,8,0,0,0,0
122029,0,1,1991,0,0,0,0,0,0,0,0,0,0
122029,1,1,1991,7,7,7,7,7,7,7,7,7,7
122030,1,1,1991,0,0,0,0,0,0,22,0,0,0
122030,2,1,1991,0,0,0,0,0,0,0,0,0,0
122032,1,1,1991,0,0,0,0,0,0,0,0,0,0
122032,2,1,1991,0,0,6,0,0,0,0,0,0,0
122033,1,1,1991,8,15,0,0,0,0,8,20,0,0
122033,2,1,1991,0,0,0,0,0,6,0,0,0,0
122034,0,2,1991,0,0,0,0,0,0,0,0,0,0
122034,0,3,1991,0,0,0,0,0,0,0,0,0,0
122034,1,1,1991,0,0,0,0,0,0,0,0,0,0
122035,1,1,1991,27,27,27,27,27,27,27,27,27,27
122035,2,1,1991,0,0,0,0,0,0,0,0,0,0
122036,1,1,1991,0,0,0,0,0,0,0,0,0,0
122037,1,1,1991,16,16,16,16,16,16,16,16,16,16
122037,2,1,1991,0,0,0,0,0,0,0,0,0,0
122037,3,1,1991,0,0,0,8,0,0,0,0,0,0
122037,4,1,1991,0,0,0,0,0,0,0,0,0,0
122038,0,1,1991,0,0,0,0,0,0,0,0,0,0
122038,1,1,1991,0,0,0,0,0,0,0,0,0,0
122039,0,1,1991,31,31,31,31,31,31,31,31,31,31
122039,1,1,1991,0,0,0,0,0,0,0,0,0,0
122040,0,1,1991,12,12,12,12,12,12,12,12,12,12
122040,1,1,1991,11,0,0,0,0,0,0,0,0,0
122041,1,1,1991,23,0,13,13,0,7,0,0,0,0
122041,2,1,1991,0,0,12,0,0,0,20,16,15,13
122042,1,1,1991,0,0,15,0,0,0,0,0,0,0
122042,2,1,1991,0,0,0,0,0,0,0,0,0,0
122042,3,1,1991,0,0,0,0,0,0,0,0,0,0
122043,1,1,1991,0,0,0,0,0,0,0,0,0,0
122043,2,1,1991,0,0,0,0,0,0,0,0,0,0
122044,0,1,1991,10,0,20,24,0,21,0,15,0,0
122044,1,1,1991,16,7,9,16,9,0,32,8,22,8
122045,0,1,1991,0,0,0,0,0,0,0,0,0,0
122045,0,2,1991,0,0,0,11,20,15,0,25,0,11
122045,1,1,1991,0,0,0,0,4,0,0,0,0,0
122046,1,1,1991,0,0,0,0,0,0,0,0,0,0
122047,1,1,1991,0,0,0,0,0,0,30,0,0,0
122047,2,1,1991,8,0,0,0,0,0,0,0,0,0
122048,1,1,1991,0,0,0,0,0,0,0,0,0,0
122048,2,1,1991,0,0,0,0,0,0,0,0,0,0
122049,1,1,1991,0,19,0,0,0,0,22,0,0,0
122049,2,1,1991,0,25,0,0,0,10,0,0,0,0
122050,0,1,1991,0,0,0,0,0,0,0,0,0,0
122050,1,1,1991,0,0,0,0,0,0,0,0,0,0
122051,0,1,1991,0,0,0,0,13,0,0,0,0,0
122051,1,1,1991,0,9,0,0,7,0,0,0,0,0
122052,1,1,1991,0,0,0,0,0,0,0,0,0,0
122052,2,1,1991,0,0,0,0,0,0,0,0,0,0
122053,1,1,1991,22,22,22,22,22,22,22,22,22,22
122054,0,1,1991,0,0,0,0,0,0,0,0,0,0
122054,1,1,1991,0,0,0,0,0,0,0,0,0,0
122055,1,1,1991,14,14,14,14,14,14,14,14,14,14
122055,2,1,1991,26,26,26,26,26,26,26,26,26,26
122056,0,1,1991,22,16,33,24,13,0,0,11,0,0
122056,1,1,1991,0,8,0,0,0,0,0,0,0,0
122057,1,1,1991,0,0,0,0,0,0,0,0,0,0
122057,2,1,1991,0,0,0,0,0,0,0,0,0,0
122058,0,1,1991,27,27,27,27,27,27,27,27,27,27
122058,1,1,1991,0,7,0,0,0,0,0,0,0,0
122059,1,1,1991,20,20,20,20,20,20,20,20,20,20
122059,2,1,1991,0,0,0,0,0,0,0,0,0,0
122060,1,1,1991,0,0,0,0,0,0,0,0,0,0
122061,0,1,1991,0,0,0,0,0,0,0,0,0,0
122061,1,1,1991,0,0,0,10,0,0,0,0,0,0
122062,1,1,1991,19,19,19,19,19,19,19,19,19,19
122062,2,1,1991,9,18,0,9,7,0,0,0,41,5
122063,1,1,1991,0,0,0,0,0,0,0,0,0,0
122063,2,1,1991,0,0,0,0,0,0,0,0,0,0
122064,1,1,1991,0,0,10,0,0,20,0,0,13,0
122064,2,1,1991,0,0,0,0,0,0,0,0,0,0
122065,0,1,1991,0,0,0,0,0,0,0,0,0,0
122065,1,1,1991,9,9,9,9,9,9,9,9,9,9
122066,1,1,1991,0,17,0,0,0,0,0,0,0,0
122066,2,1,1991,0,0,0,0,0,0,0,0,0,0
122067,1,1,1991,21,0,27,0,0,11,17,0,0,0
122067,2,1,1991,0,0,0,0,0,0,0,0,0,0
122070,1,1,1991,24,24,24,24,24,24,24,24,24,24
122071,1,1,1991,21,21,21,21,21,21,21,21,21,21
122071,2,1,1991,15,15,15,15,15,15,15,15,15,15
122072,0,1,1991,4,4,4,4,4,4,4,4,4,4
122072,1,1,1991,0,13,15,19,0,26,2,0,0,0
122074,1,1,1991,14,14,14,14,14,14,14,14,14,14
122075,1,1,1991,11,11,11,11,11,11,11,11,11,11
122076,1,1,1991,20,20,20,20,20,20,20,20,20,20
122077,0,1,1991,13,29,0,0,0,15,15,0,30,0
122077,1,1,1991,0,0,0,0,0,20,0,0,0,0
122078,0,1,1991,0,0,0,0,0,0,0,0,0,0
122078,0,2,1991,0,0,0,0,0,0,0,0,0,0
122078,1,1,1991,0,0,0,0,0,0,0,0,0,0
122079,1,1,1991,0,0,0,0,0,0,0,0,0,0