ST_CASE,VEH_NO,PER_NO,YEAR,P1,P2,P3,P4,P5,P6,P7,P8,P9,P10
122079,2,1,1991,0,0,0,0,0,0,0,0,0,0
122080,1,1,1991,0,0,0,0,0,0,0,0,0,0
122080,2,1,1991,0,0,0,0,0,0,0,0,0,0
122081,1,1,1991,0,0,0,0,0,0,0,0,0,0
122081,2,1,1991,0,0,0,4,3,3,16,0,11,14
122082,0,1,1991,0,0,0,0,0,0,0,0,0,0
122082,1,1,1991,0,0,0,0,0,0,0,0,0,0
122083,1,1,1991,0,0,0,0,0,0,0,0,25,0
122083,2,1,1991,15,0,0,0,0,0,0,0,0,0
122085,1,1,1991,18,18,18,18,18,18,18,18,18,18
122086,1,1,1991,0,0,0,0,0,0,0,0,0,0
122086,2,1,1991,0,0,0,0,0,0,0,0,0,0
122087,1,1,1991,0,0,0,0,0,0,0,0,0,0
122088,0,1,1991,0,0,0,0,0,0,0,0,0,0
122088,1,1,1991,0,0,0,0,0,0,0,0,0,0
122089,1,1,1991,15,15,15,15,15,15,15,15,15,15
122090,0,1,1991,26,26,26,26,26,26,26,26,26,26
122090,1,1,1991,0,0,0,0,0,0,0,0,0,7
122091,0,1,1991,0,0,0,0,0,0,0,0,0,0
122091,0,2,1991,0,0,0,0,0,0,0,0,0,0
122091,0,3,1991,0,0,0,0,0,0,0,0,0,0
122091,0,4,1991,0,0,0,0,0,0,0,0,0,0
122091,1,1,1991,0,0,0,0,0,0,0,0,0,0
122092,1,1,1991,19,17,24,0,34,18,22,0,23,26
122094,1,1,1991,14,14,14,14,14,14,14,14,14,14
122094,2,1,1991,0,0,0,0,0,0,0,0,0,0
122095,1,1,1991,1,1,1,1,1,1,1,1,1,1
122096,1,1,1991,13,13,13,13,13,13,13,13,13,13
122096,2,1,1991,0,0,0,0,0,0,0,0,0,0
122097,0,1,1991,26,26,26,26,26,26,26,26,26,26
122097,1,1,1991,0,0,0,0,0,0,0,0,0,0
122098,0,1,1991,0,0,0,5,0,0,0,0,0,0
122098,1,1,1991,0,0,0,0,0,0,0,0,0,0
122099,0,1,1991,0,0,0,0,0,0,0,0,0,0
122099,2,1,1991,0,0,0,0,0,0,0,0,18,0
122100,1,1,1991,0,0,0,0,13,0,0,0,0,0
122100,2,1,1991,0,0,0,0,0,0,0,0,0,19
122101,1,1,1991,0,0,0,0,0,0,0,0,0,0
122102,0,1,1991,26,26,26,26,26,26,26,26,26,26
122102,1,1,1991,4,15,19,17,14,0,14,12,8,25
122103,1,1,1991,0,0,0,0,0,0,5,0,0,0
122104,0,1,1991,39,39,39,39,39,39,39,39,39,39
122104,1,1,1991,31,0,14,0,0,0,0,0,0,0
122105,0,1,1991,12,0,0,0,0,0,0,0,0,0
122105,1,1,1991,0,0,0,8,0,0,0,0,0,0
122108,0,1,1991,0,0,0,0,0,0,0,0,0,0
122108,1,1,1991,0,0,0,0,0,20,0,0,0,0
122109,1,1,1991,0,0,0,0,15,0,0,0,0,0
122109,2,1,1991,2,2,2,2,2,2,2,2,2,2
122110,1,1,1991,0,0,0,0,0,0,0,0,0,0
122110,2,1,1991,0,0,0,0,0,0,0,0,0,0
122111,0,1,1991,0,0,0,0,0,0,0,0,0,0
122111,1,1,1991,12,27,15,21,13,15,4,0,0,0
122112,1,1,1991,0,0,22,0,0,23,0,0,15,0
122113,1,1,1991,0,0,0,0,0,0,0,0,0,0
122113,2,1,1991,0,0,0,0,0,0,0,0,0,0
122114,1,1,1991,12,12,12,12,12,12,12,12,12,12
122114,2,1,1991,0,0,0,0,0,0,0,0,0,0
122115,1,1,1991,20,14,14,19,11,22,19,11,23,11
122116,1,1,1991,0,0,0,0,0,0,0,0,0,0
122116,2,1,1991,0,0,0,0,0,0,0,0,0,0
122116,3,1,1991,0,0,0,0,0,0,0,0,0,0
122117,0,1,1991,0,0,0,0,27,0,0,0,0,0
122117,1,1,1991,0,0,0,0,0,0,0,0,0,0
122118,0,1,1991,0,0,0,0,0,0,0,0,0,0
122118,1,1,1991,0,0,0,0,0,0,0,0,0,0
122119,1,1,1991,16,16,16,16,16,16,16,16,16,16
122119,2,1,1991,0,0,0,0,0,0,0,0,0,0
122120,1,1,1991,21,21,21,21,21,21,21,21,21,21
122121,0,1,1991,24,24,24,24,24,24,24,24,24,24
122121,1,1,1991,0,0,0,0,0,0,0,0,0,0
122122,0,1,1991,3,3,3,3,3,3,3,3,3,3
122122,1,1,1991,0,16,0,0,23,0,23,12,7,5
122123,0,1,1991,0,0,0,0,0,0,0,0,0,0
122123,1,1,1991,0,0,19,0,0,0,0,0,0,0
122124,1,1,1991,7,18,24,15,9,17,0,6,14,24
122124,2,1,1991,0,0,26,0,0,0,0,0,0,0
122125,0,1,1991,15,15,0,7,0,22,0,13,22,8
122125,1,1,1991,0,20,0,0,0,7,0,0,0,0
122126,1,1,1991,0,0,0,0,0,0,0,0,0,0
122126,2,1,1991,12,0,0,0,0,0,0,0,0,0
122126,3,1,1991,0,0,0,0,0,0,0,0,0,0
122127,1,1,1991,10,10,10,10,10,10,10,10,10,10
122128,0,1,1991,0,0,0,0,0,0,0,0,0,0
122128,1,1,1991,0,0,0,0,0,0,0,0,0,0
122129,1,1,1991,22,22,22,22,22,22,22,22,22,22
122130,1,1,1991,14,14,14,14,14,14,14,14,14,14
122130,2,1,1991,4,4,4,4,4,4,4,4,4,4
122131,1,1,1991,0,0,0,0,0,0,0,0,0,0
122132,0,1,1991,22,2,32,13,18,3,29,16,27,0
122132,0,2,1991,0,19,33,12,27,24,17,0,31,31
122132,1,1,1991,11,0,0,5,0,0,0,0,0,0
122132,2,1,1991,10,0,0,0,0,0,0,0,11,0
122132,3,1,1991,0,0,0,0,0,0,0,0,0,0
122133,0,1,1991,32,32,32,32,32,32,32,32,32,32
122133,1,1,1991,0,0,0,0,0,0,0,0,0,0
122134,0,1,1991,22,22,22,22,22,22,22,22,22,22
122134,1,1,1991,0,0,0,0,0,0,0,0,0,0
122135,1,1,1991,10,10,10,10,10,10,10,10,10,10
122136,0,1,1991,0,0,0,0,0,0,0,0,0,0
122136,1,1,1991,0,0,0,0,0,0,0,0,0,0
122137,1,1,1991,0,0,0,0,0,0,0,0,0,0
122137,2,1,1991,0,0,0,0,0,0,0,0,0,0
122137,3,1,1991,0,0,0,0,0,0,0,0,0,0
122138,1,1,1991,0,0,0,0,0,0,0,0,0,0
122139,0,1,1991,2,2,2,2,2,2,2,2,2,2
122139,1,1,1991,0,0,0,15,0,0,0,0,0,0
122140,0,1,1991,0,39,30,11,23,19,26,24,0,36
122140,1,1,1991,0,0,15,0,0,0,10,23,29,0
122141,1,1,1991,0,0,0,0,0,0,0,0,0,0
122141,2,1,1991,0,0,0,0,0,0,0,0,0,0
122142,0,1,1991,0,0,0,0,0,0,0,0,0,0
122142,1,1,1991,0,0,0,0,0,0,0,41,0,0
122143,0,1,1991,0,0,0,0,0,0,7,0,0,7
122143,1,1,1991,0,18,0,2,17,0,11,0,14,0
122144,0,1,1991,21,21,21,21,21,21,21,21,21,21
122144,1,1,1991,0,4,0,8,19,0,0,20,0,20
122145,0,1,1991,0,0,0,0,0,0,0,0,0,0
122145,1,1,1991,0,0,0,0,0,0,0,0,0,0
122146,0,1,1991,0,0,0,0,0,0,0,0,0,0
122146,1,1,1991,19,24,24,35,16,9,12,21,11,7
122148,1,1,1991,16,16,16,16,16,16,16,16,16,16
122148,2,1,1991,0,0,0,0,0,11,0,0,0,0
122149,0,1,1991,17,22,0,0,35,0,0,0,0,0
122149,1,1,1991,0,0,0,0,0,0,0,0,0,0
122150,1,1,1991,7,7,7,7,7,7,7,7,7,7
122150,2,1,1991,0,0,0,0,0,0,0,0,0,0
122151,0,1,1991,17,17,17,17,17,17,17,17,17,17
122151,1,1,1991,0,0,0,0,0,0,0,0,0,0
122152,1,1,1991,6,6,6,6,6,6,6,6,6,6
122153,0,1,1991,15,15,15,15,15,15,15,15,15,15
122153,1,1,1991,0,4,0,0,0,6,0,0,0,0
122154,0,1,1991,0,0,0,0,0,0,0,0,0,0
122154,1,1,1991,0,0,0,0,0,0,0,0,0,0
122155,1,1,1991,18,18,18,18,18,18,18,18,18,18
122156,0,1,1991,0,0,0,0,0,0,0,0,0,0
122156,1,1,1991,0,0,0,0,0,0,0,0,0,0
122157,1,1,1991,43,43,43,43,43,43,43,43,43,43
122157,2,1,1991,0,0,0,0,0,0,0,0,0,0
122157,3,1,1991,0,0,0,0,0,0,0,0,0,0
122158,1,1,1991,0,0,0,0,0,12,0,0,0,0
122158,2,1,1991,0,0,0,0,0,0,0,0,0,0
122159,1,1,1991,0,0,0,0,0,0,0,0,0,0
122159,2,1,1991,0,0,0,0,0,0,0,0,0,0
122160,1,1,1991,0,0,0,0,0,0,0,0,0,0
122160,2,1,1991,0,0,0,0,0,0,0,0,0,0
122161,0,1,1991,22,22,22,22,22,22,22,22,22,22
122161,1,1,1991,0,0,0,0,0,0,0,0,0,0
122162,0,1,1991,0,0,0,0,0,0,0,0,0,0
122162,1,1,1991,0,0,0,0,0,0,0,0,0,0
122164,1,1,1991,0,0,0,0,0,0,0,0,0,0
122164,2,1,1991,0,3,0,0,0,0,0,0,0,0
122165,1,1,1991,17,17,17,17,17,17,17,17,17,17
122166,0,1,1991,0,0,0,0,0,0,0,0,0,0
122166,1,1,1991,0,0,0,0,0,0,0,0,0,0
122167,0,1,1991,0,0,0,0,0,0,0,0,0,0
122168,0,1,1991,20,20,20,20,20,20,20,20,20,20
122168,1,1,1991,0,0,0,0,0,0,0,0,0,0
122169,1,1,1991,16,16,16,16,16,16,16,16,16,16
122170,0,1,1991,14,14,14,14,14,14,14,14,14,14
122171,1,1,1991,28,28,28,28,28,28,28,28,28,28
122172,1,1,1991,0,0,0,0,0,0,0,0,0,0
122172,2,1,1991,0,0,0,0,0,0,0,0,0,5
122173,1,1,1991,0,0,0,0,0,0,0,0,0,0
122173,2,1,1991,0,0,0,0,0,0,0,0,0,0
122174,1,1,1991,22,22,22,22,22,22,22,22,22,22
122174,2,1,1991,24,24,24,24,24,24,24,24,24,24
122175,1,1,1991,24,24,24,24,24,24,24,24,24,24
122176,1,1,1991,3,3,3,3,3,3,3,3,3,3
122176,2,1,1991,0,0,0,0,0,0,0,0,0,0
122177,1,1,1991,23,23,23,23,23,23,23,23,23,23
122177,2,1,1991,0,0,0,0,33,0,0,0,0,0
122178,1,1,1991,0,0,0,0,0,0,0,0,0,9
122179,1,1,1991,26,26,26,26,26,26,26,26,26,26
122179,2,1,1991,0,0,0,0,0,0,0,0,0,0
122180,0,1,1991,0,0,0,0,0,0,0,0,0,0
122180,1,1,1991,0,0,0,0,0,0,0,0,0,0
122181,1,1,1991,8,8,8,8,8,8,8,8,8,8
122182,0,1,1991,34,34,34,34,34,34,34,34,34,34
122182,1,1,1991,0,0,0,0,0,0,0,0,0,0
122183,1,1,1991,0,0,0,0,0,0,0,0,0,0
122185,1,1,1991,3,0,0,0,0,0,0,0,0,0
122186,1,1,1991,14,14,14,14,14,14,14,14,14,14
122186,2,1,1991,0,0,0,0,0,0,0,0,0,0
122187,1,1,1991,15,15,15,15,15,15,15,15,15,15
122188,1,1,1991,25,25,25,25,25,25,25,25,25,25
122189,1,1,1991,0,0,0,0,0,6,0,0,0,0
122189,2,1,1991,33,0,0,0,0,0,0,23,0,0
122189,3,1,1991,22,9,6,16,23,9,20,20,0,13
122190,1,1,1991,0,0,0,0,0,0,0,0,0,0
122190,2,1,1991,0,0,0,0,0,0,0,0,0,0
122191,0,1,1991,13,13,13,13,13,13,13,13,13,13
122191,1,1,1991,0,0,0,8,0,0,0,0,0,0
122192,1,1,1991,0,0,0,0,0,0,0,0,0,0
122192,2,1,1991,0,0,0,0,0,0,0,0,0,0
122194,1,1,1991,13,13,13,13,13,13,13,13,13,13
122195,1,1,1991,10,10,10,10,10,10,10,10,10,10
122196,0,1,1991,0,0,0,7,0,0,0,0,0,0
122196,1,1,1991,0,10,22,2,17,17,9,0,12,15
122198,1,1,1991,0,0,0,0,0,0,0,0,0,0
122198,2,1,1991,0,0,0,0,0,0,0,0,0,0
122198,3,1,1991,0,0,11,18,0,0,0,0,12,0
122200,0,1,1991,0,0,0,0,18,34,0,15,22,18
122200,1,1,1991,0,0,0,0,0,0,0,0,0,0
122201,1,1,1991,0,0,0,0,0,0,0,10,0,0
122201,2,1,1991,0,0,0,0,0,0,0,0,0,0
122202,1,1,1991,13,13,13,13,13,13,13,13,13,13
122202,2,1,1991,0,0,0,0,0,0,0,0,0,0
122203,1,1,1991,0,0,0,0,0,0,0,0,0,0
122203,2,1,1991,0,0,0,0,0,0,0,0,0,0
122204,1,1,1991,25,25,25,25,25,25,25,25,25,25
122205,1,1,1991,10,10,10,10,10,10,10,10,10,10
122206,1,1,1991,10,10,10,10,10,10,10,10,10,10
122207,1,1,1991,0,0,0,0,0,0,0,0,0,0
122207,2,1,1991,26,0,0,0,0,0,0,0,0,0
122208,0,1,1991,17,0,0,0,0,0,0,0,0,0
122208,1,1,1991,0,0,0,0,0,0,0,0,0,0
122209,1,1,1991,0,0,0,0,0,0,0,0,0,0
122209,2,1,1991,0,0,0,0,0,0,0,0,0,0
122210,0,1,1991,0,0,0,0,0,0,0,0,0,0
122210,1,1,1991,0,0,0,0,0,0,0,0,0,0
122211,1,1,1991,4,4,4,4,4,4,4,4,4,4
122212,1,1,1991,0,0,0,0,8,1,0,0,0,14
122212,2,1,1991,0,0,0,0,0,0,0,0,0,0
122212,3,1,1991,10,10,10,10,10,10,10,10,10,10
122213,0,1,1991,0,0,0,0,0,0,0,0,0,0
122213,1,1,1991,0,0,0,0,0,0,0,0,0,0
122215,1,1,1991,0,12,23,20,0,0,14,32,0,16
122216,0,1,1991,0,0,0,0,0,0,0,6,0,0
122216,1,1,1991,0,0,0,0,0,0,0,0,0,0
122217,1,1,1991,26,26,26,26,26,26,26,26,26,26
122219,1,1,1991,0,0,0,0,0,29,0,0,0,15
122219,2,1,1991,0,0,0,0,0,0,0,0,0,0
122219,3,1,1991,0,0,0,0,0,0,0,0,0,0
122219,4,1,1991,0,0,0,14,0,0,0,0,0,0
122220,1,1,1991,0,0,0,0,0,0,0,0,0,0
122220,2,1,1991,0,0,0,0,0,0,0,0,0,0
122221,0,1,1991,0,23,0,0,23,0,0,0,0,0
122221,1,1,1991,0,0,0,0,0,0,0,0,0,0
122222,0,1,1991,1,1,1,1,1,1,1,1,1,1
122222,1,1,1991,0,0,0,0,0,0,0,0,0,0
122223,1,1,1991,0,0,0,0,0,0,0,0,0,0
122223,2,1,1991,0,0,0,0,0,0,0,0,0,0
122224,1,1,1991,0,0,0,0,0,0,0,0,8,0
122225,1,1,1991,0,0,0,0,0,0,0,0,0,0
122226,1,1,1991,0,0,0,0,0,0,0,0,0,0
122226,2,1,1991,0,0,0,0,20,0,0,0,0,23
122227,0,1,1991,0,0,0,0,10,0,0,0,0,0
122227,1,1,1991,0,0,0,0,0,14,0,0,0,0
122228,1,1,1991,0,0,0,0,0,0,0,0,0,0
122228,2,1,1991,0,0,0,0,0,0,0,0,0,0
122229,0,1,1991,0,0,0,0,0,0,0,0,0,0
122229,1,1,1991,0,0,0,0,16,0,0,0,0,0
122230,0,1,1991,29,29,29,29,29,29,29,29,29,29
122230,1,1,1991,0,0,0,0,12,12,4,15,6,6
122231,1,1,1991,0,0,0,0,0,0,0,0,0,0
122231,2,1,1991,0,0,0,0,0,0,0,0,0,0
122232,0,1,1991,0,0,0,0,0,0,0,0,0,0
122232,0,2,1991,28,0,0,0,16,0,0,0,0,0
122232,1,1,1991,0,0,0,0,0,0,15,0,0,0
122233,1,1,1991,0,0,0,0,0,0,0,0,0,0
122233,2,1,1991,0,0,0,0,0,0,0,0,0,0
122234,1,1,1991,0,0,0,0,0,0,0,0,0,0
122235,0,1,1991,0,0,0,0,0,0,0,0,0,0
122235,1,1,1991,0,0,0,0,0,0,0,0,0,0
122236,0,1,1991,25,31,26,32,16,0,36,18,26,4
122236,1,1,1991,0,0,0,0,0,0,0,0,0,0
122237,0,1,1991,14,17,13,11,39,23,5,15,0,11
122237,1,1,1991,8,16,24,13,16,5,15,0,0,11
122238,1,1,1991,10,7,10,6,17,10,4,16,27,21
122238,2,1,1991,18,16,35,10,20,27,15,24,26,18
122239,1,1,1991,0,0,12,0,0,0,0,0,12,0
122239,2,1,1991,0,0,29,0,0,0,0,0,0,0
122240,1,1,1991,8,8,8,8,8,8,8,8,8,8
122240,2,1,1991,19,0,21,0,0,0,16,0,15,0
122241,1,1,1991,16,0,0,0,0,20,0,0,0,0
122241,2,1,1991,0,0,0,3,12,0,0,8,0,0
122242,1,1,1991,0,0,0,0,0,0,0,0,0,0
122242,2,1,1991,0,0,0,0,0,0,0,0,0,0
122243,0,1,1991,0,0,0,0,0,0,0,0,0,0
122243,1,1,1991,0,0,0,0,0,0,0,0,0,0
122244,1,1,1991,12,26,16,0,0,12,0,0,0,0
122244,2,1,1991,0,0,0,0,0,0,12,0,0,0
122245,1,1,1991,10,10,10,10,10,10,10,10,10,10
122245,2,1,1991,14,14,14,14,14,14,14,14,14,14
122246,0,1,1991,0,0,0,0,0,0,0,0,0,0
122246,1,1,1991,0,15,0,0,18,0,0,0,13,0
122247,1,1,1991,0,0,0,0,0,0,0,18,0,0
122247,2,1,1991,0,0,0,0,0,0,0,0,0,0
122248,1,1,1991,0,0,0,0,0,0,0,0,0,9
122248,2,1,1991,0,0,0,0,0,0,0,0,0,0
122249,1,1,1991,16,6,0,0,0,0,0,0,0,0
122249,2,1,1991,0,40,0,0,0,0,0,0,0,0
122250,0,1,1991,17,17,17,17,17,17,17,17,17,17
122250,1,1,1991,0,0,0,0,0,0,0,0,0,0
122251,1,1,1991,0,0,0,0,0,0,0,0,0,0
122251,2,1,1991,0,0,0,0,0,0,0,0,0,0
122252,0,1,1991,0,0,0,19,0,18,27,0,0,0
122252,1,1,1991,0,0,0,0,0,0,0,0,0,9
122253,0,1,1991,0,0,23,0,0,0,0,0,0,0
122253,1,1,1991,0,0,0,0,0,0,0,0,0,0
122254,1,1,1991,0,4,16,14,10,6,18,6,2,24
122255,1,1,1991,16,16,16,16,16,16,16,16,16,16
122255,2,1,1991,0,0,0,0,0,0,0,0,0,0
122256,0,1,1991,0,0,18,0,0,0,0,0,0,0
122256,1,1,1991,0,0,0,0,0,0,0,0,0,0
122256,2,1,1991,0,0,0,0,0,0,0,0,0,0
122257,1,1,1991,0,0,0,0,0,0,0,0,0,0
122257,2,1,1991,0,0,0,0,0,0,0,0,0,0
122258,1,1,1991,0,0,0,0,4,0,0,0,0,0
122258,2,1,1991,0,0,0,0,0,0,0,0,0,0
122258,3,1,1991,0,0,0,0,0,0,0,0,0,0
122259,1,1,1991,0,0,0,0,0,0,0,0,0,0
122259,2,1,1991,10,10,10,10,10,10,10,10,10,10
122260,1,1,1991,0,0,0,0,0,0,0,0,0,0
122261,1,1,1991,3,3,3,3,3,3,3,3,3,3
122262,1,1,1991,0,0,0,0,0,0,0,0,0,0
122262,2,1,1991,0,0,0,0,0,0,0,0,0,0
122262,3,1,1991,0,0,0,0,0,0,0,0,0,0
122263,1,1,1991,14,14,14,14,14,14,14,14,14,14
122264,1,1,1991,0,0,0,0,0,0,0,0,0,0
122264,2,1,1991,0,0,0,0,0,0,7,0,0,0
122265,1,1,1991,0,0,0,0,0,0,0,0,0,0
122265,2,1,1991,0,0,0,0,0,0,0,0,0,0
122266,0,1,1991,0,0,0,0,0,0,0,0,0,0
122266,1,1,1991,4,4,4,4,4,4,4,4,4,4
122267,1,1,1991,29,25,12,0,9,14,30,17,38,24
122267,2,1,1991,0,0,0,0,18,0,0,0,0,0
122268,1,1,1991,29,21,27,18,16,10,22,19,47,9
122269,1,1,1991,0,0,14,6,5,0,12,0,7,0
122270,0,1,1991,0,0,0,0,0,0,0,0,0,0
122271,1,1,1991,0,0,0,0,0,0,0,0,0,0
122273,1,1,1991,0,0,0,0,0,0,0,0,0,0
122273,2,1,1991,0,0,0,0,0,0,0,0,0,0
122274,0,1,1991,15,10,22,12,0,14,0,42,0,0
122274,0,2,1991,0,18,35,12,0,14,0,24,0,19
122274,1,1,1991,12,12,12,12,12,12,12,12,12,12
122275,1,1,1991,0,0,0,3,0,0,0,0,0,0
122275,2,1,1991,0,0,0,0,0,0,0,0,0,0
122276,1,1,1991,0,0,0,0,0,0,0,0,0,0
122276,2,1,1991,0,0,0,0,0,0,0,0,0,0
122277,0,1,1991,18,18,18,18,18,18,18,18,18,18
122277,1,1,1991,0,0,0,0,0,0,0,0,0,0
122278,1,1,1991,8,8,8,8,8,8,8,8,8,8
122278,2,1,1991,0,0,0,0,0,0,0,0,0,0
122279,0,1,1991,0,0,0,0,0,0,0,0,0,0
122279,1,1,1991,12,12,12,12,12,12,12,12,12,12
122280,1,1,1991,0,0,0,0,0,0,0,0,0,0
122280,2,1,1991,0,0,0,0,0,0,0,0,0,0
122281,1,1,1991,0,0,0,0,0,0,0,0,0,0
122281,2,1,1991,0,0,0,0,5,0,0,0,0,0
122282,1,1,1991,0,0,0,0,0,0,0,0,0,0
122282,2,1,1991,0,0,9,0,0,0,0,0,0,0
122283,1,1,1991,17,17,17,17,17,17,17,17,17,17
122283,2,1,1991,0,0,0,0,0,0,0,0,0,12
122284,1,1,1991,0,0,0,0,0,0,0,0,0,0
122284,2,1,1991,0,0,0,0,0,0,0,0,0,0
122284,3,1,1991,0,0,0,0,0,0,0,0,0,0
122285,1,1,1991,33,33,33,33,33,33,33,33,33,33
122286,1,1,1991,0,0,0,0,0,0,0,0,0,0
122286,2,1,1991,0,0,0,0,0,0,0,0,0,0
122287,0,1,1991,22,44,12,10,16,21,24,29,35,13
122287,1,1,1991,0,0,0,0,0,0,0,0,0,0
122288,0,1,1991,0,0,0,0,0,0,0,0,0,0
122288,1,1,1991,0,13,0,23,18,0,0,0,17,16
122289,0,1,1991,19,0,12,0,0,8,19,0,23,0
122289,1,1,1991,0,0,0,0,0,0,0,0,0,0
122290,1,1,1991,17,17,17,17,17,17,17,17,17,17
122290,2,1,1991,0,0,8,0,0,0,0,0,0,0
122291,0,1,1991,0,0,14,0,0,0,0,0,0,0
122291,1,1,1991,11,0,0,0,0,0,7,28,0,0
122292,1,1,1991,0,19,7,30,22,0,0,0,14,9
122293,0,1,1991,0,0,16,0,18,0,0,0,0,20
122293,1,1,1991,0,0,0,0,0,0,0,0,0,0
122294,1,1,1991,26,26,26,26,26,26,26,26,26,26
122296,1,1,1991,0,0,0,0,0,0,0,0,0,0
122296,2,1,1991,0,0,0,0,0,0,0,0,0,0
122296,3,1,1991,0,26,0,0,0,0,17,0,0,0
122297,1,1,1991,0,0,0,0,0,0,0,0,0,0
122297,2,1,1991,0,0,0,0,0,0,0,0,0,0
122298,1,1,1991,19,19,19,19,19,19,19,19,19,19
122298,2,1,1991,0,0,0,0,0,0,0,0,0,0
122299,1,1,1991,0,0,9,0,0,0,0,0,0,0
122299,2,1,1991,0,0,0,0,0,22,0,0,0,0
122300,1,1,1991,0,0,0,0,0,0,0,0,0,0
122300,2,1,1991,0,0,0,0,0,0,0,0,0,0
122301,0,1,1991,16,16,16,16,16,16,16,16,16,16
122301,1,1,1991,0,0,0,11,11,0,0,0,0,0
122302,1,2,1991,13,15,0,19,17,14,17,14,19,0
122303,1,1,1991,24,24,24,24,24,24,24,24,24,24
122303,2,1,1991,0,0,0,0,0,0,0,0,0,0
122304,0,1,1991,0,0,0,0,0,0,0,0,0,0
122304,1,1,1991,0,0,0,0,0,0,0,0,0,0
122304,2,1,1991,0,0,0,0,0,0,0,0,0,0
122305,0,1,1991,0,21,0,0,0,0,53,0,0,0
122305,1,1,1991,0,0,0,0,0,0,0,0,0,0
122305,2,1,1991,0,0,0,0,0,0,0,0,0,0
122306,1,1,1991,0,0,0,0,0,0,0,0,7,0
122306,2,1,1991,0,0,0,0,0,0,14,0,0,0
122307,0,1,1991,7,7,7,7,7,7,7,7,7,7
122307,1,1,1991,0,0,0,0,0,0,0,0,0,0
122307,2,1,1991,0,0,0,0,0,0,0,0,0,0
122308,0,1,1991,23,25,0,29,0,29,0,31,25,26
122308,1,1,1991,23,17,3,23,18,31,25,0,15,0
122308,2,1,1991,10,22,27,16,19,0,0,35,9,0
130001,1,1,1991,0,0,0,0,0,0,0,0,0,0
130001,2,1,1991,30,30,30,30,30,30,30,30,30,30
130002,0,1,1991,31,31,31,31,31,31,31,31,31,31
130002,1,1,1991,0,24,15,12,0,0,0,4,0,13
130003,1,1,1991,18,18,18,18,18,18,18,18,18,18
130004,1,1,1991,0,0,0,0,0,0,0,0,0,0
130004,2,1,1991,0,0,0,0,0,0,0,0,0,0
130004,3,1,1991,0,0,0,0,0,0,0,0,0,0
130005,1,1,1991,0,0,0,0,0,0,0,17,0,0
130006,1,1,1991,0,0,0,0,0,0,0,0,0,0
130007,1,1,1991,3,3,3,3,3,3,3,3,3,3
130008,1,1,1991,0,0,0,0,0,0,0,0,0,0
130008,2,1,1991,0,0,0,0,0,0,0,0,0,0
130009,1,1,1991,0,0,0,0,0,0,0,0,0,0
130009,2,1,1991,0,0,0,0,0,0,0,0,0,0
130010,1,1,1991,0,0,0,0,0,0,0,0,0,0
130010,2,1,1991,0,0,0,0,0,0,0,0,0,0
130011,0,1,1991,0,0,0,0,0,0,0,0,0,0
130011,1,1,1991,0,0,0,0,0,0,0,0,0,0
130011,2,1,1991,0,0,0,0,0,0,0,0,0,0
130012,1,1,1991,0,0,0,0,0,0,0,0,0,0
130013,1,1,1991,19,19,19,19,19,19,19,19,19,19
130014,1,1,1991,0,0,0,0,0,0,0,0,0,0
130014,2,1,1991,0,18,0,0,26,0,0,0,18,0
130015,1,1,1991,0,0,0,0,0,0,0,0,0,0
130016,1,1,1991,0,0,0,0,0,0,0,0,0,0
130016,2,1,1991,0,0,0,0,0,0,0,0,0,0
130017,1,1,1991,0,0,0,0,20,0,0,0,19,0
130018,1,1,1991,0,0,0,0,0,0,0,0,0,0
130019,0,1,1991,5,0,0,33,0,0,18,0,20,21
130019,1,1,1991,0,0,0,0,0,0,0,0,0,0
130020,1,1,1991,0,0,0,0,0,0,0,0,0,0
130020,2,1,1991,0,0,0,0,0,0,0,0,0,0
130021,1,1,1991,25,25,25,25,25,25,25,25,25,25
130022,0,1,1991,0,0,0,0,0,0,0,0,0,0
130022,1,1,1991,0,0,0,0,0,0,0,0,0,0
130023,1,1,1991,0,0,0,0,0,0,0,0,0,0
130024,1,1,1991,17,17,17,17,17,17,17,17,17,17
130024,2,1,1991,0,0,0,0,0,0,0,0,0,0
130025,1,1,1991,13,13,13,13,13,13,13,13,13,13
130025,2,1,1991,0,0,0,0,0,0,0,0,0,0
130026,0,1,1991,22,22,22,22,22,22,22,22,22,22
130026,1,1,1991,0,15,16,0,0,0,0,7,0,0
130027,1,1,1991,23,23,23,23,23,23,23,23,23,23
130028,1,1,1991,27,27,27,27,27,27,27,27,27,27
130028,2,1,1991,0,0,0,0,0,0,0,0,0,0
130029,1,1,1991,0,0,0,0,0,0,0,0,0,0
130030,1,1,1991,0,0,0,0,0,0,0,0,0,0
130030,2,1,1991,0,0,0,0,0,0,0,0,0,0
130030,3,1,1991,0,0,0,0,0,0,0,0,0,0
130031,1,1,1991,17,17,17,17,17,17,17,17,17,17
130032,1,1,1991,30,30,30,30,30,30,30,30,30,30
130033,1,1,1991,18,0,0,13,0,0,11,0,0,0
130034,0,1,1991,0,0,0,0,0,0,0,0,0,0
130034,1,1,1991,0,0,0,0,0,0,0,0,0,0
130035,1,1,1991,13,13,13,13,13,13,13,13,13,13
130036,0,1,1991,0,0,0,0,0,0,0,0,0,0
130036,1,1,1991,0,0,0,0,0,0,0,0,0,0
130037,1,1,1991,0,0,0,0,0,0,0,0,0,0
130038,1,1,1991,0,0,0,0,0,0,0,0,0,0