ST_CASE,VEH_NO,PER_NO,YEAR,P1,P2,P3,P4,P5,P6,P7,P8,P9,P10
130327,1,1,1991,21,21,21,21,21,21,21,21,21,21
130328,1,1,1991,28,28,28,28,28,28,28,28,28,28
130329,1,1,1991,8,8,8,8,8,8,8,8,8,8
130330,1,1,1991,9,0,0,0,0,0,18,0,0,0
130331,1,1,1991,26,26,26,26,26,26,26,26,26,26
130331,2,1,1991,0,0,0,0,0,0,0,0,0,0
130332,1,1,1991,0,0,0,0,0,0,0,0,0,0
130333,1,1,1991,22,22,22,22,22,22,22,22,22,22
130334,1,1,1991,7,7,7,7,7,7,7,7,7,7
130335,1,1,1991,0,0,0,0,0,0,0,0,0,0
130335,2,1,1991,0,0,0,0,0,0,0,0,0,0
130336,1,1,1991,0,0,0,0,0,0,0,0,0,0
130336,2,1,1991,0,0,0,0,0,0,0,0,0,0
130337,1,1,1991,0,0,0,0,0,0,0,0,0,0
130338,0,1,1991,15,0,0,0,0,7,0,4,0,0
130338,0,2,1991,0,0,0,0,0,29,0,0,0,0
130338,1,1,1991,9,9,9,9,9,9,9,9,9,9
130339,1,1,1991,25,0,8,0,14,15,12,0,0,7
130340,1,1,1991,10,10,10,10,10,10,10,10,10,10
130341,1,1,1991,17,17,17,17,17,17,17,17,17,17
130341,2,1,1991,8,8,8,8,8,8,8,8,8,8
130342,0,1,1991,0,0,0,0,0,0,0,0,0,0
130342,1,1,1991,0,0,0,0,0,0,0,0,0,0
130343,1,1,1991,20,20,20,20,20,20,20,20,20,20
130344,0,1,1991,31,31,31,31,31,31,31,31,31,31
130344,1,1,1991,0,0,0,0,0,0,0,0,0,0
130345,1,1,1991,0,0,0,0,0,0,0,0,0,0
130346,1,1,1991,16,16,16,16,16,16,16,16,16,16
130347,0,1,1991,0,0,0,0,0,0,0,0,0,0
130347,1,1,1991,0,0,0,0,0,0,0,0,0,0
130348,1,1,1991,0,0,0,0,0,0,0,0,0,0
130348,2,1,1991,0,0,0,0,0,0,0,0,0,0
130349,1,1,1991,0,0,0,0,0,0,0,0,0,0
130349,2,1,1991,0,0,0,0,0,0,0,0,0,0
130350,1,1,1991,0,0,0,0,0,0,0,0,0,0
130350,2,1,1991,0,0,0,0,0,0,0,0,0,0
130351,1,1,1991,0,12,0,0,0,0,0,0,0,0
130352,1,1,1991,0,0,0,0,0,0,0,0,0,0
130352,2,1,1991,0,0,0,0,0,0,0,0,0,0
130353,1,1,1991,0,19,0,0,12,0,0,0,0,0
130353,2,1,1991,0,0,0,0,0,0,0,0,0,0
130354,1,1,1991,0,0,0,0,0,0,0,0,0,0
130354,2,1,1991,0,0,0,0,0,0,0,0,0,0
130356,2,1,1991,0,0,0,0,0,0,0,0,0,0
130357,1,1,1991,0,0,0,0,0,0,0,0,0,0
130358,1,1,1991,0,0,0,0,0,0,0,0,0,0
130359,1,1,1991,14,14,14,14,14,14,14,14,14,14
130359,2,1,1991,0,0,0,0,0,0,0,0,0,0
130360,0,1,1991,0,0,0,0,0,0,0,0,0,0
130360,1,1,1991,0,0,0,0,0,0,0,0,0,0
130361,1,1,1991,8,10,19,29,20,22,25,22,11,23
130362,1,1,1991,0,0,0,0,0,0,0,0,0,0
130362,2,1,1991,0,0,0,0,0,0,0,0,0,0
130363,1,1,1991,18,18,18,18,18,18,18,18,18,18
130363,2,1,1991,0,0,0,0,0,0,0,0,0,0
130364,1,1,1991,7,7,7,7,7,7,7,7,7,7
130364,2,1,1991,0,0,0,0,0,0,0,0,0,0
130365,1,1,1991,15,15,15,15,15,15,15,15,15,15
130366,1,1,1991,0,0,0,0,0,5,0,14,0,0
130366,2,1,1991,0,0,0,0,0,0,0,0,0,0
130367,0,1,1991,13,13,13,13,13,13,13,13,13,13
130367,1,1,1991,0,0,0,0,0,0,0,0,0,0
130368,1,1,1991,23,23,23,23,23,23,23,23,23,23
130369,1,1,1991,0,0,0,0,0,18,0,0,0,0
130370,1,1,1991,25,13,0,0,31,25,0,0,0,31
130371,1,1,1991,24,24,24,24,24,24,24,24,24,24
130372,1,1,1991,14,14,14,14,14,14,14,14,14,14
130372,2,1,1991,0,0,0,0,0,0,0,0,0,0
130373,0,1,1991,26,21,6,23,28,29,30,36,9,28
130373,0,2,1991,20,20,20,20,20,20,20,20,20,20
130373,2,1,1991,0,0,0,0,0,0,0,0,0,0
130374,1,1,1991,0,0,0,0,0,0,0,0,0,0
130375,1,1,1991,0,0,0,0,0,0,0,0,0,0
130375,2,1,1991,0,0,0,0,0,0,0,0,0,0
130376,0,1,1991,0,0,0,0,0,0,0,0,0,0
130376,1,1,1991,0,0,0,0,0,0,0,0,0,0
130377,1,1,1991,17,17,17,17,17,17,17,17,17,17
130378,1,1,1991,0,0,0,0,0,0,0,0,0,0
130378,2,1,1991,0,0,0,0,0,0,0,0,0,0
130379,1,1,1991,4,4,4,4,4,4,4,4,4,4
130379,2,1,1991,0,0,0,0,0,0,0,0,0,0
130379,3,1,1991,0,0,0,0,0,0,0,0,0,0
130380,1,1,1991,0,0,0,0,0,0,0,0,0,0
130380,2,1,1991,0,0,0,0,0,0,0,0,0,5
130381,1,1,1991,18,18,18,18,18,18,18,18,18,18
130382,1,1,1991,0,0,0,0,0,0,0,0,0,0
130383,1,1,1991,11,11,11,11,11,11,11,11,11,11
130384,0,1,1991,0,0,0,0,0,0,0,0,0,0
130384,1,1,1991,0,0,0,0,0,0,0,0,0,0
130385,1,1,1991,0,0,0,0,0,0,0,0,0,0
130386,1,1,1991,13,13,13,13,13,13,13,13,13,13
130387,1,1,1991,10,10,10,10,10,10,10,10,10,10
130388,1,1,1991,0,0,0,0,0,0,0,0,0,0
130388,2,1,1991,0,0,0,0,0,0,0,0,0,0
130389,1,1,1991,0,0,0,0,0,0,0,0,0,0
130389,2,1,1991,0,0,0,0,0,0,0,0,0,0
130390,1,1,1991,17,17,17,17,17,17,17,17,17,17
130390,2,1,1991,0,0,0,0,0,0,0,0,0,0
130391,1,1,1991,8,8,8,8,8,8,8,8,8,8
130392,1,1,1991,0,0,0,0,0,0,0,0,0,0
130393,1,1,1991,0,0,0,0,0,0,0,0,0,0
130393,2,1,1991,0,0,0,0,0,0,0,0,0,0
130394,1,1,1991,30,30,30,30,30,30,30,30,30,30
130395,1,1,1991,0,0,0,0,0,0,0,0,0,0
130395,2,1,1991,0,0,0,0,0,0,0,0,0,0
130396,1,1,1991,0,0,0,0,0,0,0,0,0,0
130397,1,1,1991,0,0,0,0,0,0,0,0,0,0
130398,1,1,1991,0,0,0,0,0,0,0,0,0,0
130398,2,1,1991,0,0,0,0,0,0,0,0,0,0
130399,1,1,1991,0,0,0,0,0,0,0,0,0,0
130399,2,1,1991,0,0,0,0,0,0,0,0,0,0
130400,1,1,1991,0,0,0,0,0,0,0,0,0,0
130400,2,1,1991,0,0,0,0,0,0,0,0,0,0
130400,3,1,1991,0,0,0,0,0,0,0,0,0,0
130401,1,1,1991,0,0,0,0,0,0,0,0,0,0
130402,0,1,1991,0,0,0,0,0,0,0,0,0,0
130402,1,1,1991,0,0,0,0,0,0,0,0,0,0
130403,1,1,1991,0,0,0,0,0,0,0,0,0,0
130403,2,1,1991,0,0,0,0,0,0,0,0,0,0
130404,1,1,1991,27,27,27,27,27,27,27,27,27,27
130405,1,1,1991,24,24,24,24,24,24,24,24,24,24
130406,1,1,1991,16,16,16,16,16,16,16,16,16,16
130407,1,1,1991,0,0,0,0,0,0,0,0,0,0
130407,2,1,1991,0,0,0,0,0,0,0,0,0,0
130408,0,1,1991,0,0,0,0,0,0,0,0,0,0
130408,1,1,1991,0,0,0,0,0,0,0,0,0,0
130409,1,1,1991,0,0,0,0,0,0,0,0,0,0
130410,1,1,1991,0,0,0,0,0,0,0,0,0,0
130410,2,1,1991,0,0,0,0,0,0,0,0,0,0
130411,1,1,1991,0,0,0,0,0,0,0,0,0,0
130411,2,1,1991,0,0,0,0,0,0,0,0,0,0
130412,1,1,1991,0,0,0,0,0,0,24,0,0,0
130412,2,1,1991,0,0,0,0,0,0,0,0,0,0
130413,1,1,1991,0,0,0,0,0,0,0,0,0,0
130414,1,1,1991,30,30,30,30,30,30,30,30,30,30
130414,2,1,1991,0,0,0,0,0,0,0,0,0,0
130415,1,1,1991,0,0,0,0,0,0,0,0,0,0
130415,2,1,1991,0,0,0,0,0,0,0,0,0,0
130416,1,1,1991,0,0,0,0,0,0,0,0,0,0
130416,2,1,1991,0,0,0,0,0,0,0,0,0,0
130417,1,1,1991,0,0,0,0,0,0,0,0,0,0
130417,2,1,1991,0,0,0,0,0,0,0,0,0,0
130418,1,1,1991,23,23,23,23,23,23,23,23,23,23
130419,1,1,1991,0,37,21,0,0,13,0,10,20,0
130420,0,1,1991,0,0,0,5,0,0,0,0,0,15
130420,1,1,1991,21,21,21,21,21,21,21,21,21,21
130421,0,1,1991,32,32,32,32,32,32,32,32,32,32
130421,1,1,1991,0,0,0,0,0,0,0,0,0,0
130422,1,1,1991,0,0,0,0,0,0,0,0,0,0
130423,1,1,1991,24,24,24,24,24,24,24,24,24,24
130424,1,1,1991,0,0,0,0,0,0,0,0,0,0
130424,2,1,1991,0,0,0,0,0,0,0,0,0,0
130425,1,1,1991,0,0,0,0,0,0,0,0,0,0
130425,2,1,1991,0,0,0,0,0,0,0,0,0,0
130426,1,1,1991,0,0,7,0,11,0,0,19,0,0
130426,2,1,1991,0,0,0,0,0,0,0,0,0,0
130426,3,1,1991,0,0,0,0,0,0,0,0,0,3
130426,4,1,1991,0,0,0,0,0,0,0,0,0,13
130426,5,1,1991,3,0,0,0,0,0,0,0,0,0
130427,1,1,1991,0,0,0,0,0,0,0,0,0,0
130428,1,1,1991,4,4,4,4,4,4,4,4,4,4
130429,1,1,1991,0,0,0,0,0,0,0,0,0,0
130429,2,1,1991,0,0,0,0,0,0,0,0,0,0
130430,0,1,1991,0,0,0,0,0,0,0,0,0,0
130430,1,1,1991,11,0,0,0,0,0,0,0,0,0
130431,1,1,1991,11,11,11,11,11,11,11,11,11,11
130431,2,1,1991,0,0,0,0,0,0,0,0,0,0
130431,3,1,1991,0,0,0,0,0,0,0,0,0,0
130431,4,1,1991,0,0,0,0,0,0,0,0,0,0
130432,0,1,1991,11,11,11,11,11,11,11,11,11,11
130432,1,1,1991,24,0,3,0,0,0,0,18,18,0
130433,0,1,1991,0,0,0,0,0,0,0,0,0,0
130433,1,1,1991,0,22,13,10,23,12,0,0,10,9
130434,1,1,1991,0,0,0,0,0,0,0,0,0,0
130434,2,1,1991,0,0,0,0,0,0,0,0,0,0
130435,1,1,1991,6,6,6,6,6,6,6,6,6,6
130436,1,1,1991,0,0,0,0,0,0,0,0,0,0
130437,1,1,1991,21,21,21,21,21,21,21,21,21,21
130438,1,1,1991,0,0,0,0,0,0,0,0,0,0
130438,2,1,1991,0,0,0,0,0,0,0,0,0,0
130438,3,1,1991,0,0,0,0,0,0,0,0,0,0
130439,1,1,1991,13,13,13,13,13,13,13,13,13,13
130440,1,1,1991,0,0,0,0,0,0,0,0,0,0
130440,2,1,1991,0,0,0,0,0,0,0,0,0,0
130441,1,1,1991,0,0,0,0,0,0,0,0,0,0
130442,1,1,1991,6,6,6,6,6,6,6,6,6,6
130443,1,1,1991,28,28,28,28,28,28,28,28,28,28
130444,1,1,1991,0,0,0,0,0,0,0,0,0,0
130444,2,1,1991,0,0,0,0,0,0,0,0,0,0
130445,1,1,1991,0,0,0,0,16,2,0,0,0,0
130445,2,1,1991,0,0,0,0,0,0,0,0,0,0
130446,1,1,1991,3,3,3,3,3,3,3,3,3,3
130446,2,1,1991,13,13,13,13,13,13,13,13,13,13
130447,0,1,1991,14,27,33,14,19,11,10,17,15,17
130447,1,1,1991,14,14,14,14,14,14,14,14,14,14
130448,0,1,1991,0,0,0,0,0,0,0,0,0,0
130448,1,1,1991,0,0,0,0,0,0,0,0,0,0
130449,1,1,1991,0,0,0,0,0,0,0,0,0,0
130449,2,1,1991,0,0,0,0,0,0,0,0,0,0
130450,1,1,1991,12,0,0,0,0,0,0,0,0,0
130451,1,1,1991,0,0,0,0,0,0,0,0,0,0
130451,2,1,1991,0,0,0,0,0,0,0,0,0,0
130452,1,1,1991,0,0,0,0,0,0,0,0,0,0
130453,1,1,1991,0,0,0,0,0,0,0,0,0,0
130453,2,1,1991,0,0,0,0,0,0,0,0,0,0
130454,0,1,1991,0,0,0,0,0,0,0,0,0,0
130454,1,1,1991,0,0,0,0,0,0,0,0,0,0
130455,1,1,1991,27,27,27,27,27,27,27,27,27,27
130455,2,1,1991,0,0,0,0,0,0,0,0,0,0
130456,1,1,1991,0,0,0,0,0,0,0,0,0,0
130456,2,1,1991,0,0,0,0,0,0,0,0,0,0
130457,1,1,1991,5,5,5,5,5,5,5,5,5,5
130457,2,1,1991,11,11,11,11,11,11,11,11,11,11
130458,1,1,1991,0,0,0,0,0,0,0,0,0,0
130459,1,1,1991,33,33,33,33,33,33,33,33,33,33
130460,0,1,1991,0,0,0,0,0,0,0,0,0,0
130460,1,1,1991,0,0,15,0,16,14,0,0,19,0
130461,1,1,1991,1,1,1,1,1,1,1,1,1,1
130462,1,1,1991,9,9,9,9,9,9,9,9,9,9
130463,1,1,1991,0,0,0,0,0,0,0,0,0,0
130463,2,1,1991,0,0,0,0,0,0,0,0,0,0
130464,1,1,1991,0,0,0,0,0,0,0,0,0,0
130464,2,1,1991,0,0,0,0,0,0,0,0,0,0
130466,1,1,1991,22,0,17,0,0,0,0,0,0,0
130466,2,1,1991,0,0,0,0,0,0,0,0,0,0
130467,1,1,1991,4,4,4,4,4,4,4,4,4,4
130467,2,1,1991,0,0,0,0,0,0,0,0,0,0
130468,1,1,1991,21,21,21,21,21,21,21,21,21,21
130468,2,1,1991,0,0,0,0,0,0,0,0,0,0
130469,1,1,1991,0,0,0,0,0,0,0,0,0,0
130469,2,1,1991,0,0,0,0,0,0,0,0,0,0
130470,1,1,1991,0,0,0,0,0,0,0,0,0,0
130470,2,1,1991,0,0,0,0,0,0,0,0,0,0
130471,1,1,1991,0,0,0,0,0,0,0,0,0,0
130472,1,1,1991,19,19,19,19,19,19,19,19,19,19
130473,1,1,1991,0,0,0,0,0,0,0,0,0,0
130474,0,1,1991,11,11,11,11,11,11,11,11,11,11
130474,1,1,1991,5,5,5,5,5,5,5,5,5,5
130475,0,1,1991,0,0,0,0,0,0,0,0,0,0
130475,1,1,1991,1,1,1,1,1,1,1,1,1,1
130476,1,1,1991,20,6,25,0,5,0,17,12,17,16
130476,2,1,1991,0,0,0,0,0,0,0,0,0,0
130477,1,1,1991,0,0,0,0,0,0,0,0,0,0
130477,2,1,1991,0,0,0,0,0,0,0,0,0,0
130477,3,1,1991,0,0,0,11,0,0,0,0,0,0
130478,1,1,1991,24,24,24,24,24,24,24,24,24,24
130479,0,1,1991,0,0,0,27,0,0,0,0,0,0
130479,1,1,1991,0,0,0,0,0,0,0,0,0,0
130480,1,1,1991,12,12,12,12,12,12,12,12,12,12
130481,1,1,1991,11,11,11,11,11,11,11,11,11,11
130482,0,1,1991,0,0,15,0,0,21,28,16,0,0
130482,1,1,1991,17,17,17,17,17,17,17,17,17,17
130483,0,1,1991,1,1,1,1,1,1,1,1,1,1
130483,1,1,1991,0,0,0,0,0,0,0,0,0,0
130484,1,1,1991,0,0,0,0,0,0,0,0,0,0
130484,2,1,1991,0,0,0,0,0,0,0,0,0,0
130485,1,1,1991,0,0,0,0,0,0,0,0,0,0
130486,1,1,1991,6,6,6,6,6,6,6,6,6,6
130487,1,1,1991,0,0,0,0,0,0,0,0,0,0
130487,2,1,1991,0,0,0,0,0,0,0,0,0,0
130488,1,1,1991,0,0,0,0,0,0,0,0,0,0
130488,2,1,1991,0,0,0,0,0,0,0,0,0,0
130488,3,1,1991,0,0,0,0,0,0,0,0,0,0
130488,4,1,1991,0,0,0,0,0,0,0,0,0,0
130488,5,1,1991,0,0,0,0,20,0,0,0,0,0
130488,6,1,1991,0,0,0,0,0,0,0,0,0,0
130488,7,1,1991,0,0,0,0,0,0,0,0,0,0
130489,1,1,1991,0,0,0,0,0,0,0,0,0,0
130490,1,1,1991,0,0,0,9,15,26,14,29,14,18
130490,2,1,1991,0,0,0,19,0,0,0,0,0,0
130491,1,1,1991,11,11,11,11,11,11,11,11,11,11
130492,0,1,1991,13,25,33,0,24,11,0,15,25,26
130492,1,1,1991,0,0,0,0,0,0,0,0,0,0
130495,1,1,1991,22,22,22,22,22,22,22,22,22,22
130496,1,1,1991,31,14,17,29,22,26,11,32,18,7
130497,1,1,1991,0,0,21,0,0,0,0,0,0,23
130498,0,1,1991,0,0,17,0,0,0,0,0,0,0
130498,1,1,1991,0,0,0,0,0,0,0,0,0,0
130499,1,1,1991,0,15,0,0,0,0,19,11,0,4
130500,1,1,1991,0,0,0,0,0,0,0,0,0,0
130500,2,1,1991,0,0,0,0,0,0,0,0,0,0
130501,1,1,1991,0,0,0,0,0,0,0,0,0,0
130502,1,1,1991,0,0,0,0,0,0,0,0,0,0
130502,2,1,1991,0,0,0,0,0,0,0,0,0,0
130503,1,1,1991,0,0,0,0,0,0,0,0,0,0
130503,2,1,1991,0,0,0,0,0,0,0,0,0,0
130504,1,1,1991,3,3,3,3,3,3,3,3,3,3
130505,1,1,1991,24,24,24,24,24,24,24,24,24,24
130506,1,1,1991,0,0,0,0,0,0,0,0,0,0
130506,2,1,1991,0,0,0,0,0,0,0,0,0,0
130507,1,1,1991,17,17,17,17,17,17,17,17,17,17
130508,0,1,1991,0,0,0,0,0,0,0,0,0,0
130508,1,1,1991,0,0,0,0,0,0,0,0,0,0
130509,1,1,1991,18,18,18,18,18,18,18,18,18,18
130510,1,1,1991,0,0,0,0,0,0,0,0,0,0
130510,2,1,1991,0,0,0,0,0,0,0,0,0,0
130511,1,1,1991,0,0,0,0,0,0,0,0,0,0
130511,2,1,1991,8,8,8,8,8,8,8,8,8,8
130512,1,1,1991,0,0,0,0,0,0,0,0,0,0
130512,2,1,1991,0,0,0,0,0,0,0,0,0,0
130513,1,1,1991,0,0,0,0,0,0,0,0,0,0
130514,1,1,1991,0,0,0,0,0,0,0,0,0,0
130515,1,1,1991,0,0,0,0,0,0,0,0,0,0
130515,2,1,1991,0,0,0,0,0,0,0,0,0,0
130516,1,1,1991,0,0,0,0,0,0,0,0,0,0
130516,2,1,1991,0,0,0,0,0,0,0,0,0,0
130517,1,1,1991,0,0,0,0,0,0,0,0,0,0
130518,1,1,1991,0,0,0,0,0,0,0,0,0,0
130519,1,1,1991,4,4,4,4,4,4,4,4,4,4
130520,1,1,1991,0,0,0,0,0,0,0,0,0,0
130521,1,1,1991,30,30,30,30,30,30,30,30,30,30
130522,1,1,1991,12,0,0,9,11,0,0,0,0,0
130523,1,1,1991,0,0,0,0,0,0,0,0,0,0
130524,1,1,1991,0,0,0,0,0,0,0,0,0,0
130525,1,1,1991,0,0,0,0,0,0,0,0,0,0
130526,1,1,1991,18,18,18,18,18,18,18,18,18,18
130526,2,1,1991,0,0,0,0,0,0,0,0,0,0
130527,1,1,1991,0,0,0,0,0,0,0,0,0,0
130528,0,1,1991,0,0,0,0,0,0,0,0,0,0
130528,1,1,1991,0,0,0,0,0,0,0,7,0,0
130529,1,1,1991,11,11,11,11,11,11,11,11,11,11
130530,0,1,1991,14,14,14,14,14,14,14,14,14,14
130530,1,1,1991,0,0,0,0,0,0,0,0,0,0
130531,1,1,1991,0,0,0,0,0,0,0,11,0,0
130532,1,1,1991,0,0,0,0,0,0,0,0,0,0
130533,1,1,1991,0,0,0,0,0,0,0,0,0,0
130533,2,1,1991,0,0,0,0,0,0,0,0,0,0
130534,1,1,1991,11,11,11,11,11,11,11,11,11,11
130535,1,1,1991,18,18,18,18,18,18,18,18,18,18
130536,1,1,1991,26,26,26,26,26,26,26,26,26,26
130537,1,1,1991,0,0,0,0,0,0,0,0,0,0
130537,2,1,1991,25,25,25,25,25,25,25,25,25,25
130538,1,1,1991,0,0,0,0,0,0,0,0,0,0
130538,2,1,1991,0,0,0,0,0,0,0,0,0,0
130539,1,1,1991,0,0,0,0,0,0,0,0,0,0
130539,2,1,1991,0,13,0,16,0,0,28,0,0,0
130540,1,1,1991,2,2,2,2,2,2,2,2,2,2
130541,1,1,1991,19,16,14,6,10,29,26,12,15,21
130542,1,1,1991,0,0,0,0,0,0,0,0,0,0
130542,2,1,1991,0,0,0,0,0,0,0,0,0,0
130543,1,1,1991,0,0,0,0,0,0,0,0,0,0
130543,2,1,1991,0,0,0,0,0,0,0,0,0,0
130543,3,1,1991,0,0,0,0,0,0,0,0,0,0
130544,1,1,1991,0,0,0,0,0,0,0,0,0,0
130545,1,1,1991,0,0,0,0,0,0,0,0,0,0
130545,2,1,1991,0,0,23,0,0,0,0,0,0,0
130546,1,1,1991,0,0,0,0,0,0,0,0,0,0
130546,2,1,1991,0,0,0,0,0,0,0,0,0,0
130547,0,1,1991,0,0,0,0,0,0,0,0,0,0
130547,1,1,1991,0,0,0,0,0,0,0,0,0,0
130548,1,1,1991,11,11,11,11,11,11,11,11,11,11
130548,2,1,1991,0,0,0,0,0,0,0,0,0,0
130549,1,1,1991,0,0,0,0,0,0,0,0,0,0
130549,2,1,1991,0,0,0,0,0,0,0,0,0,0
130550,1,1,1991,17,17,17,17,17,17,17,17,17,17
130550,2,1,1991,0,0,0,0,0,0,0,0,0,0
130551,1,1,1991,14,14,14,14,14,14,14,14,14,14
130552,1,1,1991,0,0,0,0,0,0,0,0,0,0
130553,1,1,1991,31,31,31,31,31,31,31,31,31,31
130553,2,1,1991,0,0,0,0,0,0,0,0,0,0
130554,1,1,1991,0,0,5,0,34,20,0,10,12,0
130555,1,1,1991,0,0,0,0,0,0,0,0,0,0
130555,2,1,1991,0,0,0,0,0,0,0,0,0,0
130555,3,1,1991,0,0,0,0,0,0,0,0,0,0
130556,1,1,1991,0,0,0,0,0,0,0,0,0,0
130556,2,1,1991,0,0,0,0,0,0,0,0,0,0
130557,1,1,1991,0,0,0,0,0,0,0,0,0,0
130557,2,1,1991,0,0,0,0,0,0,0,0,0,0
130557,3,1,1991,0,0,0,0,0,0,0,0,0,0
130558,1,1,1991,25,25,25,25,25,25,25,25,25,25
130559,1,1,1991,0,13,0,0,0,0,4,0,0,0
130559,2,1,1991,0,0,0,0,0,0,0,0,0,0
130560,1,1,1991,0,0,0,0,0,0,0,0,0,0
130560,2,1,1991,0,0,0,0,0,0,0,0,0,0
130561,1,1,1991,0,0,0,0,0,0,0,0,0,0
130561,2,1,1991,0,0,0,0,0,0,0,0,0,0
130561,3,1,1991,0,0,0,0,0,0,0,0,0,0
130562,1,1,1991,29,29,29,29,29,29,29,29,29,29
130563,1,1,1991,31,31,31,31,31,31,31,31,31,31
130563,2,1,1991,0,0,0,0,0,0,0,0,0,0
130564,1,1,1991,2,2,2,2,2,2,2,2,2,2
130564,2,1,1991,0,0,0,0,0,0,0,0,0,0
130565,1,1,1991,0,0,0,0,0,0,0,0,0,0
130566,1,1,1991,0,0,0,0,0,0,0,0,0,0
130566,2,1,1991,0,0,0,0,0,0,0,0,0,0
130567,1,1,1991,4,4,4,4,4,4,4,4,4,4
130568,1,1,1991,0,0,0,0,0,0,0,0,0,0
130569,0,1,1991,14,0,20,0,31,32,15,5,0,0
130569,1,1,1991,0,0,0,0,0,35,0,17,0,0
130571,1,1,1991,0,0,0,0,0,0,0,0,0,0
130572,1,1,1991,0,0,0,0,0,0,0,0,0,0
130572,2,1,1991,12,14,7,23,0,0,25,45,0,23
130573,1,1,1991,0,0,0,0,0,0,0,0,0,0
130574,1,1,1991,13,13,13,13,13,13,13,13,13,13
130575,1,1,1991,0,0,0,0,0,0,0,0,0,0
130575,2,1,1991,0,0,0,0,0,0,0,0,0,0
130576,1,1,1991,0,0,0,0,0,0,0,0,0,0
130576,2,1,1991,0,16,0,0,0,0,20,0,0,0
130577,1,1,1991,9,22,5,0,0,0,0,0,23,30
130577,2,1,1991,0,0,0,0,0,0,0,0,0,0
130578,1,1,1991,3,3,3,3,3,3,3,3,3,3
130578,2,1,1991,0,12,23,12,0,18,12,21,18,0
130579,1,1,1991,10,10,10,10,10,10,10,10,10,10
130579,2,1,1991,0,0,0,0,0,0,0,0,0,0
130580,1,1,1991,1,1,1,1,1,1,1,1,1,1
130580,2,1,1991,0,0,0,0,0,0,0,0,0,0
130581,1,1,1991,4,4,4,4,4,4,4,4,4,4
130582,1,1,1991,0,0,0,0,0,0,0,0,0,0
130582,2,1,1991,0,0,0,0,0,0,0,0,0,0
130583,1,1,1991,10,10,10,10,10,10,10,10,10,10
130584,1,1,1991,15,0,0,23,11,23,0,6,0,6
130585,1,1,1991,0,0,0,0,0,0,0,0,0,0
130586,1,1,1991,35,35,35,35,35,35,35,35,35,35
130587,1,1,1991,10,0,0,0,21,0,24,12,12,0
130589,1,1,1991,0,0,0,0,0,0,0,0,0,0
130589,2,1,1991,0,0,0,0,0,0,0,0,0,0
130590,1,1,1991,20,20,20,20,20,20,20,20,20,20
130590,2,1,1991,0,0,0,0,0,0,0,0,0,0
130591,1,1,1991,0,0,0,0,0,0,0,0,0,0
130591,2,1,1991,0,0,0,0,0,0,0,0,0,0
130591,3,1,1991,0,0,0,0,0,0,0,0,0,0
130592,1,1,1991,0,0,0,0,0,0,0,0,0,0
130592,2,1,1991,0,0,0,0,0,0,0,0,0,0
130593,1,1,1991,0,0,0,0,0,0,0,0,0,0
130593,2,1,1991,0,0,0,0,0,0,0,0,0,0
130594,1,1,1991,0,0,0,0,0,0,0,0,0,0
130595,0,1,1991,4,4,4,4,4,4,4,4,4,4
130595,1,1,1991,6,0,0,0,11,35,0,5,13,37
130596,1,1,1991,18,17,20,7,31,0,24,27,32,12
130596,2,1,1991,0,0,0,14,0,0,0,0,0,0
130597,1,1,1991,25,25,25,25,25,25,25,25,25,25
130597,2,1,1991,0,0,0,14,0,0,0,2,0,0
130599,1,1,1991,17,17,17,17,17,17,17,17,17,17
130599,2,1,1991,9,9,9,9,9,9,9,9,9,9
130599,3,1,1991,0,0,0,0,0,0,0,0,0,0
130600,1,1,1991,17,17,17,17,17,17,17,17,17,17
130601,1,1,1991,7,7,7,7,7,7,7,7,7,7
130602,1,1,1991,0,0,0,0,0,0,0,0,0,0
130604,1,1,1991,25,25,25,25,25,25,25,25,25,25
130605,1,1,1991,0,0,0,0,0,0,0,0,0,0
130605,2,1,1991,0,0,0,0,0,0,0,0,0,0
130605,3,1,1991,0,0,0,0,0,0,0,0,0,0
130606,1,1,1991,10,10,10,10,10,10,10,10,10,10
130608,0,1,1991,0,0,0,0,0,0,0,0,0,0
130608,1,1,1991,0,0,0,0,0,0,0,0,0,0
130609,1,1,1991,0,0,0,0,0,0,0,0,0,0
130611,1,1,1991,19,19,19,19,19,19,19,19,19,19
130611,2,1,1991,0,0,0,0,0,0,0,0,0,0
130612,1,1,1991,19,19,19,19,19,19,19,19,19,19
130613,1,1,1991,17,17,17,17,17,17,17,17,17,17
130614,0,1,1991,0,0,0,0,0,0,0,0,0,0
130614,1,1,1991,0,0,0,0,0,0,0,0,0,0
130615,0,1,1991,4,4,4,4,4,4,4,4,4,4
130615,1,1,1991,0,0,0,0,0,0,0,0,0,0
130616,1,1,1991,0,0,0,0,0,0,0,0,0,0
130618,1,1,1991,19,19,19,19,19,19,19,19,19,19
130618,2,1,1991,0,0,0,0,0,0,0,0,0,0
130620,1,1,1991,0,0,0,0,0,0,0,0,0,0
130620,2,1,1991,0,0,0,0,15,0,0,0,11,0
130621,1,1,1991,0,0,0,0,0,0,0,0,0,0
130622,1,1,1991,0,0,0,0,0,0,0,0,0,0
130622,2,1,1991,0,0,0,0,0,0,0,0,0,0
130623,1,1,1991,0,0,0,0,0,0,0,0,0,0
130623,2,1,1991,0,0,0,0,0,0,0,0,0,0
130623,3,1,1991,0,0,0,0,0,0,0,0,0,0
130624,1,1,1991,9,9,9,9,9,9,9,9,9,9
130625,1,1,1991,0,0,0,0,0,0,0,0,0,0
130626,1,1,1991,11,11,11,11,11,11,11,11,11,11