ST_CASE,VEH_NO,PER_NO,YEAR,P1,P2,P3,P4,P5,P6,P7,P8,P9,P10
130626,2,1,1991,0,0,0,0,27,0,0,0,0,0
130627,0,1,1991,26,26,26,26,26,26,26,26,26,26
130627,1,1,1991,0,0,0,0,0,0,0,0,0,0
130628,1,1,1991,21,21,21,21,21,21,21,21,21,21
130628,2,1,1991,0,0,0,0,0,0,0,0,0,0
130628,3,1,1991,0,0,0,0,0,0,0,0,0,0
130629,1,1,1991,11,11,11,11,11,11,11,11,11,11
130630,1,1,1991,5,5,5,5,5,5,5,5,5,5
130630,2,1,1991,21,21,21,21,21,21,21,21,21,21
130631,1,1,1991,11,11,11,11,11,11,11,11,11,11
130632,1,1,1991,6,6,6,6,6,6,6,6,6,6
130633,1,1,1991,0,0,0,0,0,0,0,0,0,0
130633,2,1,1991,0,0,0,0,0,0,0,0,0,0
130634,1,1,1991,16,16,16,16,16,16,16,16,16,16
130635,1,1,1991,0,0,0,0,0,0,0,0,0,0
130635,2,1,1991,0,0,0,0,0,0,0,0,0,0
130636,1,1,1991,0,0,0,0,0,0,0,0,0,0
130636,2,1,1991,0,0,0,0,0,0,0,0,0,0
130637,1,1,1991,0,0,0,0,0,0,0,0,0,0
130637,2,1,1991,26,26,26,26,26,26,26,26,26,26
130638,1,1,1991,0,18,0,0,23,0,0,0,0,0
130638,2,1,1991,0,0,0,0,0,0,0,0,0,0
130639,1,1,1991,0,0,0,0,0,0,0,0,0,0
130640,1,1,1991,0,0,0,0,0,0,0,0,0,0
130640,2,1,1991,0,0,0,0,0,0,0,0,0,0
130641,0,1,1991,0,10,0,0,0,0,0,0,0,0
130641,1,1,1991,0,0,0,0,0,0,0,0,0,0
130642,0,1,1991,0,0,0,0,0,0,0,0,0,0
130642,1,1,1991,9,9,9,9,9,9,9,9,9,9
130643,1,1,1991,40,0,6,24,17,18,0,17,22,28
130644,1,1,1991,27,27,27,27,27,27,27,27,27,27
130644,2,1,1991,0,0,0,0,0,0,0,0,0,0
130645,0,1,1991,26,26,26,26,26,26,26,26,26,26
130645,1,1,1991,0,23,14,0,0,0,37,0,0,0
130646,1,1,1991,0,0,0,11,0,0,0,0,0,0
130646,2,1,1991,0,0,0,0,0,0,0,0,0,0
130647,1,1,1991,0,0,0,0,0,0,0,0,0,0
130647,2,1,1991,0,0,0,0,0,0,0,0,0,0
130648,1,1,1991,0,0,0,0,0,0,0,0,0,0
130648,2,1,1991,0,0,0,0,0,0,0,0,0,0
130649,1,1,1991,0,0,0,0,0,0,0,0,0,0
130650,1,1,1991,18,18,18,18,18,18,18,18,18,18
130650,2,1,1991,0,0,0,0,0,0,0,0,0,0
130651,1,1,1991,0,0,0,0,0,0,0,0,0,0
130651,2,1,1991,0,0,0,0,0,0,0,0,0,0
130652,1,1,1991,31,31,31,31,31,31,31,31,31,31
130653,1,1,1991,29,29,29,29,29,29,29,29,29,29
130654,1,1,1991,26,26,26,26,26,26,26,26,26,26
130654,2,1,1991,16,5,0,14,29,27,0,18,0,0
130655,1,1,1991,0,0,0,0,0,0,0,0,0,0
130656,1,1,1991,0,0,0,0,0,0,0,0,0,0
130656,2,1,1991,0,0,0,0,0,0,0,0,0,0
130657,1,1,1991,34,34,34,34,34,34,34,34,34,34
130658,1,1,1991,10,10,10,10,10,10,10,10,10,10
130659,1,1,1991,0,0,0,0,0,0,0,0,0,7
130659,2,1,1991,21,21,21,21,21,21,21,21,21,21
130661,1,1,1991,0,0,0,0,0,12,0,0,0,0
130662,0,1,1991,0,0,0,0,0,0,0,0,0,0
130662,1,1,1991,0,0,0,0,0,0,0,0,0,0
130663,0,1,1991,0,13,0,0,0,0,0,0,0,0
130663,1,1,1991,0,0,0,0,0,0,0,0,0,0
130664,1,1,1991,0,0,0,0,0,0,0,0,0,0
130664,2,1,1991,0,0,0,0,0,0,0,0,5,0
130665,1,1,1991,0,0,0,0,0,0,0,0,0,0
130665,2,1,1991,0,0,0,0,0,0,0,0,0,0
130666,1,1,1991,0,0,0,0,0,0,0,0,0,0
130666,2,1,1991,0,0,0,0,0,0,0,0,0,0
130667,1,1,1991,0,0,0,0,0,0,0,0,0,0
130667,2,1,1991,0,0,0,0,0,0,0,0,0,0
130668,1,1,1991,0,0,0,0,0,0,0,0,0,0
130669,0,1,1991,35,35,35,35,35,35,35,35,35,35
130669,1,1,1991,0,0,0,0,0,0,0,0,0,0
130669,2,1,1991,0,0,0,0,0,0,0,0,0,0
130670,1,1,1991,0,0,0,0,0,0,0,0,0,0
130670,2,1,1991,0,0,0,0,0,0,0,0,0,0
130671,1,1,1991,0,0,0,0,0,0,0,0,0,0
130672,1,1,1991,24,24,24,24,24,24,24,24,24,24
130673,1,1,1991,14,14,14,14,14,14,14,14,14,14
130674,1,1,1991,0,0,0,0,0,0,0,0,0,0
130674,2,1,1991,0,0,0,0,0,0,0,0,0,0
130674,3,1,1991,17,0,0,0,0,0,0,0,0,0
130675,1,1,1991,35,35,35,35,35,35,35,35,35,35
130676,1,1,1991,11,11,11,11,11,11,11,11,11,11
130678,1,1,1991,13,13,13,13,13,13,13,13,13,13
130679,1,1,1991,17,17,17,17,17,17,17,17,17,17
130679,2,1,1991,0,0,0,0,0,0,0,0,0,0
130680,0,1,1991,7,21,0,29,18,16,6,0,23,11
130680,0,2,1991,6,34,0,9,7,19,7,0,0,42
130680,0,3,1991,16,16,16,16,16,16,16,16,16,16
130680,0,4,1991,0,19,0,37,22,34,15,33,0,8
130680,0,5,1991,0,27,17,8,23,26,20,8,19,17
130680,0,6,1991,0,16,26,15,20,9,20,0,0,11
130680,1,1,1991,0,0,0,0,0,0,0,0,0,0
130681,1,1,1991,0,0,0,0,0,0,0,0,0,0
130681,2,1,1991,0,0,0,0,0,0,0,0,0,0
130682,0,1,1991,16,16,16,16,16,16,16,16,16,16
130682,1,1,1991,0,0,0,0,0,17,0,0,0,0
130683,1,1,1991,0,0,0,0,0,0,0,0,0,0
130683,2,1,1991,0,0,0,0,0,0,0,0,0,0
130684,1,1,1991,0,0,0,0,0,0,0,0,0,0
130684,2,1,1991,0,0,0,14,0,0,0,0,0,0
130685,1,1,1991,0,0,0,0,0,0,0,0,0,0
130685,2,1,1991,0,0,0,0,0,0,0,0,0,0
130686,1,1,1991,0,0,0,0,0,0,0,0,0,0
130687,1,1,1991,0,0,0,0,0,0,0,0,0,0
130687,2,1,1991,0,0,0,0,0,0,0,0,0,0
130688,1,1,1991,25,25,25,25,25,25,25,25,25,25
130689,1,1,1991,10,10,10,10,10,10,10,10,10,10
130690,1,1,1991,0,0,0,0,0,0,0,0,0,0
130690,2,1,1991,0,0,0,0,0,0,0,0,0,0
130691,1,1,1991,0,0,0,0,0,0,0,0,0,0
130691,2,1,1991,0,0,0,0,0,0,0,0,0,0
130692,1,1,1991,2,2,2,2,2,2,2,2,2,2
130693,1,1,1991,0,0,0,0,0,0,0,0,0,0
130694,1,1,1991,15,15,15,15,15,15,15,15,15,15
130695,1,1,1991,33,33,33,33,33,33,33,33,33,33
130696,1,1,1991,0,0,0,0,0,0,0,0,0,0
130696,2,1,1991,2,2,2,2,2,2,2,2,2,2
130697,1,1,1991,0,0,0,0,0,0,0,0,0,0
130698,1,1,1991,0,0,0,0,0,0,0,0,0,0
130699,1,1,1991,10,10,10,10,10,10,10,10,10,10
130700,1,1,1991,0,0,0,0,0,0,0,0,0,0
130700,2,1,1991,0,0,0,0,0,0,0,0,0,0
130701,1,1,1991,0,0,0,0,0,0,0,0,0,0
130701,2,1,1991,0,0,0,0,0,0,0,0,0,0
130702,1,1,1991,0,0,0,0,0,0,0,0,0,0
130703,1,1,1991,7,7,7,7,7,7,7,7,7,7
130703,2,1,1991,0,0,0,12,0,0,0,0,26,0
130704,1,1,1991,0,0,0,0,0,0,0,0,0,0
130704,2,1,1991,20,20,20,20,20,20,20,20,20,20
130706,1,1,1991,0,0,0,0,0,0,0,0,0,0
130706,2,1,1991,0,0,0,0,0,0,0,0,0,0
130707,1,1,1991,20,20,20,20,20,20,20,20,20,20
130708,1,1,1991,17,17,17,17,17,17,17,17,17,17
130709,1,1,1991,15,15,15,15,15,15,15,15,15,15
130709,2,1,1991,0,0,0,0,0,0,0,0,0,0
130710,0,1,1991,0,0,0,0,0,0,0,0,0,0
130710,1,1,1991,28,28,28,28,28,28,28,28,28,28
130711,1,1,1991,4,4,4,4,4,4,4,4,4,4
130712,1,1,1991,34,34,34,34,34,34,34,34,34,34
130712,2,1,1991,0,0,0,0,0,22,0,0,0,0
130713,0,1,1991,34,34,34,34,34,34,34,34,34,34
130713,0,2,1991,21,17,14,41,35,19,12,0,10,27
130713,1,1,1991,0,0,0,0,0,0,0,0,0,0
130714,1,1,1991,27,27,27,27,27,27,27,27,27,27
130715,1,1,1991,0,0,0,0,0,0,0,0,0,0
130715,2,1,1991,0,0,0,0,0,0,0,0,0,0
130716,1,1,1991,0,0,0,0,0,0,0,0,0,0
130717,1,1,1991,22,22,22,22,22,22,22,22,22,22
130718,1,1,1991,0,0,0,0,0,0,0,0,0,0
130718,2,1,1991,0,0,0,0,0,0,0,0,0,0
130719,1,1,1991,26,5,10,11,15,24,29,18,21,6
130720,1,1,1991,15,15,15,15,15,15,15,15,15,15
130721,1,1,1991,31,31,31,31,31,31,31,31,31,31
130721,2,1,1991,0,0,0,0,0,0,0,0,0,0
130722,1,1,1991,10,10,10,10,10,10,10,10,10,10
130723,1,1,1991,0,0,0,0,0,0,0,0,0,0
130723,2,1,1991,0,0,0,0,0,0,0,0,0,0
130725,1,1,1991,0,0,0,0,0,0,0,0,0,0
130725,2,1,1991,0,0,0,0,0,0,0,0,0,0
130726,1,1,1991,9,9,9,9,9,9,9,9,9,9
130727,1,1,1991,0,0,0,0,0,0,0,0,0,0
130727,2,1,1991,0,0,0,0,0,0,0,0,0,0
130728,1,1,1991,13,13,13,13,13,13,13,13,13,13
130729,1,1,1991,0,0,0,0,0,0,0,0,0,0
130729,2,1,1991,0,0,0,0,0,0,0,0,0,0
130730,1,1,1991,12,12,12,12,12,12,12,12,12,12
130731,1,1,1991,19,0,16,0,21,0,5,0,0,5
130732,0,1,1991,10,10,10,10,10,10,10,10,10,10
130732,1,1,1991,0,24,0,0,12,5,13,0,13,0
130733,1,1,1991,0,12,0,0,0,11,0,16,0,0
130734,0,1,1991,0,0,0,24,0,0,0,0,0,0
130734,1,1,1991,0,0,0,0,0,0,0,0,0,0
130735,1,1,1991,0,0,0,0,0,0,0,0,0,0
130735,2,1,1991,0,0,0,0,0,0,0,0,0,0
130736,1,1,1991,25,25,25,25,25,25,25,25,25,25
130737,1,1,1991,0,0,0,0,0,0,0,0,0,0
130737,2,1,1991,0,0,0,0,0,0,0,0,0,0
130737,3,1,1991,0,0,0,0,0,0,0,0,0,0
130738,0,1,1991,0,0,0,0,0,0,0,0,0,0
130738,0,2,1991,0,0,0,0,0,0,0,0,0,0
130738,1,1,1991,0,0,0,0,0,0,0,0,0,0
130739,1,1,1991,9,23,13,10,28,23,8,25,11,17
130740,1,1,1991,25,25,25,25,25,25,25,25,25,25
130740,2,1,1991,0,0,0,0,0,0,0,0,0,0
130741,1,1,1991,0,0,0,0,0,0,0,0,0,0
130741,2,1,1991,0,0,0,0,0,0,0,0,0,0
130742,1,1,1991,0,11,0,0,0,0,0,14,0,0
130743,1,1,1991,0,0,0,0,0,0,0,0,0,0
130743,2,1,1991,0,0,0,0,0,0,0,0,0,0
130744,1,1,1991,17,17,17,17,17,17,17,17,17,17
130744,2,1,1991,0,0,0,0,0,0,0,0,0,0
130744,3,1,1991,0,0,0,0,6,30,0,0,0,0
130745,1,1,1991,0,0,0,0,0,0,0,0,0,0
130745,2,1,1991,0,0,0,0,0,0,0,0,0,0
130746,0,1,1991,0,0,0,0,0,0,0,0,0,0
130746,1,1,1991,0,0,0,0,0,0,0,0,0,0
130747,1,1,1991,9,9,9,9,9,9,9,9,9,9
130747,2,1,1991,0,0,0,0,0,0,0,0,0,0
130748,1,1,1991,0,0,0,0,0,0,0,0,0,0
130749,0,1,1991,0,0,0,0,0,0,0,0,0,0
130749,1,1,1991,0,0,0,0,0,0,0,0,0,0
130750,1,1,1991,0,0,0,0,0,0,0,0,0,0
130750,2,1,1991,0,0,0,0,0,0,0,0,0,0
130750,3,1,1991,0,0,0,0,0,0,0,0,0,0
130751,1,1,1991,0,0,0,0,0,0,17,0,0,0
130751,2,1,1991,0,0,0,0,0,0,0,0,0,0
130752,1,1,1991,0,0,0,0,0,0,0,0,0,0
130752,2,1,1991,0,0,0,0,0,0,0,0,0,0
130753,1,1,1991,0,0,0,0,0,0,0,0,0,0
130753,2,1,1991,0,0,0,0,0,0,0,0,0,0
130754,1,1,1991,16,16,16,16,16,16,16,16,16,16
130754,2,1,1991,0,0,0,6,0,0,0,0,0,0
130755,0,1,1991,19,19,19,19,19,19,19,19,19,19
130755,1,1,1991,12,0,0,0,16,20,0,0,8,0
130756,1,1,1991,0,0,0,0,0,0,0,0,0,0
130757,1,1,1991,13,13,13,13,13,13,13,13,13,13
130758,1,1,1991,0,0,20,0,23,22,21,0,0,29
130760,1,1,1991,0,0,0,0,0,0,0,0,0,0
130760,2,1,1991,0,0,0,0,0,0,0,0,0,0
130760,3,1,1991,0,0,0,0,0,0,0,0,0,0
130761,1,1,1991,22,22,22,22,22,22,22,22,22,22
130762,0,1,1991,0,0,0,0,0,0,0,0,0,0
130762,1,1,1991,11,11,12,0,0,0,15,18,21,0
130763,1,1,1991,0,0,0,0,0,0,0,0,0,0
130763,2,1,1991,0,0,0,0,0,0,0,0,0,0
130764,1,1,1991,0,0,0,0,0,0,0,0,0,0
130764,2,1,1991,0,0,0,0,0,0,0,0,0,0
130764,3,1,1991,0,0,0,0,0,0,0,0,0,0
130765,0,1,1991,22,22,22,22,22,22,22,22,22,22
130765,1,1,1991,0,0,0,0,0,0,0,0,0,0
130766,1,1,1991,0,0,0,0,0,0,0,0,0,0
130767,1,1,1991,0,0,11,17,0,18,23,0,4,22
130768,0,1,1991,0,0,0,0,0,0,0,0,0,0
130768,1,1,1991,0,0,0,0,0,0,0,0,0,0
130770,1,1,1991,24,24,24,24,24,24,24,24,24,24
130771,1,1,1991,0,0,0,0,0,0,0,0,0,0
130771,2,1,1991,0,0,0,0,0,0,0,0,0,0
130772,1,1,1991,0,0,8,5,0,0,9,0,0,0
130773,1,1,1991,0,0,0,0,0,0,0,0,0,0
130773,2,1,1991,0,0,0,0,0,0,0,0,0,0
130774,0,1,1991,42,19,17,24,31,12,30,0,16,13
130774,1,1,1991,8,26,0,0,19,4,0,0,0,9
130775,1,1,1991,5,5,5,5,5,5,5,5,5,5
130775,2,1,1991,0,0,0,0,0,29,0,0,0,0
130776,1,1,1991,0,0,0,0,0,0,0,0,0,0
130776,2,1,1991,0,0,0,0,0,0,0,0,0,0
130778,1,1,1991,0,0,0,0,0,0,0,0,0,0
130779,1,1,1991,0,0,0,0,0,0,0,0,0,0
130779,2,1,1991,0,0,0,0,0,0,0,0,0,0
130780,1,1,1991,0,0,0,0,0,0,0,15,0,0
130780,2,1,1991,2,2,2,2,2,2,2,2,2,2
130781,0,1,1991,14,14,14,14,14,14,14,14,14,14
130781,1,1,1991,0,0,0,0,0,0,0,0,0,0
130782,1,1,1991,0,0,0,0,0,0,0,0,0,0
130782,2,1,1991,0,0,0,0,0,0,0,0,8,0
130782,3,1,1991,0,0,0,0,0,0,0,0,0,0
130782,4,1,1991,0,0,0,0,0,0,0,0,0,0
130782,5,1,1991,0,0,0,0,0,0,0,0,0,0
130783,0,1,1991,0,0,0,0,0,0,0,0,0,0
130783,1,1,1991,0,15,0,0,0,0,0,0,2,19
130784,1,1,1991,0,17,0,0,0,0,0,0,0,16
130784,2,1,1991,0,0,0,0,0,0,0,0,0,0
130785,0,1,1991,0,0,17,0,15,22,17,0,26,21
130785,1,1,1991,0,14,0,3,0,0,0,0,8,0
130786,1,1,1991,32,0,0,0,0,0,0,0,0,0
130787,1,1,1991,0,0,0,0,0,0,0,0,0,0
130788,1,1,1991,15,0,12,0,0,0,19,13,0,14
130788,2,1,1991,0,0,0,0,0,0,0,0,0,0
130788,3,1,1991,0,0,0,12,0,0,0,0,0,0
130789,1,1,1991,0,0,0,0,0,0,0,0,0,0
130789,2,1,1991,0,0,0,0,0,0,0,0,0,0
130790,1,1,1991,0,23,0,11,0,0,0,0,0,0
130792,1,1,1991,23,23,23,23,23,23,23,23,23,23
130792,2,1,1991,0,0,0,3,0,0,0,0,0,0
130793,1,1,1991,0,0,0,0,0,0,0,0,0,0
130794,1,1,1991,0,12,0,0,0,0,0,0,0,0
130795,0,1,1991,27,27,27,27,27,27,27,27,27,27
130795,1,1,1991,12,22,0,0,0,0,0,0,0,0
130796,1,1,1991,15,15,15,15,15,15,15,15,15,15
130797,0,1,1991,15,6,34,11,21,11,0,21,10,19
130797,1,1,1991,0,0,0,0,0,0,0,0,0,0
130797,2,1,1991,0,17,0,7,0,0,0,9,22,0
130798,1,1,1991,0,0,0,0,0,0,0,0,0,0
130798,2,1,1991,0,0,0,0,0,0,0,0,0,0
130799,0,1,1991,4,4,4,4,4,4,4,4,4,4
130799,1,1,1991,0,0,0,0,0,0,0,0,0,0
130800,0,1,1991,19,19,19,19,19,19,19,19,19,19
130800,1,1,1991,0,0,0,0,0,0,19,0,0,10
130801,1,1,1991,0,0,0,0,0,0,0,0,0,0
130802,1,1,1991,32,32,32,32,32,32,32,32,32,32
130803,1,1,1991,0,0,12,0,0,0,0,0,0,0
130803,2,1,1991,0,0,0,0,0,0,0,29,26,0
130804,1,1,1991,0,0,0,0,0,0,0,0,0,0
130805,0,1,1991,0,0,0,0,0,0,0,0,0,0
130805,1,1,1991,10,10,10,10,10,10,10,10,10,10
130806,0,1,1991,0,0,0,0,0,0,0,0,0,0
130806,1,1,1991,0,0,0,0,0,0,0,0,0,0
130807,0,1,1991,0,0,0,0,0,0,0,0,0,0
130807,1,1,1991,0,0,0,0,0,0,0,0,0,0
130808,1,1,1991,19,0,0,0,0,0,0,0,0,0
130808,2,1,1991,0,0,0,0,0,0,0,0,0,0
130809,1,1,1991,7,7,7,7,7,7,7,7,7,7
130809,2,1,1991,0,0,0,0,0,0,0,0,0,0
130809,3,1,1991,0,0,0,12,0,0,0,0,0,0
130810,1,1,1991,18,25,15,26,35,26,14,8,18,30
130811,0,1,1991,40,40,40,40,40,40,40,40,40,40
130811,1,1,1991,0,0,0,0,0,0,0,0,0,0
130812,1,1,1991,21,21,21,21,21,21,21,21,21,21
130813,1,1,1991,20,20,20,20,20,20,20,20,20,20
130813,2,1,1991,0,0,0,0,0,0,0,0,0,0
130814,1,1,1991,12,12,12,12,12,12,12,12,12,12
130815,1,1,1991,14,14,14,14,14,14,14,14,14,14
130816,1,1,1991,0,0,0,0,0,0,0,0,0,0
130817,1,1,1991,0,0,0,0,0,0,0,0,0,0
130817,2,1,1991,0,0,0,0,0,0,0,0,0,0
130818,1,1,1991,16,0,8,36,12,0,0,24,0,9
130818,2,1,1991,0,0,0,0,0,0,0,0,0,0
130818,3,1,1991,0,0,11,0,0,0,0,0,0,0
130819,1,1,1991,0,0,0,0,0,12,0,0,0,0
130819,2,1,1991,0,0,0,0,0,0,0,0,0,0
130821,1,1,1991,0,0,0,0,0,0,22,0,0,0
130821,2,1,1991,0,0,0,0,0,0,0,0,0,0
130822,1,1,1991,0,0,0,0,0,0,0,0,0,0
130822,2,1,1991,0,0,0,0,0,0,0,0,0,0
130823,1,1,1991,26,26,26,26,26,26,26,26,26,26
130824,1,1,1991,0,0,0,0,0,0,0,0,0,0
130824,2,1,1991,22,22,22,22,22,22,22,22,22,22
130825,1,1,1991,7,7,7,7,7,7,7,7,7,7
130825,2,1,1991,0,0,0,0,0,0,0,0,0,0
130826,1,1,1991,15,15,15,15,15,15,15,15,15,15
130827,1,1,1991,5,5,5,5,5,5,5,5,5,5
130828,0,1,1991,36,0,0,20,0,25,44,22,19,0
130828,1,1,1991,21,0,0,12,26,10,9,0,0,9
130829,1,1,1991,0,0,0,0,0,0,0,0,0,0
130830,1,1,1991,17,0,0,0,5,13,10,0,0,0
130831,1,1,1991,15,14,0,10,16,12,19,22,0,16
130832,1,1,1991,13,13,13,13,13,13,13,13,13,13
130833,1,1,1991,0,0,0,0,0,0,0,0,0,0
130834,1,1,1991,0,0,0,0,0,0,0,0,0,0
130835,1,1,1991,0,0,0,0,0,0,0,0,0,0
130835,2,1,1991,0,0,0,0,0,0,0,0,0,0
130836,1,1,1991,20,20,20,20,20,20,20,20,20,20
130837,1,1,1991,16,16,16,16,16,16,16,16,16,16
130838,1,1,1991,23,23,23,23,23,23,23,23,23,23
130839,1,1,1991,0,0,0,0,0,0,0,0,0,0
130840,1,1,1991,10,10,10,10,10,10,10,10,10,10
130840,2,1,1991,0,0,0,0,0,0,0,0,0,0
130841,1,1,1991,0,0,0,0,0,0,0,0,0,0
130841,2,1,1991,0,0,0,0,0,0,0,0,0,0
130842,1,1,1991,0,0,0,0,0,0,0,0,18,15
130843,1,1,1991,28,28,28,28,28,28,28,28,28,28
130844,1,1,1991,17,17,17,17,17,17,17,17,17,17
130845,1,1,1991,23,23,23,23,23,23,23,23,23,23
130846,1,1,1991,0,0,0,0,0,0,0,0,0,0
130846,2,1,1991,0,0,0,0,0,0,0,0,0,0
130847,0,1,1991,0,0,0,0,0,0,0,0,0,0
130847,1,1,1991,0,0,0,0,0,0,0,0,0,0
130848,1,1,1991,0,0,0,0,0,0,0,0,0,0
130848,2,1,1991,0,0,0,0,0,0,0,0,0,0
130848,3,1,1991,0,0,0,0,0,0,0,0,0,0
130849,1,1,1991,0,0,0,0,0,0,0,0,0,0
130849,2,1,1991,0,0,0,0,0,0,0,0,0,0
130850,0,1,1991,0,0,0,0,0,0,0,0,0,0
130850,1,1,1991,0,0,0,0,0,0,0,0,0,0
130851,0,1,1991,0,0,0,0,0,0,0,0,0,0
130851,1,1,1991,0,0,0,0,0,0,0,0,0,0
130852,1,1,1991,0,0,0,0,0,0,0,0,0,0
130852,2,1,1991,0,0,0,0,0,0,0,0,0,0
130853,0,1,1991,33,33,33,33,33,33,33,33,33,33
130853,1,1,1991,0,0,0,0,0,0,0,0,0,0
130854,1,1,1991,0,0,0,0,0,0,0,0,0,0
130854,2,1,1991,0,0,0,0,0,0,0,0,0,0
130854,3,1,1991,0,0,0,0,0,0,0,0,0,0
130855,1,1,1991,25,25,25,25,25,25,25,25,25,25
130855,2,1,1991,0,0,0,0,0,0,0,0,0,0
130856,1,1,1991,0,0,0,0,0,0,0,0,0,0
130856,2,1,1991,0,0,0,0,0,0,0,0,0,0
130857,1,1,1991,13,13,13,13,13,13,13,13,13,13
130858,1,1,1991,5,5,5,5,5,5,5,5,5,5
130858,2,1,1991,0,0,0,0,0,0,0,0,0,0
130859,1,1,1991,0,0,0,0,0,0,0,0,0,0
130859,2,1,1991,0,0,0,0,0,0,0,0,0,0
130860,1,1,1991,6,6,6,6,6,6,6,6,6,6
130861,1,1,1991,0,0,0,0,0,0,0,0,0,0
130862,0,1,1991,26,26,26,26,26,26,26,26,26,26
130862,1,1,1991,0,0,0,0,0,0,0,0,0,0
130863,1,1,1991,10,10,10,10,10,10,10,10,10,10
130864,1,1,1991,14,14,14,14,14,14,14,14,14,14
130865,1,1,1991,28,28,28,28,28,28,28,28,28,28
130866,1,1,1991,0,0,0,0,0,18,0,0,9,0
130867,1,1,1991,21,21,21,21,21,21,21,21,21,21
130868,1,1,1991,0,0,0,0,0,0,0,0,0,0
130868,2,1,1991,0,0,0,0,0,0,0,0,0,0
130869,1,1,1991,0,0,0,0,0,0,0,0,0,0
130870,1,1,1991,0,0,0,0,0,0,0,0,0,0
130871,1,1,1991,0,0,0,0,0,0,0,0,0,0
130871,2,1,1991,0,0,0,0,0,0,0,0,0,0
130872,1,1,1991,19,19,19,19,19,19,19,19,19,19
130873,0,1,1991,0,0,0,0,0,0,0,0,0,0
130873,1,1,1991,0,0,0,0,0,0,0,0,0,0
130874,1,1,1991,11,25,10,9,9,21,19,33,20,14
130876,1,1,1991,10,10,10,10,10,10,10,10,10,10
130877,0,1,1991,0,0,0,0,0,0,0,0,0,0
130877,1,1,1991,0,0,0,0,0,0,0,0,0,0
130878,0,1,1991,0,28,0,0,0,0,0,0,0,0
130878,1,1,1991,0,0,0,0,0,0,14,0,0,10
130879,0,1,1991,0,0,0,0,0,0,0,0,0,0
130879,1,1,1991,0,0,0,0,0,0,0,0,0,0
130880,1,1,1991,22,22,22,22,22,22,22,22,22,22
130881,1,1,1991,0,0,0,0,0,0,0,0,0,0
130881,2,1,1991,0,0,0,0,0,0,0,0,0,0
130882,1,1,1991,0,0,0,0,0,0,0,0,0,0
130882,2,1,1991,0,0,0,0,0,0,0,0,0,0
130883,1,1,1991,0,0,0,0,0,0,0,0,0,0
130883,2,1,1991,1,1,1,1,1,1,1,1,1,1
130884,0,1,1991,0,0,0,0,0,0,0,0,0,0
130884,1,1,1991,0,0,0,0,0,0,0,0,0,0
130885,1,1,1991,0,0,0,0,0,0,0,0,0,0
130886,1,1,1991,0,0,16,0,0,0,0,0,0,23
130887,1,1,1991,0,0,0,0,0,0,0,0,0,0
130888,0,1,1991,0,0,0,0,0,0,0,0,0,0
130888,1,1,1991,0,0,0,0,0,0,0,0,0,0
130889,1,1,1991,0,0,0,0,0,0,0,0,0,0
130890,1,1,1991,0,0,0,0,0,0,0,0,0,0
130890,2,1,1991,0,0,0,0,0,0,0,0,0,0
130891,0,1,1991,0,0,0,0,0,0,0,0,0,0
130891,0,2,1991,0,0,0,0,0,0,0,0,0,0
130891,1,1,1991,0,0,14,0,0,0,16,0,0,0
130892,1,1,1991,0,0,0,0,0,0,0,0,0,0
130893,1,1,1991,0,0,0,0,0,0,0,0,0,0
130894,1,1,1991,0,0,0,0,0,0,0,0,0,0
130894,2,1,1991,15,15,15,15,15,15,15,15,15,15
130895,1,1,1991,0,0,0,0,0,0,0,0,0,0
130895,2,1,1991,0,0,0,0,0,0,0,0,0,0
130895,3,1,1991,0,0,0,0,0,0,0,0,0,0
130896,1,1,1991,0,0,0,0,10,0,0,0,0,14
130897,1,1,1991,22,12,22,30,29,13,0,30,20,33
130898,1,1,1991,13,13,13,13,13,13,13,13,13,13
130899,1,1,1991,0,0,0,0,0,0,0,0,0,0
130900,1,1,1991,21,21,21,21,21,21,21,21,21,21
130900,2,1,1991,0,0,0,0,0,0,0,0,0,0
130901,1,1,1991,0,0,0,0,0,0,0,0,0,0
130901,2,1,1991,0,0,0,0,0,0,0,0,0,0
130902,1,1,1991,0,0,0,0,0,0,0,0,0,0
130902,2,1,1991,8,8,8,8,8,8,8,8,8,8
130903,1,1,1991,0,0,0,0,0,0,0,0,0,0
130904,1,1,1991,1,1,1,1,1,1,1,1,1,1
130904,2,1,1991,0,0,0,0,0,0,0,0,0,0
130905,1,1,1991,0,0,0,0,0,0,0,0,0,0
130905,2,1,1991,0,0,0,0,0,0,0,0,0,0
130906,1,1,1991,0,0,0,0,0,0,0,0,0,0
130906,2,1,1991,0,0,0,0,0,0,0,0,0,0
130907,1,1,1991,0,0,0,0,0,0,0,0,0,0
130908,1,1,1991,0,0,0,0,0,0,0,0,0,0
130908,2,1,1991,0,0,0,0,0,0,0,0,0,0
130909,1,1,1991,0,0,0,0,0,0,0,0,0,0
130909,2,1,1991,0,0,0,0,0,0,0,0,0,0
130910,1,1,1991,0,0,0,0,0,0,0,0,0,0
130912,1,1,1991,0,0,0,0,0,0,0,0,0,0
130913,1,1,1991,12,12,12,12,12,12,12,12,12,12
130914,1,1,1991,0,0,0,0,10,0,0,0,0,0
130914,2,1,1991,0,0,0,0,0,0,0,0,0,0
130914,3,1,1991,0,0,0,0,0,0,0,0,0,0
130915,1,1,1991,0,0,0,0,0,0,0,0,0,0