ST_CASE,VEH_NO,PER_NO,YEAR,P1,P2,P3,P4,P5,P6,P7,P8,P9,P10
170171,1,1,1991,16,9,17,0,10,0,14,0,8,18
170172,1,1,1991,18,18,18,18,18,18,18,18,18,18
170173,1,1,1991,0,0,0,0,0,0,0,0,0,0
170173,2,1,1991,0,0,0,0,0,0,0,0,0,0
170174,0,1,1991,0,0,0,0,0,0,0,0,0,0
170174,1,1,1991,0,0,0,18,0,0,0,0,0,0
170175,0,1,1991,0,0,0,0,0,0,0,0,0,0
170175,1,1,1991,0,0,0,0,0,0,0,0,0,0
170176,1,1,1991,0,0,0,0,0,0,0,0,0,0
170176,2,1,1991,0,0,0,0,0,0,0,0,0,0
170178,1,1,1991,0,0,0,0,0,0,0,0,0,0
170178,2,1,1991,0,0,0,0,0,0,0,0,0,0
170179,1,1,1991,14,14,14,14,14,14,14,14,14,14
170180,0,1,1991,13,13,13,13,13,13,13,13,13,13
170180,1,1,1991,0,0,0,0,0,0,0,34,0,0
170181,1,1,1991,8,8,8,8,8,8,8,8,8,8
170182,1,1,1991,0,0,0,0,0,0,0,0,0,0
170183,1,1,1991,0,0,0,0,0,0,0,0,7,0
170183,2,1,1991,0,0,0,0,0,0,0,0,0,0
170184,1,1,1991,0,0,0,9,0,13,0,0,0,10
170185,1,1,1991,0,0,0,0,0,0,0,0,0,0
170185,2,1,1991,0,0,0,0,0,0,0,0,0,9
170186,1,1,1991,23,23,23,23,23,23,23,23,23,23
170187,1,1,1991,32,32,32,32,32,32,32,32,32,32
170188,1,1,1991,0,0,0,0,0,0,0,0,0,0
170188,2,1,1991,0,0,0,0,0,0,0,0,0,0
170189,1,1,1991,11,11,11,11,11,11,11,11,11,11
170189,2,1,1991,14,13,8,15,10,6,6,19,6,20
170190,1,1,1991,14,14,14,14,14,14,14,14,14,14
170191,1,1,1991,21,21,21,21,21,21,21,21,21,21
170192,1,1,1991,21,21,21,21,21,21,21,21,21,21
170193,1,1,1991,18,18,18,18,18,18,18,18,18,18
170194,1,1,1991,0,0,0,0,0,0,0,0,0,0
170194,2,1,1991,0,0,0,0,0,0,0,0,0,0
170195,1,1,1991,0,0,0,0,0,11,0,0,0,0
170195,2,1,1991,0,0,0,0,0,0,0,0,0,0
170195,3,1,1991,0,0,0,0,0,0,0,0,0,0
170196,1,1,1991,0,0,0,0,0,0,0,0,0,0
170196,2,1,1991,0,0,0,0,0,0,0,0,0,0
170197,0,1,1991,0,0,0,0,0,0,0,48,0,0
170197,1,1,1991,0,0,0,0,0,0,0,0,0,0
170198,0,1,1991,5,5,5,5,5,5,5,5,5,5
170198,1,1,1991,0,0,0,0,0,0,0,0,0,0
170199,1,1,1991,11,11,11,11,11,11,11,11,11,11
170199,2,1,1991,0,0,0,0,0,0,0,0,0,0
170199,3,1,1991,0,0,0,0,0,0,0,0,0,0
170199,4,1,1991,0,0,0,0,0,0,0,0,0,0
170200,0,1,1991,0,0,0,0,0,0,0,0,0,0
170200,1,1,1991,0,0,0,0,0,0,0,0,0,0
170201,0,1,1991,0,0,0,0,0,0,0,0,0,0
170201,1,1,1991,39,14,7,0,11,0,21,26,0,0
170202,1,1,1991,11,15,0,0,0,13,0,4,0,0
170202,2,1,1991,0,0,0,0,0,0,0,0,0,0
170203,1,1,1991,0,0,0,0,0,0,0,0,0,0
170203,2,1,1991,0,0,0,0,0,0,0,0,0,0
170204,0,1,1991,0,0,0,28,41,24,17,0,0,18
170204,1,1,1991,18,0,0,0,0,0,0,0,0,0
170204,2,1,1991,13,12,16,18,0,2,0,0,12,20
170205,1,1,1991,11,11,11,11,11,11,11,11,11,11
170207,1,1,1991,0,0,15,0,0,0,0,0,11,0
170208,1,1,1991,21,21,21,21,21,21,21,21,21,21
170209,1,1,1991,27,27,27,27,27,27,27,27,27,27
170209,2,1,1991,0,0,0,0,0,0,0,0,0,0
170210,1,1,1991,0,0,0,0,0,0,0,0,0,0
170210,2,1,1991,0,0,0,0,0,0,0,0,0,0
170211,0,1,1991,0,0,0,0,0,0,0,0,0,0
170211,1,1,1991,0,0,0,0,0,0,0,0,0,0
170212,1,1,1991,0,0,0,0,0,0,0,0,0,0
170213,1,1,1991,0,0,0,0,0,0,0,0,0,0
170213,2,1,1991,0,0,0,0,0,0,0,0,0,0
170214,1,1,1991,0,0,0,0,11,0,0,0,0,0
170214,2,1,1991,0,0,0,0,0,0,0,0,0,0
170215,1,1,1991,0,0,0,0,0,0,0,0,0,11
170215,2,1,1991,0,0,0,0,0,0,0,0,0,0
170216,1,1,1991,16,16,16,16,16,16,16,16,16,16
170217,1,1,1991,24,24,24,24,24,24,24,24,24,24
170217,2,1,1991,0,0,0,0,0,0,0,0,0,0
170218,0,1,1991,0,0,0,0,0,0,0,0,0,0
170218,1,1,1991,0,0,0,0,0,0,0,0,0,0
170219,1,1,1991,0,0,0,0,0,0,0,0,0,19
170219,2,1,1991,0,0,0,0,0,0,0,0,0,0
170219,3,1,1991,0,0,0,0,9,0,0,0,0,0
170220,1,1,1991,0,0,9,0,0,0,0,0,0,0
170220,2,1,1991,0,0,0,0,0,0,0,0,0,0
170221,0,1,1991,0,0,0,0,0,0,0,0,0,0
170221,1,1,1991,0,25,5,0,0,0,0,0,0,0
170222,1,1,1991,0,8,0,7,0,0,0,0,0,7
170222,2,1,1991,0,0,0,0,0,0,0,0,0,0
170223,0,1,1991,0,0,0,0,0,0,0,0,0,0
170223,1,1,1991,0,0,0,0,0,0,0,0,0,9
170224,0,1,1991,0,0,0,0,0,0,0,0,0,0
170224,1,1,1991,0,0,0,0,0,0,0,0,0,0
170225,1,1,1991,0,11,11,0,0,0,0,0,0,17
170226,1,1,1991,8,8,8,8,8,8,8,8,8,8
170227,0,1,1991,0,0,0,0,0,0,0,0,0,0
170227,0,2,1991,0,0,21,0,0,0,0,0,0,19
170227,0,3,1991,0,0,0,0,0,0,0,0,0,0
170227,1,1,1991,0,0,0,0,0,0,0,0,0,0
170228,0,1,1991,8,8,8,8,8,8,8,8,8,8
170228,1,1,1991,16,0,0,0,0,0,0,11,0,0
170228,2,1,1991,0,0,0,0,0,0,0,0,0,0
170228,3,1,1991,0,19,0,0,0,21,16,7,0,11
170229,1,1,1991,0,0,0,0,0,0,0,10,0,0
170230,0,1,1991,0,37,0,0,0,0,7,0,17,0
170230,1,1,1991,0,0,0,0,0,0,0,0,0,0
170231,1,1,1991,0,0,0,0,0,0,0,0,0,0
170232,0,1,1991,0,0,0,0,12,24,26,0,0,27
170232,1,1,1991,0,0,0,0,0,0,0,0,0,0
170233,1,1,1991,0,0,0,0,0,0,0,0,0,0
170233,2,1,1991,0,0,0,0,0,0,0,0,0,0
170233,3,1,1991,0,0,0,0,0,0,0,0,0,0
170234,1,1,1991,0,0,0,0,0,0,0,0,0,7
170235,1,1,1991,12,12,12,12,12,12,12,12,12,12
170236,1,1,1991,0,0,0,0,0,0,0,0,0,0
170236,2,1,1991,0,0,0,0,0,0,0,0,0,0
170237,1,1,1991,29,29,29,29,29,29,29,29,29,29
170237,2,1,1991,0,0,0,0,0,0,0,0,0,0
170237,3,1,1991,0,0,0,0,0,0,0,0,0,0
170238,1,1,1991,30,30,30,30,30,30,30,30,30,30
170238,2,1,1991,0,0,0,0,0,0,0,0,0,0
170239,1,1,1991,0,0,0,0,0,0,0,0,0,0
170240,1,1,1991,0,0,0,0,0,0,0,0,0,0
170240,2,1,1991,0,0,0,0,0,0,0,0,0,0
170241,1,1,1991,0,0,0,0,0,0,0,0,0,0
170242,1,1,1991,32,7,6,15,16,20,3,23,11,23
170243,1,1,1991,18,18,18,18,18,18,18,18,18,18
170244,0,1,1991,0,0,0,0,0,0,0,0,0,0
170244,1,1,1991,0,0,0,0,0,0,0,0,14,0
170245,1,1,1991,0,0,0,0,0,0,0,0,0,0
170245,2,1,1991,0,0,0,0,0,0,0,0,0,0
170246,1,1,1991,17,16,0,6,0,0,0,0,18,0
170246,2,1,1991,4,4,4,4,4,4,4,4,4,4
170247,1,1,1991,20,20,20,20,20,20,20,20,20,20
170247,2,1,1991,0,0,0,0,0,0,0,0,15,0
170248,1,1,1991,0,0,0,22,0,0,0,0,0,0
170249,1,1,1991,2,7,14,6,0,0,10,23,9,27
170249,2,1,1991,12,12,12,12,12,12,12,12,12,12
170250,1,1,1991,0,0,0,0,0,0,0,0,0,0
170250,2,1,1991,0,0,0,0,0,0,0,0,0,0
170250,3,1,1991,0,0,0,0,0,0,0,0,0,0
170251,1,1,1991,10,10,10,10,10,10,10,10,10,10
170252,1,1,1991,12,0,0,0,0,0,0,0,0,0
170252,2,1,1991,0,0,0,0,0,0,0,0,0,0
170253,0,1,1991,0,0,0,0,0,0,0,0,0,0
170253,1,1,1991,0,0,0,0,0,0,0,0,0,0
170254,0,1,1991,0,0,0,0,0,0,0,0,0,0
170254,1,1,1991,0,0,0,0,0,0,0,0,0,0
170255,0,1,1991,0,0,0,0,0,0,0,0,0,0
170255,0,2,1991,0,0,0,0,0,0,0,0,0,0
170255,1,1,1991,0,0,0,0,0,0,0,0,0,0
170256,0,1,1991,0,0,0,0,0,0,0,0,0,0
170256,1,1,1991,8,5,4,3,13,9,25,12,10,13
170257,1,1,1991,17,0,13,17,9,22,10,16,8,11
170258,0,1,1991,0,0,0,0,0,0,0,0,0,0
170258,1,1,1991,0,0,0,0,0,0,0,0,0,0
170259,0,1,1991,0,0,0,0,0,0,0,0,0,0
170259,0,2,1991,24,20,6,26,34,17,0,18,14,21
170259,1,1,1991,0,0,0,0,0,0,0,0,0,0
170259,2,1,1991,0,11,0,11,0,29,0,0,0,0
170260,1,1,1991,0,0,3,0,0,0,0,14,0,0
170260,2,1,1991,0,0,0,0,0,0,0,0,0,0
170261,1,1,1991,0,0,0,0,0,0,0,0,0,0
170261,2,1,1991,0,0,0,0,0,0,0,0,0,0
170262,1,1,1991,19,19,19,19,19,19,19,19,19,19
170263,1,1,1991,2,2,2,2,2,2,2,2,2,2
170263,2,1,1991,0,0,7,0,0,14,0,16,33,0
170264,0,1,1991,0,0,0,0,0,0,0,0,0,0
170264,1,1,1991,27,0,0,0,0,0,12,0,0,0
170265,0,1,1991,0,0,0,0,0,0,0,0,0,0
170265,1,1,1991,0,0,0,0,0,0,0,0,0,0
170266,1,1,1991,0,0,0,0,0,0,0,0,0,0
170266,2,1,1991,0,0,0,0,0,0,26,0,0,0
170266,3,1,1991,0,0,0,0,0,0,0,0,0,0
170267,1,1,1991,0,0,0,0,0,0,0,0,0,0
170268,1,1,1991,0,0,0,0,0,0,0,0,0,0
170268,2,1,1991,1,1,1,1,1,1,1,1,1,1
170269,1,1,1991,0,0,0,0,0,0,0,0,0,0
170269,2,1,1991,0,0,0,0,0,0,0,0,0,0
170270,0,1,1991,0,0,0,0,0,0,0,0,0,0
170270,1,1,1991,0,0,0,0,0,0,0,0,0,0
170271,1,1,1991,12,0,0,0,16,0,20,33,23,25
170272,0,1,1991,0,0,0,0,0,0,0,0,0,0
170272,1,1,1991,0,0,0,0,0,0,0,0,0,0
170273,1,1,1991,17,17,17,17,17,17,17,17,17,17
170274,1,1,1991,0,0,0,0,0,0,0,0,0,0
170275,1,1,1991,28,3,34,15,10,23,8,17,10,18
170276,1,1,1991,0,0,0,0,0,0,0,0,0,0
170276,2,1,1991,0,0,0,0,0,0,0,0,0,0
170277,1,1,1991,15,15,15,15,15,15,15,15,15,15
170277,2,1,1991,1,1,1,1,1,1,1,1,1,1
170278,0,1,1991,0,19,0,0,0,13,0,14,0,25
170278,0,2,1991,0,0,0,0,0,0,0,0,0,0
170278,0,3,1991,0,0,0,0,0,0,0,0,0,0
170278,1,1,1991,0,0,0,0,30,0,0,0,0,0
170279,1,1,1991,16,16,16,16,16,16,16,16,16,16
170280,1,1,1991,17,17,17,17,17,17,17,17,17,17
170280,2,1,1991,0,0,0,0,0,0,0,0,0,0
170281,1,1,1991,0,16,0,0,0,0,0,11,26,0
170281,2,1,1991,0,0,0,10,0,0,0,0,13,0
170282,0,1,1991,0,0,0,0,0,0,0,0,0,0
170282,1,1,1991,0,23,0,0,11,0,14,0,6,0
170283,0,1,1991,0,0,0,0,0,0,0,0,0,0
170283,1,1,1991,0,5,0,0,0,0,0,0,0,0
170284,1,1,1991,10,10,10,10,10,10,10,10,10,10
170285,1,1,1991,3,3,3,3,3,3,3,3,3,3
170285,2,1,1991,0,0,0,0,0,0,0,0,0,0
170286,1,1,1991,0,0,0,0,0,0,0,0,0,0
170287,1,1,1991,0,0,0,0,0,0,0,0,0,0
170287,2,1,1991,0,0,0,10,0,22,0,0,0,0
170288,1,1,1991,19,19,19,19,19,19,19,19,19,19
170289,1,1,1991,0,0,0,0,0,0,0,0,0,0
170290,1,1,1991,28,0,0,0,0,0,0,0,0,0
170291,1,1,1991,0,0,0,0,0,0,0,16,0,0
170292,0,1,1991,0,0,0,0,0,0,0,0,0,0
170292,1,1,1991,0,0,0,0,0,0,0,0,0,0
170293,0,1,1991,30,30,30,30,30,30,30,30,30,30
170293,1,1,1991,0,0,0,0,0,0,0,0,0,0
170294,1,1,1991,0,0,0,0,0,0,0,0,0,0
170294,2,1,1991,38,38,38,38,38,38,38,38,38,38
170295,1,1,1991,0,0,0,0,0,0,0,0,0,0
170295,2,1,1991,0,0,0,0,0,0,0,0,0,0
170296,1,1,1991,15,15,15,15,15,15,15,15,15,15
170297,1,1,1991,31,31,31,31,31,31,31,31,31,31
170298,0,1,1991,10,10,10,10,10,10,10,10,10,10
170298,1,1,1991,0,0,0,0,10,0,0,0,0,0
170299,1,1,1991,0,0,0,0,0,0,0,0,0,0
170299,2,1,1991,4,4,4,4,4,4,4,4,4,4
170300,1,1,1991,12,24,12,10,15,16,13,6,34,21
170300,2,1,1991,17,8,6,13,23,5,14,15,12,13
170301,1,1,1991,35,35,35,35,35,35,35,35,35,35
170302,0,1,1991,0,0,0,0,0,0,0,0,0,0
170302,1,1,1991,0,0,0,0,0,0,0,0,0,0
170303,1,1,1991,0,0,0,0,0,0,0,0,0,0
170303,2,1,1991,0,0,0,0,0,0,0,0,0,0
170304,1,1,1991,0,0,0,0,0,0,0,0,0,0
170304,2,1,1991,0,0,0,0,0,0,0,0,0,0
170305,0,1,1991,0,0,0,0,0,0,0,0,0,0
170305,1,1,1991,0,0,0,0,0,0,0,0,0,13
170306,1,1,1991,0,0,0,0,0,0,0,0,0,0
170306,2,1,1991,15,15,15,15,15,15,15,15,15,15
170307,1,1,1991,4,4,4,4,4,4,4,4,4,4
170307,2,1,1991,0,0,0,0,0,0,0,0,0,22
170308,1,1,1991,15,15,15,15,15,15,15,15,15,15
170309,1,1,1991,34,34,34,34,34,34,34,34,34,34
170310,1,1,1991,8,3,15,4,0,9,0,21,14,0
170310,2,1,1991,0,0,0,0,0,0,0,0,0,0
170311,1,1,1991,15,15,15,15,15,15,15,15,15,15
170311,2,1,1991,0,0,0,0,19,0,0,0,0,0
170312,1,1,1991,13,13,13,13,13,13,13,13,13,13
170313,1,1,1991,23,23,23,23,23,23,23,23,23,23
170313,2,1,1991,0,0,0,5,0,0,0,0,0,0
170314,1,1,1991,1,1,1,1,1,1,1,1,1,1
170315,1,1,1991,0,0,0,0,0,0,0,0,0,0
170315,2,1,1991,0,0,0,0,0,0,0,0,0,0
170316,1,1,1991,0,0,0,0,0,0,0,0,0,0
170316,2,1,1991,0,0,0,0,0,0,0,0,0,0
170317,1,1,1991,17,17,17,17,17,17,17,17,17,17
170317,2,1,1991,0,0,0,0,0,0,0,0,0,0
170318,1,1,1991,0,0,0,0,0,0,0,0,0,0
170319,1,1,1991,16,16,16,16,16,16,16,16,16,16
170320,1,1,1991,15,7,0,0,0,0,0,8,0,0
170320,2,1,1991,12,12,12,12,12,12,12,12,12,12
170321,0,1,1991,0,0,0,0,0,0,0,0,0,0
170321,1,1,1991,0,0,0,33,0,0,0,6,0,0
170322,1,1,1991,19,19,19,19,19,19,19,19,19,19
170323,1,1,1991,22,22,22,22,22,22,22,22,22,22
170325,1,1,1991,0,0,19,19,13,0,8,14,14,0
170326,1,1,1991,11,11,11,11,11,11,11,11,11,11
170327,0,1,1991,0,0,0,0,0,0,23,0,0,0
170327,1,1,1991,0,0,0,0,0,0,0,0,0,0
170328,1,1,1991,19,19,19,19,19,19,19,19,19,19
170329,1,1,1991,20,20,20,20,20,20,20,20,20,20
170330,1,1,1991,14,14,14,14,14,14,14,14,14,14
170330,2,1,1991,0,13,0,13,25,22,8,13,20,32
170331,1,1,1991,0,0,0,0,0,0,0,0,0,0
170331,2,1,1991,0,0,0,0,0,0,0,0,0,0
170332,1,1,1991,0,0,0,0,0,0,0,0,0,0
170332,2,1,1991,0,0,0,0,0,0,0,0,0,0
170332,3,1,1991,0,0,0,0,0,0,0,0,0,0
170332,4,1,1991,0,0,0,0,0,0,0,0,0,0
170332,5,1,1991,0,0,0,0,0,0,0,0,0,0
170333,0,1,1991,11,11,11,11,11,11,11,11,11,11
170333,1,1,1991,0,0,0,8,0,0,0,0,0,0
170334,1,1,1991,21,21,21,21,21,21,21,21,21,21
170335,1,1,1991,7,7,7,7,7,7,7,7,7,7
170336,0,1,1991,0,0,0,0,0,0,0,0,0,0
170336,1,1,1991,0,0,0,0,0,0,0,0,0,0
170337,1,1,1991,30,30,30,30,30,30,30,30,30,30
170338,0,1,1991,11,0,0,0,0,0,0,0,0,0
170338,1,1,1991,0,0,0,0,0,0,0,0,0,0
170338,2,1,1991,0,0,0,0,0,0,0,0,0,0
170339,1,1,1991,0,0,0,0,0,0,0,0,0,0
170339,2,1,1991,2,2,2,2,2,2,2,2,2,2
170340,1,1,1991,0,0,0,0,0,0,0,0,0,0
170341,0,1,1991,19,19,19,19,19,19,19,19,19,19
170341,1,1,1991,13,13,13,13,13,13,13,13,13,13
170342,1,1,1991,20,20,20,20,20,20,20,20,20,20
170343,1,1,1991,18,18,18,18,18,18,18,18,18,18
170344,0,1,1991,0,18,26,19,0,19,0,3,11,0
170344,0,2,1991,0,0,0,0,0,33,0,0,0,0
170344,0,3,1991,27,24,14,0,0,0,15,0,3,33
170344,1,1,1991,16,16,16,16,16,16,16,16,16,16
170345,1,1,1991,11,0,7,0,18,5,0,0,0,13
170345,2,1,1991,0,0,0,0,0,0,0,0,0,0
170346,1,1,1991,26,26,26,26,26,26,26,26,26,26
170347,1,1,1991,13,13,13,13,13,13,13,13,13,13
170347,2,1,1991,0,0,0,0,0,0,0,0,0,0
170347,3,1,1991,0,0,0,0,0,0,0,0,0,0
170348,1,1,1991,0,0,0,0,0,0,0,0,0,0
170348,2,1,1991,0,0,0,0,0,0,0,0,0,0
170349,1,1,1991,0,0,0,0,0,0,0,0,0,0
170350,1,1,1991,0,0,0,0,0,0,0,0,0,0
170350,2,1,1991,0,0,0,0,10,0,0,0,0,0
170351,1,1,1991,0,0,0,0,0,0,0,0,0,0
170351,2,1,1991,0,0,0,7,0,0,0,0,0,0
170351,3,1,1991,0,0,0,0,0,0,0,0,0,0
170352,1,1,1991,0,0,0,0,0,0,0,0,0,0
170353,1,1,1991,0,0,0,0,0,0,0,0,0,0
170353,2,1,1991,0,0,0,0,0,0,0,0,0,0
170354,1,1,1991,0,0,0,0,0,0,0,0,0,0
170354,2,1,1991,0,0,18,0,0,0,15,0,0,0
170355,1,1,1991,0,0,0,0,0,0,0,0,0,0
170355,2,1,1991,0,6,0,10,0,0,0,0,11,0
170355,3,1,1991,0,0,0,0,0,0,0,0,0,0
170356,0,1,1991,0,0,0,0,0,0,0,0,0,0
170356,1,1,1991,0,8,0,0,0,0,0,0,0,0
170357,1,1,1991,17,5,8,31,8,30,19,0,18,0
170357,2,1,1991,0,0,0,0,0,21,0,0,0,0
170357,3,1,1991,0,17,0,0,0,0,0,0,0,0
170357,4,1,1991,0,0,0,0,0,0,0,0,0,0
170357,5,1,1991,0,0,0,0,0,0,0,0,0,0
170358,0,1,1991,0,0,0,0,0,0,0,0,0,0
170358,1,1,1991,0,0,0,0,0,0,0,0,0,0
170359,1,1,1991,0,0,0,0,0,0,0,0,0,0
170360,1,1,1991,17,17,17,17,17,17,17,17,17,17
170361,1,1,1991,0,0,0,0,0,0,0,0,0,0
170362,1,1,1991,0,0,0,0,7,0,0,0,0,0
170362,2,1,1991,0,0,0,0,8,0,0,0,0,17
170363,1,1,1991,13,13,13,13,13,13,13,13,13,13
170364,0,1,1991,0,0,0,0,0,0,0,0,0,0
170364,1,1,1991,0,0,0,0,0,0,13,0,0,0
170365,1,1,1991,0,0,0,0,0,0,0,0,22,0
170365,2,1,1991,0,0,0,0,0,0,0,0,0,0
170366,1,1,1991,18,18,18,18,18,18,18,18,18,18
170366,2,1,1991,0,0,0,0,0,0,0,0,0,0
170367,1,1,1991,0,8,0,0,0,0,0,25,0,0
170368,0,1,1991,0,0,0,0,0,0,0,0,0,0
170368,1,1,1991,0,0,0,0,0,0,0,0,0,0
170369,1,1,1991,25,25,25,25,25,25,25,25,25,25
170370,1,1,1991,0,0,0,0,0,0,0,0,0,0
170371,1,1,1991,20,20,20,20,20,20,20,20,20,20
170372,1,1,1991,21,12,11,26,0,10,12,0,0,22
170373,1,1,1991,22,22,22,22,22,22,22,22,22,22
170374,1,1,1991,6,0,9,11,11,22,0,32,9,11
170374,2,1,1991,0,0,0,0,0,0,0,0,0,0
170375,0,1,1991,0,0,0,0,0,0,0,0,0,0
170375,1,1,1991,0,0,0,0,15,21,0,0,0,0
170376,1,1,1991,12,12,12,12,12,12,12,12,12,12
170377,1,1,1991,0,0,0,0,0,0,0,0,0,0
170378,1,1,1991,17,17,17,17,17,17,17,17,17,17
170379,1,1,1991,0,0,0,0,0,0,0,0,0,0
170379,2,1,1991,0,0,0,0,0,0,0,0,0,0
170380,1,1,1991,21,21,21,21,21,21,21,21,21,21
170381,0,1,1991,0,0,0,0,0,0,0,0,0,0
170381,1,1,1991,0,0,0,0,0,0,0,0,0,0
170382,1,1,1991,2,2,2,2,2,2,2,2,2,2
170382,2,1,1991,2,2,2,2,2,2,2,2,2,2
170383,0,1,1991,0,0,0,0,0,0,0,0,0,0
170383,1,1,1991,0,0,13,10,0,0,0,0,27,17
170384,0,1,1991,0,0,0,0,0,0,0,0,0,0
170384,1,1,1991,0,0,0,0,0,0,0,0,0,0
170385,1,1,1991,0,0,0,0,0,0,0,0,0,0
170385,2,1,1991,0,0,0,0,0,0,0,0,0,0
170386,1,1,1991,33,33,33,33,33,33,33,33,33,33
170386,2,1,1991,0,0,0,0,0,0,6,0,0,0
170387,0,1,1991,0,0,0,0,0,0,0,0,0,0
170387,1,1,1991,0,0,0,0,0,0,0,0,0,0
170388,0,1,1991,0,0,0,0,0,0,0,0,0,0
170388,1,1,1991,7,7,7,7,7,7,7,7,7,7
170389,1,1,1991,0,0,0,0,0,0,0,0,0,0
170389,2,1,1991,0,0,0,0,0,0,0,0,0,0
170389,3,1,1991,0,0,0,0,0,0,0,0,0,0
170389,4,1,1991,0,0,0,0,0,0,0,0,0,0
170390,1,1,1991,22,22,22,22,22,22,22,22,22,22
170391,1,1,1991,20,20,20,20,20,20,20,20,20,20
170392,1,1,1991,1,1,1,1,1,1,1,1,1,1
170393,0,1,1991,0,0,0,0,0,0,0,0,0,0
170393,1,1,1991,0,0,0,0,0,0,0,0,0,0
170394,1,1,1991,19,22,7,21,15,11,9,27,23,31
170395,1,1,1991,0,0,0,0,0,0,0,0,0,8
170395,2,1,1991,0,0,0,0,0,0,0,0,0,0
170396,1,1,1991,26,0,35,21,19,29,21,16,18,22
170397,1,1,1991,0,0,0,0,0,0,0,0,0,0
170397,2,1,1991,0,0,0,0,0,0,0,0,0,0
170398,0,1,1991,23,23,23,23,23,23,23,23,23,23
170398,1,1,1991,0,3,20,32,0,0,0,0,0,6
170398,2,1,1991,0,0,19,0,0,0,15,0,0,0
170398,3,1,1991,0,13,0,0,0,0,0,0,0,0
170399,1,1,1991,0,0,0,0,0,0,0,0,0,0
170400,1,1,1991,0,0,3,0,0,0,0,0,0,0
170401,1,1,1991,0,0,0,0,13,0,0,0,0,15
170401,2,1,1991,0,0,0,0,0,0,0,0,0,0
170401,3,1,1991,0,0,0,0,0,0,0,0,0,0
170402,1,1,1991,0,0,0,0,0,0,0,0,0,0
170403,0,1,1991,0,0,0,0,0,10,0,0,0,0
170403,1,1,1991,0,0,0,0,0,0,0,0,0,0
170404,1,1,1991,0,0,0,0,0,0,0,0,0,0
170404,2,1,1991,2,2,2,2,2,2,2,2,2,2
170405,1,1,1991,0,0,0,0,0,0,0,0,0,0
170405,2,1,1991,0,0,0,0,0,0,0,0,0,26
170405,3,1,1991,0,0,0,0,0,0,0,0,0,0
170405,4,1,1991,0,0,0,0,9,0,0,0,0,0
170406,1,1,1991,18,18,18,18,18,18,18,18,18,18
170407,1,1,1991,15,15,15,15,15,15,15,15,15,15
170408,1,1,1991,0,0,0,0,0,0,0,0,0,0
170408,2,1,1991,0,0,0,0,0,0,0,0,0,0
170409,1,1,1991,22,15,25,21,0,6,21,13,21,14
170409,2,1,1991,0,0,0,0,0,0,0,0,0,0
170410,1,1,1991,15,15,15,15,15,15,15,15,15,15
170411,1,1,1991,0,0,0,0,0,0,0,0,0,0
170411,2,1,1991,0,0,0,0,0,0,0,0,0,0
170411,3,1,1991,0,0,0,0,0,0,0,0,0,0
170411,4,1,1991,0,0,0,0,0,0,15,0,0,0
170412,1,1,1991,0,0,0,0,0,0,0,0,0,0
170413,1,1,1991,0,0,0,0,0,0,0,0,0,0
170413,2,1,1991,0,0,0,0,14,0,0,0,0,0
170414,1,1,1991,0,0,0,0,0,0,0,0,0,0
170414,2,1,1991,0,0,0,0,0,0,0,0,0,0
170415,1,1,1991,39,39,39,39,39,39,39,39,39,39
170416,0,1,1991,10,10,10,10,10,10,10,10,10,10
170416,1,1,1991,0,0,0,7,0,0,0,0,0,0
170416,2,1,1991,0,0,0,0,0,0,0,0,0,0
170417,1,1,1991,8,8,8,8,8,8,8,8,8,8
170418,1,1,1991,26,26,26,26,26,26,26,26,26,26
170419,1,1,1991,19,19,19,19,19,19,19,19,19,19
170420,1,1,1991,14,14,14,14,14,14,14,14,14,14
170420,2,1,1991,0,0,0,0,0,0,0,0,0,0
170421,1,1,1991,0,0,0,0,0,0,0,0,0,0
170421,2,1,1991,0,0,0,0,0,0,0,0,0,0
170421,3,1,1991,0,0,0,0,0,0,0,0,0,0
170421,4,1,1991,0,0,0,0,0,0,0,0,0,0
170422,0,1,1991,21,21,21,21,21,21,21,21,21,21
170422,1,1,1991,0,0,10,9,0,17,10,24,0,0
170423,1,1,1991,0,0,0,0,0,0,0,0,0,0
170423,2,1,1991,0,0,0,0,0,0,0,0,0,0
170424,1,1,1991,6,14,19,1,28,16,5,0,12,14
170425,1,1,1991,0,0,0,0,0,0,0,0,0,0
170426,1,1,1991,16,16,16,16,16,16,16,16,16,16
170427,0,1,1991,0,0,0,0,0,0,0,0,0,0
170427,1,1,1991,11,22,18,10,10,16,2,15,7,24
170428,2,1,1991,21,9,7,16,12,3,7,9,5,10
170429,1,1,1991,0,0,0,0,0,0,0,0,0,0
170429,2,1,1991,0,0,0,0,0,0,0,0,0,0
170430,1,1,1991,42,42,42,42,42,42,42,42,42,42
170430,2,1,1991,0,0,0,0,0,0,0,0,0,0
170431,0,1,1991,27,27,27,27,27,27,27,27,27,27
170431,1,1,1991,0,0,0,0,0,0,0,0,0,0
170432,1,1,1991,25,25,25,25,25,25,25,25,25,25
170432,2,1,1991,0,0,0,0,0,0,0,0,0,0
170433,0,1,1991,0,0,0,0,0,0,0,0,0,0
170433,1,1,1991,0,0,0,0,0,0,0,0,0,0
170434,0,1,1991,0,0,0,0,0,0,0,0,0,0
170434,1,1,1991,0,0,0,0,0,17,11,0,0,0
170435,1,1,1991,0,0,0,0,0,0,0,0,0,0