ST_CASE,VEH_NO,PER_NO,YEAR,P1,P2,P3,P4,P5,P6,P7,P8,P9,P10
170436,1,1,1991,15,15,15,15,15,15,15,15,15,15
170437,1,1,1991,0,0,0,0,0,0,0,0,0,0
170437,2,1,1991,0,0,0,0,16,0,0,0,0,0
170438,0,1,1991,0,0,0,0,0,0,0,0,0,0
170438,1,1,1991,0,0,8,0,0,0,0,0,0,0
170439,1,1,1991,0,0,0,0,0,0,0,0,0,0
170439,2,1,1991,0,0,0,0,0,0,0,0,0,0
170440,0,1,1991,0,0,0,0,0,0,0,0,0,0
170440,1,1,1991,0,0,0,0,0,0,0,0,0,0
170441,0,1,1991,0,0,0,0,0,0,0,0,0,0
170441,0,2,1991,0,0,0,0,0,0,0,0,0,0
170441,0,3,1991,0,0,0,0,0,0,0,0,0,0
170441,1,1,1991,0,0,9,0,0,0,0,0,0,0
170442,1,1,1991,6,6,6,6,6,6,6,6,6,6
170443,1,1,1991,0,0,0,10,18,0,0,12,0,0
170444,1,1,1991,15,15,15,15,15,15,15,15,15,15
170444,2,1,1991,0,0,0,0,0,0,0,0,0,0
170445,0,1,1991,0,0,0,0,0,0,0,0,0,0
170445,1,1,1991,0,0,0,0,0,0,0,0,0,0
170446,0,1,1991,16,16,16,16,16,16,16,16,16,16
170446,1,1,1991,2,18,12,25,9,15,20,13,6,17
170447,1,1,1991,0,0,0,0,0,0,0,0,0,0
170447,2,1,1991,0,0,0,0,0,0,0,0,0,0
170448,1,1,1991,18,18,18,18,18,18,18,18,18,18
170449,1,1,1991,16,16,16,16,16,16,16,16,16,16
170450,0,1,1991,0,0,0,0,0,0,0,0,0,0
170450,1,1,1991,0,0,0,0,0,0,0,11,0,0
170451,1,1,1991,0,0,7,11,0,13,22,8,0,0
170452,0,1,1991,0,0,23,0,0,0,0,18,0,0
170452,1,1,1991,0,0,0,0,0,0,0,0,0,0
170452,2,1,1991,0,0,0,0,0,0,0,0,0,0
170452,3,1,1991,0,0,0,0,0,0,0,0,0,0
170453,1,1,1991,16,16,16,16,16,16,16,16,16,16
170454,1,1,1991,16,16,16,16,16,16,16,16,16,16
170454,2,1,1991,8,8,5,19,11,18,7,12,23,0
170455,1,1,1991,0,0,0,0,0,0,0,0,0,0
170456,1,1,1991,22,22,22,22,22,22,22,22,22,22
170456,2,1,1991,0,0,0,0,0,0,0,0,0,0
170457,1,1,1991,0,0,0,0,0,0,0,0,0,0
170457,2,1,1991,0,0,0,0,10,0,0,0,0,0
170458,1,1,1991,0,0,0,0,0,0,0,0,0,0
170459,1,1,1991,10,10,10,10,10,10,10,10,10,10
170460,1,1,1991,30,30,30,30,30,30,30,30,30,30
170460,2,1,1991,0,0,0,0,0,0,0,0,0,0
170461,0,1,1991,0,0,0,0,0,0,0,0,0,0
170461,1,1,1991,0,7,0,0,0,0,0,0,0,0
170462,2,1,1991,0,0,0,0,0,0,0,0,0,0
170463,1,1,1991,0,0,0,0,0,0,0,0,0,0
170464,1,1,1991,0,0,0,0,0,0,0,0,0,0
170464,2,1,1991,0,0,0,0,0,0,0,0,0,0
170465,0,1,1991,0,0,0,0,0,0,0,0,0,0
170465,0,2,1991,0,0,0,0,8,0,0,9,0,0
170465,1,1,1991,15,15,15,15,15,15,15,15,15,15
170466,1,1,1991,10,10,10,10,10,10,10,10,10,10
170467,1,1,1991,0,0,0,0,0,0,0,0,0,0
170467,2,1,1991,0,0,0,0,0,0,0,0,0,0
170468,0,1,1991,0,0,0,0,0,0,0,0,0,0
170468,1,1,1991,0,0,0,0,0,0,0,0,0,0
170469,1,1,1991,19,19,19,19,19,19,19,19,19,19
170470,1,1,1991,12,12,12,12,12,12,12,12,12,12
170471,1,1,1991,0,0,0,0,0,0,0,0,0,0
170472,1,1,1991,0,0,0,0,0,0,0,0,0,0
170473,1,1,1991,0,0,0,0,0,0,0,0,0,0
170473,2,1,1991,0,0,0,0,3,0,0,0,0,0
170474,1,1,1991,0,0,0,0,0,0,0,0,0,0
170474,2,1,1991,0,0,0,0,0,0,0,0,0,0
170475,1,1,1991,5,5,5,5,5,5,5,5,5,5
170476,1,1,1991,0,0,0,0,0,0,0,0,0,0
170477,1,1,1991,16,16,16,16,16,16,16,16,16,16
170478,1,1,1991,7,7,7,7,7,7,7,7,7,7
170478,2,1,1991,0,0,0,0,0,0,0,0,0,0
170480,0,1,1991,39,39,39,39,39,39,39,39,39,39
170480,1,1,1991,19,12,0,0,0,0,7,0,0,16
170480,2,1,1991,0,8,14,0,16,0,0,6,0,0
170481,1,1,1991,17,17,17,17,17,17,17,17,17,17
170482,1,1,1991,21,21,21,21,21,21,21,21,21,21
170483,1,1,1991,26,0,0,22,0,14,32,18,0,0
170484,1,1,1991,22,22,22,22,22,22,22,22,22,22
170485,1,1,1991,0,0,0,0,0,0,0,0,0,0
170486,0,1,1991,0,0,0,0,0,0,0,0,0,0
170486,1,1,1991,0,17,0,10,0,5,0,0,0,0
170487,1,1,1991,0,0,0,0,0,0,0,0,0,0
170488,1,1,1991,0,0,0,0,0,0,0,0,0,0
170488,2,1,1991,10,10,0,0,0,11,0,0,0,4
170489,1,1,1991,1,1,1,1,1,1,1,1,1,1
170490,1,1,1991,0,0,0,0,20,0,0,0,0,0
170490,2,1,1991,10,10,10,10,10,10,10,10,10,10
170491,1,1,1991,0,0,0,0,0,0,0,0,0,0
170491,2,1,1991,0,0,0,0,0,0,0,0,0,0
170492,1,1,1991,22,22,22,22,22,22,22,22,22,22
170493,1,1,1991,0,0,0,0,0,0,0,0,0,0
170494,1,1,1991,0,0,0,0,0,0,0,0,0,0
170495,1,1,1991,0,0,0,0,0,0,0,0,0,0
170496,1,1,1991,23,23,23,23,23,23,23,23,23,23
170497,1,1,1991,0,0,0,0,0,0,0,0,0,14
170498,1,1,1991,0,0,0,0,0,0,0,0,0,0
170498,2,1,1991,0,0,0,0,0,0,0,0,0,0
170499,0,1,1991,33,0,29,10,30,0,9,17,16,14
170499,1,1,1991,11,0,0,0,39,0,0,10,40,16
170500,1,1,1991,17,17,17,17,17,17,17,17,17,17
170501,0,1,1991,29,18,15,13,0,31,10,23,19,23
170501,0,2,1991,0,0,15,5,13,29,16,0,10,32
170501,1,1,1991,22,9,13,17,15,14,5,10,12,8
170501,2,1,1991,6,6,6,6,6,6,6,6,6,6
170502,1,1,1991,22,22,22,22,22,22,22,22,22,22
170503,1,1,1991,6,0,0,26,0,0,0,15,29,0
170504,0,1,1991,0,0,0,0,0,0,0,0,0,0
170504,1,1,1991,0,0,0,0,0,0,0,0,0,0
170505,1,1,1991,21,21,21,21,21,21,21,21,21,21
170506,1,1,1991,0,0,0,0,0,0,0,0,0,0
170506,2,1,1991,0,0,0,0,0,0,0,0,0,0
170507,1,1,1991,17,17,17,17,17,17,17,17,17,17
170508,1,1,1991,13,13,13,13,13,13,13,13,13,13
170508,2,1,1991,0,0,0,0,0,0,0,0,0,0
170509,1,1,1991,22,22,22,22,22,22,22,22,22,22
170510,1,1,1991,18,18,18,18,18,18,18,18,18,18
170511,1,1,1991,22,22,22,22,22,22,22,22,22,22
170512,1,1,1991,0,0,0,0,0,0,0,0,0,0
170513,1,1,1991,15,15,15,15,15,15,15,15,15,15
170514,1,1,1991,0,0,0,0,0,14,0,0,0,0
170514,2,1,1991,0,0,0,0,0,0,0,0,0,0
170514,3,1,1991,0,0,0,0,0,0,0,0,0,0
170514,4,1,1991,0,0,0,0,0,0,0,0,0,0
170515,1,1,1991,0,14,0,0,0,10,0,0,0,0
170515,2,1,1991,0,0,0,0,0,0,0,0,0,0
170516,1,1,1991,0,0,0,0,0,0,0,0,0,0
170516,2,1,1991,0,0,0,0,0,0,0,0,0,0
170517,1,1,1991,13,13,13,13,13,13,13,13,13,13
170518,1,1,1991,0,0,0,0,0,0,0,0,0,0
170518,2,1,1991,0,0,0,0,0,0,0,0,0,0
170519,1,1,1991,0,0,0,0,0,0,0,0,0,0
170519,2,1,1991,0,0,0,0,0,0,0,0,0,0
170520,1,1,1991,14,14,14,14,14,14,14,14,14,14
170521,1,1,1991,11,11,11,11,11,11,11,11,11,11
170522,1,1,1991,0,0,0,0,0,0,0,0,0,0
170523,0,1,1991,0,0,0,0,0,0,0,0,0,0
170523,1,1,1991,16,24,12,3,21,15,5,20,12,16
170524,1,1,1991,0,0,0,0,0,0,0,0,0,0
170524,2,1,1991,0,0,0,0,0,0,0,0,8,0
170525,1,1,1991,0,0,0,0,0,0,0,0,0,0
170526,1,1,1991,27,12,28,20,0,11,6,9,21,5
170526,2,1,1991,0,0,0,0,0,0,0,0,0,0
170527,1,1,1991,10,17,19,22,7,24,17,35,19,28
170528,0,1,1991,0,0,0,0,0,0,0,0,0,0
170528,1,1,1991,25,25,25,25,25,25,25,25,25,25
170529,1,1,1991,14,0,0,0,0,10,0,12,21,11
170529,2,1,1991,0,0,0,15,0,0,10,0,0,0
170530,1,1,1991,0,0,0,0,0,0,0,0,0,0
170530,2,1,1991,0,0,0,0,0,0,0,0,0,0
170531,1,1,1991,31,31,31,31,31,31,31,31,31,31
170532,1,1,1991,17,17,17,17,17,17,17,17,17,17
170533,1,1,1991,11,8,0,9,9,5,12,20,8,11
170534,1,1,1991,0,0,0,0,0,0,0,0,0,0
170535,1,1,1991,14,14,14,14,14,14,14,14,14,14
170536,1,1,1991,0,0,0,0,0,0,0,0,0,0
170536,2,1,1991,0,0,0,0,0,0,0,0,0,0
170537,1,1,1991,0,0,0,0,0,0,0,0,0,0
170537,2,1,1991,0,0,0,0,0,0,0,0,0,0
170538,1,1,1991,0,0,0,0,0,0,0,0,0,0
170540,1,1,1991,32,32,32,32,32,32,32,32,32,32
170540,2,1,1991,0,0,0,0,0,0,0,0,0,0
170541,1,1,1991,0,0,0,0,0,0,0,0,0,0
170541,2,1,1991,0,0,0,0,0,0,0,0,0,0
170542,1,1,1991,0,0,0,0,0,0,0,0,0,0
170543,0,1,1991,0,0,0,0,0,0,0,0,0,0
170543,0,2,1991,0,0,0,0,0,0,0,0,0,0
170543,0,3,1991,0,5,25,0,5,0,0,0,0,0
170543,1,1,1991,0,0,15,0,0,0,0,0,0,0
170544,1,1,1991,0,0,0,0,0,0,0,0,0,0
170544,2,1,1991,0,0,0,0,0,0,0,0,0,0
170545,1,1,1991,18,18,18,18,18,18,18,18,18,18
170545,2,1,1991,0,0,0,0,0,0,0,0,0,0
170546,1,1,1991,14,14,14,14,14,14,14,14,14,14
170547,1,1,1991,0,0,0,0,0,0,0,0,0,0
170547,2,1,1991,0,0,0,0,0,0,0,0,0,0
170548,1,1,1991,0,0,0,0,0,0,0,0,0,0
170548,2,1,1991,0,0,0,0,0,0,0,0,0,0
170550,1,1,1991,2,2,2,2,2,2,2,2,2,2
170551,1,1,1991,0,0,0,0,0,0,0,0,0,0
170552,1,1,1991,5,5,5,5,5,5,5,5,5,5
170553,1,1,1991,0,0,0,0,0,0,0,0,0,0
170554,1,1,1991,0,0,0,0,0,0,0,0,0,0
170555,1,1,1991,20,20,20,20,20,20,20,20,20,20
170555,2,1,1991,0,0,0,0,0,0,0,0,0,0
170556,1,1,1991,0,0,0,0,0,0,0,0,0,0
170557,1,1,1991,0,0,0,0,0,0,0,0,0,0
170557,2,1,1991,0,0,0,0,0,0,0,0,0,0
170558,1,1,1991,22,22,22,22,22,22,22,22,22,22
170559,0,1,1991,8,8,8,8,8,8,8,8,8,8
170559,1,1,1991,0,0,0,0,0,0,21,0,0,15
170560,1,1,1991,0,0,0,0,0,0,0,0,0,0
170560,2,1,1991,0,0,0,0,0,0,0,0,0,0
170561,1,1,1991,18,18,18,18,18,18,18,18,18,18
170562,0,1,1991,0,0,0,0,0,0,0,0,0,0
170562,0,2,1991,0,19,34,0,13,24,8,15,25,0
170562,0,3,1991,0,0,0,0,0,0,0,0,0,0
170562,1,1,1991,0,0,0,11,0,0,0,0,0,0
170563,0,1,1991,20,20,20,20,20,20,20,20,20,20
170563,1,1,1991,0,6,0,0,22,0,11,21,0,5
170564,1,1,1991,14,14,14,14,14,14,14,14,14,14
170564,2,1,1991,0,0,0,0,0,0,0,0,0,0
170565,1,1,1991,0,0,0,0,0,0,0,0,0,0
170565,2,1,1991,0,0,0,0,0,0,0,0,0,0
170566,1,1,1991,0,0,0,0,0,0,0,0,0,0
170567,1,1,1991,11,11,11,11,11,11,11,11,11,11
170568,1,1,1991,0,0,0,0,0,0,0,0,0,0
170568,2,1,1991,0,0,0,0,0,0,0,0,0,0
170569,1,1,1991,27,27,27,27,27,27,27,27,27,27
170570,0,1,1991,0,0,0,0,0,0,0,0,0,0
170570,1,1,1991,0,0,0,0,0,0,0,0,0,0
170570,3,1,1991,0,0,0,0,0,0,0,0,0,0
170571,1,1,1991,0,0,0,0,0,0,0,0,0,0
170571,2,1,1991,0,0,0,0,0,0,11,0,0,0
170572,1,1,1991,32,32,32,32,32,32,32,32,32,32
170572,2,1,1991,0,15,0,0,0,0,0,16,0,0
170573,1,1,1991,31,31,31,31,31,31,31,31,31,31
170573,2,1,1991,0,0,0,0,0,0,0,0,0,0
170574,1,1,1991,15,15,15,15,15,15,15,15,15,15
170575,1,1,1991,18,0,13,0,13,20,8,0,0,0
170576,1,1,1991,0,0,0,0,0,0,0,0,0,0
170577,1,1,1991,0,0,0,0,0,0,0,0,0,0
170577,2,1,1991,0,0,0,0,0,0,0,0,0,0
170578,0,1,1991,0,0,0,0,0,0,0,0,0,0
170578,1,1,1991,0,0,0,0,0,0,0,0,0,0
170579,1,1,1991,0,0,0,0,0,0,0,0,0,0
170579,2,1,1991,0,0,0,0,0,0,0,0,0,0
170580,1,1,1991,16,16,16,16,16,16,16,16,16,16
170580,2,1,1991,0,0,0,0,0,0,0,0,0,0
170581,0,1,1991,0,0,0,0,0,0,0,0,0,0
170581,1,1,1991,0,0,0,0,0,0,0,0,0,0
170582,1,1,1991,0,0,9,0,0,0,5,0,0,0
170583,1,1,1991,0,0,0,0,0,0,0,0,0,0
170583,2,1,1991,0,0,0,0,0,0,0,0,0,0
170584,0,1,1991,0,0,0,0,0,0,0,0,0,0
170584,1,1,1991,0,0,0,0,0,0,0,0,0,0
170585,1,1,1991,0,0,0,0,0,0,0,0,0,0
170586,1,1,1991,11,17,17,6,23,9,3,18,9,37
170587,1,1,1991,2,35,0,4,11,21,10,12,8,28
170588,1,1,1991,21,21,11,27,16,0,21,7,4,6
170589,0,1,1991,22,22,22,22,22,22,22,22,22,22
170589,1,1,1991,0,0,3,0,18,0,0,0,0,0
170590,0,1,1991,0,0,0,0,0,0,0,0,0,0
170590,1,1,1991,0,0,0,0,0,0,0,0,0,0
170591,1,1,1991,26,26,26,26,26,26,26,26,26,26
170592,0,1,1991,21,21,21,21,21,21,21,21,21,21
170592,2,1,1991,9,9,9,9,9,9,9,9,9,9
170593,1,1,1991,0,0,0,0,0,0,0,0,0,0
170593,2,1,1991,0,0,0,0,0,0,0,0,0,0
170595,0,1,1991,21,21,21,21,21,21,21,21,21,21
170595,1,1,1991,20,9,24,48,27,11,13,15,25,6
170596,1,1,1991,5,5,5,5,5,5,5,5,5,5
170597,1,1,1991,26,26,26,26,26,26,26,26,26,26
170598,1,1,1991,21,0,9,11,15,15,6,24,21,14
170598,2,1,1991,27,27,27,27,27,27,27,27,27,27
170599,1,1,1991,0,0,0,0,0,0,0,0,0,0
170600,0,1,1991,0,0,0,0,0,0,0,0,0,0
170600,1,1,1991,0,0,0,0,0,0,0,0,0,0
170601,1,1,1991,0,0,0,0,0,0,0,0,0,0
170602,0,1,1991,0,0,0,0,0,0,0,0,0,0
170602,1,1,1991,0,0,0,0,0,0,0,0,0,0
170602,2,1,1991,0,0,0,0,0,0,0,0,0,0
170603,1,1,1991,0,0,0,0,0,0,0,0,0,0
170603,2,1,1991,0,0,0,0,0,0,0,0,0,0
170603,3,1,1991,0,0,0,0,0,0,0,0,0,0
170604,0,1,1991,0,0,0,0,0,0,0,0,0,0
170604,1,1,1991,0,0,0,0,0,0,0,0,0,0
170605,1,1,1991,0,0,0,0,0,0,0,0,0,0
170605,2,1,1991,0,0,14,0,0,0,0,0,0,0
170606,0,1,1991,11,0,0,20,21,15,0,0,22,18
170606,1,1,1991,16,0,0,0,0,0,0,0,0,17
170607,1,1,1991,13,13,13,13,13,13,13,13,13,13
170607,2,1,1991,0,0,0,0,0,0,0,0,0,0
170608,1,1,1991,5,5,5,5,5,5,5,5,5,5
170608,2,1,1991,10,10,10,10,10,10,10,10,10,10
170609,1,1,1991,0,0,0,0,0,0,0,0,0,0
170610,1,1,1991,0,0,0,0,0,0,0,0,0,0
170611,1,1,1991,0,0,0,0,0,0,0,0,0,0
170611,2,1,1991,0,0,0,0,0,0,0,0,0,0
170611,3,1,1991,0,0,0,0,0,0,0,0,0,0
170611,4,1,1991,0,0,0,0,0,0,0,0,7,0
170611,5,1,1991,0,0,0,0,0,0,0,0,0,0
170611,6,1,1991,0,0,0,0,0,0,0,0,0,0
170612,1,1,1991,8,8,8,8,8,8,8,8,8,8
170612,2,1,1991,0,0,0,0,0,0,0,0,0,0
170613,1,1,1991,0,0,0,0,0,0,0,0,0,0
170613,2,1,1991,0,0,0,0,0,0,0,0,0,0
170614,1,1,1991,0,0,0,0,0,0,0,0,0,0
170614,2,1,1991,0,0,0,0,0,0,0,0,0,0
170614,3,1,1991,0,0,0,0,0,0,0,12,0,0
170614,4,1,1991,0,0,0,0,0,0,0,0,0,0
170614,5,1,1991,0,0,0,0,0,0,0,0,0,0
170614,6,1,1991,0,18,0,0,0,0,0,0,0,0
170614,7,1,1991,0,0,0,0,0,0,0,0,0,0
170615,1,1,1991,0,0,0,0,0,0,0,0,0,0
170615,2,1,1991,0,0,0,0,0,0,0,0,0,0
170616,1,1,1991,17,17,17,17,17,17,17,17,17,17
170617,1,1,1991,20,20,20,20,20,20,20,20,20,20
170617,2,1,1991,24,7,0,8,19,15,15,10,13,19
170618,1,1,1991,26,26,26,26,26,26,26,26,26,26
170619,0,1,1991,9,9,9,9,9,9,9,9,9,9
170619,1,1,1991,0,0,7,4,0,23,0,0,14,5
170620,1,1,1991,12,12,12,12,12,12,12,12,12,12
170620,2,1,1991,0,0,0,0,0,0,0,0,0,0
170621,0,1,1991,0,0,0,0,0,0,0,0,0,0
170621,1,1,1991,12,12,12,12,12,12,12,12,12,12
170622,0,1,1991,26,0,34,20,25,10,13,0,20,11
170622,1,1,1991,0,0,0,0,16,0,0,0,0,0
170623,1,1,1991,0,19,0,0,0,0,0,11,0,12
170623,2,1,1991,0,0,0,0,0,0,0,0,0,0
170624,1,1,1991,23,23,23,23,23,23,23,23,23,23
170625,1,1,1991,0,0,0,0,0,0,0,0,0,0
170626,1,1,1991,0,0,0,0,0,0,0,0,0,0
170626,2,1,1991,0,0,0,0,0,0,0,0,0,0
170627,1,1,1991,0,0,0,0,0,0,0,0,0,0
170628,0,1,1991,0,0,0,0,0,0,0,0,0,0
170628,1,1,1991,0,0,0,0,0,0,0,0,0,0
170629,1,1,1991,0,0,3,30,0,0,17,0,10,0
170630,1,1,1991,0,0,0,0,0,0,0,0,0,29
170630,2,1,1991,0,0,0,0,0,0,0,0,0,0
170631,0,1,1991,0,0,0,0,0,0,0,0,0,0
170631,0,2,1991,0,0,39,0,20,34,0,18,0,16
170631,1,1,1991,0,5,18,14,0,0,7,0,0,0
170632,1,1,1991,21,19,4,17,7,13,14,0,13,23
170632,2,1,1991,13,13,13,13,13,13,13,13,13,13
170633,0,1,1991,33,33,33,33,33,33,33,33,33,33
170633,1,1,1991,0,0,12,0,8,0,0,0,0,0
170634,1,1,1991,19,0,0,0,0,0,0,0,0,0
170634,2,1,1991,0,0,0,0,0,0,0,0,0,0
170635,1,1,1991,15,15,15,15,15,15,15,15,15,15
170636,1,1,1991,0,0,0,0,0,0,0,0,0,0
170636,2,1,1991,0,0,0,0,0,0,0,0,0,0
170637,1,1,1991,0,0,0,0,0,0,0,0,0,0
170637,2,1,1991,0,0,0,0,0,0,0,0,0,0
170638,1,1,1991,14,30,0,0,0,0,0,0,0,0
170638,2,1,1991,0,0,0,0,0,0,0,0,0,0
170639,1,1,1991,21,21,21,21,21,21,21,21,21,21
170640,1,1,1991,0,0,0,0,0,0,0,0,0,0
170640,2,1,1991,0,0,0,0,0,0,0,0,0,0
170641,1,1,1991,0,0,0,0,0,0,0,0,0,0
170641,2,1,1991,0,0,0,0,0,0,0,0,0,0
170642,0,1,1991,0,0,0,0,0,0,0,0,0,0
170642,1,1,1991,0,0,0,0,0,0,0,0,0,0
170643,1,1,1991,0,0,0,0,0,0,0,0,0,0
170643,2,1,1991,0,0,0,0,0,0,0,0,0,0
170644,0,1,1991,0,0,0,0,0,0,0,0,0,0
170644,1,1,1991,8,7,24,28,5,22,15,0,15,12
170645,1,1,1991,0,0,0,0,0,0,0,0,0,0
170645,2,1,1991,0,0,0,0,0,0,0,0,0,0
170646,0,1,1991,5,5,5,5,5,5,5,5,5,5
170646,1,1,1991,0,0,0,0,0,0,0,0,0,0
170647,1,1,1991,28,28,28,28,28,28,28,28,28,28
170648,1,1,1991,0,0,0,0,0,0,0,0,0,0
170648,2,1,1991,0,0,0,0,0,0,0,0,0,0
170648,3,1,1991,0,0,0,0,0,0,0,0,0,0
170649,1,1,1991,2,2,2,2,2,2,2,2,2,2
170650,1,1,1991,10,10,10,10,10,10,10,10,10,10
170651,1,1,1991,0,0,0,0,0,0,0,0,0,0
170651,2,1,1991,0,0,0,0,0,0,0,0,0,0
170652,1,1,1991,13,13,13,13,13,13,13,13,13,13
170653,1,1,1991,0,0,0,0,0,0,0,0,0,0
170654,1,1,1991,18,15,0,28,17,23,33,21,29,21
170655,1,1,1991,0,0,0,0,0,0,0,0,0,0
170655,2,1,1991,0,0,0,0,0,0,0,0,0,0
170656,1,1,1991,0,0,11,0,0,0,0,0,0,0
170656,2,1,1991,0,0,0,0,0,0,0,0,0,0
170657,1,1,1991,0,0,19,0,22,18,0,0,0,0
170658,1,1,1991,14,14,14,14,14,14,14,14,14,14
170659,1,1,1991,36,36,36,36,36,36,36,36,36,36
170660,1,1,1991,12,12,12,12,12,12,12,12,12,12
170660,2,1,1991,0,0,0,0,0,0,0,11,0,0
170661,1,1,1991,0,0,0,0,0,0,0,0,0,0
170661,2,1,1991,0,0,0,0,0,0,0,0,0,0
170662,1,1,1991,18,18,18,18,18,18,18,18,18,18
170662,2,1,1991,0,0,0,0,0,0,0,0,0,0
170663,1,1,1991,19,0,0,0,15,0,18,0,0,0
170663,2,1,1991,0,0,0,0,0,0,0,0,0,0
170663,3,1,1991,0,0,0,0,0,0,0,0,0,0
170664,1,1,1991,0,0,0,0,0,0,0,0,0,0
170665,0,1,1991,0,0,0,0,0,0,0,12,7,0
170665,1,1,1991,0,0,0,0,0,0,0,0,0,0
170666,0,1,1991,15,15,15,15,15,15,15,15,15,15
170666,1,1,1991,21,0,0,19,0,14,27,4,26,18
170667,1,1,1991,0,0,0,0,0,0,0,0,0,0
170668,1,1,1991,21,21,21,21,21,21,21,21,21,21
170668,2,1,1991,16,16,16,16,16,16,16,16,16,16
170669,1,1,1991,0,0,0,0,0,0,0,0,0,0
170669,2,1,1991,0,0,0,28,11,15,27,13,0,28
170669,3,1,1991,18,18,18,18,18,18,18,18,18,18
170670,1,1,1991,16,0,0,0,0,0,0,0,0,0
170671,1,1,1991,0,0,0,0,0,0,0,0,0,0
170671,2,1,1991,0,0,0,0,0,0,0,0,0,0
170672,1,1,1991,0,0,0,0,0,9,0,0,16,0
170673,1,1,1991,0,0,0,0,0,0,0,0,0,0
170673,2,1,1991,0,0,0,0,0,0,4,0,0,0
170674,1,1,1991,18,18,18,18,18,18,18,18,18,18
170675,1,1,1991,14,14,14,14,14,14,14,14,14,14
170675,2,1,1991,4,4,4,4,4,4,4,4,4,4
170676,1,1,1991,6,6,6,6,6,6,6,6,6,6
170677,1,1,1991,12,12,12,12,12,12,12,12,12,12
170678,1,1,1991,0,0,0,0,0,0,0,0,0,0
170679,1,1,1991,0,0,0,0,0,0,0,0,0,0
170679,2,1,1991,0,0,0,5,0,0,0,0,0,0
170680,1,1,1991,0,0,0,0,0,0,0,0,0,0
170680,2,1,1991,0,0,0,0,0,0,0,0,0,0
170680,3,1,1991,0,0,0,0,0,0,0,16,0,0
170681,1,1,1991,21,21,21,21,21,21,21,21,21,21
170681,2,1,1991,0,0,0,0,0,0,0,0,0,0
170683,1,1,1991,0,0,0,0,0,0,0,0,0,0
170683,2,1,1991,0,0,0,0,0,0,0,0,0,0
170684,1,1,1991,7,7,7,7,7,7,7,7,7,7
170685,1,1,1991,20,20,20,20,20,20,20,20,20,20
170686,1,1,1991,1,1,1,1,1,1,1,1,1,1
170687,1,1,1991,0,0,0,0,0,0,0,0,0,0
170687,2,1,1991,0,0,0,0,0,8,0,0,0,0
170688,1,1,1991,16,16,16,16,16,16,16,16,16,16
170689,0,1,1991,1,1,1,1,1,1,1,1,1,1
170689,0,2,1991,0,13,0,11,28,14,0,17,30,21
170689,1,1,1991,0,0,16,0,7,16,0,11,13,0
170690,0,1,1991,0,0,0,0,17,0,0,0,0,0
170690,1,1,1991,0,0,0,0,0,0,0,0,0,9
170691,0,1,1991,0,0,0,0,0,0,0,0,0,0
170691,1,1,1991,0,9,0,0,0,0,0,0,0,0
170692,0,1,1991,0,0,0,0,0,0,0,0,0,0
170692,1,1,1991,0,0,0,0,0,0,0,0,0,0
170693,1,1,1991,35,35,35,35,35,35,35,35,35,35
170694,1,1,1991,0,0,0,11,0,0,0,0,0,0
170694,2,1,1991,0,0,0,0,0,0,0,0,0,0
170695,1,1,1991,34,34,34,34,34,34,34,34,34,34
170695,2,1,1991,16,16,16,16,16,16,16,16,16,16
170696,1,1,1991,5,5,5,5,5,5,5,5,5,5
170696,2,1,1991,0,0,0,0,0,0,0,0,0,0
170697,1,1,1991,23,23,23,23,23,23,23,23,23,23
170698,0,1,1991,0,0,0,0,0,0,0,0,0,0
170698,1,1,1991,0,0,0,0,0,0,0,0,0,0
170699,1,1,1991,9,9,9,9,9,9,9,9,9,9
170700,1,1,1991,0,0,0,8,0,0,13,0,0,0
170700,2,1,1991,0,0,0,0,14,0,0,0,0,0
170701,1,1,1991,0,0,0,0,0,0,0,0,0,0
170701,2,1,1991,0,0,0,0,0,0,0,0,0,0
170702,1,1,1991,5,5,5,5,5,5,5,5,5,5
170702,2,1,1991,0,0,0,0,0,0,0,0,0,0
170703,0,1,1991,0,0,0,0,0,0,0,0,0,0
170703,0,2,1991,0,0,0,0,0,0,0,0,4,0
170703,1,1,1991,0,0,0,0,0,0,0,22,0,16
170704,1,1,1991,0,0,0,0,0,0,0,0,0,0
170705,1,1,1991,0,0,0,0,0,0,0,0,0,0
170705,2,1,1991,0,0,0,0,0,0,0,0,0,0
170706,1,1,1991,20,20,20,20,20,20,20,20,20,20
170707,1,1,1991,0,0,0,0,11,0,0,0,0,0
170707,2,1,1991,0,0,0,0,0,0,0,0,0,0
170708,1,1,1991,0,0,0,0,0,0,0,0,0,0
170708,2,1,1991,0,0,0,0,0,0,0,0,0,0
170709,1,1,1991,0,0,15,0,0,0,0,0,0,0
170709,2,1,1991,0,0,0,0,0,0,0,0,0,0
170710,1,1,1991,19,19,19,19,19,19,19,19,19,19
170710,2,1,1991,0,0,0,26,0,0,0,0,0,0
170711,1,1,1991,5,5,5,5,5,5,5,5,5,5
170711,2,1,1991,0,0,0,0,0,0,0,0,0,0
170712,1,1,1991,0,0,0,0,0,0,0,0,0,0
170712,2,1,1991,0,0,0,0,0,0,0,0,0,0
170712,3,1,1991,0,0,0,0,0,0,17,0,0,0
170713,1,1,1991,6,6,6,6,6,6,6,6,6,6
170713,2,1,1991,0,0,0,0,0,0,0,0,0,0