ST_CASE,VEH_NO,PER_NO,YEAR,P1,P2,P3,P4,P5,P6,P7,P8,P9,P10
170714,1,1,1991,0,0,0,5,0,0,0,0,0,15
170715,1,1,1991,0,0,0,0,0,0,0,0,0,0
170715,2,1,1991,0,0,0,0,0,0,0,0,0,12
170716,1,1,1991,0,0,0,0,0,0,0,0,0,0
170717,1,1,1991,0,0,0,0,0,0,0,0,0,0
170717,2,1,1991,0,0,0,0,0,0,0,0,0,0
170718,0,1,1991,0,0,0,0,0,0,0,0,0,0
170718,1,1,1991,0,0,0,0,0,0,0,7,0,0
170719,1,1,1991,0,6,29,13,0,0,13,7,0,8
170720,1,1,1991,22,22,22,22,22,22,22,22,22,22
170721,1,1,1991,15,15,15,15,15,15,15,15,15,15
170722,1,1,1991,22,22,22,22,22,22,22,22,22,22
170723,1,1,1991,23,23,23,23,23,23,23,23,23,23
170724,1,1,1991,16,16,16,16,16,16,16,16,16,16
170725,1,1,1991,6,6,6,6,6,6,6,6,6,6
170726,1,1,1991,12,12,12,12,12,12,12,12,12,12
170727,1,1,1991,0,0,0,0,0,0,0,0,0,0
170728,1,1,1991,32,32,32,32,32,32,32,32,32,32
170728,2,1,1991,0,0,0,0,0,0,0,0,0,0
170729,1,1,1991,20,20,20,20,20,20,20,20,20,20
170729,2,1,1991,0,0,0,0,0,0,0,0,0,0
170729,3,1,1991,0,0,0,17,0,0,26,0,0,0
170730,0,1,1991,8,35,0,19,21,0,43,13,34,0
170730,1,1,1991,0,0,0,0,0,0,0,0,0,0
170731,1,1,1991,0,0,0,0,0,0,0,0,0,0
170731,2,1,1991,0,0,0,0,0,0,0,0,0,0
170732,1,1,1991,11,11,11,11,11,11,11,11,11,11
170732,2,1,1991,0,0,0,0,0,0,0,0,0,0
170733,1,1,1991,0,14,23,0,0,0,0,0,0,0
170733,2,1,1991,0,0,0,0,0,0,0,0,0,0
170734,1,1,1991,9,9,9,9,9,9,9,9,9,9
170734,2,1,1991,0,0,0,0,0,0,0,0,0,0
170735,0,1,1991,24,24,24,24,24,24,24,24,24,24
170735,1,1,1991,0,0,0,0,0,0,0,0,0,0
170736,0,1,1991,0,0,0,0,0,0,0,0,0,0
170736,1,1,1991,0,12,0,0,0,0,0,0,0,0
170737,1,1,1991,12,15,18,16,21,4,27,22,12,5
170737,2,1,1991,10,10,10,10,10,10,10,10,10,10
170738,1,1,1991,0,0,0,0,0,0,0,0,0,0
170738,2,1,1991,0,0,0,0,0,0,0,0,0,20
170739,1,1,1991,24,24,24,24,24,24,24,24,24,24
170740,1,1,1991,10,0,11,0,0,20,0,0,0,0
170741,1,1,1991,34,34,34,34,34,34,34,34,34,34
170742,1,1,1991,0,0,0,0,0,0,0,0,0,0
170743,1,1,1991,0,0,0,0,0,0,0,0,0,0
170743,2,1,1991,0,0,0,0,0,0,0,0,0,0
170744,0,1,1991,16,16,16,16,16,16,16,16,16,16
170744,1,1,1991,13,13,13,13,13,13,13,13,13,13
170745,1,1,1991,11,11,11,11,11,11,11,11,11,11
170746,1,1,1991,0,0,0,0,0,0,0,0,0,0
170747,1,1,1991,13,13,13,13,13,13,13,13,13,13
170748,1,1,1991,0,0,0,0,0,0,0,0,0,0
170749,1,1,1991,0,0,0,17,0,0,0,0,0,0
170750,0,1,1991,6,6,6,6,6,6,6,6,6,6
170750,1,1,1991,0,0,0,0,0,0,0,0,0,0
170751,1,1,1991,0,0,14,25,10,0,13,0,15,19
170751,2,1,1991,15,15,15,15,15,15,15,15,15,15
170752,1,1,1991,0,0,19,21,13,13,26,0,0,0
170753,1,1,1991,12,12,12,12,12,12,12,12,12,12
170753,2,1,1991,0,0,0,0,0,0,0,0,0,0
170754,1,1,1991,16,16,16,16,16,16,16,16,16,16
170755,1,1,1991,0,0,0,0,0,0,0,0,0,0
170755,2,1,1991,0,0,0,0,0,0,0,0,0,0
170756,0,1,1991,0,0,0,0,0,0,0,0,0,0
170756,1,1,1991,3,22,11,0,0,0,0,0,0,0
170757,1,1,1991,10,10,10,10,10,10,10,10,10,10
170758,1,1,1991,21,21,21,21,21,21,21,21,21,21
170759,1,1,1991,0,0,0,0,0,0,0,0,0,0
170760,0,1,1991,0,0,0,0,0,0,0,0,0,0
170760,1,1,1991,0,0,0,0,0,0,0,0,0,0
170761,1,1,1991,39,39,39,39,39,39,39,39,39,39
170761,2,1,1991,0,0,15,0,0,0,0,0,0,0
170762,1,1,1991,0,0,0,0,0,0,0,0,0,0
170762,2,1,1991,0,0,0,0,0,0,0,0,0,0
170763,1,1,1991,0,0,0,0,0,0,0,0,0,0
170764,1,1,1991,0,0,0,0,0,0,0,0,0,0
170764,2,1,1991,0,0,0,0,0,0,0,0,0,0
170765,1,1,1991,0,0,0,0,0,26,0,0,0,0
170765,2,1,1991,0,0,0,0,0,0,0,0,0,0
170766,1,1,1991,0,0,0,0,0,0,0,0,0,0
170766,2,1,1991,0,0,0,0,0,0,0,0,0,0
170767,1,1,1991,0,0,0,0,0,0,0,0,0,0
170768,1,1,1991,0,0,0,0,0,0,0,0,0,0
170768,2,1,1991,0,0,0,0,0,0,0,0,0,0
170769,1,1,1991,1,1,1,1,1,1,1,1,1,1
170770,1,1,1991,0,0,0,0,0,0,0,0,0,0
170770,2,1,1991,0,0,0,0,0,0,0,0,0,0
170771,0,1,1991,0,0,0,0,0,0,0,0,0,0
170771,1,1,1991,0,0,8,0,0,0,0,0,0,0
170772,1,1,1991,0,0,0,0,0,0,0,0,0,0
170772,2,1,1991,0,0,0,0,0,0,0,0,0,0
170773,1,1,1991,20,20,20,20,20,20,20,20,20,20
170774,1,1,1991,0,0,0,0,0,0,0,0,0,0
170774,2,1,1991,0,0,0,0,0,0,0,0,0,0
170775,1,1,1991,13,13,13,13,13,13,13,13,13,13
170775,2,1,1991,2,2,2,2,2,2,2,2,2,2
170776,1,1,1991,0,0,0,0,0,0,0,18,0,0
170776,2,1,1991,0,0,0,0,0,0,0,0,0,0
170777,0,1,1991,0,0,0,0,0,0,0,0,0,0
170777,1,1,1991,0,0,0,0,0,0,0,0,0,0
170778,1,1,1991,0,0,0,0,0,0,0,0,0,0
170778,2,1,1991,0,0,0,0,0,0,0,0,0,18
170779,1,1,1991,0,0,0,0,0,0,0,0,0,0
170780,1,1,1991,0,0,0,0,0,0,0,0,0,0
170781,0,1,1991,15,15,15,15,15,15,15,15,15,15
170781,1,1,1991,24,0,0,0,14,0,0,0,0,0
170781,2,1,1991,0,0,0,0,0,0,0,0,0,0
170781,3,1,1991,0,16,0,20,0,0,0,19,0,21
170782,1,1,1991,0,0,0,3,0,0,12,0,0,0
170782,2,1,1991,0,0,0,0,0,0,0,0,0,0
170783,1,1,1991,0,0,0,0,0,0,0,0,0,0
170784,1,1,1991,26,26,26,26,26,26,26,26,26,26
170785,1,1,1991,20,20,20,20,20,20,20,20,20,20
170785,2,1,1991,0,0,0,0,0,0,0,0,0,0
170786,1,1,1991,0,0,9,0,0,0,0,0,0,0
170786,2,1,1991,0,0,0,0,0,0,0,0,0,0
170787,1,1,1991,18,18,18,18,18,18,18,18,18,18
170788,0,1,1991,0,0,0,0,0,0,0,0,0,0
170788,0,2,1991,0,0,0,0,0,0,0,0,0,0
170788,1,1,1991,0,0,0,0,0,0,0,0,18,10
170789,1,1,1991,20,20,20,20,20,20,20,20,20,20
170790,1,1,1991,20,20,20,20,20,20,20,20,20,20
170791,1,1,1991,19,18,0,7,20,15,27,20,0,25
170792,1,1,1991,33,33,33,33,33,33,33,33,33,33
170793,1,1,1991,0,0,0,0,0,0,0,0,0,0
170793,2,1,1991,0,0,0,0,0,0,0,0,0,0
170794,1,1,1991,0,0,0,0,0,0,0,0,0,0
170795,1,1,1991,22,22,22,22,22,22,22,22,22,22
170795,2,1,1991,0,0,0,0,0,0,0,0,0,0
170796,1,1,1991,29,29,29,29,29,29,29,29,29,29
170797,0,1,1991,6,6,6,6,6,6,6,6,6,6
170797,1,1,1991,15,0,0,14,24,0,0,0,0,0
170798,1,1,1991,13,0,9,0,0,0,0,0,0,0
170799,1,1,1991,0,0,0,0,0,0,0,0,0,0
170799,2,1,1991,0,0,0,0,0,0,0,0,0,0
170800,1,1,1991,0,0,0,0,0,0,0,0,0,0
170800,2,1,1991,0,0,0,0,0,0,0,0,0,0
170801,1,1,1991,0,0,0,0,0,0,0,0,0,0
170801,2,1,1991,0,0,0,0,0,0,0,0,0,0
170802,1,1,1991,14,16,0,0,0,0,0,0,0,0
170803,0,1,1991,14,14,14,14,14,14,14,14,14,14
170803,1,1,1991,0,0,0,0,0,0,0,0,0,0
170803,2,1,1991,0,0,0,0,0,7,0,29,1,0
170804,1,1,1991,0,0,0,0,0,0,23,0,20,0
170804,2,1,1991,0,0,0,0,0,0,0,0,0,0
170805,1,1,1991,0,0,0,0,0,0,0,0,0,0
170806,1,1,1991,10,10,10,10,10,10,10,10,10,10
170806,2,1,1991,0,0,0,0,0,0,0,0,0,0
170807,1,1,1991,0,0,0,0,0,0,0,0,6,0
170807,2,1,1991,0,0,0,0,0,0,0,0,0,0
170808,1,1,1991,21,21,21,21,21,21,21,21,21,21
170809,1,1,1991,0,8,0,0,0,0,0,0,0,0
170809,2,1,1991,18,18,18,18,18,18,18,18,18,18
170810,1,1,1991,0,0,0,0,0,0,0,0,0,0
170810,2,1,1991,0,0,0,0,0,0,0,0,0,0
170811,0,1,1991,0,0,0,0,0,0,0,0,0,0
170811,1,1,1991,0,0,0,0,0,0,0,0,0,0
170812,0,1,1991,15,15,15,15,15,15,15,15,15,15
170812,1,1,1991,0,0,0,0,0,0,0,0,0,0
170813,0,1,1991,16,16,16,16,16,16,16,16,16,16
170813,1,1,1991,13,13,13,13,13,13,13,13,13,13
170814,1,1,1991,22,22,22,22,22,22,22,22,22,22
170815,1,1,1991,0,0,0,0,0,0,0,0,0,0
170815,2,1,1991,0,0,0,0,0,0,0,0,0,0
170816,1,1,1991,0,0,0,0,0,0,0,0,0,0
170816,2,1,1991,0,0,0,0,0,0,0,0,0,0
170817,1,1,1991,24,7,14,0,0,0,0,0,0,0
170817,2,1,1991,5,5,5,5,5,5,5,5,5,5
170817,3,1,1991,0,0,0,34,0,0,21,0,0,0
170819,1,1,1991,0,0,0,0,8,0,0,0,0,0
170820,1,1,1991,15,15,15,15,15,15,15,15,15,15
170820,2,1,1991,0,0,0,0,0,0,0,0,0,0
170821,1,1,1991,19,19,19,19,19,19,19,19,19,19
170822,1,1,1991,33,33,33,33,33,33,33,33,33,33
170823,1,1,1991,4,4,4,4,4,4,4,4,4,4
170824,1,1,1991,0,0,0,0,0,20,0,0,0,0
170825,1,1,1991,0,0,0,0,0,0,0,0,0,0
170825,2,1,1991,0,0,0,0,0,0,0,0,0,0
170826,0,1,1991,0,0,0,0,0,0,0,0,0,0
170826,0,2,1991,0,0,0,0,0,0,0,0,0,0
170826,1,1,1991,0,0,0,0,0,0,0,0,0,0
170827,0,1,1991,0,0,0,0,0,0,14,0,0,0
170827,1,1,1991,0,0,0,0,14,0,0,0,0,0
170828,1,1,1991,21,21,21,21,21,21,21,21,21,21
170829,1,1,1991,0,20,0,16,22,13,30,18,27,15
170829,2,1,1991,0,0,0,0,0,0,0,0,0,0
170830,1,1,1991,0,0,0,0,0,0,0,0,0,0
170830,2,1,1991,0,0,0,0,0,0,0,0,0,0
170831,1,1,1991,0,0,0,0,0,0,0,0,0,0
170831,2,1,1991,0,0,0,0,0,0,0,0,0,0
170832,0,1,1991,0,0,0,0,0,0,0,0,0,0
170832,1,1,1991,0,0,0,0,0,0,0,0,0,0
170833,1,1,1991,0,0,0,0,0,0,0,0,0,0
170833,2,1,1991,0,0,0,0,0,0,0,0,0,0
170833,3,1,1991,0,0,0,0,0,0,0,0,0,0
170834,0,1,1991,0,0,0,0,0,0,0,0,0,0
170834,0,2,1991,19,19,19,19,19,19,19,19,19,19
170834,1,1,1991,0,0,0,0,5,0,12,9,0,0
170835,0,1,1991,0,22,0,32,18,27,33,13,0,16
170835,1,1,1991,0,0,0,0,0,0,0,0,0,0
170836,1,1,1991,14,14,14,14,14,14,14,14,14,14
170838,1,1,1991,0,0,0,0,0,0,0,0,0,0
170838,2,1,1991,0,0,0,0,0,0,0,0,0,0
170839,1,1,1991,0,0,0,0,0,0,0,0,0,0
170839,2,1,1991,0,11,20,4,24,0,4,10,0,12
170840,1,1,1991,0,0,0,0,0,0,0,0,0,0
170840,2,1,1991,0,0,0,23,0,0,0,12,0,0
170841,1,1,1991,8,8,8,8,8,8,8,8,8,8
170842,1,1,1991,17,17,17,17,17,17,17,17,17,17
170843,1,1,1991,14,0,0,0,0,0,0,0,0,0
170843,2,1,1991,0,0,0,0,0,0,0,0,0,0
170844,1,1,1991,20,20,20,20,20,20,20,20,20,20
170845,1,1,1991,0,0,0,0,0,5,0,0,0,0
170846,1,1,1991,0,0,0,0,0,0,0,0,0,0
170847,1,1,1991,20,20,20,20,20,20,20,20,20,20
170848,0,1,1991,31,31,31,31,31,31,31,31,31,31
170848,1,1,1991,0,0,0,0,0,0,0,0,0,0
170849,1,1,1991,18,18,18,18,18,18,18,18,18,18
170849,2,1,1991,0,0,0,0,0,0,16,0,0,0
170849,3,1,1991,0,0,0,0,0,0,0,0,0,0
170850,1,1,1991,7,7,7,7,7,7,7,7,7,7
170851,0,1,1991,0,0,0,0,0,0,0,0,0,0
170851,1,1,1991,0,0,0,0,0,0,0,0,0,0
170852,1,1,1991,0,0,0,0,0,0,0,0,0,0
170853,1,1,1991,0,0,0,0,0,0,0,0,0,0
170854,1,1,1991,5,5,5,5,5,5,5,5,5,5
170854,2,1,1991,0,0,0,0,6,10,2,0,0,0
170855,0,1,1991,0,0,0,0,0,0,0,0,0,0
170855,1,1,1991,0,0,0,0,0,0,0,0,0,0
170856,1,1,1991,0,0,0,0,0,0,0,0,7,0
170856,2,1,1991,0,0,0,0,0,0,0,0,0,0
170857,1,1,1991,1,1,1,1,1,1,1,1,1,1
170857,2,1,1991,0,0,0,0,0,0,0,0,0,0
170857,3,1,1991,0,0,0,0,0,0,0,0,0,0
170858,1,1,1991,47,47,47,47,47,47,47,47,47,47
170858,2,1,1991,0,0,0,0,0,0,0,0,0,0
170859,0,1,1991,0,0,0,0,0,0,0,0,0,0
170859,1,1,1991,18,14,15,0,10,0,0,29,25,11
170860,1,1,1991,0,0,0,0,0,0,0,0,0,0
170860,2,1,1991,0,0,0,0,0,0,0,0,0,0
170861,1,1,1991,23,23,23,23,23,23,23,23,23,23
170861,2,1,1991,9,9,9,9,9,9,9,9,9,9
170862,1,1,1991,21,21,21,21,21,21,21,21,21,21
170862,2,1,1991,17,0,0,0,0,0,4,0,0,0
170863,1,1,1991,12,35,5,5,0,10,0,5,10,8
170864,1,1,1991,18,18,18,18,18,18,18,18,18,18
170864,2,1,1991,0,0,0,0,0,0,0,0,0,0
170864,3,1,1991,0,0,0,0,0,0,0,0,0,0
170865,1,1,1991,0,0,0,0,0,0,0,0,0,0
170865,2,1,1991,7,7,7,7,7,7,7,7,7,7
170866,1,1,1991,0,0,0,0,0,0,0,0,0,0
170867,1,1,1991,0,0,0,0,0,0,0,0,0,0
170868,1,1,1991,26,26,26,26,26,26,26,26,26,26
170869,1,1,1991,11,11,11,11,11,11,11,11,11,11
170870,0,1,1991,11,11,11,11,11,11,11,11,11,11
170870,1,1,1991,0,0,28,23,0,0,0,0,0,0
170871,1,1,1991,0,0,0,0,0,0,0,0,0,0
170871,2,1,1991,0,0,0,0,0,0,0,0,0,0
170872,0,1,1991,22,22,22,22,22,22,22,22,22,22
170872,0,2,1991,0,18,11,18,0,13,19,0,0,13
170872,1,1,1991,0,0,0,0,0,0,0,0,0,0
170874,1,1,1991,27,14,7,0,10,28,11,12,18,2
170875,1,1,1991,0,0,0,0,0,0,0,0,0,0
170876,1,1,1991,0,31,31,0,0,0,0,0,0,0
170876,2,1,1991,0,0,0,0,0,0,0,0,0,0
170877,1,1,1991,20,20,20,20,20,20,20,20,20,20
170878,1,1,1991,0,0,0,0,0,0,0,0,0,0
170878,2,1,1991,0,0,0,0,0,0,0,0,0,0
170880,1,1,1991,0,0,0,0,11,0,0,0,0,18
170880,2,1,1991,0,0,0,0,0,0,0,0,0,0
170881,1,1,1991,20,20,20,20,20,20,20,20,20,20
170882,1,1,1991,0,16,0,0,0,9,0,0,23,0
170883,1,1,1991,18,18,18,18,18,18,18,18,18,18
170883,2,1,1991,8,8,8,8,8,8,8,8,8,8
170884,1,1,1991,13,0,0,0,22,0,0,0,0,0
170884,2,1,1991,11,28,18,19,0,29,21,5,16,0
170885,1,1,1991,0,0,0,0,0,0,0,0,0,0
170885,2,1,1991,0,0,0,0,0,0,0,0,0,0
170886,1,1,1991,9,9,9,9,9,9,9,9,9,9
170887,1,1,1991,13,13,13,13,13,13,13,13,13,13
170888,1,1,1991,0,0,0,0,0,0,0,0,0,0
170889,1,1,1991,8,8,8,8,8,8,8,8,8,8
170890,0,1,1991,0,0,0,0,0,0,0,0,0,41
170890,1,1,1991,0,0,0,0,0,0,26,0,0,0
170891,0,1,1991,0,0,0,0,7,0,0,0,0,0
170891,1,1,1991,0,0,0,0,0,0,0,0,0,0
170892,1,1,1991,16,16,16,16,16,16,16,16,16,16
170893,1,1,1991,22,22,22,22,22,22,22,22,22,22
170894,1,1,1991,0,0,0,0,0,0,0,0,0,0
170894,2,1,1991,0,10,0,0,0,0,0,0,0,0
170895,0,1,1991,0,0,0,0,0,0,0,0,0,0
170895,1,1,1991,13,21,15,9,17,12,2,11,4,9
170896,1,1,1991,0,0,0,0,0,0,0,0,0,0
170896,2,1,1991,0,24,0,0,0,0,0,0,0,0
170897,1,1,1991,0,0,0,0,0,0,0,0,0,0
170897,2,1,1991,0,0,0,0,0,0,0,0,0,0
170898,1,1,1991,0,26,6,0,25,21,23,0,14,0
170899,1,1,1991,5,5,5,5,5,5,5,5,5,5
170900,1,1,1991,0,0,0,0,0,0,0,0,0,0
170900,2,1,1991,7,7,7,7,7,7,7,7,7,7
170901,1,1,1991,0,0,0,0,0,0,0,0,0,0
170901,2,1,1991,0,0,0,0,0,0,0,0,0,0
170902,1,1,1991,27,27,27,27,27,27,27,27,27,27
170903,1,1,1991,16,16,16,16,16,16,16,16,16,16
170904,1,1,1991,15,15,15,15,15,15,15,15,15,15
170905,1,1,1991,0,0,0,0,0,0,0,0,0,0
170905,2,1,1991,0,0,0,0,0,0,0,11,0,0
170906,0,1,1991,0,0,0,0,0,0,0,0,0,0
170906,1,1,1991,0,0,0,0,0,0,0,0,0,0
170907,1,1,1991,0,0,0,18,0,0,12,0,0,0
170907,2,1,1991,0,0,0,0,0,0,0,0,0,0
170908,0,1,1991,0,0,0,0,0,0,0,0,0,0
170908,1,1,1991,0,0,0,0,0,0,0,0,0,0
170909,1,1,1991,0,0,0,0,0,0,0,0,0,0
170909,2,1,1991,0,0,0,0,0,0,0,0,0,0
170909,3,1,1991,0,0,0,0,0,0,0,0,0,0
170910,1,1,1991,0,19,7,14,11,11,16,0,0,0
170911,1,1,1991,0,0,0,0,0,0,0,0,0,0
170911,2,1,1991,0,0,0,0,0,0,0,0,0,0
170912,1,1,1991,24,24,24,24,24,24,24,24,24,24
170912,2,1,1991,0,0,0,0,21,0,0,0,0,0
170913,1,1,1991,0,0,0,0,0,0,0,0,0,0
170914,0,1,1991,0,0,0,0,0,0,0,0,0,0
170914,1,1,1991,19,0,20,0,6,17,13,8,0,0
170915,1,1,1991,0,0,0,0,0,0,0,0,0,0
170916,1,1,1991,0,0,0,0,0,0,0,0,0,0
170916,2,1,1991,0,0,0,0,0,0,0,0,0,0
170917,1,1,1991,5,0,17,8,22,0,20,16,0,0
170917,2,1,1991,0,0,0,0,0,0,0,0,0,0
170918,1,1,1991,0,0,0,0,0,0,0,0,0,0
170918,2,1,1991,0,0,0,0,0,0,0,0,0,0
170919,1,1,1991,24,24,24,24,24,24,24,24,24,24
170920,1,1,1991,18,18,18,18,18,18,18,18,18,18
170920,2,1,1991,0,0,0,0,0,0,0,0,0,0
170921,1,1,1991,16,16,16,16,16,16,16,16,16,16
170922,1,1,1991,17,16,29,30,27,14,29,31,28,10
170923,0,1,1991,0,0,0,0,0,0,0,0,0,0
170923,1,1,1991,0,14,0,0,0,0,0,0,0,0
170924,1,1,1991,0,0,0,0,0,0,0,0,0,0
170924,2,1,1991,0,0,0,0,0,0,0,0,0,11
170925,1,1,1991,0,0,0,0,0,0,0,16,0,0
170925,2,1,1991,11,11,11,11,11,11,11,11,11,11
170926,1,1,1991,30,30,30,30,30,30,30,30,30,30
170927,1,1,1991,12,12,12,12,12,12,12,12,12,12
170927,2,1,1991,0,0,0,0,0,0,0,0,0,0
170928,1,1,1991,22,22,22,22,22,22,22,22,22,22
170928,2,1,1991,0,0,0,0,0,0,0,0,0,0
170929,0,1,1991,22,33,21,25,25,24,36,30,7,24
170929,1,1,1991,0,0,0,0,0,0,0,0,0,0
170930,1,1,1991,3,3,3,3,3,3,3,3,3,3
170931,1,1,1991,23,23,23,23,23,23,23,23,23,23
170932,1,1,1991,22,22,22,22,22,22,22,22,22,22
170933,0,1,1991,24,24,24,24,24,24,24,24,24,24
170933,1,1,1991,0,0,0,0,0,0,0,0,0,0
170934,1,1,1991,11,11,11,11,11,11,11,11,11,11
170935,1,1,1991,26,26,26,26,26,26,26,26,26,26
170936,1,1,1991,28,28,28,28,28,28,28,28,28,28
170937,0,1,1991,0,0,0,0,0,0,0,0,0,0
170937,0,2,1991,0,0,0,0,0,0,0,0,0,0
170937,1,1,1991,0,0,0,0,0,0,0,0,0,8
170938,1,1,1991,0,0,0,0,0,0,0,0,0,0
170938,2,1,1991,0,0,0,0,0,0,0,0,0,0
170939,0,1,1991,0,0,0,0,0,0,0,0,0,0
170939,1,1,1991,0,0,0,0,0,0,0,0,0,0
170940,1,1,1991,17,17,17,17,17,17,17,17,17,17
170941,1,1,1991,14,22,0,0,17,4,19,17,6,0
170942,1,1,1991,2,2,2,2,2,2,2,2,2,2
170943,1,1,1991,20,12,12,11,12,16,18,12,20,9
170943,2,1,1991,0,0,0,0,0,0,0,0,0,0
170944,1,1,1991,13,13,13,13,13,13,13,13,13,13
170944,2,1,1991,0,0,0,0,0,0,0,0,0,0
170945,1,1,1991,0,0,0,0,0,0,0,0,0,0
170945,2,1,1991,0,0,0,0,0,0,0,0,0,0
170946,1,1,1991,0,0,0,0,0,0,0,0,0,0
170946,2,1,1991,0,0,0,0,0,0,0,0,0,0
170947,0,1,1991,24,24,24,24,24,24,24,24,24,24
170947,1,1,1991,21,0,11,18,8,10,6,7,8,13
170948,1,1,1991,26,26,26,26,26,26,26,26,26,26
170949,1,1,1991,18,18,18,18,18,18,18,18,18,18
170949,2,1,1991,0,0,0,0,0,0,0,0,0,0
170950,0,1,1991,0,0,0,0,0,0,0,0,0,0
170950,1,1,1991,0,0,0,0,0,0,0,0,0,0
170951,1,1,1991,23,23,23,23,23,23,23,23,23,23
170952,1,1,1991,0,0,0,0,0,0,0,0,0,0
170952,2,1,1991,0,0,0,0,0,0,0,0,0,0
170952,3,1,1991,0,0,0,0,0,0,0,0,0,0
170953,1,1,1991,15,15,15,15,15,15,15,15,15,15
170954,1,1,1991,9,0,0,0,0,0,0,13,0,0
170954,2,1,1991,30,30,30,30,30,30,30,30,30,30
170955,1,1,1991,0,0,0,0,0,0,0,0,0,0
170956,1,1,1991,24,24,24,24,24,24,24,24,24,24
170956,2,1,1991,0,0,19,0,0,0,0,0,0,0
170957,1,1,1991,24,24,24,24,24,24,24,24,24,24
170957,2,1,1991,0,0,0,0,0,0,8,0,0,0
170958,1,1,1991,0,0,0,0,0,0,0,0,0,0
170958,2,1,1991,0,0,0,0,0,0,0,0,0,0
170959,1,1,1991,20,0,0,0,21,0,0,0,0,9
170960,0,1,1991,0,0,0,0,0,0,0,0,0,0
170960,1,1,1991,0,0,0,0,0,0,0,0,0,0
170961,1,1,1991,8,8,8,8,8,8,8,8,8,8
170962,1,1,1991,4,5,18,10,15,15,26,0,19,18
170962,2,1,1991,0,0,0,0,0,0,0,0,0,0
170962,3,1,1991,0,0,0,0,12,0,0,0,0,0
170962,4,1,1991,0,0,0,0,0,0,13,0,0,0
170963,1,1,1991,22,18,12,19,24,31,8,16,23,8
170964,1,1,1991,26,26,26,26,26,26,26,26,26,26
170965,1,1,1991,0,0,0,0,0,0,0,0,0,0
170966,1,1,1991,28,28,28,28,28,28,28,28,28,28
170967,0,1,1991,0,0,0,15,0,0,0,24,22,0
170967,1,1,1991,0,0,0,0,0,0,0,0,0,0
170968,1,1,1991,33,33,33,33,33,33,33,33,33,33
170969,1,1,1991,0,0,0,0,0,0,0,0,0,0
170969,2,1,1991,0,0,0,0,0,0,0,0,0,0
170970,1,1,1991,0,0,0,0,0,0,0,5,0,0
170970,2,1,1991,0,0,0,0,0,0,0,0,0,0
170970,3,1,1991,0,0,24,0,0,0,0,0,0,0
170971,0,1,1991,17,17,17,17,17,17,17,17,17,17
170971,1,1,1991,0,0,0,0,16,32,28,0,0,0
170972,1,1,1991,0,0,0,0,0,0,0,0,0,0
170972,2,1,1991,0,0,0,0,0,0,0,0,0,0
170973,1,1,1991,19,19,19,19,19,19,19,19,19,19
170974,1,1,1991,0,0,0,0,0,0,0,0,0,0
170974,2,1,1991,0,0,0,0,0,0,0,0,0,0
170975,1,1,1991,0,0,0,0,0,0,0,0,0,0
170975,2,1,1991,0,0,0,0,0,0,0,0,0,0
170976,1,1,1991,0,0,0,0,0,0,25,0,0,0
170976,2,1,1991,0,0,0,0,0,0,0,0,0,0
170977,1,1,1991,13,13,13,13,13,13,13,13,13,13
170977,2,1,1991,0,0,0,32,0,0,0,0,0,0
170978,0,1,1991,0,0,0,0,0,0,0,0,0,0
170978,1,1,1991,0,0,0,0,0,0,0,0,0,0
170979,1,1,1991,29,29,29,29,29,29,29,29,29,29
170980,1,1,1991,17,17,17,17,17,17,17,17,17,17
170980,2,1,1991,12,12,12,12,12,12,12,12,12,12
170981,1,1,1991,25,25,25,25,25,25,25,25,25,25
170982,1,1,1991,0,0,0,19,0,0,0,16,0,0
170983,1,1,1991,17,17,17,17,17,17,17,17,17,17
170983,2,1,1991,0,0,0,0,0,0,0,0,0,0
170984,1,1,1991,0,0,0,0,0,0,0,0,0,0
170984,2,1,1991,0,0,0,0,0,0,0,0,0,0
170985,1,1,1991,10,10,10,10,10,10,10,10,10,10
170986,1,1,1991,21,21,21,21,21,21,21,21,21,21
170987,1,1,1991,17,9,19,15,0,9,16,20,11,26
170988,1,1,1991,19,19,19,19,19,19,19,19,19,19
170989,0,1,1991,0,0,0,0,0,0,0,0,0,0
170989,1,1,1991,0,0,0,0,0,0,0,0,0,0
170990,0,1,1991,0,0,0,0,0,0,0,0,0,0
170990,1,1,1991,0,0,0,0,0,0,0,0,0,0
170991,1,1,1991,18,0,0,25,0,0,19,16,0,0
170992,1,1,1991,0,0,0,0,0,0,0,0,0,0
170992,2,1,1991,0,0,0,0,0,0,0,0,0,0
170992,3,1,1991,0,0,0,0,0,0,0,0,0,0
170993,1,1,1991,25,25,25,25,25,25,25,25,25,25
170994,1,1,1991,0,0,0,0,0,0,0,0,0,0
170994,2,1,1991,0,0,0,0,0,0,0,0,0,0
170994,3,1,1991,0,0,0,0,0,0,0,0,0,0
170995,1,1,1991,0,0,0,0,0,0,0,0,0,0
170995,2,1,1991,0,0,0,0,0,0,0,0,0,0
170996,0,1,1991,0,0,0,0,0,0,0,0,0,0