ST_CASE,VEH_NO,PER_NO,YEAR,P1,P2,P3,P4,P5,P6,P7,P8,P9,P10
170996,1,1,1991,0,0,0,0,0,0,0,0,0,0
170997,1,1,1991,0,0,0,0,0,0,0,0,0,0
170997,2,1,1991,5,5,5,5,5,5,5,5,5,5
170998,1,1,1991,14,14,14,14,14,14,14,14,14,14
170998,2,1,1991,0,0,0,0,0,0,0,0,0,0
170999,1,1,1991,23,23,23,23,23,23,23,23,23,23
170999,2,1,1991,0,0,0,0,0,0,0,0,0,0
170999,3,1,1991,0,0,0,0,0,0,0,0,0,0
170999,4,1,1991,0,0,0,0,0,34,0,0,0,0
170999,5,1,1991,0,0,0,0,0,0,0,0,0,0
171000,1,1,1991,0,0,0,0,0,0,0,0,0,0
171001,1,1,1991,0,0,0,0,0,0,0,0,0,0
171001,2,1,1991,0,0,0,0,0,0,0,0,0,0
171002,1,1,1991,0,0,0,0,0,0,0,0,0,0
171002,2,1,1991,0,0,0,0,0,17,0,0,0,0
171003,0,1,1991,10,10,10,10,10,10,10,10,10,10
171003,1,1,1991,0,0,0,0,0,0,0,0,0,0
171004,1,1,1991,24,24,24,24,24,24,24,24,24,24
171005,1,1,1991,0,0,0,0,0,0,0,0,0,0
171005,2,1,1991,11,11,11,11,11,11,11,11,11,11
171006,0,1,1991,3,3,3,3,3,3,3,3,3,3
171006,1,1,1991,0,0,0,0,0,0,0,0,0,0
171007,1,1,1991,0,0,0,0,0,0,0,0,0,0
171008,1,1,1991,17,17,17,17,17,17,17,17,17,17
171008,2,1,1991,0,0,0,0,0,0,0,0,0,0
171009,0,1,1991,14,14,14,14,14,14,14,14,14,14
171009,1,1,1991,14,14,14,14,14,14,14,14,14,14
171010,1,1,1991,9,9,9,9,9,9,9,9,9,9
171011,1,1,1991,14,14,14,14,14,14,14,14,14,14
171011,2,1,1991,0,0,0,0,0,0,0,0,0,0
171011,3,1,1991,16,6,14,0,13,28,22,20,0,0
171011,4,1,1991,13,0,0,0,0,0,0,21,0,0
171012,1,1,1991,28,28,28,28,28,28,28,28,28,28
171013,0,1,1991,0,0,0,0,0,0,0,0,0,0
171013,1,1,1991,0,0,0,0,0,0,0,0,0,0
171014,0,1,1991,0,0,0,0,0,0,0,0,0,0
171014,1,1,1991,0,0,0,0,0,0,0,0,0,0
171015,0,1,1991,0,0,0,0,0,0,0,0,0,0
171015,1,1,1991,0,0,0,0,0,15,0,0,0,0
171016,1,1,1991,0,0,0,0,0,0,0,0,0,0
171016,2,1,1991,0,0,0,16,0,0,0,0,0,0
171016,3,1,1991,0,0,0,0,0,0,0,0,0,0
171016,4,1,1991,0,0,15,0,0,0,0,0,0,0
171017,1,1,1991,0,0,0,0,0,0,0,0,0,0
171018,1,1,1991,0,0,0,0,0,0,0,0,0,0
171019,1,1,1991,0,0,0,0,0,0,25,0,0,0
171020,1,1,1991,4,4,4,4,4,4,4,4,4,4
171021,0,1,1991,0,0,0,0,0,0,0,0,0,0
171021,1,1,1991,5,0,0,0,0,9,22,9,0,0
171022,0,1,1991,25,25,25,25,25,25,25,25,25,25
171022,1,1,1991,0,0,0,0,0,0,0,0,0,0
171023,0,1,1991,0,0,0,0,0,0,0,0,0,0
171023,1,1,1991,0,0,0,0,0,0,0,0,0,0
171024,1,1,1991,0,0,0,0,0,0,0,0,0,0
171024,2,1,1991,0,27,5,0,0,0,0,0,0,0
171025,1,1,1991,7,7,7,7,7,7,7,7,7,7
171025,2,1,1991,0,0,0,0,0,0,0,0,0,0
171026,1,1,1991,20,20,20,20,20,20,20,20,20,20
171027,1,1,1991,22,16,19,32,11,13,32,18,35,0
171028,1,1,1991,15,15,15,15,15,15,15,15,15,15
171028,2,1,1991,0,0,0,0,0,0,0,0,0,0
171029,0,1,1991,0,0,0,0,0,0,0,0,0,0
171029,1,1,1991,0,0,0,0,0,0,0,0,0,0
171030,1,1,1991,5,5,5,5,5,5,5,5,5,5
171031,1,1,1991,29,29,29,29,29,29,29,29,29,29
171032,1,1,1991,3,3,3,3,3,3,3,3,3,3
171033,1,1,1991,25,25,25,25,25,25,25,25,25,25
171033,2,1,1991,0,0,0,0,0,0,0,0,0,0
171034,1,1,1991,5,5,5,5,5,5,5,5,5,5
171034,2,1,1991,0,0,0,0,0,0,0,0,0,0
171035,0,1,1991,0,0,0,0,0,0,0,0,0,0
171035,1,1,1991,27,27,27,27,27,27,27,27,27,27
171035,2,1,1991,0,0,0,0,9,0,9,0,0,0
171035,3,1,1991,0,0,0,0,0,0,0,0,0,0
171035,4,1,1991,0,0,0,0,0,0,0,0,0,0
171036,0,1,1991,0,12,41,27,23,20,23,13,29,23
171036,1,1,1991,0,0,0,0,0,0,0,0,0,0
171037,1,1,1991,0,0,0,0,0,0,0,0,0,0
171038,1,1,1991,19,19,19,19,19,19,19,19,19,19
171039,1,1,1991,10,10,10,10,10,10,10,10,10,10
171040,1,1,1991,24,24,24,24,24,24,24,24,24,24
171041,1,1,1991,18,18,18,18,18,18,18,18,18,18
171042,1,1,1991,0,0,0,0,0,12,0,0,0,0
171042,2,1,1991,0,0,0,0,0,0,0,0,0,0
171042,3,1,1991,0,0,0,15,0,0,0,0,0,0
171042,4,1,1991,0,16,0,0,18,0,0,0,0,0
171043,1,1,1991,17,17,17,17,17,17,17,17,17,17
171043,2,1,1991,0,0,20,16,8,0,9,11,6,9
171044,1,1,1991,28,28,28,28,28,28,28,28,28,28
171045,0,1,1991,0,0,0,0,0,0,0,0,0,0
171045,1,1,1991,15,0,0,0,0,0,0,0,0,0
171046,1,1,1991,0,0,0,0,0,0,0,0,0,0
171046,2,1,1991,0,0,0,0,0,0,0,0,0,0
171047,0,1,1991,0,0,0,0,0,0,0,0,0,0
171047,1,1,1991,0,0,0,0,0,0,0,0,0,0
171048,0,1,1991,4,4,4,4,4,4,4,4,4,4
171048,1,1,1991,0,0,0,0,0,0,0,0,0,0
171049,1,1,1991,26,26,26,26,26,26,26,26,26,26
171050,1,1,1991,0,0,0,0,0,0,0,0,0,0
171050,2,1,1991,0,0,0,0,0,0,0,0,0,0
171051,1,1,1991,29,29,29,29,29,29,29,29,29,29
171052,1,1,1991,0,0,0,0,0,0,0,0,0,0
171052,2,1,1991,0,0,0,0,0,0,0,0,0,0
171053,1,1,1991,20,20,20,20,20,20,20,20,20,20
171053,2,1,1991,0,0,0,0,0,0,0,0,0,0
171054,1,1,1991,0,0,0,0,0,0,0,0,0,0
171054,2,1,1991,0,0,0,0,0,0,0,0,0,0
171054,3,1,1991,0,0,0,0,0,0,0,0,0,0
171055,1,1,1991,0,0,0,0,0,0,0,0,0,0
171055,2,1,1991,0,0,0,0,0,0,0,0,0,0
171056,0,1,1991,0,0,0,0,0,0,0,0,0,0
171056,1,1,1991,0,0,0,0,0,0,0,0,18,0
171057,1,1,1991,0,0,0,0,0,0,0,0,0,0
171057,2,1,1991,0,0,0,0,0,0,0,0,0,0
171058,1,1,1991,0,0,0,0,0,0,0,0,0,0
171058,2,1,1991,0,0,0,23,0,0,0,0,0,0
171059,1,1,1991,33,33,33,33,33,33,33,33,33,33
171060,1,1,1991,17,17,17,17,17,17,17,17,17,17
171060,2,1,1991,0,0,0,0,0,0,0,0,13,0
171061,1,1,1991,11,11,11,11,11,11,11,11,11,11
171061,2,1,1991,0,0,0,0,0,0,0,0,0,0
171062,0,1,1991,0,0,0,0,0,0,0,0,0,0
171062,1,1,1991,0,0,0,0,0,0,0,0,29,0
171063,0,1,1991,0,0,0,0,0,0,0,0,0,0
171063,1,1,1991,0,0,0,0,0,0,0,0,0,0
171064,0,1,1991,0,0,0,0,0,0,0,0,0,0
171064,1,1,1991,0,0,8,0,6,0,0,0,0,8
171065,1,1,1991,29,29,29,29,29,29,29,29,29,29
171066,1,1,1991,0,0,0,0,0,0,0,0,0,2
171066,2,1,1991,0,0,0,0,0,0,0,0,0,0
171067,0,1,1991,18,18,18,18,18,18,18,18,18,18
171067,1,1,1991,0,0,0,14,9,0,0,0,0,0
171068,0,1,1991,4,11,0,0,0,14,22,0,38,0
171068,1,1,1991,0,0,0,0,0,0,10,0,0,0
171069,1,1,1991,18,18,18,18,18,18,18,18,18,18
171070,1,1,1991,0,0,0,0,0,0,0,0,0,0
171070,2,1,1991,0,0,0,2,5,0,0,0,0,0
171070,3,1,1991,0,0,0,0,0,0,0,0,0,0
171070,4,1,1991,0,0,0,0,0,0,0,0,0,0
171071,1,1,1991,0,0,0,0,0,0,0,0,0,0
171071,2,1,1991,0,0,0,0,0,0,0,0,0,0
171072,1,1,1991,0,0,0,0,0,0,0,0,0,0
171072,2,1,1991,0,0,0,0,0,0,0,0,0,0
171073,1,1,1991,0,0,0,0,0,0,0,0,0,0
171073,2,1,1991,0,0,0,0,0,0,0,0,0,0
171074,1,1,1991,0,0,0,0,0,0,0,0,0,0
171074,2,1,1991,0,0,0,0,0,0,0,11,0,0
171075,0,1,1991,0,0,0,0,0,0,0,0,0,0
171075,1,1,1991,0,0,0,0,0,0,0,0,0,0
171076,0,1,1991,0,0,0,0,0,0,0,0,0,0
171076,1,1,1991,0,0,19,0,0,0,0,0,0,0
171076,2,1,1991,0,0,0,0,0,0,0,0,0,0
171077,1,1,1991,0,0,0,0,0,0,0,0,0,0
171077,2,1,1991,0,0,0,0,0,0,0,0,0,0
171078,1,1,1991,0,0,0,0,0,0,0,0,0,0
171078,2,1,1991,0,0,0,0,12,0,0,0,0,0
171079,0,1,1991,0,0,0,0,0,0,0,0,0,0
171079,1,1,1991,0,0,0,0,0,0,0,0,0,0
171080,1,1,1991,0,0,0,0,0,0,0,0,0,0
171081,1,1,1991,0,0,0,0,0,0,0,0,16,0
171082,0,1,1991,0,0,0,0,0,0,0,0,0,0
171082,0,2,1991,0,0,0,0,14,0,0,0,0,0
171082,1,1,1991,9,9,13,29,0,8,6,0,12,19
171083,0,1,1991,27,27,27,27,27,27,27,27,27,27
171083,1,1,1991,0,0,0,0,0,0,0,0,0,0
171084,1,1,1991,9,9,9,9,9,9,9,9,9,9
171085,1,1,1991,0,0,0,0,0,0,0,0,0,0
171085,2,1,1991,0,0,0,0,0,0,0,0,0,0
171086,1,1,1991,0,0,0,18,0,0,0,0,26,0
171086,2,1,1991,0,0,0,0,21,0,0,0,0,0
171087,1,1,1991,27,27,27,27,27,27,27,27,27,27
171088,1,1,1991,25,25,25,25,25,25,25,25,25,25
171089,1,1,1991,2,2,2,2,2,2,2,2,2,2
171089,2,1,1991,0,0,0,0,0,0,0,0,0,0
171090,1,1,1991,15,15,15,15,15,15,15,15,15,15
171091,1,1,1991,10,10,10,10,10,10,10,10,10,10
171091,2,1,1991,0,0,0,0,0,0,0,0,0,0
171092,1,1,1991,29,29,29,29,29,29,29,29,29,29
171093,1,1,1991,0,0,0,0,0,0,0,0,0,0
171093,2,1,1991,0,0,0,0,0,0,0,0,0,0
171094,1,1,1991,0,0,0,0,0,0,0,0,0,0
171094,2,1,1991,0,0,0,0,0,0,0,0,0,0
171095,0,1,1991,0,0,0,0,0,0,0,0,0,0
171095,1,1,1991,0,0,0,0,0,0,0,0,0,0
171096,0,1,1991,0,0,0,0,0,0,0,0,0,0
171096,1,1,1991,0,0,0,0,0,0,0,0,0,0
171097,1,1,1991,30,30,30,30,30,30,30,30,30,30
171098,1,1,1991,10,13,18,25,19,18,0,6,11,18
171099,1,1,1991,0,0,0,0,0,0,0,0,0,0
171099,2,1,1991,0,0,0,0,0,20,0,0,0,0
171100,1,1,1991,20,0,0,0,0,0,0,0,0,0
171100,2,1,1991,0,0,0,0,0,0,0,0,0,0
171101,1,1,1991,0,0,0,0,0,0,0,0,0,0
171102,1,1,1991,29,29,29,29,29,29,29,29,29,29
171102,2,1,1991,0,0,0,0,0,0,0,0,0,0
171103,1,1,1991,0,0,0,0,0,0,0,0,0,0
171104,1,1,1991,0,0,0,0,0,0,0,0,0,0
171105,1,1,1991,36,36,36,36,36,36,36,36,36,36
171106,1,1,1991,16,16,16,16,16,16,16,16,16,16
171106,2,1,1991,0,0,0,0,0,0,0,0,0,0
171107,0,1,1991,0,0,0,0,0,0,0,0,0,0
171107,1,1,1991,0,5,8,0,0,0,0,10,0,0
171108,1,1,1991,23,23,23,23,23,23,23,23,23,23
171110,1,1,1991,0,0,0,0,0,0,0,0,0,0
171110,2,1,1991,0,0,0,0,0,0,0,0,0,0
171111,1,1,1991,0,0,0,0,0,0,0,0,0,0
171111,2,1,1991,0,0,0,0,0,0,0,0,0,0
171112,1,1,1991,22,22,22,22,22,22,22,22,22,22
171113,1,1,1991,9,20,6,10,6,23,4,8,13,11
171113,2,1,1991,0,0,0,0,0,0,0,0,0,0
171114,1,1,1991,0,0,0,0,0,0,0,0,0,0
171115,1,1,1991,0,0,0,0,0,0,0,0,0,0
171116,1,1,1991,17,17,17,17,17,17,17,17,17,17
171116,2,1,1991,0,0,0,0,0,0,0,0,0,0
171117,0,1,1991,0,0,0,0,0,0,0,0,0,0
171117,1,1,1991,0,0,0,10,0,0,0,0,0,0
171118,1,1,1991,3,0,0,0,0,0,0,0,0,0
171118,2,1,1991,0,0,0,0,0,0,0,0,0,0
171119,1,1,1991,21,21,21,21,21,21,21,21,21,21
171119,2,1,1991,0,0,0,0,0,0,0,0,0,0
171120,1,1,1991,0,0,0,0,0,0,0,0,0,0
171120,2,1,1991,0,0,0,0,0,6,0,0,0,0
171121,1,1,1991,0,0,0,13,0,0,0,0,0,0
171121,2,1,1991,0,0,0,0,0,0,0,0,0,0
171122,0,1,1991,0,0,0,0,0,0,0,0,0,0
171122,1,1,1991,0,0,0,0,0,0,0,0,0,0
171123,1,1,1991,16,16,16,16,16,16,16,16,16,16
171124,1,1,1991,17,17,17,17,17,17,17,17,17,17
171125,1,1,1991,21,21,21,21,21,21,21,21,21,21
171126,1,1,1991,17,17,17,17,17,17,17,17,17,17
171127,0,1,1991,0,0,0,26,0,0,0,0,0,22
171127,1,1,1991,0,0,0,0,0,0,0,0,0,0
171128,1,1,1991,0,0,0,0,0,0,0,0,0,0
171128,2,1,1991,0,0,0,0,0,0,0,0,0,0
171129,1,1,1991,12,0,0,0,0,0,0,0,0,0
171129,2,1,1991,0,0,0,0,0,0,0,0,0,0
171130,1,1,1991,0,0,0,0,0,0,0,0,0,0
171130,2,1,1991,0,0,0,0,0,0,0,0,0,0
171131,1,1,1991,21,21,21,21,21,21,21,21,21,21
171132,0,1,1991,0,0,0,0,0,0,0,0,0,0
171132,1,1,1991,0,0,0,0,0,0,0,0,0,0
171133,1,1,1991,0,0,0,0,0,0,0,0,0,0
171134,0,1,1991,0,0,0,0,0,0,0,0,0,0
171134,1,1,1991,0,0,0,0,0,0,0,0,0,0
171135,1,1,1991,27,13,17,4,24,15,12,16,25,16
171136,1,1,1991,0,0,0,0,0,0,0,0,0,0
171137,1,1,1991,21,21,21,21,21,21,21,21,21,21
171137,2,1,1991,0,0,0,0,0,0,0,0,0,0
171137,3,1,1991,0,0,0,0,0,0,0,0,0,0
171138,1,1,1991,0,0,0,0,0,0,0,0,0,0
171138,2,1,1991,0,0,0,0,0,0,0,0,0,0
171138,3,1,1991,0,0,0,0,0,0,0,0,0,0
171138,4,1,1991,0,0,0,0,0,0,0,0,0,0
171139,0,1,1991,0,0,0,0,0,0,0,0,0,0
171139,1,1,1991,0,0,0,0,0,0,0,0,0,0
171140,1,1,1991,0,0,0,0,0,0,0,0,0,0
171140,2,1,1991,0,0,0,0,0,0,0,0,0,0
171141,0,1,1991,30,30,30,30,30,30,30,30,30,30
171141,1,1,1991,0,0,0,0,0,0,0,0,0,0
171142,0,1,1991,5,0,0,0,12,0,0,0,0,0
171142,1,1,1991,0,0,0,0,0,0,0,0,0,0
171143,1,1,1991,20,20,20,20,20,20,20,20,20,20
171144,1,1,1991,0,0,0,0,0,0,0,0,0,0
171144,2,1,1991,0,0,0,0,0,0,0,0,0,0
171145,1,1,1991,0,0,0,0,0,0,0,0,0,0
171145,2,1,1991,0,0,0,0,0,0,0,0,0,0
171146,1,1,1991,0,0,0,0,0,0,0,0,0,0
171146,2,1,1991,0,0,0,0,0,0,0,0,0,0
171147,1,1,1991,0,3,0,0,0,0,0,0,0,0
171148,1,1,1991,9,9,9,9,9,9,9,9,9,9
171148,2,1,1991,0,0,0,0,0,11,0,0,0,0
171149,1,1,1991,19,36,5,6,17,21,14,12,24,15
171150,1,1,1991,0,0,0,0,0,0,0,0,0,0
171150,2,1,1991,0,0,0,0,0,0,0,0,0,0
171151,1,1,1991,19,19,19,19,19,19,19,19,19,19
171152,1,1,1991,0,0,0,0,0,10,0,0,0,0
171152,2,1,1991,0,0,0,17,0,0,0,0,0,0
171152,3,1,1991,0,0,0,0,0,0,0,0,0,0
171153,0,1,1991,0,0,0,0,0,0,0,0,0,0
171153,1,1,1991,0,0,0,0,0,0,0,0,0,0
171154,1,1,1991,19,19,19,19,19,19,19,19,19,19
171154,2,1,1991,0,0,0,0,0,0,0,0,0,0
171155,1,1,1991,0,0,0,0,0,0,0,0,0,0
171155,2,1,1991,0,0,0,0,18,11,0,0,0,0
171156,1,1,1991,9,18,26,23,13,22,17,17,22,16
171157,1,1,1991,14,14,14,14,14,14,14,14,14,14
171158,1,1,1991,23,23,23,23,23,23,23,23,23,23
171159,1,1,1991,16,16,16,16,16,16,16,16,16,16
171160,1,1,1991,21,21,21,21,21,21,21,21,21,21
171160,2,1,1991,0,0,0,0,0,0,0,20,0,0
171161,0,1,1991,26,26,26,26,26,26,26,26,26,26
171161,1,1,1991,0,0,0,0,7,23,0,0,0,0
171161,2,1,1991,0,0,0,0,0,0,0,0,0,0
171161,3,1,1991,0,8,0,0,0,0,0,0,6,0
171161,4,1,1991,0,0,0,0,0,0,0,0,0,0
171162,0,1,1991,0,0,0,0,0,0,0,0,0,0
171162,1,1,1991,0,0,0,0,0,0,0,0,0,0
171163,1,1,1991,4,4,4,4,4,4,4,4,4,4
171163,2,1,1991,0,0,0,0,0,0,0,0,0,0
171164,1,1,1991,17,0,20,26,6,34,12,10,13,15
171164,2,1,1991,0,0,0,0,0,0,0,13,0,0
171165,1,1,1991,0,0,0,0,0,0,0,0,0,0
171165,2,1,1991,0,0,0,0,0,0,0,0,0,0
171166,1,1,1991,0,0,9,0,0,15,0,0,0,0
171167,1,1,1991,29,29,29,29,29,29,29,29,29,29
171168,1,1,1991,11,11,11,11,11,11,11,11,11,11
171168,2,1,1991,0,5,0,0,0,0,0,0,0,0
171169,1,1,1991,0,0,0,0,0,0,0,0,0,0
171170,0,1,1991,0,0,0,0,0,0,0,0,0,0
171170,1,1,1991,0,8,0,0,0,0,0,0,0,0
171171,1,1,1991,13,13,13,13,13,13,13,13,13,13
171171,2,1,1991,7,7,7,7,7,7,7,7,7,7
171171,3,1,1991,18,26,13,17,18,2,6,11,22,24
171172,1,1,1991,0,0,0,0,0,0,0,0,0,0
171172,2,1,1991,0,0,0,0,0,0,0,0,0,0
171173,1,1,1991,22,22,22,22,22,22,22,22,22,22
171174,1,1,1991,0,24,2,20,19,7,18,4,19,19
171174,2,1,1991,0,0,0,0,0,0,0,0,0,0
171174,3,1,1991,0,0,0,0,0,0,0,0,0,0
171175,1,1,1991,14,15,14,13,0,13,9,9,12,18
171176,1,1,1991,3,3,3,3,3,3,3,3,3,3
171177,0,1,1991,0,0,0,0,0,0,0,0,0,0
171177,1,1,1991,0,0,0,0,0,0,0,0,0,0
171178,0,1,1991,0,0,0,0,0,0,19,0,0,18
171178,1,1,1991,0,0,0,0,0,0,0,0,0,0
171179,1,1,1991,8,17,15,22,15,20,19,5,8,14
171179,2,1,1991,11,11,11,11,11,11,11,11,11,11
171180,1,1,1991,0,13,0,10,0,0,0,18,15,0
171181,1,1,1991,19,19,19,19,19,19,19,19,19,19
171181,2,1,1991,0,13,0,8,0,0,18,20,0,11
171182,0,1,1991,0,0,0,0,0,0,0,0,0,0
171182,1,1,1991,0,0,0,0,0,0,0,0,0,0
171183,0,1,1991,8,0,0,24,0,15,0,0,0,0
171183,1,1,1991,0,0,0,0,0,0,0,0,0,0
171184,1,1,1991,0,0,0,0,0,0,0,0,0,0
171184,2,1,1991,0,0,0,12,0,0,0,0,19,0
171185,1,1,1991,20,20,20,20,20,20,20,20,20,20
171186,1,1,1991,11,10,18,9,0,8,20,0,0,13
171187,1,1,1991,0,9,0,0,0,0,24,0,0,0
171187,2,1,1991,0,0,11,0,16,0,0,10,0,0
171188,1,1,1991,17,17,17,17,17,17,17,17,17,17
171189,1,1,1991,0,0,0,0,0,0,0,0,0,0
171190,1,1,1991,0,0,0,0,0,0,0,0,0,0
171191,1,1,1991,0,0,0,0,0,0,0,0,0,0
171191,2,1,1991,0,0,0,0,0,0,0,0,0,19
171192,1,1,1991,0,0,0,0,0,0,0,0,0,0
171192,2,1,1991,0,0,0,0,0,0,0,0,0,0
171192,3,1,1991,0,0,0,0,0,0,0,0,0,0
171193,1,1,1991,0,0,0,0,0,0,0,0,0,0
171193,2,1,1991,0,0,0,0,0,0,0,0,0,0
171194,1,1,1991,0,0,0,22,0,0,0,0,0,0
171194,2,1,1991,0,0,0,0,0,0,0,0,0,0
171195,0,1,1991,0,0,0,0,0,0,0,0,0,0
171195,1,1,1991,0,0,0,0,0,0,0,0,0,0
171196,1,1,1991,0,0,0,0,0,0,0,0,0,0
171196,2,1,1991,0,0,0,0,0,0,0,0,0,0
171197,1,1,1991,0,0,0,0,0,0,0,0,0,0
171197,2,1,1991,24,24,24,24,24,24,24,24,24,24
171198,1,1,1991,0,0,0,0,0,0,0,0,0,0
171198,2,1,1991,0,0,0,0,0,0,0,0,0,0
171199,0,1,1991,0,0,0,0,0,0,0,0,0,0
171199,1,1,1991,0,0,0,0,0,0,0,0,0,0
171200,1,1,1991,0,0,0,0,0,0,0,0,0,0
171200,2,1,1991,0,0,0,0,0,0,0,0,0,0
171200,3,1,1991,0,0,0,0,0,0,0,0,0,0
171201,1,1,1991,0,0,0,0,0,0,0,0,0,0
171202,1,1,1991,0,0,0,0,0,0,0,0,0,0
171202,2,1,1991,0,0,0,0,0,0,0,0,0,0
171203,1,1,1991,8,8,8,8,8,8,8,8,8,8
171204,0,1,1991,23,0,0,46,11,25,48,21,11,23
171204,1,1,1991,0,0,0,0,0,0,0,0,0,0
171205,0,1,1991,0,0,0,0,0,0,0,0,0,0
171205,1,1,1991,0,0,0,0,0,0,0,0,0,0
171206,1,1,1991,13,13,13,13,13,13,13,13,13,13
171206,2,1,1991,0,0,0,0,0,0,19,0,0,0
171207,1,1,1991,0,0,0,0,0,0,0,0,0,0
171208,1,1,1991,0,0,0,0,0,0,0,0,0,0
171209,1,1,1991,0,0,0,0,0,0,0,0,9,0
171209,2,1,1991,0,0,0,0,0,0,0,0,0,18
171210,1,1,1991,0,0,0,0,0,0,0,0,0,0
171211,1,1,1991,13,13,13,13,13,13,13,13,13,13
171212,1,1,1991,0,0,0,0,0,0,0,0,0,0
171213,1,1,1991,14,14,14,14,14,14,14,14,14,14
171214,1,1,1991,0,0,0,0,0,0,0,0,0,0
171214,2,1,1991,0,0,0,0,0,0,0,0,0,0
171215,1,1,1991,0,0,0,0,0,0,0,0,0,0
171215,2,1,1991,0,0,0,0,0,0,0,0,0,0
171216,1,1,1991,0,0,0,0,0,0,0,0,0,0
171216,2,1,1991,0,0,0,0,0,0,0,0,0,0
171216,3,1,1991,0,0,0,0,0,0,0,0,0,0
171217,1,1,1991,0,0,0,0,0,0,0,0,0,0
171217,2,1,1991,0,0,0,0,0,0,0,0,0,0
171217,3,1,1991,0,0,0,0,0,0,0,0,0,0
171218,1,1,1991,11,11,11,11,11,11,11,11,11,11
171219,0,1,1991,0,0,0,0,0,0,0,0,0,0
171219,1,1,1991,0,0,0,0,0,0,0,0,0,0
171220,1,1,1991,29,29,29,29,29,29,29,29,29,29
171220,2,1,1991,0,0,0,0,0,0,0,0,0,0
171221,0,1,1991,0,0,0,0,0,0,0,0,0,0
171221,1,1,1991,12,12,12,12,12,12,12,12,12,12
171222,1,1,1991,6,0,13,17,14,25,20,5,14,13
171223,1,1,1991,19,19,19,19,19,19,19,19,19,19
171224,1,1,1991,0,0,0,0,0,0,0,0,0,0
171225,0,1,1991,0,0,0,0,0,0,0,0,0,0
171225,1,1,1991,0,0,0,0,0,0,0,0,0,0
171226,1,1,1991,24,24,24,24,24,24,24,24,24,24
171227,1,1,1991,11,11,11,11,11,11,11,11,11,11
171228,1,1,1991,16,16,16,16,16,16,16,16,16,16
171229,1,1,1991,0,0,0,0,0,0,0,0,0,0
171229,2,1,1991,0,0,0,0,0,0,0,0,0,0
171230,0,1,1991,4,0,0,0,0,0,0,0,0,0
171230,1,1,1991,0,0,0,0,0,0,0,0,0,0
171231,0,1,1991,0,0,24,20,0,0,0,22,0,0
171231,1,1,1991,21,0,0,14,0,22,10,0,16,0
171232,0,1,1991,0,0,0,0,0,0,0,0,0,0
171232,1,1,1991,0,0,0,0,0,0,0,0,0,0
171233,1,1,1991,0,0,0,0,0,0,0,0,0,0
171233,2,1,1991,0,0,0,0,0,0,0,0,0,0
171234,1,1,1991,0,0,0,0,0,0,0,0,0,0
171235,1,1,1991,9,9,9,9,9,9,9,9,9,9
171236,1,1,1991,0,0,0,0,0,0,0,0,0,0
171236,2,1,1991,0,0,0,0,0,0,0,0,0,0
171237,1,1,1991,0,0,0,0,0,0,0,0,0,0
171238,1,1,1991,0,0,0,0,0,0,0,0,0,0
171238,2,1,1991,0,0,0,0,0,0,0,0,0,0
171239,1,1,1991,0,0,0,0,0,0,0,0,0,0
171239,2,1,1991,0,0,0,0,0,0,0,0,0,0
171239,3,1,1991,10,10,10,10,10,10,10,10,10,10
171239,4,1,1991,0,0,0,0,0,0,0,0,0,0
171240,1,1,1991,15,15,15,15,15,15,15,15,15,15
171241,1,1,1991,12,12,12,12,12,12,12,12,12,12
171241,2,1,1991,0,0,0,0,0,0,0,0,0,0
171242,1,1,1991,14,14,14,14,14,14,14,14,14,14
171242,2,1,1991,0,0,0,0,0,0,0,0,0,0
171243,1,1,1991,14,0,0,0,27,0,0,0,0,0
171243,2,1,1991,0,0,8,0,8,0,0,0,0,0
171243,3,1,1991,0,0,0,0,0,0,0,0,0,0
171244,1,1,1991,16,16,16,16,16,16,16,16,16,16
171244,2,1,1991,10,10,10,10,10,10,10,10,10,10
171245,1,1,1991,0,0,0,0,0,0,0,0,0,0
171245,2,1,1991,0,0,0,0,0,0,0,0,0,0
171246,1,1,1991,0,0,0,0,0,0,0,0,0,0
171246,2,1,1991,0,0,0,0,0,0,0,0,0,0
171247,1,1,1991,8,13,22,6,4,13,16,20,4,8
171247,2,1,1991,6,6,6,6,6,6,6,6,6,6
171248,1,1,1991,20,20,20,20,20,20,20,20,20,20
171249,1,1,1991,0,0,0,0,0,0,0,0,0,0
171249,2,1,1991,0,0,0,0,0,0,0,0,0,0
171250,1,1,1991,0,0,0,0,0,0,0,0,0,0
171251,1,1,1991,6,6,6,6,6,6,6,6,6,6
171252,1,1,1991,27,27,27,27,27,27,27,27,27,27
171253,0,1,1991,0,0,0,0,0,0,0,0,0,0
171254,1,1,1991,0,0,0,0,0,0,0,10,0,0
171254,2,1,1991,0,0,0,0,0,0,0,0,0,0
171255,1,1,1991,0,0,0,0,0,0,0,0,0,0
171256,1,1,1991,0,0,0,0,0,0,0,0,0,0
171256,2,1,1991,0,0,0,0,0,0,0,0,0,0
171257,1,1,1991,2,2,2,2,2,2,2,2,2,2
171258,1,1,1991,4,4,4,4,4,4,4,4,4,4
171259,1,1,1991,0,0,0,19,0,0,10,0,0,0
171259,2,1,1991,0,0,0,0,0,0,0,0,0,0
171260,1,1,1991,0,0,0,0,0,0,0,0,0,0
171260,2,1,1991,0,0,0,0,0,0,17,0,0,0
171261,1,1,1991,12,12,12,12,12,12,12,12,12,12
171262,1,1,1991,0,0,0,0,0,0,0,0,0,0
171263,1,1,1991,0,0,0,0,0,0,0,0,0,0