ST_CASE,VEH_NO,PER_NO,YEAR,P1,P2,P3,P4,P5,P6,P7,P8,P9,P10
180254,1,1,1991,20,20,20,20,20,20,20,20,20,20
180255,1,1,1991,19,19,19,19,19,19,19,19,19,19
180255,2,1,1991,15,15,15,15,15,15,15,15,15,15
180256,0,1,1991,0,0,0,0,0,0,0,0,0,0
180256,0,2,1991,0,22,0,15,0,0,39,21,31,15
180256,1,1,1991,0,0,0,0,0,0,0,0,0,0
180257,1,1,1991,0,0,0,0,0,0,0,0,0,0
180257,2,1,1991,0,0,0,0,0,0,0,0,0,0
180258,1,1,1991,0,13,0,0,0,0,0,20,0,0
180258,2,1,1991,0,0,0,0,0,0,0,0,0,0
180259,1,1,1991,16,16,16,16,16,16,16,16,16,16
180260,0,1,1991,24,24,24,24,24,24,24,24,24,24
180260,1,1,1991,0,0,0,0,0,0,0,0,0,0
180261,1,1,1991,0,0,0,0,0,0,0,0,0,0
180262,1,1,1991,19,19,19,19,19,19,19,19,19,19
180263,1,1,1991,5,5,5,5,5,5,5,5,5,5
180264,1,1,1991,13,13,13,13,13,13,13,13,13,13
180265,0,1,1991,6,0,0,0,0,0,0,0,19,0
180265,1,1,1991,0,0,0,0,0,0,0,0,0,18
180266,1,1,1991,0,0,0,0,0,0,17,0,0,0
180266,2,1,1991,0,0,0,0,0,0,0,14,10,0
180266,3,1,1991,5,5,5,5,5,5,5,5,5,5
180267,1,1,1991,0,0,0,0,0,0,0,0,0,0
180267,2,1,1991,0,0,0,0,0,0,0,0,0,0
180267,3,1,1991,0,0,0,0,0,4,0,0,0,0
180268,1,1,1991,0,0,0,0,0,0,0,0,0,0
180268,2,1,1991,0,0,0,0,0,0,0,0,0,0
180269,1,1,1991,14,14,14,14,14,14,14,14,14,14
180269,2,1,1991,0,0,0,0,0,0,0,0,0,0
180270,1,1,1991,1,1,1,1,1,1,1,1,1,1
180270,2,1,1991,0,0,0,0,0,0,0,0,0,0
180271,1,1,1991,20,0,0,0,0,0,0,0,0,0
180271,2,1,1991,0,0,0,0,0,0,0,0,0,0
180272,1,1,1991,19,19,19,19,19,19,19,19,19,19
180272,2,1,1991,11,11,11,11,11,11,11,11,11,11
180273,1,1,1991,15,15,15,15,15,15,15,15,15,15
180274,1,1,1991,8,8,8,8,8,8,8,8,8,8
180275,1,1,1991,14,5,14,0,0,7,0,0,0,7
180276,1,1,1991,0,0,0,0,0,0,0,0,0,0
180276,2,1,1991,0,0,0,0,0,0,0,0,0,0
180277,1,1,1991,0,0,0,0,0,0,0,0,0,0
180277,2,1,1991,0,0,0,0,0,0,0,0,0,0
180278,1,1,1991,0,0,0,0,0,0,0,0,0,0
180278,2,1,1991,0,0,0,0,0,0,0,0,0,0
180279,1,1,1991,24,24,24,24,24,24,24,24,24,24
180279,2,1,1991,0,0,0,0,0,0,0,0,0,0
180280,1,1,1991,14,14,14,14,14,14,14,14,14,14
180281,1,1,1991,26,26,26,26,26,26,26,26,26,26
180282,1,1,1991,14,0,0,0,14,16,0,0,0,13
180283,1,1,1991,0,0,0,0,0,0,0,0,0,0
180284,1,1,1991,0,0,0,0,0,0,0,0,0,0
180284,2,1,1991,0,0,0,0,0,0,0,0,0,0
180285,1,1,1991,29,29,29,29,29,29,29,29,29,29
180286,1,1,1991,17,17,17,17,17,17,17,17,17,17
180287,1,1,1991,0,0,0,0,0,0,0,0,0,0
180288,1,1,1991,0,0,0,0,0,0,0,0,0,0
180288,2,1,1991,0,0,0,0,0,0,0,0,0,0
180289,1,1,1991,10,10,10,10,10,10,10,10,10,10
180290,1,1,1991,0,0,0,0,0,0,0,0,0,0
180290,2,1,1991,0,0,0,0,0,0,0,0,0,0
180291,1,1,1991,28,28,28,28,28,28,28,28,28,28
180291,2,1,1991,0,0,0,0,0,0,0,0,0,0
180292,1,1,1991,0,0,0,0,0,0,0,0,0,0
180292,2,1,1991,0,0,0,0,0,0,0,0,0,0
180293,1,1,1991,2,2,2,2,2,2,2,2,2,2
180294,1,1,1991,17,17,17,17,17,17,17,17,17,17
180295,1,1,1991,23,26,0,11,0,28,13,0,0,0
180296,1,1,1991,0,0,0,0,0,0,0,0,0,0
180296,2,1,1991,0,0,0,0,0,0,0,0,0,0
180297,1,1,1991,0,0,0,0,0,0,26,0,0,22
180298,0,1,1991,0,0,0,0,0,0,0,0,0,0
180298,1,1,1991,4,4,4,4,4,4,4,4,4,4
180299,1,1,1991,0,7,0,0,0,0,0,0,0,0
180299,2,1,1991,0,0,0,0,0,0,0,0,0,0
180300,1,1,1991,24,24,24,24,24,24,24,24,24,24
180301,1,1,1991,36,36,36,36,36,36,36,36,36,36
180302,0,1,1991,0,0,0,0,0,0,0,0,0,0
180302,1,1,1991,14,24,18,19,18,18,9,18,0,12
180303,1,1,1991,0,0,5,0,0,15,0,0,0,0
180304,1,1,1991,0,0,0,0,0,0,0,0,0,0
180305,1,1,1991,0,0,0,0,0,0,0,0,0,0
180305,2,1,1991,0,0,0,0,0,0,0,0,0,0
180306,1,1,1991,23,23,23,23,23,23,23,23,23,23
180306,2,1,1991,0,0,0,0,0,0,0,0,0,0
180307,1,1,1991,13,0,8,21,14,0,0,0,0,0
180308,1,1,1991,0,0,0,0,0,0,0,0,0,0
180308,2,1,1991,0,0,0,0,0,0,0,0,0,0
180309,1,1,1991,0,0,0,0,0,0,0,0,0,0
180309,2,1,1991,0,0,0,0,0,0,0,0,0,0
180310,1,1,1991,34,34,34,34,34,34,34,34,34,34
180311,1,1,1991,0,0,0,0,0,0,0,0,0,0
180311,2,1,1991,0,0,0,0,0,0,0,0,0,0
180312,1,1,1991,15,15,15,15,15,15,15,15,15,15
180313,0,1,1991,0,0,0,0,0,0,0,0,0,0
180313,1,1,1991,0,0,0,0,0,0,0,0,0,0
180314,0,1,1991,0,0,0,0,0,0,0,0,0,0
180314,1,1,1991,0,0,0,0,0,0,0,0,0,0
180315,1,1,1991,0,0,0,0,0,0,0,0,0,0
180315,2,1,1991,16,16,16,16,16,16,16,16,16,16
180316,1,1,1991,21,21,21,21,21,21,21,21,21,21
180317,1,1,1991,0,0,0,0,0,0,0,0,0,0
180317,2,1,1991,0,0,0,0,0,0,0,0,0,0
180318,1,1,1991,8,8,8,8,8,8,8,8,8,8
180319,1,1,1991,20,20,20,20,20,20,20,20,20,20
180319,2,1,1991,0,0,0,0,0,0,0,0,0,0
180320,1,1,1991,0,0,0,0,0,0,0,0,0,0
180320,2,1,1991,0,0,0,0,0,0,0,0,0,0
180321,1,1,1991,0,0,0,0,0,0,0,0,0,0
180322,1,1,1991,0,0,0,0,0,0,0,0,0,0
180322,2,1,1991,17,17,17,17,17,17,17,17,17,17
180323,0,1,1991,23,23,23,23,23,23,23,23,23,23
180323,1,1,1991,0,0,0,0,0,0,0,0,0,0
180324,1,1,1991,14,14,14,14,14,14,14,14,14,14
180324,2,1,1991,0,0,0,0,0,0,0,0,0,0
180325,0,1,1991,35,35,35,35,35,35,35,35,35,35
180325,1,1,1991,0,0,0,0,0,0,0,0,0,0
180326,1,1,1991,19,19,19,19,19,19,19,19,19,19
180327,1,1,1991,0,0,0,0,0,0,0,0,0,0
180328,0,1,1991,0,0,0,0,0,0,0,0,0,0
180328,1,1,1991,0,0,0,0,0,0,0,0,0,0
180329,1,1,1991,16,16,16,16,16,16,16,16,16,16
180330,1,1,1991,0,0,0,0,0,0,0,7,0,0
180330,2,1,1991,4,4,4,4,4,4,4,4,4,4
180331,1,1,1991,0,0,0,0,0,0,0,0,0,0
180332,1,1,1991,0,0,0,0,0,0,0,0,0,0
180333,0,1,1991,26,26,26,26,26,26,26,26,26,26
180333,1,1,1991,0,0,0,0,0,0,0,0,0,0
180334,1,1,1991,23,23,23,23,23,23,23,23,23,23
180334,2,1,1991,9,8,0,0,0,25,0,0,0,0
180335,1,1,1991,16,16,16,16,16,16,16,16,16,16
180336,1,1,1991,0,0,0,0,0,0,0,12,0,0
180337,0,1,1991,0,0,0,0,0,0,0,0,0,0
180337,1,1,1991,0,0,0,0,24,0,0,0,0,0
180338,1,1,1991,0,0,0,0,0,0,0,0,0,0
180338,2,1,1991,0,0,0,0,0,0,0,0,0,0
180339,1,1,1991,5,5,5,5,5,5,5,5,5,5
180339,2,1,1991,0,0,0,0,0,0,0,0,0,0
180340,0,2,1991,0,0,0,0,0,0,0,0,0,0
180340,1,1,1991,0,0,0,0,0,0,0,0,0,0
180341,1,1,1991,0,0,0,0,0,0,0,0,0,0
180341,2,1,1991,0,0,0,0,0,0,0,0,0,0
180342,1,1,1991,0,0,0,0,0,0,0,0,0,0
180342,2,1,1991,0,17,0,0,0,0,0,0,0,0
180343,1,1,1991,11,11,11,11,11,11,11,11,11,11
180344,1,1,1991,0,0,0,0,0,0,0,0,0,0
180344,2,1,1991,0,0,0,0,0,0,0,0,0,0
180345,1,1,1991,15,15,15,15,15,15,15,15,15,15
180346,1,1,1991,0,0,0,0,0,0,0,0,0,0
180347,1,1,1991,9,15,23,14,10,0,0,0,0,0
180347,2,1,1991,17,28,8,0,25,0,0,0,28,17
180348,1,1,1991,0,0,0,0,0,0,0,0,0,0
180348,2,1,1991,0,0,0,0,0,18,0,27,0,0
180349,1,1,1991,0,0,0,0,0,0,0,0,0,0
180349,2,1,1991,10,12,16,0,8,18,7,9,13,17
180350,1,1,1991,4,4,4,4,4,4,4,4,4,4
180350,2,1,1991,0,0,0,0,0,0,0,0,0,0
180351,1,1,1991,0,0,0,0,0,0,0,0,0,0
180351,2,1,1991,0,0,0,0,0,0,0,0,0,0
180352,1,1,1991,0,15,0,0,0,0,0,0,0,0
180352,2,1,1991,0,0,0,0,0,0,0,0,0,0
180353,1,1,1991,6,6,6,6,6,6,6,6,6,6
180354,1,1,1991,26,26,26,26,26,26,26,26,26,26
180355,1,1,1991,0,0,0,0,0,0,0,0,0,0
180355,2,1,1991,0,0,0,0,0,0,0,0,0,0
180357,1,1,1991,25,25,25,25,25,25,25,25,25,25
180357,2,1,1991,0,0,0,0,0,0,0,0,0,0
180358,1,1,1991,0,0,0,0,0,0,0,0,0,0
180359,1,1,1991,0,0,0,0,0,0,0,0,0,0
180360,1,1,1991,0,0,0,0,0,0,0,0,0,0
180360,2,1,1991,0,19,0,0,0,0,23,0,15,15
180361,1,1,1991,0,0,0,0,0,0,0,0,0,0
180361,2,1,1991,0,0,0,0,0,0,0,0,0,0
180361,3,1,1991,0,0,0,0,0,0,8,0,0,0
180362,1,1,1991,28,28,28,28,28,28,28,28,28,28
180362,2,1,1991,0,0,0,0,0,0,0,0,0,0
180363,1,1,1991,28,28,28,28,28,28,28,28,28,28
180365,1,1,1991,0,0,0,0,0,0,0,0,0,0
180365,2,1,1991,0,0,0,0,0,0,0,0,0,0
180366,1,1,1991,3,3,3,3,3,3,3,3,3,3
180366,2,1,1991,0,0,0,0,0,0,0,0,0,0
180367,1,1,1991,0,0,0,0,0,0,0,0,0,0
180367,2,1,1991,0,0,0,0,0,0,0,0,0,0
180368,0,1,1991,0,0,0,0,0,0,0,0,0,0
180368,1,1,1991,25,25,25,25,25,25,25,25,25,25
180369,1,1,1991,0,0,0,0,18,0,0,0,0,0
180370,0,1,1991,21,21,21,21,21,21,21,21,21,21
180370,1,1,1991,11,11,11,11,11,11,11,11,11,11
180371,1,1,1991,0,0,0,0,0,0,0,0,0,0
180371,2,1,1991,0,0,0,0,0,0,0,0,0,0
180372,1,1,1991,0,0,0,0,0,0,0,0,0,0
180372,2,1,1991,0,0,0,0,0,0,0,0,0,0
180372,3,1,1991,0,0,0,0,0,0,0,0,0,0
180373,1,1,1991,0,0,0,0,0,0,0,0,0,0
180374,1,1,1991,0,0,0,0,0,0,0,0,0,0
180374,2,1,1991,0,0,0,0,0,0,0,0,0,0
180375,1,1,1991,0,0,0,0,0,0,0,0,0,0
180376,1,1,1991,10,26,0,15,7,26,12,14,26,12
180377,1,1,1991,15,15,15,15,15,15,15,15,15,15
180377,2,1,1991,15,15,15,15,15,15,15,15,15,15
180378,1,1,1991,19,19,19,19,19,19,19,19,19,19
180379,0,1,1991,0,0,0,0,0,0,0,0,0,0
180379,1,1,1991,0,0,0,0,0,0,0,0,0,0
180380,1,1,1991,0,0,0,0,0,0,0,0,0,0
180381,0,1,1991,0,0,0,0,0,0,0,0,0,0
180381,1,1,1991,17,17,17,17,17,17,17,17,17,17
180382,1,1,1991,0,0,0,0,0,0,0,0,0,0
180382,2,1,1991,0,0,0,0,0,16,0,0,7,0
180383,1,1,1991,12,12,12,12,12,12,12,12,12,12
180384,1,1,1991,29,29,29,29,29,29,29,29,29,29
180385,1,1,1991,0,0,0,0,0,0,0,0,0,0
180386,1,1,1991,0,0,0,0,0,0,0,0,0,0
180387,1,1,1991,0,0,0,0,0,0,0,0,0,0
180387,2,1,1991,0,0,0,0,0,0,0,0,0,0
180388,1,1,1991,0,0,0,0,0,0,0,0,0,25
180389,1,1,1991,0,0,0,0,0,0,0,0,0,0
180389,2,1,1991,0,0,0,0,0,0,0,0,0,0
180390,1,1,1991,0,0,0,0,0,0,0,0,0,0
180390,2,1,1991,0,0,0,0,0,0,0,0,0,0
180392,0,1,1991,10,10,10,10,10,10,10,10,10,10
180392,1,1,1991,2,2,2,2,2,2,2,2,2,2
180393,1,1,1991,14,14,14,14,14,14,14,14,14,14
180394,1,1,1991,0,0,0,0,0,0,0,0,0,0
180394,2,1,1991,0,0,0,0,0,0,0,0,0,0
180396,0,1,1991,0,0,0,0,0,0,0,0,0,0
180396,1,1,1991,0,0,0,0,0,0,0,0,0,0
180397,1,1,1991,0,0,0,0,0,0,0,0,0,0
180397,2,1,1991,12,12,12,12,12,12,12,12,12,12
180398,1,1,1991,0,0,0,0,0,0,0,0,0,0
180399,1,1,1991,0,0,0,0,0,0,0,0,0,0
180399,2,1,1991,0,0,0,0,0,0,0,0,0,0
180400,1,1,1991,0,0,0,0,0,0,0,0,0,0
180400,2,1,1991,0,0,0,0,0,0,0,0,0,0
180401,1,1,1991,0,0,0,0,0,0,0,0,0,0
180401,2,1,1991,0,0,0,0,0,0,0,0,0,0
180401,3,1,1991,0,0,0,0,0,0,0,0,0,0
180402,1,1,1991,0,0,0,0,0,0,0,0,0,0
180403,1,1,1991,19,19,19,19,19,19,19,19,19,19
180404,0,1,1991,40,40,40,40,40,40,40,40,40,40
180404,0,2,1991,24,24,24,24,24,24,24,24,24,24
180404,1,1,1991,9,0,0,7,8,0,0,0,0,0
180405,0,1,1991,0,0,0,0,0,0,0,0,0,0
180405,1,1,1991,0,0,0,0,0,0,0,0,0,0
180406,1,1,1991,26,26,26,26,26,26,26,26,26,26
180407,0,1,1991,0,0,0,0,0,0,0,0,0,0
180407,1,1,1991,0,0,0,0,0,0,0,0,0,0
180408,1,1,1991,0,0,0,0,0,0,0,0,0,0
180408,2,1,1991,0,0,20,0,0,0,0,0,0,0
180408,3,1,1991,0,0,0,0,0,0,0,0,0,0
180409,1,1,1991,0,0,0,0,0,0,0,0,0,0
180410,1,1,1991,0,0,0,0,0,0,0,0,0,0
180411,1,1,1991,0,0,0,0,0,0,0,0,0,0
180411,2,1,1991,0,0,0,0,0,0,0,0,0,0
180412,1,1,1991,0,0,0,0,0,0,0,0,0,0
180412,2,1,1991,0,0,0,0,0,0,0,0,0,0
180413,1,1,1991,2,2,2,2,2,2,2,2,2,2
180414,1,1,1991,0,0,0,0,0,0,0,0,0,0
180414,2,1,1991,0,0,0,0,0,0,0,0,0,0
180415,1,1,1991,18,18,18,18,18,18,18,18,18,18
180415,2,1,1991,0,0,0,0,0,0,0,0,0,0
180417,1,1,1991,0,0,0,0,0,0,0,0,0,0
180419,1,1,1991,0,0,0,0,0,0,0,0,0,0
180419,2,1,1991,0,0,0,0,0,0,0,0,0,0
180419,3,1,1991,0,0,0,0,0,0,0,0,0,0
180420,1,1,1991,18,18,18,18,18,18,18,18,18,18
180421,1,1,1991,0,0,0,0,0,0,0,0,0,2
180421,2,1,1991,0,0,0,0,0,0,0,0,0,0
180422,1,1,1991,0,0,0,0,0,0,0,0,0,0
180422,2,1,1991,0,0,0,0,0,0,0,0,0,0
180423,0,1,1991,0,0,0,0,0,0,0,0,0,0
180423,1,1,1991,7,7,7,7,7,7,7,7,7,7
180424,0,1,1991,0,0,0,0,0,0,0,0,0,0
180424,1,1,1991,0,0,0,0,0,0,0,0,0,0
180425,1,1,1991,0,0,0,0,0,0,0,0,0,0
180425,2,1,1991,13,0,0,0,0,0,0,0,0,0
180426,1,1,1991,20,16,12,9,15,13,15,32,18,34
180427,1,1,1991,9,9,9,9,9,9,9,9,9,9
180427,2,1,1991,0,0,0,18,0,0,0,0,0,0
180428,1,1,1991,16,16,16,16,16,16,16,16,16,16
180429,1,1,1991,2,2,2,2,2,2,2,2,2,2
180430,1,1,1991,0,0,0,0,0,0,0,0,0,0
180430,2,1,1991,17,17,17,17,17,17,17,17,17,17
180431,1,1,1991,30,30,30,30,30,30,30,30,30,30
180431,2,1,1991,7,9,0,0,0,7,0,15,12,3
180432,1,1,1991,8,8,8,8,8,8,8,8,8,8
180433,1,1,1991,23,23,23,23,23,23,23,23,23,23
180433,2,1,1991,0,0,0,0,0,0,0,0,0,0
180435,1,1,1991,0,0,0,0,0,0,0,0,0,0
180436,1,1,1991,0,0,0,0,0,0,0,0,0,0
180437,1,1,1991,34,23,23,8,19,20,14,22,17,26
180438,1,1,1991,0,0,0,0,0,0,0,0,0,0
180439,1,1,1991,12,12,12,12,12,12,12,12,12,12
180440,1,1,1991,0,0,0,0,11,0,0,0,0,0
180440,2,1,1991,0,0,0,0,0,0,0,0,20,0
180441,1,1,1991,0,0,0,0,0,0,0,0,0,0
180442,1,1,1991,0,0,0,0,0,0,0,0,0,0
180442,2,1,1991,0,0,0,0,0,0,0,0,0,0
180443,1,1,1991,27,16,0,11,0,21,16,0,32,0
180444,1,1,1991,0,0,0,0,0,0,0,0,0,0
180444,2,1,1991,0,0,0,0,0,0,0,0,0,0
180445,0,1,1991,0,0,0,0,0,0,0,0,0,0
180445,1,1,1991,0,0,0,0,4,0,0,0,0,0
180446,1,1,1991,0,0,0,0,0,0,0,0,0,0
180446,2,1,1991,0,0,0,0,0,0,0,0,0,0
180447,1,1,1991,22,22,22,22,22,22,22,22,22,22
180448,1,1,1991,0,0,0,0,0,0,0,0,0,0
180448,2,1,1991,0,0,0,0,0,0,0,0,0,0
180449,1,1,1991,16,0,0,0,0,0,0,10,0,0
180449,2,1,1991,19,19,19,19,19,19,19,19,19,19
180450,1,1,1991,0,0,0,0,0,0,0,0,0,0
180450,2,1,1991,0,0,0,0,0,0,0,0,0,0
180451,1,1,1991,13,13,13,13,13,13,13,13,13,13
180452,1,1,1991,0,0,0,0,0,0,0,0,0,0
180453,1,1,1991,0,0,0,0,0,0,0,0,0,0
180453,2,1,1991,0,0,0,0,0,3,0,0,0,0
180454,1,1,1991,0,0,0,0,0,0,0,0,0,0
180454,2,1,1991,0,0,0,0,0,0,0,0,0,0
180454,3,1,1991,0,0,0,0,14,0,0,0,0,0
180455,1,1,1991,0,0,0,0,22,0,19,0,0,4
180456,1,1,1991,19,19,19,19,19,19,19,19,19,19
180457,1,1,1991,20,20,20,20,20,20,20,20,20,20
180458,1,1,1991,0,0,0,0,0,0,0,0,0,0
180458,2,1,1991,0,0,0,0,0,0,0,0,0,0
180459,1,1,1991,37,37,37,37,37,37,37,37,37,37
180461,1,1,1991,0,0,0,0,0,0,0,0,0,0
180461,2,1,1991,0,0,0,0,0,0,0,0,0,0
180463,1,1,1991,0,0,0,0,0,0,0,0,0,0
180463,2,1,1991,0,0,0,0,0,0,0,0,0,0
180464,1,1,1991,24,21,0,0,10,0,0,0,0,0
180464,2,1,1991,0,0,0,0,0,0,0,0,0,0
180465,1,1,1991,0,0,0,0,0,0,0,0,0,0
180466,1,1,1991,19,5,38,20,4,10,0,18,11,17
180467,1,1,1991,0,0,0,22,0,7,0,0,0,0
180468,1,1,1991,0,0,11,0,0,0,0,0,0,0
180468,2,1,1991,0,0,0,0,0,0,0,0,0,0
180469,0,1,1991,0,0,10,12,0,0,2,21,27,32
180469,1,1,1991,0,7,15,12,9,19,30,6,19,16
180470,1,1,1991,0,0,0,0,0,7,0,0,0,0
180470,2,1,1991,0,0,0,0,0,0,0,0,0,0
180471,1,1,1991,0,0,0,0,0,0,0,0,0,0
180471,2,1,1991,0,0,0,0,0,0,0,0,0,0
180473,1,1,1991,0,0,0,0,0,0,0,0,0,0
180473,2,1,1991,0,0,0,0,0,0,0,0,0,0
180474,0,1,1991,28,0,0,0,0,0,0,19,20,0
180474,1,1,1991,0,0,0,0,0,0,0,0,0,0
180475,1,1,1991,0,0,0,0,0,0,0,0,0,0
180475,2,1,1991,0,0,0,0,0,14,0,19,0,0
180476,1,1,1991,10,10,10,10,10,10,10,10,10,10
180477,1,1,1991,8,8,8,8,8,8,8,8,8,8
180477,2,1,1991,0,0,0,0,0,0,0,0,0,0
180478,1,1,1991,0,0,0,0,0,0,4,0,0,0
180478,2,1,1991,0,0,0,29,0,0,0,0,8,0
180479,1,1,1991,0,0,0,0,0,6,0,11,0,0
180479,2,1,1991,0,0,0,0,0,0,0,0,0,0
180480,1,1,1991,25,25,25,25,25,25,25,25,25,25
180480,2,1,1991,0,0,0,0,0,0,0,0,0,0
180481,0,1,1991,28,28,28,28,28,28,28,28,28,28
180481,1,1,1991,0,0,0,0,0,0,0,0,0,0
180482,1,1,1991,27,27,27,27,27,27,27,27,27,27
180483,1,1,1991,0,0,0,0,0,0,0,0,0,0
180484,1,1,1991,0,0,0,0,0,0,0,0,0,0
180484,2,1,1991,0,0,0,0,0,0,0,0,0,0
180485,1,1,1991,18,18,18,18,18,18,18,18,18,18
180486,1,1,1991,11,11,11,11,11,11,11,11,11,11
180487,1,1,1991,35,35,35,35,35,35,35,35,35,35
180488,1,1,1991,20,20,20,20,20,20,20,20,20,20
180489,1,1,1991,0,0,26,19,14,0,0,25,9,10
180489,2,1,1991,0,0,0,0,0,0,0,0,0,0
180490,1,1,1991,21,21,21,21,21,21,21,21,21,21
180490,2,1,1991,0,0,0,0,0,0,0,0,0,0
180491,1,1,1991,0,0,0,0,0,0,0,0,0,0
180491,2,1,1991,10,0,13,0,0,0,0,0,0,0
180492,0,1,1991,34,34,34,34,34,34,34,34,34,34
180492,1,1,1991,0,22,0,0,0,8,0,0,15,0
180493,0,1,1991,0,0,0,0,0,0,0,0,0,0
180493,1,1,1991,0,0,0,0,0,0,0,0,0,0
180494,1,1,1991,0,0,0,0,5,14,0,0,0,0
180494,2,1,1991,0,0,0,0,0,0,0,0,9,0
180495,1,1,1991,0,0,0,0,0,0,0,0,0,0
180496,1,1,1991,0,0,0,0,0,0,0,0,0,0
180496,2,1,1991,30,15,29,21,0,0,17,22,17,17
180496,3,1,1991,0,0,0,0,0,0,0,0,0,0
180496,4,1,1991,0,0,0,0,0,0,0,0,0,0
180497,1,1,1991,0,0,0,0,0,0,0,0,0,0
180497,2,1,1991,0,0,0,0,0,0,0,0,0,0
180498,1,1,1991,0,0,0,0,0,0,0,0,0,0
180498,2,1,1991,0,0,0,0,10,18,0,0,0,17
180498,3,1,1991,0,0,0,13,0,0,0,0,0,0
180499,1,1,1991,0,0,11,0,5,0,0,0,0,0
180499,2,1,1991,0,0,0,0,0,0,0,0,0,0
180500,1,1,1991,39,39,39,39,39,39,39,39,39,39
180501,1,1,1991,0,0,0,0,0,0,18,0,0,0
180501,2,1,1991,0,0,0,0,0,0,0,0,0,0
180502,1,1,1991,20,20,20,20,20,20,20,20,20,20
180502,2,1,1991,0,0,0,0,0,0,0,0,0,0
180503,1,1,1991,0,0,0,0,0,0,0,0,0,0
180504,1,1,1991,25,29,10,14,9,31,9,26,14,14
180505,1,1,1991,18,18,18,18,18,18,18,18,18,18
180506,1,1,1991,20,20,20,20,20,20,20,20,20,20
180507,1,1,1991,0,0,0,0,0,0,0,0,3,0
180507,2,1,1991,0,0,0,0,0,0,0,0,0,0
180508,1,1,1991,0,16,0,0,0,6,21,19,17,0
180509,0,1,1991,0,0,0,0,0,0,0,0,0,0
180509,1,1,1991,0,0,0,0,0,0,0,0,0,0
180510,1,1,1991,0,0,0,0,0,0,0,0,0,0
180510,2,1,1991,0,0,0,0,0,0,0,0,0,0
180511,1,1,1991,0,0,0,0,0,0,0,0,0,0
180511,2,1,1991,0,0,0,0,0,0,0,0,8,0
180512,1,1,1991,0,0,13,0,0,0,0,0,0,0
180513,1,1,1991,0,0,0,0,0,0,0,0,0,0
180515,1,1,1991,0,0,0,0,0,0,0,0,0,0
180515,2,1,1991,0,0,0,0,0,0,0,0,0,0
180516,1,1,1991,0,20,0,0,0,0,0,0,0,0
180516,2,1,1991,0,0,0,0,0,0,0,0,0,0
180517,1,1,1991,13,13,13,13,13,13,13,13,13,13
180517,2,1,1991,0,0,0,0,0,0,0,0,0,0
180518,1,1,1991,13,13,13,13,13,13,13,13,13,13
180519,1,1,1991,0,0,0,0,0,0,0,0,0,0
180519,2,1,1991,0,0,0,0,0,0,0,0,0,0
180519,3,1,1991,0,0,0,0,0,0,0,0,0,0
180519,4,1,1991,0,0,0,0,0,0,0,0,0,0
180519,5,1,1991,0,0,0,0,0,0,27,0,0,0
180519,6,1,1991,11,0,0,0,0,0,0,0,0,0
180520,1,1,1991,0,0,0,0,0,0,0,0,0,0
180520,2,1,1991,0,0,0,0,0,0,0,0,0,0
180524,1,1,1991,0,0,0,0,0,0,0,0,0,0
180524,2,1,1991,0,0,0,0,0,0,15,0,0,0
180525,1,1,1991,22,22,22,22,22,22,22,22,22,22
180525,2,1,1991,0,0,0,0,0,0,0,0,0,0
180526,1,1,1991,15,15,15,15,15,15,15,15,15,15
180526,2,1,1991,10,0,0,0,0,0,19,0,0,10
180527,1,1,1991,0,0,0,0,0,0,0,0,0,0
180527,2,1,1991,0,0,0,0,0,0,0,0,0,0
180528,1,1,1991,0,0,0,0,7,13,0,0,0,0
180528,2,1,1991,5,5,5,5,5,5,5,5,5,5
180529,1,1,1991,9,9,9,9,9,9,9,9,9,9
180530,1,1,1991,13,0,0,0,0,0,0,0,0,0
180530,2,1,1991,16,0,0,0,0,0,0,0,12,0
180530,3,1,1991,0,0,0,0,0,0,0,0,0,0
180531,1,1,1991,18,19,23,7,0,35,0,23,36,20
180532,1,1,1991,5,5,5,5,5,5,5,5,5,5
180533,1,1,1991,12,12,12,12,12,12,12,12,12,12
180534,1,1,1991,0,0,0,0,0,0,0,0,0,0
180535,1,1,1991,14,0,11,37,22,0,8,0,2,0
180536,1,1,1991,2,2,2,2,2,2,2,2,2,2
180536,2,1,1991,0,0,0,0,0,0,0,0,0,0
180537,0,1,1991,0,0,0,0,0,0,0,0,0,0
180537,1,1,1991,0,0,0,0,0,0,0,0,0,0
180538,1,1,1991,0,0,0,0,0,0,0,0,0,0
180538,2,1,1991,0,18,28,0,0,0,0,0,0,30
180539,1,1,1991,0,0,0,0,0,0,0,0,0,0
180539,2,1,1991,13,13,13,13,13,13,13,13,13,13
180540,1,1,1991,0,0,0,0,0,0,0,0,0,0
180540,2,1,1991,0,0,0,0,0,0,0,0,0,0
180541,1,1,1991,0,0,0,0,0,0,0,0,0,0
180541,2,1,1991,0,0,0,0,0,0,0,0,0,0
180542,1,1,1991,0,0,0,0,0,0,0,0,0,7
180543,1,1,1991,0,0,0,0,0,0,0,0,0,0
180543,2,1,1991,27,27,27,27,27,27,27,27,27,27
180544,1,1,1991,28,28,28,28,28,28,28,28,28,28
180545,1,1,1991,22,19,4,6,17,16,0,24,12,15
180546,1,1,1991,22,22,22,22,22,22,22,22,22,22
180547,1,1,1991,28,28,28,28,28,28,28,28,28,28
180548,1,1,1991,15,15,15,15,15,15,15,15,15,15
180548,2,1,1991,12,0,0,0,0,0,0,0,0,0