ST_CASE,VEH_NO,PER_NO,YEAR,P1,P2,P3,P4,P5,P6,P7,P8,P9,P10
180549,1,1,1991,31,31,31,31,31,31,31,31,31,31
180550,1,1,1991,0,0,0,0,0,0,0,0,0,0
180550,2,1,1991,0,0,0,0,0,0,0,0,0,0
180551,1,1,1991,20,20,20,20,20,20,20,20,20,20
180552,1,1,1991,9,9,9,9,9,9,9,9,9,9
180552,2,1,1991,0,0,0,0,0,0,0,0,0,0
180553,1,1,1991,11,11,11,11,11,11,11,11,11,11
180554,1,1,1991,0,0,0,0,0,0,0,0,0,0
180555,1,1,1991,29,29,29,29,29,29,29,29,29,29
180556,1,1,1991,25,25,25,25,25,25,25,25,25,25
180557,1,1,1991,28,0,0,24,0,31,26,0,12,16
180557,2,1,1991,0,0,0,0,0,0,0,0,0,0
180558,0,1,1991,0,0,0,0,0,0,0,0,0,0
180558,1,1,1991,0,0,0,0,0,0,0,0,0,0
180559,1,1,1991,24,24,24,24,24,24,24,24,24,24
180560,1,1,1991,0,0,0,0,0,0,0,0,0,0
180561,1,1,1991,0,0,0,0,0,0,0,0,0,0
180561,2,1,1991,0,0,0,0,0,0,0,0,0,0
180562,1,1,1991,0,0,0,0,0,0,0,0,0,0
180563,1,1,1991,5,5,5,5,5,5,5,5,5,5
180563,2,1,1991,21,21,21,21,21,21,21,21,21,21
180564,1,1,1991,0,0,0,0,0,0,0,0,0,0
180565,1,1,1991,16,16,16,16,16,16,16,16,16,16
180565,2,1,1991,0,0,0,0,0,0,0,0,0,0
180566,0,1,1991,13,13,13,13,13,13,13,13,13,13
180566,1,1,1991,0,0,0,0,0,0,0,0,0,0
180567,1,1,1991,0,0,15,0,0,0,0,0,0,0
180567,2,1,1991,0,0,0,0,0,0,0,0,0,0
180568,1,1,1991,0,0,0,0,0,0,0,0,0,0
180568,2,1,1991,0,0,0,0,0,0,0,0,0,0
180569,1,1,1991,0,0,0,0,0,0,0,0,0,0
180570,1,1,1991,19,19,19,19,19,19,19,19,19,19
180572,1,1,1991,0,0,0,0,0,0,0,0,0,0
180573,1,1,1991,19,19,19,19,19,19,19,19,19,19
180574,1,1,1991,0,0,0,0,0,0,0,0,0,0
180575,1,1,1991,0,0,0,0,0,0,0,0,0,0
180575,2,1,1991,0,0,0,0,0,0,0,0,0,0
180576,1,1,1991,19,19,19,19,19,19,19,19,19,19
180576,2,1,1991,0,0,0,0,0,0,0,0,0,0
180577,1,1,1991,0,0,0,0,0,0,0,0,0,0
180578,1,1,1991,9,9,9,9,9,9,9,9,9,9
180578,2,1,1991,0,0,14,0,0,0,0,0,0,0
180579,1,1,1991,33,33,33,33,33,33,33,33,33,33
180580,1,1,1991,23,23,23,23,23,23,23,23,23,23
180581,1,1,1991,0,0,0,0,0,0,0,0,0,0
180581,2,1,1991,0,0,0,0,0,0,0,0,0,0
180582,1,1,1991,0,0,0,0,0,0,0,0,0,0
180583,1,1,1991,0,19,0,0,18,0,12,12,0,7
180583,2,1,1991,0,0,0,0,0,0,0,0,0,0
180584,0,1,1991,0,0,0,21,33,0,0,0,0,40
180584,1,1,1991,0,0,0,0,0,0,0,0,0,0
180585,1,1,1991,13,0,0,0,0,0,0,0,0,0
180586,1,1,1991,2,2,2,2,2,2,2,2,2,2
180587,1,1,1991,0,0,0,0,0,0,0,0,0,0
180588,0,1,1991,0,0,0,0,0,0,0,0,0,0
180588,1,1,1991,15,15,15,15,15,15,15,15,15,15
180589,1,1,1991,0,0,0,0,0,0,0,0,0,0
180589,2,1,1991,0,0,0,0,0,0,0,0,0,0
180590,1,1,1991,17,17,17,17,17,17,17,17,17,17
180591,1,1,1991,0,0,0,0,0,0,0,0,0,0
180591,2,1,1991,0,0,20,0,0,0,0,0,0,0
180592,0,1,1991,19,19,19,19,19,19,19,19,19,19
180592,1,1,1991,3,3,3,3,3,3,3,3,3,3
180592,2,1,1991,0,0,0,0,0,0,0,0,0,0
180592,3,1,1991,0,0,0,0,0,0,0,0,0,0
180593,1,1,1991,0,0,0,0,0,0,0,0,0,0
180593,2,1,1991,0,0,0,0,0,0,0,0,0,0
180593,3,1,1991,0,0,0,0,0,0,0,29,0,0
180594,1,1,1991,17,17,17,17,17,17,17,17,17,17
180595,1,1,1991,11,11,11,11,11,11,11,11,11,11
180596,1,1,1991,21,21,21,21,21,21,21,21,21,21
180597,1,1,1991,19,19,19,19,19,19,19,19,19,19
180598,1,1,1991,0,0,0,0,0,0,0,0,0,0
180598,2,1,1991,0,0,0,0,0,0,0,0,0,0
180601,1,1,1991,4,4,4,4,4,4,4,4,4,4
180601,2,1,1991,0,10,0,0,0,0,0,0,0,0
180602,1,1,1991,0,0,0,0,3,14,0,0,0,0
180603,1,1,1991,0,0,0,0,0,29,0,0,0,0
180603,2,1,1991,0,0,0,0,0,0,0,0,0,0
180604,0,1,1991,0,0,0,0,0,0,0,0,0,0
180604,1,1,1991,0,0,0,0,0,0,0,0,0,0
180605,0,1,1991,0,0,0,0,0,0,0,0,0,0
180605,1,1,1991,0,0,0,0,0,0,0,0,0,0
180606,1,1,1991,0,0,0,0,0,0,0,23,0,0
180606,2,1,1991,0,0,0,0,3,0,0,0,0,0
180607,1,1,1991,0,0,0,0,0,0,0,0,0,0
180607,2,1,1991,0,0,0,0,0,0,0,14,0,0
180607,3,1,1991,0,0,0,0,0,0,0,0,0,0
180608,0,1,1991,0,0,5,0,0,16,0,5,0,0
180608,0,2,1991,0,0,0,0,0,0,0,0,0,0
180608,1,1,1991,0,0,0,0,0,0,0,0,0,0
180609,1,1,1991,20,20,20,20,20,20,20,20,20,20
180611,1,1,1991,19,19,19,19,19,19,19,19,19,19
180612,0,1,1991,0,0,0,0,0,0,0,0,0,0
180612,0,2,1991,0,27,15,0,26,18,0,0,0,19
180612,1,1,1991,0,0,0,0,0,0,0,0,0,0
180613,1,1,1991,14,14,14,14,14,14,14,14,14,14
180613,2,1,1991,0,0,0,0,0,0,0,0,25,0
180614,1,1,1991,23,23,23,23,23,23,23,23,23,23
180615,1,1,1991,9,7,0,0,18,27,9,30,36,10
180616,1,1,1991,37,28,7,28,19,10,18,14,0,7
180617,1,1,1991,13,13,13,13,13,13,13,13,13,13
180618,1,1,1991,8,26,22,21,7,24,19,30,19,19
180619,1,1,1991,0,0,0,0,0,0,0,0,0,0
180620,1,1,1991,9,9,9,9,9,9,9,9,9,9
180621,1,1,1991,0,0,0,0,0,0,0,0,0,0
180621,2,1,1991,0,0,0,0,0,0,0,0,0,0
180622,1,1,1991,25,25,25,25,25,25,25,25,25,25
180622,2,1,1991,0,0,0,0,0,0,0,0,0,0
180623,1,1,1991,0,0,0,0,0,0,0,0,0,0
180623,2,1,1991,0,0,0,0,0,0,0,0,0,0
180624,1,1,1991,20,20,20,20,20,20,20,20,20,20
180625,1,1,1991,5,5,5,5,5,5,5,5,5,5
180626,1,1,1991,9,9,9,9,9,9,9,9,9,9
180627,1,1,1991,25,25,25,25,25,25,25,25,25,25
180627,2,1,1991,0,0,0,0,0,0,0,0,0,0
180628,1,1,1991,0,0,0,0,0,0,0,0,0,0
180629,0,1,1991,0,0,0,0,0,0,0,0,0,0
180629,1,1,1991,0,0,0,0,0,0,0,0,0,0
180630,1,1,1991,0,0,0,0,0,0,0,0,0,0
180630,2,1,1991,0,0,0,0,0,0,0,0,0,0
180631,1,1,1991,0,0,0,0,0,0,0,0,0,0
180632,1,1,1991,0,0,0,0,0,0,0,7,0,0
180632,2,1,1991,0,0,0,0,13,0,0,0,0,0
180633,0,1,1991,0,0,0,0,0,0,0,0,0,0
180633,1,1,1991,0,0,0,0,0,0,0,0,0,0
180634,0,1,1991,0,0,0,0,0,0,0,0,0,0
180634,1,1,1991,0,0,0,0,0,0,0,0,0,0
180634,2,1,1991,0,0,0,0,0,0,0,0,0,0
180635,1,1,1991,0,0,0,0,0,0,0,0,0,0
180635,2,1,1991,0,0,0,0,0,0,0,0,0,0
180636,1,1,1991,0,17,0,0,29,0,14,0,0,8
180637,1,1,1991,0,0,0,0,0,0,0,0,0,0
180637,2,1,1991,0,0,0,0,0,0,0,0,0,0
180638,1,1,1991,19,19,19,19,19,19,19,19,19,19
180638,2,1,1991,0,0,0,0,0,0,0,11,21,0
180639,0,1,1991,0,0,0,0,0,0,0,0,0,0
180639,1,1,1991,0,0,0,0,0,0,0,0,0,0
180640,0,1,1991,0,0,0,0,0,0,0,0,0,0
180640,1,1,1991,0,0,0,0,0,0,0,0,0,0
180641,1,1,1991,33,33,33,33,33,33,33,33,33,33
180642,1,1,1991,19,22,0,0,28,0,0,0,0,11
180642,2,1,1991,0,0,0,0,0,0,0,0,0,0
180643,1,1,1991,0,0,0,0,0,0,0,0,0,0
180643,2,1,1991,13,0,0,0,0,0,0,0,0,0
180644,1,1,1991,0,0,0,0,0,0,0,0,0,0
180644,2,1,1991,0,0,0,0,0,0,0,0,0,0
180645,1,1,1991,30,30,30,30,30,30,30,30,30,30
180646,1,1,1991,2,2,2,2,2,2,2,2,2,2
180647,1,1,1991,0,0,0,0,0,0,0,0,0,0
180648,1,1,1991,0,0,0,0,0,9,11,12,0,22
180649,1,1,1991,12,12,12,12,12,12,12,12,12,12
180651,1,1,1991,0,0,13,18,0,0,0,0,0,0
180651,2,1,1991,0,0,0,0,0,0,0,0,0,0
180652,1,1,1991,0,0,0,0,0,0,0,0,0,0
180653,1,1,1991,19,19,19,19,19,19,19,19,19,19
180655,1,1,1991,0,0,0,0,0,0,0,0,0,0
180656,1,1,1991,8,8,8,8,8,8,8,8,8,8
180657,1,1,1991,17,17,17,17,17,17,17,17,17,17
180658,1,1,1991,30,30,30,30,30,30,30,30,30,30
180659,1,1,1991,0,0,0,0,0,0,0,0,0,0
180660,1,1,1991,17,17,17,17,17,17,17,17,17,17
180661,1,1,1991,0,11,0,0,5,0,13,2,16,0
180661,2,1,1991,0,0,0,0,0,0,0,0,0,0
180662,1,1,1991,0,0,0,0,0,0,0,0,0,0
180662,2,1,1991,0,0,0,0,0,0,0,0,0,0
180663,1,1,1991,17,17,17,17,17,17,17,17,17,17
180664,1,1,1991,2,2,2,2,2,2,2,2,2,2
180665,1,1,1991,17,17,17,17,17,17,17,17,17,17
180666,1,1,1991,0,0,0,0,0,0,24,0,0,0
180666,2,1,1991,0,0,0,0,0,0,0,0,0,0
180667,1,1,1991,0,0,0,0,0,0,0,0,0,0
180667,2,1,1991,0,0,0,0,0,0,0,0,0,0
180668,1,1,1991,0,0,0,0,0,0,0,0,0,0
180669,1,1,1991,3,3,3,3,3,3,3,3,3,3
180670,0,1,1991,0,0,0,0,0,0,0,0,0,0
180670,1,1,1991,0,0,0,16,0,0,0,0,0,0
180671,1,1,1991,26,26,26,26,26,26,26,26,26,26
180672,1,1,1991,13,13,13,13,13,13,13,13,13,13
180672,2,1,1991,0,0,0,0,0,0,0,0,0,0
180673,1,1,1991,10,10,10,10,10,10,10,10,10,10
180673,2,1,1991,23,23,22,15,8,12,18,6,7,14
180674,1,1,1991,19,19,19,19,19,19,19,19,19,19
180676,1,1,1991,10,10,10,10,10,10,10,10,10,10
180677,1,1,1991,37,37,37,37,37,37,37,37,37,37
180678,1,1,1991,31,31,31,31,31,31,31,31,31,31
180680,1,1,1991,0,0,0,0,0,0,0,0,0,0
180680,2,1,1991,0,0,0,0,0,0,0,0,0,0
180681,1,1,1991,11,12,0,13,0,0,0,0,13,0
180682,1,1,1991,22,22,22,22,22,22,22,22,22,22
180683,1,1,1991,21,21,21,21,21,21,21,21,21,21
180684,1,1,1991,0,0,0,0,0,0,0,0,0,0
180684,2,1,1991,0,0,0,0,0,0,0,0,0,0
180685,1,1,1991,18,18,18,18,18,18,18,18,18,18
180686,1,1,1991,37,37,37,37,37,37,37,37,37,37
180687,1,1,1991,23,23,23,23,23,23,23,23,23,23
180688,1,1,1991,17,17,17,17,17,17,17,17,17,17
180690,1,1,1991,0,0,0,0,0,0,0,0,0,0
180691,0,1,1991,24,23,58,20,18,20,0,7,25,34
180691,1,1,1991,11,11,11,11,11,11,11,11,11,11
180692,1,1,1991,0,0,0,0,0,0,0,0,0,0
180692,2,1,1991,0,0,0,0,0,0,0,0,0,0
180692,3,1,1991,0,0,0,0,0,0,0,0,0,0
180693,1,1,1991,12,12,12,12,12,12,12,12,12,12
180693,2,1,1991,7,7,7,7,7,7,7,7,7,7
180693,3,1,1991,0,0,0,0,0,0,0,0,0,0
180694,1,1,1991,0,0,0,0,0,0,0,0,0,0
180694,2,1,1991,0,0,0,0,20,0,0,0,0,0
180694,3,1,1991,22,22,22,22,22,22,22,22,22,22
180695,0,2,1991,0,9,0,23,15,26,15,33,17,15
180695,1,1,1991,0,0,0,0,0,0,0,0,0,0
180696,0,1,1991,0,0,0,0,0,0,0,0,0,0
180696,1,1,1991,0,0,0,0,0,0,0,0,0,0
180697,1,1,1991,0,0,0,0,0,0,0,0,0,0
180697,2,1,1991,0,14,0,0,0,0,3,0,0,0
180697,3,1,1991,0,0,0,0,0,0,0,0,0,0
180697,4,1,1991,0,0,0,0,0,0,0,0,0,0
180697,5,1,1991,0,0,0,0,0,0,0,0,0,0
180698,1,1,1991,16,16,16,16,16,16,16,16,16,16
180699,1,1,1991,0,0,15,12,0,0,23,22,0,14
180700,1,1,1991,3,3,3,3,3,3,3,3,3,3
180701,1,1,1991,20,20,20,20,20,20,20,20,20,20
180701,2,1,1991,0,0,0,0,0,0,0,0,0,0
180702,1,1,1991,13,3,21,0,0,21,5,6,10,11
180702,2,1,1991,0,0,0,0,0,0,0,0,0,0
180703,1,1,1991,20,20,20,20,20,20,20,20,20,20
180703,2,1,1991,19,19,19,19,19,19,19,19,19,19
180704,1,1,1991,24,24,24,24,24,24,24,24,24,24
180705,1,1,1991,0,0,0,0,0,0,0,11,0,0
180705,2,1,1991,0,0,0,0,0,0,0,0,0,0
180706,1,1,1991,0,0,0,0,0,0,0,0,0,0
180706,2,1,1991,0,0,0,0,0,0,0,0,0,0
180707,1,1,1991,5,5,5,5,5,5,5,5,5,5
180708,1,1,1991,0,0,0,0,0,0,0,22,0,0
180709,1,1,1991,15,15,15,15,15,15,15,15,15,15
180709,2,1,1991,0,0,0,0,0,0,0,0,0,0
180710,0,1,1991,0,0,0,0,0,0,0,0,0,0
180710,1,1,1991,0,0,0,0,0,0,0,0,0,0
180711,1,1,1991,0,0,0,0,0,0,0,0,0,0
180711,2,1,1991,0,0,0,0,0,0,0,0,0,0
180712,1,1,1991,0,0,0,0,0,0,0,0,0,0
180712,2,1,1991,0,0,0,0,0,0,0,0,0,0
180713,1,1,1991,0,0,0,0,0,0,0,0,0,0
180713,2,1,1991,0,0,0,0,0,0,0,0,0,0
180713,3,1,1991,0,0,0,0,0,0,18,0,0,0
180714,0,1,1991,16,0,0,0,0,0,12,0,9,0
180714,1,1,1991,0,0,0,0,0,0,0,0,0,0
180715,1,1,1991,3,3,3,3,3,3,3,3,3,3
180716,1,1,1991,0,0,0,0,0,0,0,0,0,0
180717,1,1,1991,0,11,0,0,19,0,0,0,0,0
180717,2,1,1991,0,0,0,0,29,18,0,0,0,16
180718,1,1,1991,20,19,19,0,13,16,21,0,14,0
180719,1,1,1991,14,14,14,14,14,14,14,14,14,14
180720,1,1,1991,0,19,0,0,16,16,0,0,0,0
180721,1,1,1991,18,18,18,18,18,18,18,18,18,18
180721,2,1,1991,0,0,0,0,0,0,0,0,0,0
180723,1,1,1991,19,0,0,0,0,0,0,0,0,0
180723,2,1,1991,0,0,0,0,0,0,0,0,0,0
180724,1,1,1991,0,0,0,0,0,0,0,0,0,0
180725,1,1,1991,0,0,0,0,0,0,0,0,0,0
180725,2,1,1991,0,0,0,0,0,0,0,0,0,0
180726,1,1,1991,21,21,21,21,21,21,21,21,21,21
180726,2,1,1991,0,0,0,0,0,0,0,0,0,0
180727,1,1,1991,0,0,0,0,0,0,0,0,0,0
180727,2,1,1991,0,0,0,0,0,0,0,0,0,0
180727,3,1,1991,0,0,0,0,0,0,0,0,0,0
180727,4,1,1991,0,0,0,0,0,0,0,0,0,0
180728,1,1,1991,32,32,32,32,32,32,32,32,32,32
180728,2,1,1991,14,3,11,0,24,0,9,18,3,8
180729,1,1,1991,26,26,26,26,26,26,26,26,26,26
180729,2,1,1991,0,0,0,0,0,0,0,0,0,0
180730,1,1,1991,0,0,0,0,0,0,0,0,0,0
180730,2,1,1991,0,0,0,0,0,0,0,0,0,0
180731,1,1,1991,27,27,27,27,27,27,27,27,27,27
180731,2,1,1991,0,13,0,0,0,24,11,0,0,0
180732,1,1,1991,0,0,0,0,0,0,0,0,0,0
180732,2,1,1991,0,0,0,0,0,0,0,0,0,0
180733,1,1,1991,13,13,13,13,13,13,13,13,13,13
180734,0,1,1991,0,0,0,0,0,0,0,0,0,0
180734,1,1,1991,0,0,0,0,0,0,0,0,0,0
180735,1,1,1991,14,14,14,14,14,14,14,14,14,14
180736,0,1,1991,16,0,0,0,0,18,0,0,0,0
180736,1,1,1991,0,0,0,0,0,0,0,0,0,0
180737,1,1,1991,0,0,0,0,0,0,0,0,0,0
180737,2,1,1991,0,0,0,0,0,0,0,0,0,0
180738,1,1,1991,30,30,30,30,30,30,30,30,30,30
180738,2,1,1991,25,24,0,0,21,38,12,17,27,6
180739,1,1,1991,0,0,0,0,0,0,0,0,0,0
180739,2,1,1991,0,0,5,0,0,10,0,0,38,0
180740,1,1,1991,0,0,0,0,0,0,0,0,0,0
180741,1,1,1991,0,0,0,0,0,0,0,0,0,0
180742,1,1,1991,0,0,0,0,0,0,0,0,0,0
180742,2,1,1991,0,0,0,0,0,17,0,0,0,0
180743,0,1,1991,0,0,0,21,0,0,0,0,0,0
180743,1,1,1991,0,0,0,0,0,0,0,0,0,0
180744,1,1,1991,0,0,0,0,0,0,0,7,0,0
180744,2,1,1991,0,0,0,0,0,4,0,0,0,0
180744,3,1,1991,0,0,0,0,0,0,0,0,0,0
180745,1,1,1991,18,18,18,18,18,18,18,18,18,18
180746,1,1,1991,0,0,0,0,0,0,0,0,0,0
180746,2,1,1991,0,0,0,0,0,0,0,0,0,0
180747,1,1,1991,0,0,0,0,0,0,0,0,0,0
180748,0,1,1991,17,17,17,17,17,17,17,17,17,17
180748,1,1,1991,0,0,0,0,0,0,0,0,11,0
180749,1,1,1991,0,0,0,0,0,0,0,0,0,0
180750,0,1,1991,3,3,3,3,3,3,3,3,3,3
180750,1,1,1991,8,13,0,11,19,0,3,0,0,15
180751,1,1,1991,0,0,0,0,0,0,0,0,0,0
180752,1,1,1991,13,13,13,13,13,13,13,13,13,13
180752,2,1,1991,0,0,0,0,0,0,0,0,0,0
180753,1,1,1991,0,29,25,33,21,25,0,0,0,13
180754,1,1,1991,0,0,0,0,0,0,0,0,0,0
180755,1,1,1991,26,26,26,26,26,26,26,26,26,26
180756,1,1,1991,12,12,12,12,12,12,12,12,12,12
180756,2,1,1991,0,0,0,0,0,0,0,0,0,0
180756,3,1,1991,0,0,0,0,0,0,0,0,0,0
180757,1,1,1991,2,2,2,2,2,2,2,2,2,2
180758,1,1,1991,2,2,2,2,2,2,2,2,2,2
180759,1,1,1991,13,13,13,13,13,13,13,13,13,13
180760,1,1,1991,15,15,15,15,15,15,15,15,15,15
180760,2,1,1991,0,0,0,0,0,0,0,0,0,0
180761,1,1,1991,0,14,0,0,0,0,37,0,0,0
180761,2,1,1991,28,28,28,28,28,28,28,28,28,28
180762,1,1,1991,0,0,0,0,0,0,0,0,0,0
180762,2,1,1991,35,35,35,35,35,35,35,35,35,35
180763,1,1,1991,0,0,0,0,0,0,0,0,0,0
180764,1,1,1991,0,0,0,0,0,0,0,0,0,0
180764,2,1,1991,0,0,0,0,0,0,0,0,0,0
180765,1,1,1991,24,0,23,0,21,0,13,16,13,31
180766,1,1,1991,0,0,14,0,0,0,0,0,0,0
180767,0,1,1991,0,0,0,0,0,0,0,0,0,0
180767,1,1,1991,0,0,0,0,0,0,0,0,0,0
180768,1,1,1991,13,13,13,13,13,13,13,13,13,13
180769,1,1,1991,0,0,0,8,0,0,0,0,0,0
180769,2,1,1991,23,23,23,23,23,23,23,23,23,23
180770,1,1,1991,0,0,0,0,0,0,0,0,0,0
180771,1,1,1991,0,0,0,0,0,0,0,0,0,0
180772,1,1,1991,31,31,31,31,31,31,31,31,31,31
180773,0,1,1991,0,0,0,0,0,0,0,0,0,0
180773,1,1,1991,0,10,0,0,0,7,23,0,0,0
180774,1,1,1991,19,19,19,19,19,19,19,19,19,19
180775,1,1,1991,26,0,0,0,20,0,0,0,0,0
180775,2,1,1991,0,0,10,0,0,0,0,0,0,0
180775,3,1,1991,0,0,0,0,0,0,0,0,0,0
180775,4,1,1991,0,0,0,0,0,0,0,0,0,0
180776,1,1,1991,0,0,0,0,0,0,0,0,0,0
180776,2,1,1991,7,7,7,7,7,7,7,7,7,7
180777,1,1,1991,0,0,0,0,0,0,0,0,0,0
180777,2,1,1991,0,0,0,0,0,0,0,0,0,0
180778,1,1,1991,0,0,0,0,0,0,0,0,0,0
180778,2,1,1991,0,0,0,0,0,0,0,0,0,0
180779,1,1,1991,28,28,28,28,28,28,28,28,28,28
180780,1,1,1991,0,0,0,0,0,0,0,0,0,0
180781,1,1,1991,0,0,0,0,0,0,0,0,0,0
180782,1,1,1991,26,26,26,26,26,26,26,26,26,26
180783,0,1,1991,22,14,0,5,7,17,10,0,0,16
180783,1,1,1991,9,0,0,0,10,0,0,26,23,23
180784,1,1,1991,0,0,0,0,0,0,0,0,0,0
180784,2,1,1991,0,0,0,0,0,0,0,0,0,8
180785,1,1,1991,0,0,0,0,0,0,0,0,0,0
180786,0,1,1991,0,0,0,0,0,0,0,0,0,0
180786,1,1,1991,4,4,4,4,4,4,4,4,4,4
180787,1,1,1991,18,18,18,18,18,18,18,18,18,18
180788,0,1,1991,20,20,20,20,20,20,20,20,20,20
180788,1,1,1991,0,0,0,0,0,0,0,0,0,0
180789,1,1,1991,0,0,0,0,0,0,0,0,0,0
180789,2,1,1991,0,0,0,0,0,0,0,0,0,0
180790,1,1,1991,0,0,0,0,0,0,0,0,0,0
180790,2,1,1991,0,0,0,0,0,0,0,0,0,0
180791,1,1,1991,0,16,0,0,0,31,0,0,0,0
180792,0,1,1991,22,22,22,22,22,22,22,22,22,22
180792,1,1,1991,0,0,0,10,0,10,12,4,3,0
180793,1,1,1991,0,0,0,0,0,0,0,0,0,0
180793,2,1,1991,0,0,0,0,0,0,0,0,0,0
180794,1,1,1991,0,0,0,0,0,0,0,0,0,0
180794,2,1,1991,0,0,0,0,0,0,0,0,15,0
180795,1,1,1991,0,0,0,0,0,0,0,0,0,0
180795,2,1,1991,0,0,13,0,0,0,0,0,0,0
180796,1,1,1991,19,19,19,19,19,19,19,19,19,19
180796,2,1,1991,13,13,13,13,13,13,13,13,13,13
180797,1,1,1991,6,6,6,6,6,6,6,6,6,6
180797,2,1,1991,15,15,15,15,15,15,15,15,15,15
180798,1,1,1991,0,0,0,0,0,0,0,0,0,0
180799,1,1,1991,5,5,5,5,5,5,5,5,5,5
180800,1,1,1991,24,24,24,24,24,24,24,24,24,24
180801,1,1,1991,0,0,0,0,0,0,0,0,0,0
180801,2,1,1991,0,0,0,0,9,0,0,0,0,0
180802,0,1,1991,0,0,0,0,0,0,0,0,0,0
180802,1,1,1991,0,0,0,0,0,0,0,0,0,0
180803,1,1,1991,0,0,0,0,0,0,0,0,0,0
180803,2,1,1991,0,0,0,0,0,0,0,0,0,0
180803,3,1,1991,0,0,0,0,0,0,0,0,0,0
180803,4,1,1991,0,0,0,0,0,0,0,0,0,0
180803,5,1,1991,0,0,0,0,0,0,0,0,0,0
180803,6,1,1991,0,0,0,0,0,0,0,0,0,0
180804,1,1,1991,0,0,0,0,0,0,0,0,0,0
180804,2,1,1991,0,0,0,0,0,0,0,0,0,0
180804,3,1,1991,0,0,0,0,0,0,0,0,0,0
180804,4,1,1991,0,0,0,0,0,0,0,0,0,0
180805,0,1,1991,0,0,0,0,0,0,0,0,0,0
180806,1,1,1991,0,0,0,0,0,0,0,0,0,0
180806,2,1,1991,0,0,0,0,0,0,0,0,0,0
180807,0,1,1991,0,0,0,0,0,0,0,0,0,0
180807,1,1,1991,0,0,0,0,0,0,0,0,0,0
180808,0,1,1991,0,0,0,0,0,0,0,0,0,15
180808,1,1,1991,0,0,0,0,0,0,8,0,0,0
180809,1,1,1991,21,21,21,21,21,21,21,21,21,21
180810,1,1,1991,22,22,22,22,22,22,22,22,22,22
180811,1,1,1991,0,0,0,0,0,0,0,0,0,0
180811,2,1,1991,0,0,0,0,0,0,0,0,0,0
180812,1,1,1991,23,23,23,23,23,23,23,23,23,23
180813,1,1,1991,27,27,27,27,27,27,27,27,27,27
180814,1,1,1991,26,26,26,26,26,26,26,26,26,26
180814,2,1,1991,0,0,0,0,0,6,0,0,0,0
180815,0,1,1991,18,24,20,25,22,20,7,44,19,18
180815,1,1,1991,5,27,14,12,10,7,10,11,13,14
180816,1,1,1991,28,28,28,28,28,28,28,28,28,28
180816,2,1,1991,0,0,0,0,0,0,0,0,0,0
180817,1,1,1991,0,0,0,0,0,0,0,0,0,0
180817,2,1,1991,0,0,0,0,0,0,0,0,0,0
180818,0,1,1991,0,0,0,0,0,0,0,0,0,0
180818,1,1,1991,0,0,0,0,0,0,0,0,0,0
180818,2,1,1991,0,0,0,0,0,0,0,0,0,0
180819,1,1,1991,0,0,0,0,0,0,0,0,0,0
180819,2,1,1991,0,0,0,0,0,0,0,0,0,0
180820,0,1,1991,0,0,0,0,0,0,0,0,0,0
180820,1,1,1991,0,0,0,0,0,0,0,0,0,0
180821,1,1,1991,0,0,0,0,0,0,0,0,0,0
180822,1,1,1991,0,0,0,0,0,0,0,0,0,0
180822,2,1,1991,0,0,0,0,0,0,0,0,0,0
180823,1,1,1991,22,22,22,22,22,22,22,22,22,22
180824,1,1,1991,0,0,0,0,0,0,0,0,0,0
180824,2,1,1991,0,0,0,0,0,0,0,0,0,0
180825,0,1,1991,22,22,22,22,22,22,22,22,22,22
180825,1,1,1991,0,0,0,0,0,0,0,0,0,0
180826,0,1,1991,23,23,23,23,23,23,23,23,23,23
180826,1,1,1991,0,0,0,0,0,0,0,0,0,0
180827,1,1,1991,0,0,0,0,0,0,0,0,0,0
180828,1,1,1991,0,0,0,0,0,0,0,0,0,0
180828,2,1,1991,0,0,0,0,0,0,0,0,0,0
180829,1,1,1991,0,0,0,0,0,0,0,0,0,0
180830,1,1,1991,0,0,0,0,0,0,0,0,0,0
180831,0,1,1991,15,15,15,15,15,15,15,15,15,15
180831,1,1,1991,0,0,0,0,0,0,0,6,0,0
180832,1,1,1991,0,0,0,0,0,0,0,0,0,0
180832,2,1,1991,0,0,0,0,0,0,0,0,0,0
180832,3,1,1991,0,0,0,0,0,0,0,0,0,0
180833,1,1,1991,0,0,0,0,0,0,0,0,0,0
180833,2,1,1991,0,0,0,0,0,0,0,0,0,0
180834,1,1,1991,3,3,3,3,3,3,3,3,3,3
180834,2,1,1991,0,0,0,0,0,0,0,0,0,0
180834,3,1,1991,0,0,0,0,0,0,0,0,0,0
180835,1,1,1991,0,0,0,0,0,0,0,0,0,0
180835,2,1,1991,0,0,0,0,0,0,0,0,0,0
180836,1,1,1991,0,24,0,0,0,0,0,0,5,21
180837,1,1,1991,0,0,0,0,0,0,0,0,0,0
180837,2,1,1991,0,0,0,0,0,0,0,0,0,0
180838,1,1,1991,0,0,0,0,0,0,0,0,0,0
180839,1,1,1991,0,0,0,0,0,0,0,0,0,0
180839,2,1,1991,0,0,0,0,0,0,0,0,0,0
180841,1,1,1991,22,22,22,22,22,22,22,22,22,22
180842,1,1,1991,0,0,0,0,0,0,0,0,0,0
180842,2,1,1991,0,0,0,0,0,0,0,0,0,0