ST_CASE,VEH_NO,PER_NO,YEAR,P1,P2,P3,P4,P5,P6,P7,P8,P9,P10
200062,2,1,1991,0,0,0,0,0,0,0,0,0,0
200063,1,1,1991,20,20,20,20,20,20,20,20,20,20
200064,1,1,1991,3,3,3,3,3,3,3,3,3,3
200065,1,1,1991,0,0,0,0,9,0,0,0,0,7
200066,1,1,1991,0,0,0,0,0,0,0,0,0,0
200066,2,1,1991,0,0,0,0,0,0,0,0,0,0
200067,1,1,1991,0,0,28,0,18,0,0,0,0,27
200067,2,1,1991,0,0,0,0,0,0,0,0,0,0
200068,1,1,1991,0,0,0,0,0,0,0,0,0,0
200068,2,1,1991,12,12,6,8,5,0,6,2,0,0
200069,1,1,1991,28,28,28,28,28,28,28,28,28,28
200069,2,1,1991,0,0,0,0,0,0,0,0,0,0
200070,1,1,1991,36,36,36,36,36,36,36,36,36,36
200071,1,1,1991,0,19,22,0,0,0,0,0,20,0
200071,2,1,1991,0,0,0,0,0,0,0,0,0,0
200072,1,1,1991,0,0,20,11,28,16,13,21,11,0
200073,1,1,1991,0,0,0,0,0,0,0,0,0,0
200073,2,1,1991,0,0,0,0,0,0,0,0,0,0
200074,1,1,1991,24,24,24,24,24,24,24,24,24,24
200075,1,1,1991,0,0,0,0,0,0,0,0,0,0
200075,2,1,1991,0,0,0,0,0,0,0,0,0,0
200076,1,1,1991,24,24,24,24,24,24,24,24,24,24
200076,2,1,1991,0,0,0,0,0,0,0,0,0,0
200077,1,1,1991,21,21,21,21,21,21,21,21,21,21
200077,2,1,1991,0,0,0,0,0,0,0,0,0,0
200078,1,1,1991,15,16,7,10,6,0,5,0,11,24
200079,1,1,1991,0,0,0,0,0,0,0,0,0,0
200079,2,1,1991,12,12,12,12,12,12,12,12,12,12
200080,1,1,1991,0,0,0,0,0,0,0,0,0,0
200080,2,1,1991,0,0,0,0,0,0,0,0,0,0
200081,1,1,1991,0,0,0,0,0,0,0,0,8,0
200081,2,1,1991,0,0,0,0,0,0,0,0,0,0
200082,1,1,1991,0,0,0,0,0,0,0,0,0,0
200082,2,1,1991,0,0,0,17,0,0,0,0,0,0
200083,1,1,1991,26,26,26,26,26,26,26,26,26,26
200084,1,1,1991,0,0,0,0,0,0,0,0,0,0
200084,2,1,1991,0,0,0,0,0,0,0,0,0,0
200085,1,1,1991,0,0,0,0,0,0,0,0,0,0
200085,2,1,1991,0,0,0,0,0,0,11,0,0,0
200086,1,1,1991,0,0,0,0,0,0,0,0,0,0
200087,1,1,1991,0,0,0,0,0,0,0,0,0,0
200087,2,1,1991,0,0,0,0,0,0,0,0,0,0
200088,1,1,1991,33,33,33,33,33,33,33,33,33,33
200089,1,1,1991,0,0,0,0,0,0,0,0,0,0
200090,1,1,1991,0,0,0,0,0,0,0,0,0,0
200090,2,1,1991,0,0,0,0,0,0,0,0,0,0
200091,1,1,1991,0,0,0,0,0,0,0,0,0,0
200091,2,1,1991,0,0,0,0,0,0,0,0,0,0
200092,1,1,1991,0,0,5,0,0,0,15,0,21,0
200092,2,1,1991,3,3,3,3,3,3,3,3,3,3
200092,3,1,1991,3,3,3,3,3,3,3,3,3,3
200093,1,1,1991,15,15,15,15,15,15,15,15,15,15
200093,2,1,1991,0,9,0,0,0,0,0,0,0,0
200094,1,1,1991,0,0,5,0,0,18,22,23,12,0
200095,1,1,1991,25,25,25,25,25,25,25,25,25,25
200095,2,1,1991,0,10,18,20,0,0,0,0,12,0
200096,1,1,1991,0,0,0,0,0,0,0,0,0,0
200096,2,1,1991,0,0,0,0,0,0,0,0,0,0
200097,1,1,1991,0,11,0,0,0,23,0,0,0,9
200098,1,1,1991,0,0,0,0,0,0,0,0,0,0
200098,2,1,1991,0,0,0,0,0,0,0,0,0,0
200099,1,1,1991,17,17,17,17,17,17,17,17,17,17
200100,1,1,1991,0,0,0,0,0,0,21,0,0,0
200101,1,1,1991,0,0,0,0,0,0,0,0,0,0
200101,2,1,1991,11,0,0,14,14,0,0,0,0,0
200102,1,1,1991,0,0,0,0,0,0,0,0,0,12
200103,1,1,1991,0,0,0,0,0,0,0,0,0,0
200103,2,1,1991,22,28,17,10,18,0,13,4,13,23
200104,1,1,1991,0,0,0,0,0,0,0,0,0,0
200104,2,1,1991,0,0,0,0,18,0,7,0,0,0
200104,3,1,1991,0,18,0,0,0,0,0,0,0,0
200106,1,1,1991,0,0,0,0,0,0,0,0,0,0
200106,2,1,1991,0,0,0,0,18,0,0,0,0,0
200107,1,1,1991,13,13,13,13,13,13,13,13,13,13
200107,2,1,1991,0,0,0,0,0,0,0,0,0,0
200108,1,1,1991,0,0,0,0,0,0,0,0,0,0
200108,2,1,1991,0,0,0,0,0,0,0,0,0,0
200108,3,1,1991,0,0,0,0,0,0,0,0,0,0
200108,4,1,1991,0,0,0,0,0,0,0,0,0,0
200109,1,1,1991,0,0,0,0,0,0,0,0,0,0
200109,2,1,1991,0,0,0,0,0,0,0,0,2,0
200110,1,1,1991,22,22,22,22,22,22,22,22,22,22
200111,0,1,1991,0,0,0,2,7,0,0,0,0,14
200111,1,1,1991,0,7,0,0,0,0,0,0,0,0
200112,1,1,1991,0,0,0,0,0,0,0,0,0,0
200113,1,1,1991,16,16,16,16,16,16,16,16,16,16
200114,1,1,1991,0,0,0,0,0,0,0,0,0,0
200116,1,1,1991,24,24,24,24,24,24,24,24,24,24
200118,1,1,1991,7,7,7,7,7,7,7,7,7,7
200119,1,1,1991,23,23,23,23,23,23,23,23,23,23
200119,2,1,1991,0,0,0,0,0,0,0,0,0,0
200120,1,1,1991,24,0,39,0,0,0,0,22,0,0
200121,1,1,1991,0,0,0,0,0,0,0,0,0,0
200121,2,1,1991,0,0,0,0,0,0,0,0,0,0
200122,1,1,1991,17,17,17,17,17,17,17,17,17,17
200123,1,1,1991,14,7,0,0,10,0,8,0,0,13
200124,1,1,1991,0,0,0,0,0,0,0,0,0,0
200124,2,1,1991,0,0,0,0,19,0,0,0,0,0
200125,1,1,1991,0,0,0,0,9,0,0,0,0,0
200125,2,1,1991,0,0,0,0,0,0,0,0,0,0
200126,1,1,1991,0,0,0,0,0,0,0,0,0,0
200126,2,1,1991,7,7,7,7,7,7,7,7,7,7
200127,1,1,1991,0,0,0,0,0,0,0,0,0,0
200127,2,1,1991,0,0,0,0,0,0,0,0,0,0
200128,0,1,1991,26,26,26,26,26,26,26,26,26,26
200128,1,1,1991,10,20,9,12,0,0,0,0,8,0
200129,1,1,1991,0,0,0,0,0,0,0,0,0,0
200129,2,1,1991,0,0,0,0,0,0,0,0,0,0
200130,1,1,1991,24,13,11,11,0,22,30,11,19,0
200131,1,1,1991,12,24,15,9,0,26,15,13,28,17
200132,1,1,1991,11,11,11,11,11,11,11,11,11,11
200133,1,1,1991,0,0,0,0,0,0,0,0,0,0
200133,2,1,1991,0,0,0,0,0,32,0,0,0,0
200134,0,1,1991,0,0,0,0,0,0,0,0,0,0
200134,1,1,1991,0,0,0,0,0,0,0,0,0,0
200135,1,1,1991,17,17,17,17,17,17,17,17,17,17
200136,1,1,1991,27,27,27,27,27,27,27,27,27,27
200137,1,1,1991,16,16,16,16,16,16,16,16,16,16
200138,1,1,1991,0,0,0,0,0,0,0,0,0,0
200139,1,1,1991,0,0,0,0,0,0,0,0,0,0
200140,1,1,1991,15,23,34,8,20,15,23,19,0,8
200140,2,1,1991,12,9,25,4,11,9,16,7,12,14
200140,3,1,1991,25,0,18,0,6,0,7,0,0,19
200141,1,1,1991,0,0,0,0,0,0,0,0,0,0
200142,1,1,1991,19,19,19,19,19,19,19,19,19,19
200143,0,1,1991,0,0,0,0,0,0,0,0,0,0
200143,1,1,1991,0,0,0,10,0,0,0,0,0,0
200144,1,1,1991,6,6,6,6,6,6,6,6,6,6
200144,2,1,1991,6,6,6,6,6,6,6,6,6,6
200145,1,1,1991,0,0,0,0,0,0,0,0,0,0
200145,2,1,1991,0,0,0,0,0,0,0,0,0,0
200146,1,1,1991,0,0,0,0,0,0,0,0,0,0
200146,2,1,1991,0,0,0,0,0,0,0,0,0,0
200147,1,1,1991,20,20,20,20,20,20,20,20,20,20
200148,1,1,1991,0,0,0,0,0,0,0,0,0,0
200148,2,1,1991,16,16,16,16,16,16,16,16,16,16
200149,1,1,1991,0,0,0,0,0,0,0,0,0,0
200149,2,1,1991,0,0,0,0,0,0,0,0,0,0
200150,1,1,1991,0,0,0,0,0,0,0,0,0,0
200151,1,1,1991,27,27,27,27,27,27,27,27,27,27
200152,1,2,1991,0,0,0,0,0,0,0,0,0,0
200153,1,1,1991,19,19,19,19,19,19,19,19,19,19
200154,1,1,1991,0,0,0,0,0,0,0,0,0,0
200154,2,1,1991,0,0,0,0,0,0,0,0,0,0
200156,0,2,1991,0,3,0,9,0,0,0,0,0,0
200156,0,3,1991,0,0,0,0,0,0,0,19,0,0
200156,1,1,1991,0,0,21,0,0,0,0,0,0,17
200157,1,1,1991,28,28,28,28,28,28,28,28,28,28
200158,1,1,1991,30,30,30,30,30,30,30,30,30,30
200160,1,1,1991,13,13,13,13,13,13,13,13,13,13
200161,1,1,1991,0,0,0,0,0,0,0,0,0,0
200161,2,1,1991,0,0,0,0,0,0,0,0,0,0
200162,1,1,1991,18,18,18,18,18,18,18,18,18,18
200163,1,1,1991,19,19,19,19,19,19,19,19,19,19
200163,2,1,1991,0,0,0,0,0,0,0,0,0,0
200164,1,1,1991,26,26,26,26,26,26,26,26,26,26
200165,1,1,1991,19,19,19,19,19,19,19,19,19,19
200166,1,1,1991,0,0,12,0,0,0,0,0,0,0
200167,1,1,1991,9,9,9,9,9,9,9,9,9,9
200168,1,1,1991,0,0,0,0,0,0,0,0,0,0
200169,1,1,1991,20,23,27,11,10,9,21,17,13,3
200170,1,1,1991,0,0,0,0,0,0,0,0,0,0
200171,1,1,1991,19,8,20,21,2,0,24,16,17,14
200172,1,1,1991,12,0,13,17,32,16,14,23,42,14
200173,1,1,1991,30,30,30,30,30,30,30,30,30,30
200173,2,1,1991,6,0,0,0,0,0,0,0,0,0
200174,1,1,1991,0,0,0,0,0,0,0,0,0,0
200175,1,1,1991,0,0,0,0,0,0,0,26,0,0
200176,1,1,1991,11,11,11,11,11,11,11,11,11,11
200177,0,5,1991,18,0,9,0,10,0,0,0,0,0
200177,1,1,1991,0,0,0,0,0,0,0,0,0,0
200178,1,1,1991,23,23,23,23,23,23,23,23,23,23
200179,1,1,1991,0,0,0,0,0,0,0,0,0,0
200179,2,1,1991,28,28,28,28,28,28,28,28,28,28
200180,1,1,1991,0,0,0,0,0,0,0,0,0,0
200182,1,1,1991,12,12,12,12,12,12,12,12,12,12
200183,1,1,1991,0,0,0,0,0,0,0,0,0,0
200183,2,1,1991,0,0,0,0,9,0,0,0,0,0
200184,1,1,1991,15,15,15,15,15,15,15,15,15,15
200185,1,1,1991,0,0,24,0,0,0,0,0,0,0
200185,2,1,1991,13,13,13,13,13,13,13,13,13,13
200186,1,1,1991,0,0,0,0,0,0,0,0,0,0
200187,1,1,1991,33,33,33,33,33,33,33,33,33,33
200188,1,1,1991,10,10,10,10,10,10,10,10,10,10
200189,1,1,1991,0,0,0,0,0,0,0,0,0,0
200190,1,1,1991,0,0,0,0,0,0,11,0,0,0
200190,2,1,1991,0,0,0,0,0,0,0,0,0,0
200191,0,1,1991,0,0,0,0,0,0,21,0,0,0
200191,1,1,1991,0,0,0,0,0,0,0,0,0,0
200192,1,1,1991,16,16,16,16,16,16,16,16,16,16
200193,1,1,1991,0,0,0,0,0,0,0,0,0,0
200194,1,1,1991,30,30,30,30,30,30,30,30,30,30
200195,1,1,1991,21,21,21,21,21,21,21,21,21,21
200196,1,1,1991,21,21,21,21,21,21,21,21,21,21
200196,2,1,1991,0,0,0,0,0,0,0,0,0,0
200197,1,1,1991,0,0,0,0,0,0,0,0,0,0
200197,2,1,1991,0,0,0,0,0,0,0,0,0,0
200198,1,1,1991,0,0,0,0,0,0,0,0,0,0
200198,2,1,1991,0,0,0,0,0,0,0,0,0,0
200199,1,1,1991,0,0,0,0,0,0,0,0,0,0
200200,1,1,1991,3,3,3,3,3,3,3,3,3,3
200201,0,1,1991,0,0,0,0,0,0,0,0,0,0
200201,1,1,1991,23,0,15,12,0,0,0,0,0,0
200202,1,1,1991,14,14,14,14,14,14,14,14,14,14
200203,1,1,1991,25,25,25,25,25,25,25,25,25,25
200204,1,1,1991,24,24,24,24,24,24,24,24,24,24
200205,1,1,1991,0,0,0,0,0,0,0,0,0,0
200205,2,1,1991,0,0,0,0,0,0,0,0,0,0
200206,1,1,1991,0,0,0,0,0,0,0,0,0,0
200206,2,1,1991,0,0,0,0,0,0,0,0,0,0
200207,1,1,1991,0,0,0,0,0,0,0,0,0,0
200207,2,1,1991,0,0,0,0,0,0,0,0,0,0
200208,1,1,1991,0,0,0,0,0,0,0,0,0,0
200209,1,1,1991,0,0,0,0,0,0,0,0,0,0
200210,1,1,1991,0,0,0,0,0,0,0,0,0,0
200210,2,1,1991,0,0,0,0,0,0,0,0,0,0
200211,1,1,1991,21,21,21,21,21,21,21,21,21,21
200212,0,1,1991,0,0,0,0,0,0,0,0,0,0
200212,0,2,1991,0,0,0,0,0,0,0,0,0,0
200212,0,3,1991,0,0,0,0,0,0,0,0,0,0
200212,1,1,1991,0,0,0,0,0,0,0,0,0,0
200213,0,1,1991,0,0,0,0,0,0,0,0,0,0
200213,1,1,1991,0,0,0,6,0,0,0,0,8,0
200214,1,1,1991,14,10,0,0,0,0,0,0,0,0
200215,1,1,1991,0,0,0,0,0,0,0,0,0,0
200215,2,1,1991,0,0,0,0,0,0,0,0,0,0
200217,1,1,1991,0,0,0,0,0,0,0,0,0,0
200218,1,1,1991,0,0,0,0,0,0,0,0,0,0
200218,2,1,1991,0,0,0,0,0,0,0,0,0,0
200219,1,1,1991,0,0,0,0,0,0,0,0,0,0
200219,2,1,1991,0,0,0,0,0,0,0,0,0,0
200220,0,1,1991,33,33,33,33,33,33,33,33,33,33
200220,1,1,1991,0,0,0,0,9,0,0,0,0,0
200221,1,1,1991,0,0,0,0,0,0,0,0,0,0
200221,2,1,1991,0,0,5,0,0,0,0,0,0,10
200222,1,1,1991,0,0,0,0,0,0,0,0,0,0
200222,2,1,1991,0,0,0,0,0,0,0,0,0,0
200223,1,1,1991,26,15,14,13,8,14,0,23,11,19
200225,1,1,1991,0,0,0,0,0,0,0,0,0,9
200225,2,1,1991,15,0,21,0,10,18,0,25,12,0
200226,1,1,1991,16,16,16,16,16,16,16,16,16,16
200227,1,1,1991,0,0,0,0,0,0,0,0,0,0
200228,1,1,1991,10,10,10,10,10,10,10,10,10,10
200229,1,1,1991,0,0,0,0,0,0,0,0,0,0
200230,1,1,1991,11,11,11,11,11,11,11,11,11,11
200230,2,1,1991,0,0,0,0,0,0,0,0,0,0
200232,1,1,1991,0,0,0,0,0,0,0,0,0,0
200232,2,1,1991,0,0,0,0,0,0,0,0,0,0
200233,1,1,1991,0,0,0,0,10,0,0,0,0,0
200233,2,1,1991,0,0,0,0,0,0,0,0,0,0
200234,1,1,1991,0,12,21,19,0,0,0,0,28,0
200235,1,1,1991,26,26,19,50,33,15,22,12,22,28
200236,0,1,1991,0,0,0,0,0,0,0,0,0,0
200236,1,1,1991,0,0,0,0,0,0,0,0,0,0
200237,1,1,1991,0,0,0,0,0,0,0,0,0,0
200237,2,1,1991,0,9,0,0,0,0,0,0,0,0
200238,1,1,1991,42,12,12,12,0,8,0,0,0,9
200239,1,1,1991,29,16,8,41,16,25,26,26,21,9
200240,1,1,1991,11,11,11,11,11,11,11,11,11,11
200241,0,1,1991,0,0,0,0,0,0,0,0,0,0
200241,1,1,1991,0,0,0,0,0,0,0,0,20,0
200242,1,1,1991,0,0,0,0,0,0,0,0,0,0
200242,2,1,1991,0,0,0,0,0,0,0,0,0,0
200243,1,1,1991,0,0,0,0,0,0,0,0,0,0
200243,2,1,1991,0,0,0,0,0,0,0,0,0,0
200244,1,1,1991,9,9,9,9,9,9,9,9,9,9
200244,2,1,1991,13,13,13,13,13,13,13,13,13,13
200245,1,1,1991,18,18,18,18,18,18,18,18,18,18
200246,1,1,1991,4,4,4,4,4,4,4,4,4,4
200246,2,1,1991,2,0,0,0,0,0,0,0,0,0
200247,1,1,1991,26,26,26,26,26,26,26,26,26,26
200248,1,1,1991,15,15,15,15,15,15,15,15,15,15
200249,1,1,1991,25,25,25,25,25,25,25,25,25,25
200249,2,1,1991,0,0,0,0,0,0,0,0,0,0
200250,1,1,1991,0,0,0,0,0,0,0,0,0,0
200250,2,1,1991,0,0,0,0,0,0,0,0,0,0
200251,1,1,1991,0,0,0,0,0,0,0,0,0,0
200251,2,1,1991,0,0,0,0,0,0,0,0,0,0
200252,1,1,1991,0,0,18,0,0,0,0,0,0,0
200253,1,1,1991,1,1,1,1,1,1,1,1,1,1
200253,2,1,1991,0,0,0,0,0,0,0,0,0,0
200254,1,1,1991,32,38,11,26,11,20,11,15,9,12
200255,1,1,1991,14,14,14,14,14,14,14,14,14,14
200256,1,1,1991,0,0,0,0,0,0,0,0,0,0
200256,2,1,1991,0,0,0,0,0,0,0,0,0,0
200259,1,1,1991,0,0,0,0,0,0,0,4,0,0
200260,1,1,1991,0,0,0,0,0,0,0,0,0,0
200261,1,1,1991,0,0,0,0,0,0,0,0,0,0
200261,2,1,1991,0,0,0,0,0,0,0,0,0,0
200262,1,1,1991,0,14,12,0,0,13,0,0,0,23
200263,1,1,1991,0,0,0,0,0,0,0,0,0,0
200263,2,1,1991,0,0,0,0,0,0,0,0,0,0
200264,1,1,1991,14,14,14,14,14,14,14,14,14,14
200265,1,1,1991,0,0,0,0,0,0,0,0,0,0
200265,2,1,1991,0,0,0,0,0,0,0,0,0,0
200266,0,1,1991,0,0,0,0,0,0,0,0,0,0
200266,1,1,1991,0,0,0,0,0,0,0,0,0,0
200267,1,1,1991,0,0,0,0,0,0,0,0,0,0
200267,2,1,1991,10,9,22,32,5,11,0,10,21,15
200268,1,1,1991,29,29,29,29,29,29,29,29,29,29
200269,1,1,1991,0,0,0,0,0,0,0,0,0,0
200269,2,1,1991,0,0,0,0,0,0,0,0,0,0
200270,1,1,1991,21,21,21,21,21,21,21,21,21,21
200271,1,1,1991,0,0,0,0,14,0,0,0,0,0
200271,2,1,1991,0,0,0,0,0,0,0,0,0,0
200272,1,1,1991,18,18,18,18,18,18,18,18,18,18
200273,1,1,1991,0,0,0,0,0,0,0,0,0,0
200273,2,1,1991,0,0,0,0,0,0,11,0,0,0
200273,3,1,1991,0,0,0,0,0,0,0,0,0,0
200274,1,1,1991,0,0,0,0,0,0,0,0,0,0
200274,2,1,1991,15,15,15,15,15,15,15,15,15,15
200275,1,1,1991,0,0,11,0,0,0,0,0,0,0
200275,2,1,1991,0,0,0,17,0,0,0,0,0,0
200276,1,1,1991,0,0,0,0,0,0,0,0,0,0
200277,1,1,1991,28,28,28,28,28,28,28,28,28,28
200278,0,1,1991,0,0,0,0,0,0,0,0,0,0
200278,1,1,1991,0,0,0,0,0,0,0,0,0,0
200279,1,1,1991,0,0,0,0,0,0,0,0,0,0
200279,2,1,1991,0,0,0,0,0,0,0,0,0,0
200280,1,1,1991,0,0,0,21,0,20,31,14,21,0
200281,1,1,1991,18,18,18,18,18,18,18,18,18,18
200281,2,1,1991,3,3,3,3,3,3,3,3,3,3
200282,1,1,1991,0,10,11,0,8,17,0,10,0,21
200283,1,1,1991,0,0,0,0,0,0,0,0,0,0
200283,2,1,1991,26,26,26,26,26,26,26,26,26,26
200284,0,1,1991,0,0,0,0,0,0,0,0,0,0
200284,1,1,1991,0,0,0,0,0,0,0,0,0,0
200285,1,1,1991,0,0,0,0,0,0,0,0,0,0
200285,2,1,1991,0,2,0,0,0,0,6,0,0,11
200286,1,1,1991,34,34,34,34,34,34,34,34,34,34
200288,1,1,1991,0,0,0,0,0,0,0,0,0,0
200288,2,1,1991,0,20,0,14,0,0,0,0,0,0
200289,1,1,1991,26,26,26,26,26,26,26,26,26,26
200290,0,1,1991,31,12,26,17,20,15,38,34,10,48
200290,1,1,1991,16,16,16,16,16,16,16,16,16,16
200291,1,1,1991,0,0,0,0,0,0,7,0,0,0
200291,2,1,1991,0,0,0,0,0,0,0,0,0,0
200292,1,1,1991,0,0,0,0,0,0,0,0,0,0
200292,2,1,1991,0,0,0,0,0,0,0,0,0,0
200293,1,1,1991,0,0,0,0,0,0,0,0,0,0
200293,2,1,1991,0,0,13,0,0,0,0,0,0,0
200294,1,1,1991,0,0,0,0,0,0,0,0,0,0
200294,2,1,1991,0,0,0,0,0,0,0,0,0,0
200295,1,1,1991,0,0,0,0,0,0,0,0,17,0
200296,1,1,1991,0,0,0,0,0,0,0,0,0,0
200296,2,1,1991,0,0,0,0,0,0,0,0,0,0
200297,1,1,1991,0,0,0,0,0,0,0,0,0,0
200297,2,1,1991,31,31,31,31,31,31,31,31,31,31
200298,1,1,1991,22,22,22,22,22,22,22,22,22,22
200299,1,1,1991,0,0,0,0,0,0,0,0,0,0
200299,2,1,1991,0,0,0,0,0,0,0,9,0,0
200300,1,1,1991,19,19,19,19,19,19,19,19,19,19
200301,1,1,1991,18,7,15,12,22,9,23,17,17,13
200302,1,1,1991,0,0,0,0,0,0,0,0,0,0
200303,1,1,1991,25,25,25,25,25,25,25,25,25,25
200303,2,1,1991,25,25,25,25,25,25,25,25,25,25
200304,1,1,1991,0,0,0,0,6,0,0,0,0,0
200304,2,1,1991,0,0,0,0,0,0,0,0,0,0
200305,1,1,1991,0,0,0,0,0,0,0,0,0,0
200305,2,1,1991,0,0,0,0,0,0,0,0,0,0
200306,1,1,1991,0,0,0,0,0,0,0,0,0,0
200307,1,1,1991,0,0,0,0,0,0,0,0,0,0
200307,2,1,1991,0,0,0,0,0,0,0,0,0,0
200308,1,1,1991,0,0,0,0,0,0,0,0,0,0
200308,2,1,1991,0,0,0,0,0,0,0,0,0,0
200309,1,1,1991,25,25,25,25,25,25,25,25,25,25
200310,1,1,1991,15,15,15,15,15,15,15,15,15,15
200311,1,1,1991,0,0,0,0,0,0,0,0,0,0
200311,2,1,1991,0,0,0,0,0,0,0,0,0,0
200312,1,1,1991,20,20,20,20,20,20,20,20,20,20
200313,1,1,1991,0,0,0,0,0,0,0,0,0,0
200315,1,1,1991,0,0,0,0,0,0,0,0,0,0
200316,1,1,1991,0,0,0,0,0,0,0,0,0,0
200316,2,1,1991,0,0,0,0,0,0,0,0,0,0
200317,1,1,1991,0,0,0,0,0,0,0,0,0,0
200317,2,1,1991,0,0,0,0,0,0,0,0,0,0
200318,0,1,1991,0,0,0,0,0,0,0,0,0,0
200318,1,1,1991,0,0,0,0,0,0,0,0,0,0
200319,1,1,1991,0,0,0,0,0,0,0,0,0,0
200319,2,1,1991,0,0,0,0,0,0,0,0,0,0
200320,1,1,1991,0,0,0,0,0,0,0,0,0,0
200321,1,1,1991,0,0,0,0,0,0,0,0,0,0
200322,1,1,1991,0,0,0,0,0,0,0,0,0,0
200323,1,1,1991,0,0,0,0,0,0,0,0,0,0
200323,2,1,1991,0,0,0,0,0,0,0,0,0,0
200324,1,1,1991,0,0,0,0,0,0,0,0,0,0
200324,2,1,1991,0,0,0,0,0,0,0,0,0,0
200325,1,1,1991,0,0,0,0,0,0,12,0,0,0
200325,2,1,1991,0,0,0,0,0,0,0,0,0,0
200326,0,1,1991,0,0,0,0,0,0,0,0,0,0
200326,1,1,1991,0,0,0,0,0,0,0,0,0,0
200327,1,1,1991,7,7,7,7,7,7,7,7,7,7
200328,1,1,1991,0,0,0,0,0,0,0,0,0,0
200328,2,1,1991,0,0,0,0,0,0,0,0,0,0
200329,1,1,1991,23,23,23,23,23,23,23,23,23,23
200330,1,1,1991,0,0,0,0,0,0,0,0,0,0
200330,2,1,1991,0,5,0,0,13,0,0,0,0,0
200331,1,1,1991,32,13,0,11,9,0,0,0,0,0
200332,0,1,1991,0,0,0,0,0,0,0,0,0,0
200332,1,1,1991,0,0,0,0,0,0,0,0,0,0
200333,1,1,1991,30,30,30,30,30,30,30,30,30,30
200334,1,1,1991,19,19,19,19,19,19,19,19,19,19
200335,1,1,1991,0,0,0,0,0,20,0,0,0,0
200336,1,1,1991,35,35,35,35,35,35,35,35,35,35
200338,1,1,1991,15,15,15,15,15,15,15,15,15,15
200339,1,1,1991,0,0,0,0,0,0,0,0,0,0
200339,2,1,1991,0,0,0,0,0,0,0,0,0,0
200340,1,1,1991,9,9,9,9,9,9,9,9,9,9
200341,1,1,1991,4,4,4,4,4,4,4,4,4,4
200342,1,1,1991,0,0,0,0,0,0,0,0,0,0
200343,1,1,1991,0,0,0,0,0,0,13,0,7,0
200344,0,1,1991,4,4,4,4,4,4,4,4,4,4
200344,1,1,1991,0,0,0,0,0,0,0,0,0,0
200345,1,1,1991,1,1,1,1,1,1,1,1,1,1
200346,1,1,1991,37,37,37,37,37,37,37,37,37,37
200348,1,1,1991,0,0,0,0,15,0,7,0,0,0
200348,2,1,1991,0,0,0,0,0,0,0,0,5,0
200349,1,1,1991,14,14,14,14,14,14,14,14,14,14
200350,1,1,1991,0,0,0,0,0,0,0,0,0,0
200350,2,1,1991,0,0,0,0,0,0,0,0,0,0
200351,0,1,1991,0,0,0,0,0,0,0,0,0,0
200351,1,1,1991,0,0,0,0,0,0,0,0,0,0
200352,1,1,1991,0,0,0,0,0,0,0,0,0,0
200352,2,1,1991,0,0,0,0,0,0,0,0,0,0
200353,1,1,1991,0,0,0,0,0,0,0,0,0,0
200353,2,1,1991,0,0,0,0,0,0,0,0,0,0
200354,1,1,1991,0,0,9,0,0,0,0,0,0,0
200354,2,1,1991,19,19,19,19,19,19,19,19,19,19
200356,1,1,1991,0,0,0,0,0,0,0,0,0,0
200356,2,1,1991,0,0,0,0,0,0,0,0,0,0
200356,3,1,1991,0,0,0,0,0,0,0,0,0,0
200357,1,1,1991,0,0,0,0,0,0,0,0,0,0
200357,2,1,1991,0,0,0,0,0,0,0,0,0,0
200358,1,1,1991,9,9,9,9,9,9,9,9,9,9
200359,1,1,1991,0,0,0,0,0,0,0,0,0,0
200359,2,1,1991,0,0,0,0,0,0,0,0,0,0
200361,1,1,1991,0,0,0,0,0,0,0,0,0,0
200362,0,1,1991,0,0,0,0,0,0,0,0,0,0
200362,1,1,1991,0,0,0,5,0,0,0,0,0,0
200363,0,1,1991,0,0,0,11,0,0,0,0,0,0
200363,1,1,1991,0,0,0,14,0,0,0,0,0,0
200364,1,1,1991,20,20,20,20,20,20,20,20,20,20
200365,1,1,1991,0,0,22,0,0,18,0,0,0,0
200366,1,1,1991,0,0,0,0,0,0,0,0,0,0
200366,2,1,1991,0,0,0,0,0,0,0,0,0,0
200367,0,1,1991,0,0,0,0,0,0,0,0,0,0
200367,1,1,1991,0,0,0,0,0,0,0,0,0,0
200368,1,1,1991,0,0,0,0,0,0,0,0,0,0
200369,1,1,1991,0,0,0,0,0,0,0,0,0,6
200370,1,1,1991,19,19,19,19,19,19,19,19,19,19
200371,1,1,1991,0,0,0,0,0,0,0,0,0,0
200372,1,1,1991,25,25,25,25,25,25,25,25,25,25
200374,0,1,1991,0,0,0,0,0,0,0,0,0,0
210001,1,1,1991,16,16,16,16,16,16,16,16,16,16
210003,1,1,1991,0,0,0,0,0,0,0,0,0,0
210004,1,1,1991,8,8,8,8,8,8,8,8,8,8
210005,1,1,1991,19,19,19,19,19,19,19,19,19,19
210006,0,1,1991,0,25,0,0,0,10,4,0,0,0
210006,0,2,1991,0,0,9,0,0,17,3,0,28,7
210006,1,1,1991,0,0,0,0,0,0,0,0,0,0
210006,2,1,1991,0,0,0,0,0,0,0,0,18,0
210007,1,1,1991,0,0,0,0,0,0,0,0,0,0
210007,2,1,1991,0,0,0,0,0,0,0,0,0,0
210008,1,1,1991,0,0,0,0,0,0,0,0,0,0