ST_CASE,VEH_NO,PER_NO,YEAR,P1,P2,P3,P4,P5,P6,P7,P8,P9,P10
210009,1,1,1991,0,0,0,0,0,0,0,0,0,0
210009,2,1,1991,0,0,0,0,0,0,0,0,0,0
210010,0,1,1991,0,0,0,0,0,0,0,0,0,0
210010,0,2,1991,10,0,0,0,0,0,31,0,0,0
210010,1,1,1991,0,16,8,0,0,0,9,0,0,0
210011,1,1,1991,11,11,11,11,11,11,11,11,11,11
210013,0,1,1991,0,0,0,0,0,0,0,0,0,0
210013,1,1,1991,0,0,0,0,0,0,0,0,0,0
210013,2,1,1991,0,0,0,0,0,0,0,0,0,0
210014,0,1,1991,0,26,20,22,14,22,0,9,0,15
210014,0,2,1991,21,26,0,0,0,44,27,0,0,13
210014,1,1,1991,24,24,24,24,24,24,24,24,24,24
210014,2,1,1991,0,0,0,0,0,0,0,0,0,0
210015,1,1,1991,16,16,16,16,16,16,16,16,16,16
210016,1,1,1991,28,28,28,28,28,28,28,28,28,28
210017,1,1,1991,0,0,0,0,0,0,0,0,0,0
210017,2,1,1991,0,0,0,0,0,0,0,0,0,0
210018,1,1,1991,0,0,0,0,0,0,0,0,0,0
210019,1,1,1991,1,1,1,1,1,1,1,1,1,1
210019,2,1,1991,0,0,0,0,0,0,0,0,0,0
210020,1,1,1991,17,17,17,17,17,17,17,17,17,17
210021,1,1,1991,40,40,40,40,40,40,40,40,40,40
210022,1,1,1991,0,0,0,0,0,0,0,0,0,0
210022,2,1,1991,0,0,0,0,0,0,0,0,0,0
210023,1,1,1991,20,20,20,20,20,20,20,20,20,20
210024,1,1,1991,13,13,13,13,13,13,13,13,13,13
210024,2,1,1991,0,0,0,0,14,16,0,0,0,0
210025,1,1,1991,0,0,0,0,0,0,0,0,0,0
210025,2,1,1991,0,0,0,0,0,0,0,0,0,0
210026,1,1,1991,0,0,0,0,0,0,0,0,0,0
210027,1,1,1991,0,0,0,0,0,0,0,0,0,0
210027,2,1,1991,0,0,0,0,0,0,0,0,0,0
210028,1,1,1991,0,0,0,0,16,0,0,0,0,0
210029,1,1,1991,23,23,23,23,23,23,23,23,23,23
210029,2,1,1991,0,0,0,0,0,0,0,0,0,0
210030,0,1,1991,0,0,0,0,0,16,0,0,0,0
210030,1,1,1991,0,0,0,0,0,0,0,0,0,0
210031,1,1,1991,0,0,0,0,0,0,0,0,0,0
210031,2,1,1991,0,0,0,0,0,0,0,0,0,0
210032,0,1,1991,0,0,0,0,0,0,0,0,0,0
210032,1,1,1991,0,0,0,0,0,0,0,0,0,0
210034,1,1,1991,0,0,0,0,0,0,0,0,0,0
210034,2,1,1991,0,0,0,0,0,0,0,0,0,0
210035,1,1,1991,0,0,0,0,0,31,0,0,18,0
210036,1,1,1991,17,17,17,17,17,17,17,17,17,17
210037,1,1,1991,0,0,0,0,0,0,0,0,0,0
210037,2,1,1991,0,0,0,0,0,0,0,0,0,0
210038,1,1,1991,0,0,0,0,0,0,0,0,0,0
210038,2,1,1991,0,0,0,0,0,0,0,0,0,0
210039,1,1,1991,17,10,25,32,17,9,33,28,10,18
210040,1,1,1991,0,0,0,0,0,0,0,0,0,0
210041,1,1,1991,0,0,0,0,0,0,0,0,0,0
210042,1,1,1991,0,0,0,0,0,0,0,0,0,0
210042,2,1,1991,0,0,0,0,0,0,0,0,0,0
210043,1,1,1991,0,0,0,0,0,0,0,0,0,0
210043,2,1,1991,0,0,0,0,0,0,0,0,0,0
210043,3,1,1991,0,0,0,0,0,0,0,0,0,0
210043,4,1,1991,0,0,0,0,0,0,0,0,0,0
210043,5,1,1991,0,0,0,0,0,0,0,0,0,0
210044,1,1,1991,20,20,20,20,20,20,20,20,20,20
210044,2,1,1991,0,0,0,0,0,0,0,0,0,0
210044,3,1,1991,0,0,0,0,0,0,0,0,0,0
210045,1,1,1991,8,8,8,8,8,8,8,8,8,8
210046,1,1,1991,0,0,0,0,0,0,0,0,0,0
210047,1,1,1991,51,51,51,51,51,51,51,51,51,51
210048,1,4,1991,0,0,0,0,0,0,21,0,0,8
210049,1,1,1991,7,7,7,7,7,7,7,7,7,7
210050,1,1,1991,0,0,0,0,0,0,0,0,0,0
210050,2,1,1991,0,0,0,0,0,0,0,0,0,0
210051,1,1,1991,24,24,24,24,24,24,24,24,24,24
210052,1,1,1991,14,14,14,14,14,14,14,14,14,14
210053,0,1,1991,0,0,0,0,0,0,0,0,0,0
210053,1,1,1991,0,0,0,0,0,0,0,0,0,0
210054,1,1,1991,0,0,0,0,0,0,0,0,0,0
210054,2,1,1991,0,0,0,0,0,0,0,0,0,0
210056,1,1,1991,0,0,0,0,0,0,0,0,0,0
210056,2,1,1991,0,0,0,0,12,0,0,0,0,12
210057,1,1,1991,33,33,33,33,33,33,33,33,33,33
210057,2,1,1991,20,20,20,20,20,20,20,20,20,20
210058,1,1,1991,16,16,16,16,16,16,16,16,16,16
210059,2,1,1991,0,0,0,0,0,0,0,0,0,0
210060,1,1,1991,0,0,0,0,0,0,0,0,0,0
210060,2,1,1991,0,0,0,0,0,0,0,0,0,0
210060,3,1,1991,0,0,0,0,0,0,0,0,0,0
210061,1,1,1991,0,0,0,0,0,0,0,0,0,0
210062,1,1,1991,0,0,0,0,0,0,0,0,0,0
210063,1,1,1991,0,0,0,0,0,0,0,0,0,0
210064,1,1,1991,0,0,0,0,0,0,0,0,0,0
210064,2,1,1991,0,0,0,0,0,0,0,0,0,0
210065,1,1,1991,21,21,21,21,21,21,21,21,21,21
210066,1,1,1991,4,4,4,4,4,4,4,4,4,4
210067,1,1,1991,0,0,0,0,0,0,0,0,0,0
210067,2,1,1991,0,0,0,0,0,0,0,0,0,0
210068,1,1,1991,24,24,24,24,24,24,24,24,24,24
210068,2,1,1991,0,0,0,0,0,0,0,0,0,0
210069,1,1,1991,0,0,0,0,0,0,0,0,0,0
210070,1,1,1991,23,23,23,23,23,23,23,23,23,23
210070,2,1,1991,0,0,0,0,0,0,0,0,0,0
210071,1,1,1991,6,6,6,6,6,6,6,6,6,6
210072,1,1,1991,0,0,0,0,0,0,0,0,0,0
210072,2,1,1991,0,0,0,0,0,0,0,0,0,0
210073,1,1,1991,9,22,17,8,9,14,13,8,6,6
210074,1,1,1991,0,0,9,10,0,11,17,9,23,0
210074,2,1,1991,0,0,0,0,0,0,0,0,0,0
210075,1,1,1991,20,20,20,20,20,20,20,20,20,20
210075,2,1,1991,0,0,0,0,0,0,0,0,0,0
210075,3,1,1991,0,0,24,11,0,0,0,0,0,0
210076,1,1,1991,33,33,33,33,33,33,33,33,33,33
210077,1,1,1991,20,20,20,20,20,20,20,20,20,20
210078,1,1,1991,0,0,0,0,0,0,0,0,0,0
210078,2,1,1991,0,0,0,0,0,0,0,0,0,0
210079,1,1,1991,0,0,0,0,0,0,0,0,0,0
210079,2,1,1991,0,0,0,0,0,0,0,0,0,0
210080,1,1,1991,0,0,0,0,0,0,0,0,0,0
210080,2,1,1991,0,0,0,0,0,0,0,0,0,22
210081,1,1,1991,13,13,13,13,13,13,13,13,13,13
210081,2,1,1991,0,0,0,0,0,0,0,0,0,0
210082,1,1,1991,14,0,0,0,0,0,0,0,0,0
210083,0,1,1991,0,0,0,0,0,0,0,0,0,0
210083,1,1,1991,0,0,0,0,0,0,0,0,0,0
210084,1,1,1991,9,9,9,9,9,9,9,9,9,9
210085,1,1,1991,0,0,0,0,0,0,0,0,0,0
210086,1,1,1991,0,0,0,0,0,0,0,0,0,0
210086,2,1,1991,0,0,0,0,0,0,0,0,0,0
210087,1,1,1991,0,0,0,0,0,0,0,0,0,0
210087,2,1,1991,0,0,0,0,0,0,0,0,0,0
210088,1,1,1991,21,21,21,21,21,21,21,21,21,21
210089,1,1,1991,15,15,15,15,15,15,15,15,15,15
210090,1,1,1991,1,1,1,1,1,1,1,1,1,1
210090,2,1,1991,0,0,0,0,0,0,0,0,0,0
210091,1,1,1991,0,0,0,0,0,0,0,0,0,0
210091,2,1,1991,0,0,0,0,0,0,0,0,0,0
210092,1,1,1991,23,23,23,23,23,23,23,23,23,23
210093,1,1,1991,0,0,0,0,0,0,0,0,0,0
210094,1,1,1991,13,13,13,13,13,13,13,13,13,13
210095,0,1,1991,0,0,10,0,0,0,0,0,0,0
210095,1,1,1991,0,0,0,0,0,0,0,0,0,0
210096,1,1,1991,0,0,0,0,0,0,0,0,0,0
210096,2,1,1991,0,0,0,0,0,0,0,0,0,0
210098,1,1,1991,0,0,0,0,0,0,0,0,0,0
210098,2,1,1991,0,0,0,0,7,0,0,0,0,0
210099,1,1,1991,0,0,0,0,0,0,0,0,0,0
210100,1,1,1991,0,0,0,0,0,0,0,0,0,0
210101,0,1,1991,29,29,29,29,29,29,29,29,29,29
210101,1,1,1991,0,0,0,0,0,0,0,0,0,0
210102,1,1,1991,23,23,23,23,23,23,23,23,23,23
210102,2,1,1991,1,1,1,1,1,1,1,1,1,1
210103,1,1,1991,18,18,18,18,18,18,18,18,18,18
210104,1,1,1991,14,14,14,14,14,14,14,14,14,14
210104,2,1,1991,0,0,0,0,0,0,0,0,0,0
210105,1,1,1991,13,13,13,13,13,13,13,13,13,13
210106,1,1,1991,22,22,22,22,22,22,22,22,22,22
210107,0,1,1991,0,0,0,0,0,0,0,0,0,0
210107,1,1,1991,0,0,0,0,0,0,0,0,0,0
210108,1,1,1991,18,18,18,18,18,18,18,18,18,18
210109,1,1,1991,0,0,0,0,0,0,0,0,0,0
210110,1,1,1991,0,0,0,0,0,0,0,0,0,0
210110,2,1,1991,0,0,0,0,0,0,0,0,0,0
210111,1,1,1991,0,0,0,0,0,0,0,0,0,0
210111,2,1,1991,0,7,0,0,0,0,0,0,0,0
210112,1,1,1991,0,0,0,0,0,0,0,0,0,0
210112,2,1,1991,0,0,0,0,0,0,0,0,0,0
210113,1,1,1991,26,26,26,26,26,26,26,26,26,26
210114,1,1,1991,3,3,3,3,3,3,3,3,3,3
210115,1,1,1991,0,0,0,0,0,0,0,0,0,0
210115,2,1,1991,0,0,0,0,0,0,0,0,0,0
210116,1,1,1991,0,0,0,0,0,0,0,0,0,0
210116,2,1,1991,0,0,0,0,0,0,0,0,0,0
210117,1,1,1991,19,19,19,19,19,19,19,19,19,19
210118,1,1,1991,0,0,10,0,0,0,0,0,0,0
210119,1,1,1991,0,0,0,0,0,4,0,0,0,0
210119,2,1,1991,0,0,0,0,0,0,0,0,0,0
210120,1,1,1991,0,0,0,0,0,0,12,0,0,0
210120,2,1,1991,0,0,0,0,0,0,0,0,0,0
210121,1,1,1991,8,8,8,8,8,8,8,8,8,8
210121,2,1,1991,12,12,12,12,12,12,12,12,12,12
210122,1,1,1991,1,1,1,1,1,1,1,1,1,1
210123,1,1,1991,0,0,0,0,0,0,0,0,0,0
210124,1,1,1991,0,0,0,0,0,0,0,0,0,0
210126,1,1,1991,0,0,0,0,0,0,0,0,0,0
210127,1,1,1991,1,1,1,1,1,1,1,1,1,1
210127,2,1,1991,0,0,0,0,0,0,0,0,0,0
210128,1,1,1991,16,16,16,16,16,16,16,16,16,16
210129,1,1,1991,0,0,0,0,0,0,0,0,0,0
210129,2,1,1991,0,0,0,0,0,0,0,0,0,0
210130,1,1,1991,1,1,1,1,1,1,1,1,1,1
210131,1,1,1991,29,29,29,29,29,29,29,29,29,29
210132,1,1,1991,0,0,0,0,0,0,0,0,0,0
210133,0,1,1991,0,0,0,0,0,0,0,0,0,0
210133,1,1,1991,0,0,0,0,0,0,0,0,0,0
210134,1,2,1991,14,0,33,18,20,19,14,26,16,6
210135,1,1,1991,0,0,0,0,15,0,0,0,0,0
210135,2,1,1991,0,0,0,0,0,0,0,0,0,0
210136,1,1,1991,20,20,20,20,20,20,20,20,20,20
210137,1,1,1991,3,3,3,3,3,3,3,3,3,3
210138,1,1,1991,0,0,0,0,0,0,0,0,0,0
210139,1,1,1991,0,0,0,0,0,0,0,0,0,0
210139,2,1,1991,0,0,0,0,0,0,0,0,0,0
210139,3,1,1991,0,0,0,0,0,0,0,0,0,0
210140,1,1,1991,29,29,29,29,29,29,29,29,29,29
210141,1,1,1991,15,15,15,15,15,15,15,15,15,15
210142,1,1,1991,0,0,0,0,0,0,0,0,0,0
210143,1,1,1991,0,0,0,0,0,0,0,0,0,0
210144,1,1,1991,16,16,16,16,16,16,16,16,16,16
210145,1,1,1991,0,0,0,0,0,0,0,0,0,0
210145,2,1,1991,0,0,0,0,0,0,0,0,0,0
210146,1,1,1991,10,10,10,10,10,10,10,10,10,10
210148,0,1,1991,0,0,0,0,0,0,0,0,0,0
210148,1,1,1991,0,0,0,0,0,0,0,0,0,0
210149,1,1,1991,24,24,24,24,24,24,24,24,24,24
210150,1,1,1991,0,0,0,0,0,0,0,0,0,0
210150,2,1,1991,0,0,0,0,0,0,0,0,0,0
210150,3,1,1991,0,0,0,0,0,0,0,0,0,0
210151,1,1,1991,9,9,9,9,9,9,9,9,9,9
210152,1,1,1991,0,0,0,0,0,0,0,0,0,0
210152,2,1,1991,0,0,0,0,0,0,1,0,0,0
210153,1,1,1991,0,0,16,0,0,0,0,0,0,0
210154,1,1,1991,0,0,0,0,0,0,0,0,0,0
210154,2,1,1991,0,0,0,0,0,0,0,0,0,0
210155,1,1,1991,13,13,13,13,13,13,13,13,13,13
210156,1,1,1991,0,0,0,0,0,0,0,0,0,0
210156,2,1,1991,0,0,0,0,0,0,0,0,0,0
210157,1,1,1991,0,0,0,0,0,0,0,0,0,0
210158,1,1,1991,0,0,0,0,0,0,0,0,0,0
210158,2,1,1991,0,0,0,0,0,0,0,0,0,0
210159,1,1,1991,0,0,0,0,0,0,0,0,0,0
210159,2,1,1991,0,0,0,0,0,0,0,0,0,0
210160,1,1,1991,26,26,26,26,26,26,26,26,26,26
210161,1,1,1991,0,0,0,0,0,0,0,0,0,0
210162,1,1,1991,6,6,6,6,6,6,6,6,6,6
210163,1,1,1991,13,13,13,13,13,13,13,13,13,13
210165,1,1,1991,0,0,0,0,0,0,0,0,0,0
210165,2,1,1991,16,0,0,0,0,0,0,0,0,0
210165,3,1,1991,29,0,0,0,0,0,20,0,10,0
210165,4,1,1991,0,0,0,0,0,0,0,0,14,0
210166,1,1,1991,13,13,13,13,13,13,13,13,13,13
210167,1,1,1991,0,0,0,0,0,0,0,0,0,0
210167,2,1,1991,0,0,0,0,0,0,0,0,0,0
210168,1,1,1991,0,0,0,0,0,0,0,0,0,0
210168,2,1,1991,0,0,0,0,0,0,0,0,0,0
210169,1,1,1991,0,0,0,0,0,0,0,0,0,0
210170,1,1,1991,0,0,0,0,0,0,0,0,0,0
210170,2,1,1991,0,0,0,0,0,0,0,0,0,0
210171,1,1,1991,0,0,0,0,0,0,0,0,0,0
210172,1,1,1991,0,0,0,0,0,0,0,0,0,0
210173,1,1,1991,21,21,21,21,21,21,21,21,21,21
210174,1,1,1991,0,0,0,0,0,0,0,0,0,0
210175,1,1,1991,0,0,0,0,0,0,0,0,0,0
210176,1,1,1991,10,10,10,10,10,10,10,10,10,10
210177,1,1,1991,11,11,11,11,11,11,11,11,11,11
210178,1,1,1991,5,5,5,5,5,5,5,5,5,5
210178,2,1,1991,8,0,0,0,0,0,0,0,0,0
210179,1,1,1991,0,0,0,0,0,6,0,0,0,0
210181,1,1,1991,24,24,24,24,24,24,24,24,24,24
210182,1,1,1991,0,0,0,0,0,0,0,0,0,0
210182,2,1,1991,0,0,0,0,0,17,0,0,0,0
210183,1,1,1991,0,0,0,0,0,0,0,0,0,0
210183,2,1,1991,0,0,0,0,0,0,0,0,0,0
210184,1,1,1991,3,8,25,2,15,23,16,9,14,18
210185,1,1,1991,0,0,0,0,0,0,0,0,0,0
210185,2,1,1991,0,0,0,0,0,0,0,0,0,0
210186,1,1,1991,0,6,0,0,0,0,0,0,0,0
210187,1,1,1991,0,0,0,0,0,0,0,0,0,0
210188,1,1,1991,0,0,0,12,0,0,0,18,0,13
210191,0,1,1991,0,0,0,0,0,0,0,0,0,0
210191,1,1,1991,0,0,0,0,0,0,15,0,0,0
210192,1,1,1991,17,17,17,17,17,17,17,17,17,17
210192,2,1,1991,0,0,0,0,0,0,0,0,0,0
210193,1,1,1991,0,0,0,0,0,0,0,0,0,0
210194,1,1,1991,10,0,0,14,11,22,0,0,13,0
210195,1,1,1991,18,16,5,22,5,8,9,13,0,16
210196,1,1,1991,21,21,21,21,21,21,21,21,21,21
210196,2,1,1991,0,0,0,0,0,0,0,0,0,0
210197,1,1,1991,0,0,0,0,0,0,0,0,0,0
210198,0,1,1991,0,0,0,0,0,0,0,0,0,0
210198,1,1,1991,0,0,0,0,0,0,0,0,0,0
210199,1,1,1991,0,0,0,0,0,0,0,0,0,0
210200,1,1,1991,16,16,16,16,16,16,16,16,16,16
210200,2,1,1991,0,0,0,0,0,0,0,0,0,0
210201,1,1,1991,27,27,27,27,27,27,27,27,27,27
210201,2,1,1991,0,0,0,0,0,0,0,0,0,0
210202,1,1,1991,0,0,0,0,0,0,0,0,0,0
210202,2,1,1991,0,6,13,9,0,19,0,0,0,11
210203,1,1,1991,10,10,10,10,10,10,10,10,10,10
210203,2,1,1991,0,0,0,0,0,0,0,0,0,0
210205,1,1,1991,16,16,16,16,16,16,16,16,16,16
210206,1,1,1991,20,20,20,20,20,20,20,20,20,20
210207,1,1,1991,10,10,10,10,10,10,10,10,10,10
210207,2,1,1991,0,0,0,0,0,0,0,0,0,0
210209,1,1,1991,0,0,0,0,0,0,0,0,0,0
210210,1,1,1991,0,0,0,0,0,0,0,0,0,0
210210,2,1,1991,0,0,0,0,0,0,0,0,0,0
210211,1,1,1991,0,0,0,0,0,0,0,0,0,0
210212,0,1,1991,23,23,23,23,23,23,23,23,23,23
210212,1,1,1991,11,11,11,11,11,11,11,11,11,11
210212,2,1,1991,0,21,0,0,0,0,0,0,0,0
210213,1,1,1991,22,22,22,22,22,22,22,22,22,22
210214,1,1,1991,0,0,0,0,0,0,0,0,0,0
210214,2,1,1991,0,0,0,0,0,0,0,0,0,0
210215,1,1,1991,13,19,15,9,13,0,14,14,24,30
210215,2,1,1991,0,0,0,0,0,0,0,0,0,0
210216,1,1,1991,0,0,0,0,0,0,0,0,0,0
210217,1,1,1991,19,19,19,19,19,19,19,19,19,19
210218,1,1,1991,2,2,2,2,2,2,2,2,2,2
210220,1,1,1991,0,0,0,0,0,0,0,0,0,0
210220,2,1,1991,0,0,0,0,0,0,0,0,0,0
210221,1,1,1991,32,0,0,0,0,0,0,0,0,0
210222,1,1,1991,30,30,30,30,30,30,30,30,30,30
210222,2,1,1991,0,0,0,0,0,0,0,0,0,0
210223,1,1,1991,19,19,19,19,19,19,19,19,19,19
210224,1,1,1991,19,19,19,19,19,19,19,19,19,19
210224,2,1,1991,0,0,0,0,0,0,0,0,0,0
210225,1,1,1991,0,0,0,0,0,0,0,0,0,0
210226,0,1,1991,0,0,0,0,0,0,0,0,0,0
210226,1,1,1991,0,0,0,0,0,0,0,0,0,0
210227,1,1,1991,0,0,0,0,0,0,0,0,0,0
210227,2,1,1991,0,0,0,0,0,0,0,0,0,0
210228,1,1,1991,24,24,24,24,24,24,24,24,24,24
210229,1,1,1991,18,18,18,18,18,18,18,18,18,18
210230,1,1,1991,0,0,0,0,0,0,0,0,0,0
210230,2,1,1991,0,0,0,0,0,0,0,0,0,0
210231,1,1,1991,0,0,0,0,0,0,0,0,0,0
210233,0,1,1991,0,0,0,0,0,0,0,0,0,0
210233,1,1,1991,5,5,5,5,5,5,5,5,5,5
210234,1,1,1991,0,0,0,0,0,0,0,0,0,0
210235,1,1,1991,10,0,43,0,0,0,0,0,0,0
210236,1,1,1991,19,19,19,19,19,19,19,19,19,19
210237,1,1,1991,0,10,0,0,0,0,0,0,0,0
210237,2,1,1991,0,0,0,0,0,0,0,0,0,0
210238,1,1,1991,10,10,10,10,10,10,10,10,10,10
210239,1,1,1991,0,0,0,0,0,0,0,0,0,0
210241,1,1,1991,15,13,4,0,23,15,20,33,30,27
210241,2,1,1991,0,0,0,0,0,0,0,0,0,0
210242,1,1,1991,23,23,23,23,23,23,23,23,23,23
210243,1,1,1991,0,0,0,0,0,0,0,0,0,0
210243,2,1,1991,0,0,0,0,0,0,0,0,0,0
210244,1,1,1991,0,0,0,0,0,0,0,0,0,0
210245,1,1,1991,11,11,11,11,11,11,11,11,11,11
210246,1,1,1991,34,34,34,34,34,34,34,34,34,34
210246,2,1,1991,0,0,0,0,0,0,0,0,0,0
210247,1,1,1991,0,0,0,0,0,0,0,0,0,0
210247,2,1,1991,0,0,0,0,0,0,0,0,0,0
210247,3,1,1991,0,0,0,0,0,0,20,0,0,0
210247,4,1,1991,0,0,0,0,0,0,0,0,0,0
210248,1,1,1991,0,0,0,0,0,0,0,0,0,0
210248,2,1,1991,0,0,0,0,0,0,0,0,0,0
210249,1,1,1991,0,0,0,0,0,0,0,0,0,0
210250,1,1,1991,0,0,0,0,0,0,0,0,0,0
210250,2,1,1991,0,0,0,0,0,0,0,0,0,0
210252,0,1,1991,0,0,0,0,0,0,0,0,0,0
210252,0,2,1991,0,0,0,0,0,0,0,0,0,0
210252,1,1,1991,0,0,0,0,0,0,0,0,0,0
210253,1,1,1991,0,0,0,0,0,0,0,0,0,0
210253,2,1,1991,0,0,0,0,0,0,0,0,0,0
210254,1,1,1991,0,0,0,0,0,0,0,0,0,0
210254,2,1,1991,0,0,0,0,0,0,0,0,0,0
210255,1,1,1991,0,0,0,0,0,0,0,0,0,0
210255,2,1,1991,0,0,0,0,0,0,0,0,0,0
210256,1,1,1991,9,9,9,9,9,9,9,9,9,9
210256,2,1,1991,0,0,0,9,0,0,0,0,17,0
210257,1,1,1991,21,21,21,21,21,21,21,21,21,21
210257,2,1,1991,0,0,0,0,0,0,0,0,0,0
210258,1,1,1991,0,0,0,0,0,0,0,0,0,0
210258,2,1,1991,0,0,0,0,0,0,0,0,0,0
210259,1,1,1991,0,0,0,0,0,0,0,0,8,0
210260,0,1,1991,0,0,0,0,0,0,0,0,0,0
210260,1,1,1991,0,0,0,0,0,0,0,0,0,0
210261,1,1,1991,23,23,23,23,23,23,23,23,23,23
210262,1,1,1991,0,0,0,0,0,0,0,0,0,0
210262,2,1,1991,0,0,0,0,0,0,0,0,0,0
210263,1,1,1991,3,3,3,3,3,3,3,3,3,3
210264,1,1,1991,9,9,9,9,9,9,9,9,9,9
210265,1,1,1991,0,0,0,0,0,0,0,0,0,0
210265,2,1,1991,0,0,0,0,4,0,0,0,0,0
210266,1,1,1991,0,0,0,0,0,0,0,0,0,0
210267,1,1,1991,5,5,5,5,5,5,5,5,5,5
210268,1,1,1991,12,12,12,12,12,12,12,12,12,12
210269,1,1,1991,18,18,18,18,18,18,18,18,18,18
210270,1,1,1991,0,0,0,0,0,0,0,0,0,0
210270,2,1,1991,0,0,0,0,0,0,0,0,0,0
210271,1,1,1991,20,20,20,20,20,20,20,20,20,20
210272,0,1,1991,14,14,14,14,14,14,14,14,14,14
210272,1,1,1991,0,0,9,0,0,0,0,0,0,0
210273,1,1,1991,0,0,0,0,0,0,0,0,0,0
210274,1,1,1991,0,0,0,0,0,0,18,0,0,0
210274,2,1,1991,0,0,8,0,0,0,14,0,0,0
210275,1,1,1991,12,12,12,12,12,12,12,12,12,12
210276,1,1,1991,0,0,0,0,0,0,0,0,0,0
210277,1,1,1991,13,13,13,13,13,13,13,13,13,13
210277,2,1,1991,0,0,0,0,0,0,0,0,0,0
210277,3,1,1991,0,0,0,0,0,0,0,0,0,0
210278,1,1,1991,16,16,16,16,16,16,16,16,16,16
210279,1,1,1991,0,0,0,0,0,0,0,0,0,0
210280,1,1,1991,0,0,0,0,0,0,0,0,0,0
210280,2,1,1991,0,0,0,0,0,0,0,0,0,0
210281,1,1,1991,0,0,0,0,0,0,0,0,0,0
210282,1,1,1991,0,0,0,0,0,0,0,0,0,0
210282,2,1,1991,0,0,0,0,0,0,0,0,0,0
210283,1,1,1991,0,0,0,0,0,0,0,0,0,0
210284,1,1,1991,13,0,8,13,6,7,10,25,5,0
210284,2,1,1991,0,38,0,8,24,0,0,0,0,0
210285,1,1,1991,8,18,25,8,18,18,0,23,24,4
210285,2,1,1991,0,0,0,0,0,0,0,0,0,0
210287,1,1,1991,31,31,31,31,31,31,31,31,31,31
210287,2,1,1991,0,0,0,0,0,0,0,0,0,0
210288,1,1,1991,0,0,0,0,0,0,0,0,0,0
210288,2,1,1991,0,0,0,0,13,0,0,0,0,0
210289,0,1,1991,0,0,0,0,0,0,0,0,0,0
210289,1,1,1991,17,17,17,17,17,17,17,17,17,17
210290,1,1,1991,0,0,0,0,0,0,0,0,0,0
210290,2,1,1991,0,0,0,0,0,0,0,0,0,0
210290,3,1,1991,20,0,0,0,0,0,0,0,0,0
210291,1,1,1991,0,0,0,0,0,0,0,0,0,0
210291,2,1,1991,0,0,0,0,0,0,0,0,0,0
210292,1,1,1991,27,27,27,27,27,27,27,27,27,27
210293,1,1,1991,0,0,0,0,0,0,0,0,0,0
210293,2,1,1991,0,0,0,0,0,0,0,0,0,0
210294,1,1,1991,15,15,15,15,15,15,15,15,15,15
210294,2,1,1991,0,0,0,0,0,0,0,0,0,0
210295,1,1,1991,0,0,0,0,0,0,0,0,0,0
210295,2,1,1991,18,18,18,18,18,18,18,18,18,18
210296,1,1,1991,40,40,40,40,40,40,40,40,40,40
210297,1,1,1991,25,25,25,25,25,25,25,25,25,25
210298,1,1,1991,15,15,15,15,15,15,15,15,15,15
210299,1,1,1991,36,36,36,36,36,36,36,36,36,36
210300,1,1,1991,0,0,0,0,0,0,0,0,0,0
210301,1,1,1991,15,15,15,15,15,15,15,15,15,15
210302,1,1,1991,0,0,0,0,0,0,0,0,0,0
210303,1,1,1991,0,0,0,0,0,0,0,0,0,0
210303,2,1,1991,0,0,0,0,0,0,0,0,0,0
210303,3,1,1991,0,0,0,0,0,0,0,0,0,0
210304,1,1,1991,0,0,0,0,0,0,0,0,0,0
210304,2,1,1991,0,0,0,0,0,0,0,0,0,0
210305,1,1,1991,0,0,0,0,0,0,0,0,0,0
210306,1,1,1991,7,7,7,7,7,7,7,7,7,7
210306,2,1,1991,0,0,0,0,0,0,0,0,0,0
210307,1,1,1991,0,0,0,0,0,0,0,0,0,0
210307,2,1,1991,0,0,0,0,0,0,0,0,0,0
210308,1,1,1991,0,0,0,0,0,0,0,0,0,0
210309,1,1,1991,11,11,11,11,11,11,11,11,11,11
210310,1,1,1991,0,0,0,0,0,0,0,0,0,0
210311,1,1,1991,0,0,0,0,0,0,0,0,0,0
210312,0,1,1991,0,0,0,0,0,0,0,0,0,0
210312,1,1,1991,0,0,0,0,0,0,0,0,0,0
210313,1,3,1991,25,27,4,0,31,6,15,14,16,10
210314,1,1,1991,0,0,0,0,0,0,0,0,0,0
210314,2,1,1991,0,0,0,0,0,0,0,0,0,0
210315,1,1,1991,0,0,0,0,0,0,0,0,0,0
210315,2,1,1991,0,0,0,0,0,0,0,0,0,0
210316,1,1,1991,23,23,23,23,23,23,23,23,23,23
210317,1,1,1991,0,0,0,0,0,0,0,0,0,0
210318,1,1,1991,25,25,25,25,25,25,25,25,25,25
210319,1,1,1991,0,0,0,0,0,0,0,5,0,0
210319,2,1,1991,0,0,0,0,0,0,0,0,0,0
210320,1,1,1991,0,0,0,0,0,0,0,0,0,0
210320,2,1,1991,0,0,0,0,0,0,0,0,0,0
210321,1,1,1991,0,0,0,0,0,0,0,0,0,0
210321,2,1,1991,0,0,0,0,0,0,0,0,0,0
210322,1,1,1991,0,0,0,0,0,0,0,0,0,0
210323,1,1,1991,22,22,22,22,22,22,22,22,22,22
210324,1,1,1991,17,17,17,17,17,17,17,17,17,17
210324,2,1,1991,20,20,20,20,20,20,20,20,20,20
210325,1,1,1991,0,0,0,0,0,0,0,0,0,0
210325,2,1,1991,0,0,0,0,0,0,0,0,0,0
210326,1,1,1991,0,0,0,0,0,0,0,0,0,0