ST_CASE,VEH_NO,PER_NO,YEAR,P1,P2,P3,P4,P5,P6,P7,P8,P9,P10
210327,1,1,1991,0,0,0,0,0,0,0,0,0,0
210328,1,1,1991,0,0,0,0,0,0,0,0,0,0
210328,2,1,1991,0,0,0,0,0,0,0,0,0,0
210329,1,1,1991,8,8,8,8,8,8,8,8,8,8
210330,1,1,1991,0,0,0,0,0,0,0,0,0,0
210330,2,1,1991,0,0,0,0,0,0,0,0,0,0
210331,1,1,1991,11,11,11,11,11,11,11,11,11,11
210331,2,1,1991,0,0,0,0,0,0,0,0,0,0
210332,1,1,1991,3,3,3,3,3,3,3,3,3,3
210333,1,1,1991,0,0,0,0,0,0,0,0,0,0
210333,2,1,1991,0,0,0,0,0,0,0,0,0,0
210333,3,1,1991,0,0,0,0,0,0,0,0,0,0
210334,1,1,1991,17,17,17,17,17,17,17,17,17,17
210334,2,1,1991,0,0,0,0,0,0,0,0,0,0
210335,1,1,1991,0,0,0,0,0,0,0,0,0,0
210335,2,1,1991,0,0,0,0,0,0,0,0,0,0
210336,1,1,1991,24,24,24,24,24,24,24,24,24,24
210337,1,1,1991,10,10,10,10,10,10,10,10,10,10
210338,1,1,1991,0,0,0,0,0,0,0,0,0,0
210339,1,1,1991,18,18,18,18,18,18,18,18,18,18
210340,1,1,1991,8,8,8,8,8,8,8,8,8,8
210340,2,1,1991,0,0,0,0,0,0,0,0,0,0
210341,1,1,1991,0,0,0,0,0,0,0,0,0,0
210342,1,1,1991,21,21,21,21,21,21,21,21,21,21
210342,2,1,1991,7,7,7,7,7,7,7,7,7,7
210343,1,1,1991,0,0,0,0,0,0,0,0,0,0
210343,2,1,1991,17,17,17,17,17,17,17,17,17,17
210344,1,1,1991,0,0,0,0,0,0,0,0,0,0
210345,1,1,1991,30,30,30,30,30,30,30,30,30,30
210346,1,1,1991,0,0,0,0,0,0,0,0,0,0
210347,1,1,1991,0,0,0,0,0,0,0,0,0,0
210347,2,1,1991,0,0,0,0,0,0,0,0,0,0
210348,1,1,1991,0,0,0,0,0,0,0,0,0,0
210348,2,1,1991,0,0,0,0,0,0,0,0,0,0
210349,1,1,1991,0,0,0,0,0,0,0,0,0,0
210349,2,1,1991,0,0,0,0,0,0,0,0,0,0
210350,1,1,1991,0,0,0,14,0,0,0,13,0,0
210350,2,1,1991,0,0,0,0,0,0,0,0,0,0
210351,1,1,1991,0,0,0,0,0,0,0,0,0,0
210352,1,1,1991,0,0,0,0,0,0,0,0,0,0
210354,1,1,1991,0,0,0,0,0,0,0,0,0,0
210355,1,1,1991,0,0,0,0,0,0,0,0,0,0
210355,2,1,1991,0,0,0,0,0,0,0,0,0,0
210355,3,1,1991,0,0,0,0,0,0,0,0,0,0
210356,1,1,1991,0,0,0,0,0,0,0,0,0,0
210356,2,1,1991,0,0,0,0,0,0,0,0,0,0
210357,1,1,1991,0,0,0,0,0,0,0,0,0,0
210357,2,1,1991,0,0,0,0,0,0,0,13,3,16
210357,3,1,1991,0,0,0,16,0,0,0,0,0,0
210358,1,1,1991,0,0,0,0,0,0,0,0,0,0
210358,2,1,1991,0,0,0,0,0,0,0,0,0,0
210360,1,1,1991,0,0,0,0,0,0,0,0,0,0
210360,2,1,1991,0,0,0,0,0,0,0,0,0,0
210361,1,1,1991,0,0,0,0,0,0,0,0,0,0
210363,0,1,1991,0,0,0,0,0,0,0,0,0,0
210364,1,1,1991,23,23,23,23,23,23,23,23,23,23
210364,2,1,1991,0,0,0,0,0,0,0,0,0,0
210365,1,1,1991,0,0,0,0,0,0,0,0,0,0
210365,2,1,1991,0,0,0,0,0,0,0,0,0,0
210365,3,1,1991,0,0,0,0,0,0,0,0,0,0
210366,1,1,1991,28,28,28,28,28,28,28,28,28,28
210366,2,1,1991,0,0,0,0,0,0,0,0,0,0
210367,1,1,1991,34,34,34,34,34,34,34,34,34,34
210368,1,1,1991,0,0,0,0,0,0,0,0,0,0
210368,2,1,1991,0,0,0,0,0,0,0,0,0,0
210368,3,1,1991,0,0,0,0,0,0,0,0,0,0
210368,4,1,1991,0,0,0,0,0,0,0,0,0,0
210369,1,1,1991,0,0,0,0,0,0,0,0,0,0
210369,2,1,1991,0,0,0,0,0,0,0,0,0,0
210370,1,1,1991,0,0,0,0,0,0,0,0,0,0
210370,2,1,1991,0,0,0,0,0,0,0,12,0,0
210371,1,1,1991,9,9,9,9,9,9,9,9,9,9
210372,1,1,1991,23,23,23,23,23,23,23,23,23,23
210372,2,1,1991,0,0,0,0,0,0,0,0,0,0
210373,1,1,1991,0,0,0,0,0,0,0,0,0,0
210373,2,1,1991,0,0,0,0,0,0,0,0,0,0
210374,1,1,1991,0,0,0,0,0,0,0,0,0,0
210374,2,1,1991,0,0,0,0,0,0,0,0,0,0
210376,1,1,1991,23,23,23,23,23,23,23,23,23,23
210377,1,1,1991,0,0,0,0,0,0,0,0,0,0
210378,1,1,1991,0,0,0,0,0,0,0,0,0,0
210378,2,1,1991,0,0,0,0,0,0,0,0,0,0
210379,1,1,1991,13,29,23,17,15,23,28,17,15,0
210380,1,1,1991,7,7,7,7,7,7,7,7,7,7
210380,2,1,1991,16,16,16,16,16,16,16,16,16,16
210381,1,1,1991,0,0,0,0,0,0,0,0,0,0
210382,1,1,1991,14,14,14,14,14,14,14,14,14,14
210382,2,1,1991,0,0,0,0,0,0,0,0,0,0
210383,1,1,1991,0,0,0,0,0,0,0,0,0,0
210383,2,1,1991,0,0,0,0,0,0,0,0,0,0
210384,1,1,1991,16,16,16,16,16,16,16,16,16,16
210384,2,1,1991,0,0,0,0,0,0,0,0,0,0
210385,1,1,1991,0,0,0,0,0,0,0,0,0,0
210386,1,1,1991,8,8,8,8,8,8,8,8,8,8
210387,1,1,1991,5,19,12,3,20,7,18,17,12,17
210388,1,1,1991,18,0,0,14,12,0,18,0,5,0
210390,0,1,1991,0,0,0,0,0,0,0,0,0,0
210390,1,1,1991,0,0,0,0,0,0,0,0,0,0
210391,1,1,1991,0,0,0,0,0,0,0,0,0,0
210392,1,1,1991,6,6,6,6,6,6,6,6,6,6
210393,1,1,1991,0,0,0,0,0,0,0,0,0,0
210393,2,1,1991,0,0,0,0,0,0,0,0,0,0
210394,1,1,1991,0,0,0,0,0,0,0,0,0,0
210394,2,1,1991,0,0,0,0,0,0,0,0,0,0
210395,1,1,1991,11,11,11,11,11,11,11,11,11,11
210395,2,1,1991,0,0,0,0,0,0,0,0,0,0
210396,1,1,1991,0,0,0,0,0,0,0,0,0,0
210396,2,1,1991,1,1,1,1,1,1,1,1,1,1
210397,1,2,1991,3,3,3,3,3,3,3,3,3,3
210398,1,1,1991,0,0,0,0,0,21,0,27,0,0
210398,2,1,1991,2,2,2,2,2,2,2,2,2,2
210399,1,1,1991,2,2,2,2,2,2,2,2,2,2
210399,2,1,1991,12,12,12,12,12,12,12,12,12,12
210400,1,1,1991,13,13,13,13,13,13,13,13,13,13
210401,1,1,1991,0,0,0,0,0,0,0,0,0,0
210401,2,1,1991,0,0,0,0,0,0,0,0,0,0
210402,1,1,1991,0,0,0,6,0,0,0,0,0,0
210402,2,1,1991,0,17,0,0,0,0,0,0,0,0
210402,3,1,1991,0,0,0,0,0,0,0,0,0,0
210403,1,1,1991,0,0,0,0,0,0,0,0,0,0
210403,2,1,1991,0,0,0,0,0,0,0,0,0,0
210404,1,1,1991,0,0,0,0,0,0,0,0,0,0
210405,1,1,1991,0,0,0,0,0,0,0,0,0,0
210406,0,1,1991,23,23,23,23,23,23,23,23,23,23
210406,1,1,1991,0,0,0,0,0,0,0,0,0,0
210407,1,1,1991,1,1,1,1,1,1,1,1,1,1
210407,2,1,1991,0,0,0,0,0,0,10,0,0,0
210408,1,1,1991,11,11,11,11,11,11,11,11,11,11
210409,1,1,1991,0,0,0,0,0,0,0,0,0,0
210410,1,1,1991,15,15,15,15,15,15,15,15,15,15
210410,2,1,1991,0,0,0,0,0,0,0,0,0,0
210411,1,1,1991,0,0,0,0,0,0,0,0,0,0
210412,1,1,1991,23,23,23,23,23,23,23,23,23,23
210413,1,1,1991,7,0,19,0,15,0,0,6,0,13
210414,0,1,1991,0,0,0,0,0,0,0,0,0,0
210414,1,1,1991,9,9,9,9,9,9,9,9,9,9
210416,1,1,1991,23,11,16,14,35,25,17,15,13,26
210417,1,1,1991,0,15,0,18,0,8,0,0,22,0
210418,1,1,1991,0,0,0,0,0,0,0,0,0,0
210418,2,1,1991,0,0,0,0,0,0,0,0,0,0
210419,1,1,1991,5,0,13,19,22,10,18,9,0,14
210420,1,1,1991,20,20,20,20,20,20,20,20,20,20
210421,0,1,1991,0,0,0,0,0,0,0,0,0,0
210421,1,1,1991,0,16,0,0,0,0,0,0,0,0
210422,1,1,1991,0,0,0,0,0,0,0,0,0,0
210422,2,1,1991,0,0,12,0,0,0,0,0,0,0
210423,1,1,1991,0,0,0,0,0,0,0,0,0,0
210423,2,1,1991,0,0,0,0,0,0,0,0,0,0
210424,1,1,1991,0,0,0,0,0,0,0,0,0,0
210424,2,1,1991,0,0,0,0,0,0,0,0,0,0
210425,1,1,1991,0,0,0,0,0,0,0,0,0,0
210426,1,1,1991,19,13,0,0,12,0,0,0,0,30
210428,0,1,1991,21,0,0,0,0,0,0,0,0,0
210428,1,1,1991,0,0,0,0,0,0,0,0,0,0
210429,1,1,1991,0,0,0,0,0,0,0,0,0,0
210430,1,1,1991,17,17,17,17,17,17,17,17,17,17
210430,2,1,1991,0,0,0,0,0,0,0,0,0,0
210431,1,1,1991,0,6,0,0,0,0,0,0,0,0
210433,1,1,1991,0,0,0,0,0,0,0,0,0,0
210433,2,1,1991,0,0,0,0,0,0,0,0,0,0
210433,3,1,1991,0,0,0,0,0,0,0,0,0,0
210433,4,1,1991,0,0,0,0,0,0,0,0,0,0
210435,1,1,1991,9,9,9,9,9,9,9,9,9,9
210436,1,1,1991,0,0,0,0,0,0,0,0,0,0
210437,1,1,1991,0,0,0,8,0,0,0,0,0,0
210438,1,1,1991,0,0,0,0,0,0,0,0,0,0
210440,0,1,1991,9,9,9,9,9,9,9,9,9,9
210440,1,1,1991,0,0,0,0,0,0,0,0,0,0
210441,1,1,1991,0,0,0,0,0,0,0,0,0,0
210441,2,1,1991,0,0,0,0,0,0,0,0,0,0
210442,0,1,1991,0,0,0,0,0,0,0,0,0,0
210442,1,1,1991,0,0,0,0,0,0,0,0,0,0
210443,1,1,1991,13,13,13,13,13,13,13,13,13,13
210444,1,1,1991,0,0,0,0,0,0,38,0,0,0
210445,1,1,1991,0,0,0,0,0,0,0,0,0,0
210446,0,1,1991,14,14,14,14,14,14,14,14,14,14
210446,1,1,1991,0,0,0,0,0,0,0,0,0,0
210446,2,1,1991,0,0,0,0,0,0,0,0,0,0
210447,1,1,1991,0,0,0,0,0,0,0,0,0,0
210448,1,1,1991,0,0,0,0,0,0,0,0,0,0
210448,2,1,1991,0,0,0,0,0,0,0,0,0,0
210449,1,1,1991,0,0,0,0,0,0,0,0,0,0
210450,1,1,1991,13,34,20,25,27,31,7,15,19,0
210450,2,1,1991,0,0,0,0,0,0,0,0,12,0
210450,3,1,1991,0,0,0,0,0,0,0,0,0,0
210450,4,1,1991,0,0,0,0,0,0,0,0,0,0
210451,1,1,1991,0,0,0,0,0,0,0,0,0,0
210452,0,1,1991,0,0,0,0,0,0,0,0,0,0
210452,1,1,1991,0,0,0,0,0,0,0,0,0,0
210453,1,1,1991,11,11,11,11,11,11,11,11,11,11
210454,0,1,1991,0,0,0,0,0,0,0,0,0,0
210454,1,1,1991,2,2,2,2,2,2,2,2,2,2
210455,1,1,1991,0,0,0,8,0,0,0,0,0,0
210455,2,1,1991,0,0,0,0,0,0,0,0,0,0
210456,1,1,1991,8,8,8,8,8,8,8,8,8,8
210457,1,1,1991,0,0,0,0,0,0,0,0,0,0
210457,2,1,1991,0,0,0,0,0,0,0,0,0,0
210458,1,1,1991,19,19,19,19,19,19,19,19,19,19
210458,2,1,1991,0,0,0,0,0,0,0,0,0,0
210459,1,1,1991,0,0,0,0,0,0,0,0,0,0
210459,2,1,1991,0,0,0,0,0,0,0,0,0,0
210460,0,1,1991,0,0,0,0,0,0,0,0,0,0
210460,1,1,1991,0,0,0,0,0,0,0,0,0,0
210461,0,1,1991,0,0,0,0,0,0,0,0,0,0
210461,1,1,1991,0,0,0,0,0,0,0,0,0,0
210462,1,1,1991,20,20,20,20,20,20,20,20,20,20
210463,1,1,1991,15,15,15,15,15,15,15,15,15,15
210464,1,1,1991,0,0,0,0,0,0,0,0,0,0
210464,2,1,1991,0,0,0,0,0,0,0,0,0,0
210465,1,1,1991,22,22,22,22,22,22,22,22,22,22
210465,2,1,1991,0,0,0,0,0,0,0,0,0,0
210465,3,1,1991,0,0,0,0,0,0,0,0,0,0
210466,1,1,1991,0,0,0,0,0,0,0,0,0,0
210467,1,1,1991,0,0,0,0,0,0,0,0,0,0
210468,0,1,1991,0,0,0,0,0,0,0,0,0,0
210468,1,1,1991,0,0,0,0,0,0,0,0,0,0
210469,1,1,1991,0,0,0,0,0,0,0,0,0,0
210469,2,1,1991,0,0,0,0,0,0,0,0,0,0
210470,1,1,1991,0,0,0,0,0,0,0,0,0,0
210470,2,1,1991,0,0,0,0,0,0,0,0,0,0
210471,1,1,1991,31,31,31,31,31,31,31,31,31,31
210472,1,1,1991,14,14,14,14,14,14,14,14,14,14
210473,0,1,1991,37,37,37,37,37,37,37,37,37,37
210473,1,1,1991,9,19,0,0,0,0,15,0,0,0
210474,1,1,1991,11,11,11,11,11,11,11,11,11,11
210475,1,1,1991,16,16,16,16,16,16,16,16,16,16
210476,1,1,1991,24,24,24,24,24,24,24,24,24,24
210476,2,1,1991,0,0,0,0,0,0,0,0,0,0
210477,1,1,1991,18,18,18,18,18,18,18,18,18,18
210478,1,1,1991,0,0,0,0,0,0,0,0,0,0
210479,1,1,1991,0,0,0,0,0,0,0,0,0,0
210479,2,1,1991,0,0,0,0,0,0,0,0,0,0
210480,1,1,1991,0,0,0,0,0,0,0,0,0,0
210481,1,1,1991,0,0,0,0,0,0,0,0,0,0
210481,2,1,1991,0,0,0,0,0,0,0,0,0,0
210482,1,1,1991,15,15,15,15,15,15,15,15,15,15
210483,1,1,1991,0,0,0,0,0,0,0,0,0,0
210483,2,1,1991,0,0,0,0,0,0,0,0,0,0
210484,1,1,1991,14,0,0,0,0,0,0,0,0,0
210484,2,1,1991,0,0,0,0,0,0,0,0,0,0
210485,1,1,1991,24,24,24,24,24,24,24,24,24,24
210486,1,1,1991,0,0,0,0,0,0,0,0,0,0
210487,1,1,1991,0,0,0,0,0,0,0,0,0,0
210487,2,1,1991,0,0,0,0,0,0,0,0,0,0
210488,0,1,1991,0,0,0,0,0,0,0,0,0,0
210488,1,1,1991,0,0,0,0,0,0,0,0,0,0
210489,1,1,1991,0,0,0,0,0,0,0,0,0,0
210490,1,1,1991,0,0,0,0,0,0,0,0,0,0
210490,2,1,1991,0,0,0,0,0,0,0,0,0,0
210491,1,1,1991,0,0,0,0,0,0,0,0,0,0
210492,0,1,1991,1,1,1,1,1,1,1,1,1,1
210492,1,1,1991,0,0,0,0,0,0,0,17,0,0
210494,1,1,1991,0,0,0,0,0,0,0,0,0,0
210494,2,1,1991,0,0,0,0,0,0,0,0,0,0
210494,3,1,1991,0,0,0,0,0,0,0,0,0,0
210494,4,1,1991,0,10,0,0,0,0,0,0,0,0
210495,1,1,1991,0,0,0,0,0,0,0,0,0,0
210495,2,1,1991,0,0,0,0,0,0,0,0,0,0
210496,1,1,1991,0,26,0,0,0,17,0,0,7,0
210497,0,1,1991,0,0,0,0,0,0,0,0,0,0
210498,1,1,1991,0,0,0,0,0,0,0,0,0,0
210498,2,1,1991,0,0,0,0,0,0,0,0,0,0
210498,3,1,1991,0,0,0,10,0,0,0,0,0,0
210499,1,1,1991,17,25,17,10,21,8,24,31,13,27
210500,0,1,1991,0,0,0,0,0,0,0,0,0,0
210500,1,1,1991,0,0,0,0,0,0,0,0,0,0
210501,1,1,1991,0,0,0,0,0,0,0,0,0,0
210501,2,1,1991,0,0,0,0,0,0,0,0,0,0
210502,0,1,1991,0,0,0,0,0,0,0,0,0,0
210502,1,1,1991,9,9,9,9,9,9,9,9,9,9
210503,1,1,1991,8,8,8,8,8,8,8,8,8,8
210503,2,1,1991,0,0,0,0,0,0,19,0,0,0
210504,0,1,1991,13,13,13,13,13,13,13,13,13,13
210504,1,1,1991,8,8,8,8,8,8,8,8,8,8
210505,1,1,1991,0,0,0,0,0,0,0,0,0,0
210506,1,1,1991,6,6,6,6,6,6,6,6,6,6
210507,0,1,1991,0,6,0,25,0,3,0,0,0,0
210507,1,1,1991,15,15,15,15,15,15,15,15,15,15
210508,1,1,1991,35,35,35,35,35,35,35,35,35,35
210509,1,1,1991,0,0,0,0,0,0,22,0,0,0
210510,1,1,1991,4,4,4,4,4,4,4,4,4,4
210510,2,1,1991,0,0,0,0,0,0,0,0,0,0
210512,1,1,1991,0,0,0,0,0,0,0,0,0,0
210512,2,1,1991,0,0,0,0,0,0,0,0,0,0
210513,1,1,1991,0,0,0,0,0,0,0,0,0,0
210513,2,1,1991,0,0,0,0,0,0,0,0,0,0
210514,1,1,1991,0,0,0,0,0,0,0,0,0,0
210514,2,1,1991,0,0,0,0,0,0,0,0,0,0
210516,0,1,1991,0,0,0,0,0,0,0,0,0,0
210516,1,1,1991,0,0,0,0,0,0,0,0,0,0
210517,1,1,1991,0,0,0,0,0,0,0,0,0,0
210517,2,1,1991,0,0,0,0,0,0,0,0,0,0
210518,1,1,1991,0,0,0,0,0,0,0,0,0,0
210518,2,1,1991,0,0,0,0,0,0,0,0,0,0
210519,1,1,1991,12,12,12,12,12,12,12,12,12,12
210520,1,1,1991,0,0,0,0,0,0,0,0,0,0
210521,1,1,1991,26,26,26,26,26,26,26,26,26,26
210521,2,1,1991,0,0,0,0,0,0,0,0,0,0
210522,1,1,1991,0,0,0,0,0,0,0,0,0,0
210523,1,1,1991,17,15,24,12,27,19,9,32,24,15
210524,1,1,1991,14,14,14,14,14,14,14,14,14,14
210524,2,1,1991,0,0,0,0,0,0,0,0,0,0
210525,1,1,1991,26,26,26,26,26,26,26,26,26,26
210526,1,1,1991,19,19,19,19,19,19,19,19,19,19
210527,1,1,1991,0,0,0,0,0,0,0,0,0,0
210528,1,1,1991,0,0,0,0,0,0,0,0,0,0
210528,2,1,1991,0,0,0,0,0,0,0,0,0,0
210528,3,1,1991,0,0,0,0,0,0,0,12,0,0
210529,1,2,1991,5,16,0,0,0,19,32,0,6,0
210530,1,1,1991,0,0,0,0,0,0,0,0,0,0
210530,2,1,1991,0,0,0,0,0,0,0,0,0,0
210531,1,1,1991,0,0,11,0,0,0,0,0,0,0
210531,2,1,1991,0,0,0,0,0,20,0,0,0,0
210532,1,2,1991,13,5,14,0,10,12,15,19,0,7
210533,1,1,1991,28,28,28,28,28,28,28,28,28,28
210534,1,1,1991,0,0,0,0,0,0,0,0,0,0
210535,1,1,1991,22,22,22,22,22,22,22,22,22,22
210535,2,1,1991,0,0,0,0,0,0,0,0,0,0
210535,3,1,1991,0,0,0,0,0,0,0,0,0,0
210536,1,1,1991,0,0,0,0,0,0,0,0,0,0
210536,2,1,1991,0,0,0,0,0,0,8,0,0,0
210537,1,1,1991,0,0,0,0,0,0,0,0,0,0
210537,2,1,1991,0,0,0,0,0,0,0,0,0,0
210538,1,1,1991,0,0,0,0,0,0,0,0,0,0
210538,2,1,1991,0,0,0,0,0,0,0,0,0,0
210539,1,1,1991,0,0,0,0,0,0,0,0,0,0
210539,2,1,1991,0,0,0,0,0,0,0,0,0,0
210540,1,1,1991,0,0,9,13,9,0,0,0,13,0
210541,1,1,1991,26,26,26,26,26,26,26,26,26,26
210542,1,1,1991,6,6,6,6,6,6,6,6,6,6
210542,2,1,1991,0,0,0,0,0,0,0,0,0,0
210543,1,1,1991,6,6,6,6,6,6,6,6,6,6
210544,1,1,1991,28,0,27,13,37,23,18,27,19,8
210545,1,1,1991,0,0,0,0,0,0,0,0,0,0
210545,2,1,1991,0,0,0,0,0,0,0,0,0,0
210546,1,1,1991,15,15,15,15,15,15,15,15,15,15
210546,2,1,1991,0,0,0,0,0,0,0,0,0,0
210547,1,1,1991,10,10,10,10,10,10,10,10,10,10
210547,2,1,1991,0,0,0,0,0,0,0,0,0,0
210548,1,1,1991,0,0,0,0,0,0,0,0,0,0
210548,2,1,1991,0,0,0,0,0,0,0,0,0,0
210549,1,1,1991,0,0,0,0,0,0,0,0,0,0
210550,1,1,1991,21,21,21,21,21,21,21,21,21,21
210551,1,1,1991,0,0,0,28,15,0,53,0,0,0
210552,1,1,1991,0,0,0,0,0,0,0,0,0,0
210552,2,1,1991,0,0,0,0,0,0,0,0,0,0
210553,1,1,1991,0,12,9,0,0,0,0,0,0,0
210553,2,1,1991,0,0,0,0,0,0,0,0,0,0
210554,1,1,1991,0,0,0,0,0,0,0,0,0,0
210554,2,1,1991,0,0,0,0,0,0,0,0,0,0
210555,1,1,1991,0,0,0,0,0,0,0,0,0,0
210556,1,1,1991,0,0,0,0,0,0,0,0,0,0
210557,1,1,1991,0,0,0,0,0,0,0,0,0,0
210558,1,1,1991,0,0,0,0,0,0,0,0,0,0
210558,2,1,1991,0,0,0,14,0,27,0,0,0,0
210559,1,1,1991,0,0,0,0,0,0,0,0,0,0
210559,2,1,1991,0,0,0,0,0,0,0,0,0,0
210560,1,1,1991,15,15,15,15,15,15,15,15,15,15
210561,1,1,1991,0,2,0,7,4,0,15,6,0,10
210561,2,1,1991,0,0,0,0,0,0,0,0,0,0
210562,1,1,1991,0,0,0,0,0,0,0,0,0,0
210563,1,1,1991,0,0,0,0,0,0,0,0,0,0
210563,2,1,1991,0,0,0,0,0,0,0,0,0,0
210564,1,1,1991,0,0,0,0,14,0,0,0,0,0
210564,2,1,1991,0,0,0,0,0,0,0,0,0,0
210565,0,1,1991,0,0,0,0,0,0,0,0,0,0
210565,1,1,1991,0,0,0,0,0,0,0,0,0,0
210566,1,1,1991,1,1,1,1,1,1,1,1,1,1
210567,1,1,1991,21,21,21,21,21,21,21,21,21,21
210568,1,2,1991,0,29,22,11,0,43,13,16,25,0
210569,1,1,1991,20,20,20,20,20,20,20,20,20,20
210570,1,1,1991,12,0,0,0,0,0,0,0,20,11
210571,1,1,1991,23,23,23,23,23,23,23,23,23,23
210572,1,1,1991,0,0,0,0,0,0,0,0,0,0
210572,2,1,1991,0,0,0,0,0,0,0,0,0,0
210573,1,1,1991,0,0,0,0,0,0,0,0,0,0
210574,1,1,1991,5,5,5,5,5,5,5,5,5,5
210575,1,1,1991,0,0,0,0,0,0,0,0,0,0
210576,1,1,1991,0,0,0,0,0,0,0,0,0,0
210576,2,1,1991,0,0,0,0,0,0,0,0,0,0
210577,1,1,1991,21,21,21,21,21,21,21,21,21,21
210578,0,1,1991,27,27,27,27,27,27,27,27,27,27
210578,1,1,1991,0,0,0,0,0,0,0,0,0,6
210579,1,1,1991,4,4,4,4,4,4,4,4,4,4
210580,1,1,1991,35,35,35,35,35,35,35,35,35,35
210581,1,1,1991,17,17,17,17,17,17,17,17,17,17
210582,1,1,1991,10,15,12,25,13,0,10,15,17,8
210582,2,1,1991,0,0,0,0,0,0,0,0,0,0
210582,3,1,1991,0,0,0,0,0,0,0,0,0,0
210583,0,1,1991,0,0,0,0,0,0,0,0,0,0
210583,1,1,1991,13,17,11,14,9,15,3,9,0,8
210584,1,1,1991,28,28,28,28,28,28,28,28,28,28
210586,1,1,1991,0,28,18,0,0,14,0,14,0,0
210587,1,1,1991,4,4,4,4,4,4,4,4,4,4
210589,1,1,1991,11,11,11,11,11,11,11,11,11,11
210590,1,1,1991,0,0,0,0,0,0,0,0,0,0
210590,2,1,1991,0,0,0,0,0,0,0,0,0,0
210591,1,1,1991,0,0,0,0,0,0,0,0,0,0
210591,2,1,1991,0,0,0,0,0,0,0,0,0,0
210592,0,1,1991,0,0,17,0,25,0,23,0,0,0
210592,1,1,1991,19,0,8,18,20,22,0,0,9,0
210593,1,1,1991,18,18,18,18,18,18,18,18,18,18
210594,1,1,1991,16,16,16,16,16,16,16,16,16,16
210595,1,1,1991,19,19,19,19,19,19,19,19,19,19
210596,1,1,1991,0,0,0,0,0,0,0,0,0,0
210596,2,1,1991,0,0,0,0,0,0,0,0,0,0
210597,0,1,1991,17,0,24,8,27,9,0,0,19,32
210597,1,1,1991,0,0,0,0,0,0,0,0,0,0
210598,1,1,1991,0,0,0,0,0,0,0,0,0,0
210598,2,1,1991,0,0,0,0,0,0,0,0,0,0
210599,1,1,1991,0,0,0,0,0,0,0,0,0,0
210600,0,1,1991,8,0,15,27,26,16,9,7,27,12
210600,1,1,1991,0,0,0,0,0,0,0,0,0,0
210601,1,1,1991,0,0,0,0,0,0,0,0,0,0
210602,1,1,1991,25,25,25,25,25,25,25,25,25,25
210603,1,1,1991,0,0,0,0,0,0,0,0,0,0
210603,2,1,1991,0,0,0,0,0,0,0,0,0,0
210604,1,1,1991,14,14,14,14,14,14,14,14,14,14
210605,1,1,1991,0,0,0,0,0,0,0,0,0,15
210605,2,1,1991,0,0,0,0,0,0,0,0,0,0
210606,1,1,1991,0,0,0,0,0,0,0,0,0,0
210607,1,1,1991,16,16,16,16,16,16,16,16,16,16
210608,1,1,1991,23,23,23,23,23,23,23,23,23,23
210609,1,1,1991,29,29,29,29,29,29,29,29,29,29
210610,1,1,1991,26,20,13,0,18,6,24,21,14,20
210611,1,1,1991,0,0,0,0,0,0,0,0,0,0
210611,2,1,1991,0,0,0,0,0,0,0,0,0,0
210612,1,1,1991,0,0,0,0,0,0,0,0,0,0
210612,2,1,1991,0,0,0,0,0,0,0,0,0,0
210613,1,1,1991,11,11,11,11,11,11,11,11,11,11
210614,0,1,1991,0,0,0,0,0,0,0,0,0,0
210614,0,2,1991,0,0,18,0,0,13,0,24,23,26
210614,1,1,1991,0,0,0,0,0,0,0,0,0,0
210616,1,1,1991,19,19,19,19,19,19,19,19,19,19
210617,0,1,1991,29,15,21,14,12,0,12,21,21,21
210617,1,1,1991,39,39,39,39,39,39,39,39,39,39
210618,1,1,1991,0,0,0,0,0,0,0,0,0,0
210618,2,1,1991,0,0,0,0,0,0,0,0,0,0
210619,1,1,1991,0,0,0,0,0,0,0,0,0,0
210619,2,1,1991,0,0,0,0,0,0,0,0,0,0
210620,1,1,1991,9,9,9,9,9,9,9,9,9,9
210621,1,1,1991,15,15,15,15,15,15,15,15,15,15
210622,1,1,1991,0,3,0,0,0,0,0,0,0,0
210623,1,1,1991,0,0,0,0,0,0,0,0,0,0
210624,1,1,1991,5,5,5,5,5,5,5,5,5,5
210625,1,1,1991,20,20,20,20,20,20,20,20,20,20
210626,1,1,1991,7,7,7,7,7,7,7,7,7,7
210627,1,1,1991,21,21,21,21,21,21,21,21,21,21
210628,1,1,1991,6,6,6,6,6,6,6,6,6,6
210629,1,1,1991,0,0,0,0,0,0,0,0,0,0
210630,0,1,1991,0,0,0,8,0,0,0,0,0,0
210630,1,1,1991,0,0,0,0,0,0,0,0,0,0
210631,1,1,1991,0,0,0,0,0,0,0,0,0,0
210631,2,1,1991,0,0,0,0,0,0,26,21,0,0
210632,1,1,1991,23,25,13,13,8,9,0,20,22,28
210633,1,1,1991,0,0,0,0,0,0,0,0,0,0
210633,2,1,1991,0,0,0,0,0,0,0,3,0,0
210634,1,1,1991,0,0,0,0,0,0,0,0,0,0
210634,2,1,1991,13,13,13,13,13,13,13,13,13,13
210634,3,1,1991,0,0,0,0,0,0,0,0,0,0
210635,1,1,1991,17,17,13,9,12,14,9,16,7,25
210636,1,1,1991,19,19,19,19,19,19,19,19,19,19
210637,1,1,1991,0,0,0,0,0,0,0,0,0,0
210637,2,1,1991,0,0,0,0,0,0,0,0,38,0
210638,1,1,1991,0,0,0,0,0,0,0,0,0,0
210639,1,1,1991,5,10,10,11,21,28,22,16,23,19
210640,1,1,1991,0,0,0,0,0,0,0,0,0,0
210641,1,1,1991,34,34,34,34,34,34,34,34,34,34