ST_CASE,VEH_NO,PER_NO,YEAR,P1,P2,P3,P4,P5,P6,P7,P8,P9,P10
210643,1,3,1991,24,22,0,24,17,18,26,24,13,18
210644,1,1,1991,17,17,17,17,17,17,17,17,17,17
210644,2,1,1991,3,3,3,3,3,3,3,3,3,3
210644,3,1,1991,0,0,0,0,0,0,0,0,0,0
210645,1,1,1991,0,0,0,0,0,0,0,0,0,0
210645,2,1,1991,0,12,0,0,0,0,22,16,0,0
210646,1,1,1991,10,10,10,10,10,10,10,10,10,10
210647,1,1,1991,0,0,0,0,0,0,0,0,0,0
210648,1,1,1991,8,8,8,8,8,8,8,8,8,8
210649,0,1,1991,25,25,25,25,25,25,25,25,25,25
210649,1,1,1991,0,0,0,0,0,0,0,0,0,0
210650,1,1,1991,14,14,14,14,14,14,14,14,14,14
210650,2,1,1991,0,0,0,0,0,0,0,0,0,0
210651,1,1,1991,22,22,22,22,22,22,22,22,22,22
210651,2,1,1991,0,0,0,0,0,0,0,0,0,0
210652,1,1,1991,0,0,0,0,0,0,0,0,0,0
210653,1,1,1991,0,0,0,0,0,0,0,0,0,0
210654,1,1,1991,0,0,0,0,0,0,0,0,0,0
210655,1,1,1991,0,0,0,0,0,0,0,0,0,0
210656,1,1,1991,0,0,0,0,0,0,0,0,0,0
210656,2,1,1991,0,0,0,0,0,0,0,0,0,0
210657,1,1,1991,0,0,0,0,0,0,0,0,0,0
210657,2,1,1991,0,0,0,0,0,0,0,0,0,0
210658,0,1,1991,0,0,0,0,0,0,0,0,0,0
210658,1,1,1991,0,0,0,0,0,0,0,0,0,0
210659,1,1,1991,0,0,0,0,0,0,0,0,0,0
210659,2,1,1991,0,0,0,0,0,0,0,0,0,0
210660,1,1,1991,0,0,0,0,0,0,0,0,0,0
210661,1,1,1991,13,13,13,13,13,13,13,13,13,13
210662,1,1,1991,17,17,17,17,17,17,17,17,17,17
210663,1,1,1991,16,16,16,16,16,16,16,16,16,16
210664,1,1,1991,18,18,18,18,18,18,18,18,18,18
210665,1,1,1991,12,0,0,0,0,0,17,0,0,0
210666,1,1,1991,0,0,0,0,0,0,0,0,0,0
210667,1,1,1991,20,20,20,20,20,20,20,20,20,20
210668,1,1,1991,0,0,0,0,0,0,0,0,0,0
210668,2,1,1991,0,0,0,0,0,0,0,0,0,0
210669,1,1,1991,20,31,14,41,33,18,0,10,39,7
210670,1,1,1991,25,25,25,25,25,25,25,25,25,25
210671,1,1,1991,0,0,30,0,0,0,0,0,0,0
210671,2,1,1991,0,0,0,0,0,0,0,0,0,0
210672,1,1,1991,14,8,3,24,0,10,0,13,2,7
210673,1,1,1991,0,0,0,0,0,0,0,0,0,0
210674,1,1,1991,19,19,19,19,19,19,19,19,19,19
210674,2,1,1991,2,2,2,2,2,2,2,2,2,2
210675,1,1,1991,0,0,0,0,0,0,0,0,0,0
210676,1,1,1991,12,17,0,0,0,0,0,20,16,0
210676,2,1,1991,0,0,16,6,0,14,0,0,0,0
210677,1,1,1991,0,0,0,0,0,0,0,0,0,0
210677,2,1,1991,0,0,0,0,0,0,0,0,0,0
210678,1,1,1991,0,0,0,0,0,0,0,0,0,0
210678,2,1,1991,0,0,0,0,0,0,0,0,0,0
210679,1,1,1991,17,17,17,17,17,17,17,17,17,17
210680,1,1,1991,24,13,11,16,19,6,19,15,6,14
210681,1,1,1991,23,23,23,23,23,23,23,23,23,23
210681,2,1,1991,0,0,0,0,0,0,0,10,0,0
210682,1,1,1991,0,0,0,0,0,0,9,0,0,0
210682,2,1,1991,0,0,0,0,0,0,0,0,0,0
210683,1,1,1991,0,0,0,0,0,0,0,0,0,0
210684,1,1,1991,19,19,19,19,19,19,19,19,19,19
210685,1,1,1991,0,0,0,0,0,0,0,0,19,0
210685,2,1,1991,0,0,0,0,0,0,0,0,0,0
210685,3,1,1991,0,0,0,0,0,0,0,0,0,0
210685,4,1,1991,0,0,0,0,0,0,0,0,0,0
210685,5,1,1991,0,0,0,0,0,0,0,0,0,0
210686,1,1,1991,16,16,16,16,16,16,16,16,16,16
210687,1,1,1991,0,0,0,0,0,0,0,0,0,0
210688,1,1,1991,19,19,19,19,19,19,19,19,19,19
210688,2,1,1991,0,0,0,0,0,0,0,0,0,0
210689,1,1,1991,16,16,16,16,16,16,16,16,16,16
210690,1,1,1991,0,0,0,7,0,12,0,0,0,25
210691,1,1,1991,10,10,10,10,10,10,10,10,10,10
210692,1,1,1991,0,0,0,0,0,0,0,0,0,0
210693,1,1,1991,0,4,0,0,0,0,0,0,0,0
210694,1,1,1991,0,0,0,0,0,0,0,0,0,0
210695,1,1,1991,0,0,0,0,0,0,0,0,0,0
210695,2,1,1991,0,0,0,0,0,0,0,0,0,0
210696,1,1,1991,0,0,0,0,0,0,0,0,0,0
210696,2,1,1991,0,0,0,0,10,0,0,0,0,0
210697,1,1,1991,11,11,11,11,11,11,11,11,11,11
210698,1,1,1991,0,0,0,0,0,0,0,0,0,0
210698,2,1,1991,0,0,0,0,0,0,0,0,0,0
210700,0,1,1991,33,33,33,33,33,33,33,33,33,33
210700,2,1,1991,7,7,7,7,7,7,7,7,7,7
210701,1,1,1991,0,0,0,0,0,0,0,0,0,0
210701,2,1,1991,0,0,0,0,0,0,0,0,0,0
210702,1,1,1991,14,14,14,14,14,14,14,14,14,14
210703,1,1,1991,15,15,15,15,15,15,15,15,15,15
210704,1,1,1991,0,0,0,0,0,0,0,0,0,0
210704,2,1,1991,0,0,0,0,0,0,0,0,0,0
210705,1,1,1991,0,0,0,0,0,0,0,0,0,0
210706,1,1,1991,0,0,0,0,0,0,0,0,0,0
210707,1,1,1991,24,24,24,24,24,24,24,24,24,24
210707,2,1,1991,0,0,0,0,0,0,0,0,0,0
210708,1,1,1991,0,0,0,0,0,0,0,0,0,0
210709,1,1,1991,0,0,0,0,0,0,0,0,0,0
210709,2,1,1991,0,0,0,0,0,0,0,0,0,0
210710,1,1,1991,11,11,11,11,11,11,11,11,11,11
210711,1,1,1991,25,25,25,25,25,25,25,25,25,25
210712,1,1,1991,0,0,0,0,0,0,0,0,0,0
210712,2,1,1991,0,0,0,0,0,0,0,0,0,0
210713,1,1,1991,23,23,23,23,23,23,23,23,23,23
210714,1,1,1991,0,0,0,0,0,0,0,0,0,0
210715,1,1,1991,0,0,0,0,0,0,0,0,0,0
210715,2,1,1991,0,0,0,0,0,0,0,0,0,0
210715,3,1,1991,0,0,0,0,0,0,1,0,0,0
210715,4,1,1991,0,0,0,0,0,0,0,0,0,0
210715,5,1,1991,0,0,0,0,0,0,0,0,0,0
210715,6,1,1991,0,0,0,0,0,0,0,0,0,0
210715,7,1,1991,0,0,0,0,0,0,0,0,0,0
210715,8,1,1991,0,0,0,6,0,0,12,0,0,0
210715,9,1,1991,0,0,0,0,0,0,0,0,0,0
210715,10,1,1991,0,0,0,0,0,0,0,0,0,0
210715,11,1,1991,0,0,0,0,0,0,0,0,0,0
210716,1,1,1991,0,0,0,0,0,0,0,0,0,0
210716,2,1,1991,0,0,0,0,0,0,0,0,0,0
210717,1,1,1991,22,22,22,22,22,22,22,22,22,22
210718,1,1,1991,22,29,15,0,18,12,15,0,19,12
210718,2,1,1991,0,0,0,0,0,0,0,0,0,0
210718,3,1,1991,0,0,0,0,0,0,0,0,0,0
210719,1,1,1991,32,32,32,32,32,32,32,32,32,32
210719,2,1,1991,0,0,0,0,0,0,0,0,0,0
210720,0,1,1991,0,0,19,0,0,0,0,0,0,0
210720,1,1,1991,0,0,0,0,0,0,0,0,0,0
210721,1,1,1991,17,19,7,21,12,27,15,22,10,13
210722,1,1,1991,0,0,0,0,0,0,0,0,0,0
210723,1,1,1991,0,0,0,0,0,0,0,0,0,0
210724,1,1,1991,0,0,0,0,0,0,0,0,0,0
210724,2,1,1991,0,0,0,0,0,18,11,0,0,0
210725,1,1,1991,21,12,19,11,27,16,16,0,15,24
210726,1,1,1991,19,19,19,19,19,19,19,19,19,19
210727,1,1,1991,0,0,0,0,0,0,0,0,0,0
210728,1,1,1991,0,0,0,0,0,0,0,0,0,0
210729,1,1,1991,0,0,0,0,0,0,0,0,0,0
210729,2,1,1991,0,0,0,0,0,0,0,0,0,0
210730,1,1,1991,11,11,11,11,11,11,11,11,11,11
210731,1,1,1991,0,0,0,0,0,0,0,0,0,0
210731,2,1,1991,0,0,0,0,0,0,0,0,0,0
210732,1,1,1991,22,22,22,22,22,22,22,22,22,22
210733,1,1,1991,22,22,22,22,22,22,22,22,22,22
210734,1,1,1991,15,0,0,0,27,0,6,0,12,0
210735,1,1,1991,0,0,0,0,0,0,0,0,0,0
210736,0,1,1991,0,0,0,0,0,0,0,0,0,0
210736,0,2,1991,0,0,0,0,0,0,0,0,0,0
210737,0,1,1991,17,17,17,17,17,17,17,17,17,17
210737,1,1,1991,0,0,0,0,0,0,0,0,0,0
210738,1,1,1991,1,1,1,1,1,1,1,1,1,1
210738,2,1,1991,8,0,0,0,16,0,0,0,0,0
210739,1,1,1991,3,3,3,3,3,3,3,3,3,3
210740,1,1,1991,0,0,0,0,0,0,0,0,0,0
210741,1,1,1991,0,0,0,0,0,0,0,0,0,0
210741,2,1,1991,0,0,0,0,0,0,0,0,0,0
210742,1,1,1991,0,0,0,0,0,0,0,0,0,0
210742,2,1,1991,0,0,0,0,0,0,0,0,0,0
210742,3,1,1991,0,0,0,0,0,0,0,0,0,0
210743,1,1,1991,25,0,0,0,0,0,0,0,0,0
210744,1,1,1991,11,11,0,22,29,18,9,17,22,12
210745,1,1,1991,0,0,0,0,0,0,0,0,0,0
210745,2,1,1991,0,0,0,0,0,0,0,0,0,0
210745,3,1,1991,0,0,0,0,0,0,0,0,0,0
210746,1,1,1991,20,20,20,20,20,20,20,20,20,20
210747,1,1,1991,20,13,12,29,9,21,0,0,14,17
210747,2,1,1991,6,6,6,6,6,6,6,6,6,6
210748,1,1,1991,0,0,0,0,0,0,0,0,0,0
210748,2,1,1991,0,0,0,0,0,0,0,0,0,0
210749,1,1,1991,0,0,0,0,0,0,0,0,0,0
210749,2,1,1991,0,0,0,0,0,0,0,0,0,0
210749,3,1,1991,0,0,0,0,14,0,0,0,0,0
210750,1,1,1991,0,0,0,0,0,0,0,0,0,0
210750,2,1,1991,10,10,10,10,10,10,10,10,10,10
210750,3,1,1991,0,0,0,0,0,0,0,0,0,0
210750,4,1,1991,16,0,0,16,0,0,0,9,0,0
210751,0,1,1991,0,0,0,0,0,0,0,0,0,0
210751,1,1,1991,0,0,0,18,0,0,0,23,0,0
210752,1,1,1991,0,0,0,0,0,0,0,0,0,0
210753,1,1,1991,0,0,0,0,21,0,0,0,0,0
210753,2,1,1991,0,0,0,0,0,0,0,0,0,0
210754,1,1,1991,0,0,0,0,0,0,0,0,0,0
210754,2,1,1991,0,0,0,0,0,0,0,0,0,0
210755,1,1,1991,0,0,0,0,0,0,0,0,0,0
210755,2,1,1991,0,0,0,0,0,0,0,0,0,0
210756,1,1,1991,0,0,0,0,0,16,0,0,0,0
210757,1,1,1991,0,12,13,0,0,0,0,0,0,0
210757,2,1,1991,0,0,0,12,0,0,0,0,0,0
210758,1,1,1991,0,0,0,0,0,0,9,0,0,0
220001,0,1,1991,0,0,0,0,0,0,0,0,0,0
220001,1,1,1991,0,16,21,0,25,0,16,0,0,18
220002,1,1,1991,22,0,0,0,0,0,14,0,6,6
220002,2,1,1991,0,0,0,0,0,0,0,0,0,0
220002,3,1,1991,20,0,0,17,0,24,0,0,0,16
220003,1,1,1991,25,25,25,25,25,25,25,25,25,25
220003,2,1,1991,0,0,0,0,0,0,0,0,0,0
220004,0,1,1991,0,0,0,0,0,0,0,0,0,0
220004,1,1,1991,0,0,0,0,0,14,0,0,0,0
220005,0,1,1991,0,0,0,0,0,15,0,23,0,0
220005,1,1,1991,0,0,0,0,0,0,0,0,0,0
220006,1,1,1991,0,0,0,0,0,0,0,0,0,0
220007,1,1,1991,0,0,0,0,0,0,0,0,0,0
220007,2,1,1991,4,0,30,17,33,8,0,12,6,24
220008,1,1,1991,22,0,0,0,0,0,0,0,0,0
220009,0,1,1991,38,38,38,38,38,38,38,38,38,38
220009,1,1,1991,0,0,0,0,0,0,0,0,0,0
220010,1,1,1991,0,0,0,0,0,0,0,0,0,0
220010,2,1,1991,0,0,0,0,0,0,0,0,0,0
220011,0,1,1991,0,0,0,0,0,10,0,0,0,0
220011,1,1,1991,0,0,0,0,0,0,0,0,0,0
220012,1,1,1991,0,0,0,0,0,0,0,0,0,0
220012,2,1,1991,0,0,0,0,0,0,18,0,0,0
220013,1,1,1991,0,21,23,30,15,14,31,26,18,11
220014,1,1,1991,0,0,0,0,0,0,0,0,0,0
220014,2,1,1991,0,0,0,0,0,0,0,0,0,0
220014,3,1,1991,0,0,0,0,0,0,0,0,0,16
220016,0,1,1991,0,0,0,0,0,0,0,0,0,0
220016,1,1,1991,0,0,0,0,0,0,0,0,0,0
220017,1,1,1991,16,16,16,16,16,16,16,16,16,16
220017,2,1,1991,0,0,0,0,0,0,0,0,0,0
220018,1,1,1991,0,0,12,28,8,0,17,14,20,26
220020,1,1,1991,0,0,0,0,0,0,0,0,0,0
220021,1,1,1991,39,39,39,39,39,39,39,39,39,39
220021,2,1,1991,5,5,5,5,5,5,5,5,5,5
220022,0,1,1991,7,6,32,28,29,21,17,19,29,21
220022,1,1,1991,0,0,0,0,0,0,0,0,0,0
220023,1,1,1991,0,0,0,0,0,0,0,0,0,0
220023,2,1,1991,0,0,0,0,0,0,0,0,0,0
220024,1,1,1991,0,28,0,0,0,0,0,11,0,0
220025,1,1,1991,22,22,22,22,22,22,22,22,22,22
220026,1,1,1991,1,1,1,1,1,1,1,1,1,1
220027,1,1,1991,0,0,0,0,0,0,26,0,0,0
220027,2,1,1991,0,0,0,0,0,0,0,0,0,0
220028,1,1,1991,0,0,0,0,0,0,0,0,0,0
220029,1,1,1991,21,21,21,21,21,21,21,21,21,21
220030,1,1,1991,14,14,34,13,22,10,11,31,9,14
220031,1,1,1991,7,7,7,7,7,7,7,7,7,7
220031,2,1,1991,5,5,5,5,5,5,5,5,5,5
220032,1,1,1991,0,0,0,0,0,0,0,0,0,0
220032,2,1,1991,0,0,0,0,0,0,0,0,0,0
220033,0,1,1991,0,0,0,0,24,0,40,0,0,0
220033,1,1,1991,0,0,0,0,0,0,0,0,0,0
220034,1,1,1991,0,0,0,0,0,0,0,0,0,0
220034,2,1,1991,0,0,0,0,0,0,0,0,0,0
220035,1,1,1991,18,0,0,0,0,26,0,0,13,0
220036,1,1,1991,0,0,0,0,0,0,0,0,0,0
220036,2,1,1991,0,0,0,0,0,0,0,0,0,0
220037,1,1,1991,11,11,11,11,11,11,11,11,11,11
220038,1,1,1991,26,26,26,26,26,26,26,26,26,26
220038,2,1,1991,0,0,0,0,0,0,0,0,0,0
220039,1,1,1991,0,0,0,0,0,0,0,0,0,0
220039,2,1,1991,0,0,0,0,0,0,0,0,0,0
220040,1,1,1991,5,0,0,0,0,0,0,0,0,0
220041,1,1,1991,0,10,0,0,0,0,8,0,0,0
220041,2,1,1991,0,0,0,0,0,0,0,0,0,0
220042,1,1,1991,9,0,8,19,10,14,31,21,18,23
220042,2,1,1991,0,0,0,0,0,0,0,0,0,0
220043,1,1,1991,10,10,10,10,10,10,10,10,10,10
220044,1,1,1991,20,20,20,20,20,20,20,20,20,20
220045,0,1,1991,15,15,15,15,15,15,15,15,15,15
220045,1,1,1991,0,0,0,0,0,0,0,0,0,0
220046,1,1,1991,0,0,0,0,0,0,0,0,0,0
220046,2,1,1991,0,0,0,0,0,0,0,0,0,0
220047,1,1,1991,0,0,0,0,0,0,0,0,0,0
220048,1,1,1991,14,14,14,14,14,14,14,14,14,14
220049,1,1,1991,0,0,0,0,0,0,0,0,0,0
220049,2,1,1991,0,0,0,0,0,0,0,0,0,0
220050,0,1,1991,34,19,0,22,19,0,14,22,15,0
220050,1,1,1991,14,14,14,14,14,14,14,14,14,14
220051,0,1,1991,19,0,0,0,20,10,0,23,0,0
220051,1,1,1991,2,2,2,2,2,2,2,2,2,2
220052,1,1,1991,17,17,17,17,17,17,17,17,17,17
220052,2,1,1991,0,0,0,0,0,0,0,0,0,0
220053,1,1,1991,0,0,0,0,0,0,0,0,0,0
220054,1,1,1991,14,14,14,14,14,14,14,14,14,14
220055,1,1,1991,8,8,8,8,8,8,8,8,8,8
220056,1,1,1991,18,18,18,18,18,18,18,18,18,18
220057,0,1,1991,0,0,0,0,0,0,0,0,0,0
220057,1,1,1991,0,0,0,0,0,0,0,0,0,0
220058,1,1,1991,7,7,7,7,7,7,7,7,7,7
220059,1,1,1991,21,21,21,21,21,21,21,21,21,21
220059,2,1,1991,0,0,0,0,0,0,0,0,0,0
220060,1,1,1991,22,43,0,18,20,15,12,0,23,8
220061,1,1,1991,0,0,0,0,0,0,0,0,0,0
220061,2,1,1991,0,0,0,0,0,0,0,0,0,0
220062,1,1,1991,0,13,0,11,0,31,0,0,0,21
220062,2,1,1991,0,0,0,0,0,0,0,0,0,0
220063,1,1,1991,43,43,43,43,43,43,43,43,43,43
220064,1,1,1991,21,0,12,0,12,0,0,19,0,0
220064,2,1,1991,0,0,0,0,0,0,0,0,0,0
220065,1,1,1991,21,21,14,17,9,13,20,9,19,15
220066,1,1,1991,19,0,18,0,12,0,13,18,0,0
220067,1,1,1991,0,0,0,0,0,0,0,0,0,0
220067,2,1,1991,0,0,0,0,0,0,0,0,0,0
220068,1,1,1991,0,0,0,0,0,0,0,0,0,0
220068,2,1,1991,19,19,19,19,19,19,19,19,19,19
220069,1,1,1991,28,28,28,28,28,28,28,28,28,28
220070,1,1,1991,0,0,16,23,12,14,0,0,23,0
220071,1,1,1991,0,0,0,0,0,0,0,0,0,0
220071,2,1,1991,0,0,0,0,0,0,0,0,0,0
220072,0,1,1991,18,18,18,18,18,18,18,18,18,18
220072,1,1,1991,9,9,9,9,9,9,9,9,9,9
220073,0,1,1991,28,28,28,28,28,28,28,28,28,28
220073,1,1,1991,9,30,0,0,0,10,0,12,13,27
220074,1,1,1991,8,8,8,8,8,8,8,8,8,8
220075,1,1,1991,7,7,7,7,7,7,7,7,7,7
220076,1,1,1991,0,0,0,0,0,0,0,0,0,0
220076,2,1,1991,0,0,0,0,0,0,0,0,0,0
220077,1,1,1991,15,15,15,15,15,15,15,15,15,15
220077,2,1,1991,26,26,26,26,26,26,26,26,26,26
220078,1,1,1991,0,0,0,0,0,0,0,0,0,0
220079,1,1,1991,0,0,0,0,0,0,12,0,30,0
220080,1,1,1991,17,17,17,17,17,17,17,17,17,17
220080,2,1,1991,0,0,0,0,0,0,0,0,0,0
220081,1,1,1991,0,0,0,0,0,0,0,0,0,0
220082,0,1,1991,4,16,7,30,24,24,12,12,18,27
220082,1,1,1991,0,0,0,0,0,0,0,0,0,0
220083,1,1,1991,28,28,28,28,28,28,28,28,28,28
220084,1,1,1991,6,25,14,8,12,5,0,0,5,24
220085,1,1,1991,0,23,0,0,22,0,16,0,0,27
220086,1,1,1991,0,0,0,0,0,0,0,0,0,0
220086,2,1,1991,8,8,8,8,8,8,8,8,8,8
220086,3,1,1991,0,0,13,0,0,0,0,0,0,15
220087,0,1,1991,0,0,0,0,0,0,0,0,0,0
220087,1,1,1991,0,0,0,0,0,11,0,0,0,0
220089,1,1,1991,0,17,0,0,9,0,0,0,0,0
220090,1,1,1991,0,0,15,0,15,14,13,0,13,14
220091,1,1,1991,11,11,11,11,11,11,11,11,11,11
220091,2,1,1991,19,19,19,19,19,19,19,19,19,19
220092,0,1,1991,30,30,30,30,30,30,30,30,30,30
220092,1,1,1991,0,0,0,0,0,0,0,0,0,0
220093,0,1,1991,0,0,0,0,0,19,0,0,0,23
220093,1,1,1991,0,0,0,0,0,0,0,0,0,0
220094,1,1,1991,0,0,0,0,0,0,0,0,7,0
220095,1,1,1991,12,12,12,12,12,12,12,12,12,12
220096,1,1,1991,0,0,0,0,0,0,0,0,0,0
220096,2,1,1991,0,0,0,0,0,0,0,0,0,0
220097,1,1,1991,0,0,0,0,0,0,0,0,0,0
220097,2,1,1991,0,0,0,24,0,0,0,0,0,0
220097,3,1,1991,0,0,0,27,0,0,0,0,0,0
220098,0,1,1991,23,0,15,0,22,0,26,17,0,0
220098,1,1,1991,0,0,0,0,0,0,0,0,0,0
220099,0,1,1991,0,0,25,0,5,17,38,0,26,36
220099,1,1,1991,0,0,0,0,0,0,0,0,0,0
220100,1,1,1991,18,18,18,18,18,18,18,18,18,18
220100,2,1,1991,0,0,0,0,0,0,0,0,0,0
220101,1,1,1991,18,18,18,18,18,18,18,18,18,18
220101,2,1,1991,0,0,0,0,0,0,0,0,0,0
220102,1,1,1991,21,21,21,21,21,21,21,21,21,21
220102,2,1,1991,3,3,3,3,3,3,3,3,3,3
220103,1,1,1991,3,3,3,3,3,3,3,3,3,3
220104,1,1,1991,33,33,33,33,33,33,33,33,33,33
220105,1,1,1991,0,0,12,0,0,0,0,0,0,0
220105,2,1,1991,0,0,0,0,0,0,0,0,0,0
220106,1,1,1991,8,0,0,6,17,0,5,12,21,15
220107,1,1,1991,25,25,25,25,25,25,25,25,25,25
220107,2,1,1991,0,0,0,0,0,0,0,0,0,0
220107,3,1,1991,0,0,0,0,0,0,0,0,0,0
220108,1,1,1991,0,0,0,0,0,0,0,0,0,0
220108,2,1,1991,0,0,0,0,0,2,0,0,0,0
220109,1,1,1991,0,0,0,0,0,0,0,0,0,0
220109,2,1,1991,0,0,0,0,0,0,0,0,0,0
220110,1,1,1991,28,28,28,28,28,28,28,28,28,28
220110,2,1,1991,0,0,8,0,0,0,5,0,0,0
220111,1,1,1991,0,0,0,0,0,0,0,0,0,0
220111,2,1,1991,0,0,0,0,0,0,0,0,0,0
220112,1,1,1991,5,0,0,0,0,0,0,0,0,0
220113,1,1,1991,10,10,10,10,10,10,10,10,10,10
220114,1,1,1991,0,0,0,0,0,14,0,0,3,0
220114,2,1,1991,0,0,0,0,0,0,0,0,0,0
220115,1,1,1991,0,0,0,0,0,0,0,0,0,0
220116,1,1,1991,16,16,16,16,16,16,16,16,16,16
220119,1,1,1991,0,0,0,19,0,0,12,0,0,4
220120,1,1,1991,0,0,0,0,0,0,0,0,0,15
220121,1,1,1991,14,14,14,14,14,14,14,14,14,14
220122,1,1,1991,0,0,0,0,0,0,0,0,0,0
220122,2,1,1991,0,0,0,0,0,0,0,0,0,0
220123,1,1,1991,28,28,28,28,28,28,28,28,28,28
220123,2,1,1991,0,0,0,0,0,0,0,0,0,0
220124,0,1,1991,25,12,31,0,15,17,14,9,17,24
220124,1,1,1991,11,11,11,11,11,11,11,11,11,11
220125,1,1,1991,8,8,8,8,8,8,8,8,8,8
220125,2,1,1991,0,0,0,0,0,0,0,0,0,0
220125,3,1,1991,0,0,0,0,0,0,0,0,0,0
220126,1,1,1991,0,0,0,0,0,0,0,0,0,0
220126,2,1,1991,20,0,3,0,15,29,3,0,9,0
220127,1,1,1991,15,15,15,15,15,15,15,15,15,15
220129,1,1,1991,0,0,0,0,0,0,0,0,0,0
220129,2,1,1991,0,0,0,0,0,0,0,0,0,0
220130,1,1,1991,0,0,0,0,0,0,0,0,0,0
220130,2,1,1991,0,0,0,0,0,0,0,0,0,0
220131,1,1,1991,18,18,18,18,18,18,18,18,18,18
220133,0,1,1991,23,23,23,23,23,23,23,23,23,23
220133,1,1,1991,0,0,0,0,0,0,0,0,0,0
220134,1,1,1991,0,0,0,0,0,0,0,0,0,0
220134,2,1,1991,11,11,11,11,11,11,11,11,11,11
220135,0,1,1991,17,17,17,17,17,17,17,17,17,17
220135,1,1,1991,0,0,0,0,0,0,0,0,0,0
220137,1,1,1991,14,14,14,14,14,14,14,14,14,14
220137,2,1,1991,0,0,0,0,0,0,0,0,0,0
220138,1,1,1991,11,15,11,15,2,33,9,15,13,13
220139,1,1,1991,0,0,0,0,0,0,0,0,0,0
220140,0,1,1991,0,0,0,0,0,0,0,0,0,27
220140,1,1,1991,0,0,0,0,0,20,0,22,0,0
220141,1,1,1991,0,0,0,0,0,0,0,0,0,0
220141,2,1,1991,0,0,0,0,0,0,0,0,0,0
220142,1,1,1991,0,9,25,0,19,25,12,9,9,29
220143,1,1,1991,14,14,14,14,14,14,14,14,14,14
220143,2,1,1991,0,0,0,0,0,0,0,0,0,0
220144,0,1,1991,0,0,0,13,0,24,11,24,0,26
220144,0,2,1991,0,0,0,24,0,0,0,0,0,6
220144,1,1,1991,0,0,0,0,0,0,0,0,0,0
220144,2,1,1991,0,0,0,0,0,10,0,0,0,0
220145,1,1,1991,11,10,20,13,19,13,23,29,9,7
220146,1,1,1991,21,21,21,21,21,21,21,21,21,21
220147,0,1,1991,0,0,0,0,0,0,0,0,0,0
220147,1,1,1991,16,16,16,16,16,16,16,16,16,16
220147,2,1,1991,0,0,0,0,0,0,6,22,0,0
220148,0,1,1991,19,0,0,0,0,0,17,0,0,0
220148,1,1,1991,0,0,0,0,0,0,0,0,0,8
220149,1,1,1991,0,0,0,0,6,0,5,0,0,0
220149,2,1,1991,0,0,0,0,0,0,0,0,0,0
220150,1,1,1991,0,0,0,0,0,0,0,0,0,0
220150,2,1,1991,0,3,0,19,0,11,0,0,15,0
220151,1,1,1991,0,0,0,0,0,0,0,0,0,0
220151,2,1,1991,0,0,0,0,0,0,0,0,0,0
220151,3,1,1991,0,0,0,0,0,0,0,0,0,0
220152,1,1,1991,16,30,16,14,9,11,29,29,8,6
220153,1,1,1991,0,0,11,0,15,14,10,0,0,0
220154,1,1,1991,8,8,8,8,8,8,8,8,8,8
220155,1,1,1991,0,11,0,0,0,20,0,0,0,0
220155,2,1,1991,0,0,0,0,0,0,0,0,0,0
220156,0,1,1991,7,7,7,7,7,7,7,7,7,7
220156,1,1,1991,0,0,0,0,0,0,0,0,0,0
220157,1,1,1991,7,7,7,7,7,7,7,7,7,7
220158,1,1,1991,21,21,21,21,21,21,21,21,21,21
220159,0,1,1991,25,25,25,25,25,25,25,25,25,25
220159,1,1,1991,9,9,9,9,9,9,9,9,9,9
220160,1,1,1991,13,13,13,13,13,13,13,13,13,13
220162,0,1,1991,0,0,0,0,0,0,0,0,0,0
220162,1,1,1991,0,0,0,0,0,0,0,0,0,0
220163,1,1,1991,0,0,0,0,0,0,0,0,0,0
220163,2,1,1991,0,0,0,0,0,0,0,0,0,0
220164,0,1,1991,0,0,0,0,0,0,0,0,0,0
220164,1,1,1991,0,0,0,28,0,0,0,0,0,0
220165,1,1,1991,0,49,14,0,0,0,0,0,0,0
220165,2,1,1991,0,0,0,0,0,0,0,0,0,0
220166,1,1,1991,0,0,0,0,0,0,0,0,0,0
220166,2,1,1991,29,29,29,29,29,29,29,29,29,29
220167,1,1,1991,41,41,41,41,41,41,41,41,41,41
220168,1,1,1991,0,0,0,0,0,0,0,0,0,0
220169,1,1,1991,4,4,4,4,4,4,4,4,4,4
220169,2,1,1991,0,0,0,0,0,0,0,0,0,0
220170,1,1,1991,20,20,20,20,20,20,20,20,20,20
220170,2,1,1991,0,0,0,0,0,0,0,0,0,0
220171,1,1,1991,13,13,13,13,13,13,13,13,13,13
220171,2,1,1991,0,0,0,0,0,0,0,0,0,0
220171,3,1,1991,0,0,0,0,0,0,0,0,0,0
220173,1,1,1991,0,0,0,2,0,0,0,0,0,0
220173,2,1,1991,0,0,0,0,0,0,0,0,0,0
220174,1,1,1991,0,0,0,0,0,0,0,0,0,0
220174,2,1,1991,0,0,0,0,0,0,0,0,0,0
220175,1,1,1991,19,19,19,19,19,19,19,19,19,19
220175,2,1,1991,0,0,0,0,0,0,0,0,0,0
220176,1,1,1991,0,0,0,0,0,0,0,0,0,0