ST_CASE,VEH_NO,PER_NO,YEAR,P1,P2,P3,P4,P5,P6,P7,P8,P9,P10
220467,1,1,1991,0,0,0,0,0,0,0,0,0,0
220468,1,1,1991,0,0,0,0,0,0,0,0,0,0
220469,1,1,1991,0,0,0,0,0,0,0,0,0,0
220470,1,1,1991,23,23,23,23,23,23,23,23,23,23
220470,2,1,1991,28,28,28,28,28,28,28,28,28,28
220471,1,1,1991,19,19,19,19,19,19,19,19,19,19
220473,1,1,1991,32,32,32,32,32,32,32,32,32,32
220474,1,1,1991,0,14,8,16,25,31,0,14,20,15
220475,0,1,1991,0,0,20,0,0,0,0,0,0,0
220475,1,1,1991,0,20,16,16,21,0,0,19,9,0
220476,1,1,1991,8,8,8,8,8,8,8,8,8,8
220477,1,1,1991,0,0,0,0,0,0,0,0,0,0
220477,2,1,1991,0,0,0,0,0,0,0,0,0,0
220478,0,1,1991,10,10,10,10,10,10,10,10,10,10
220478,1,1,1991,0,0,0,0,0,0,0,0,0,0
220479,1,1,1991,31,31,31,31,31,31,31,31,31,31
220480,1,1,1991,0,0,0,0,0,0,0,0,0,0
220481,1,1,1991,0,0,0,0,0,0,0,0,0,0
220482,1,1,1991,33,33,33,33,33,33,33,33,33,33
220482,2,1,1991,11,18,37,19,0,13,17,0,17,20
220483,1,1,1991,17,17,17,17,17,17,17,17,17,17
220483,2,1,1991,0,0,0,0,0,0,0,0,0,0
220484,1,1,1991,0,0,0,0,0,0,0,0,0,0
220484,2,1,1991,0,0,0,0,0,0,0,0,0,0
220485,1,1,1991,26,26,14,0,22,29,20,0,0,25
220486,0,1,1991,14,6,15,48,37,0,2,18,0,11
220486,1,1,1991,0,0,0,0,0,0,0,0,0,0
220487,1,1,1991,27,27,27,27,27,27,27,27,27,27
220490,1,1,1991,17,13,4,25,22,14,9,0,11,18
220491,1,1,1991,21,21,21,21,21,21,21,21,21,21
220492,1,1,1991,24,22,19,18,14,7,18,23,16,10
220493,1,1,1991,0,0,5,0,0,0,0,0,0,0
220494,1,1,1991,7,7,7,7,7,7,7,7,7,7
220495,0,1,1991,0,0,0,0,0,0,0,0,0,0
220495,1,1,1991,0,0,0,0,0,0,0,0,0,0
220496,1,1,1991,0,0,0,0,0,0,0,0,0,0
220496,2,1,1991,0,0,8,0,0,0,0,0,0,16
220497,1,1,1991,26,9,0,26,16,16,0,19,13,19
220499,1,1,1991,17,17,17,17,17,17,17,17,17,17
220499,2,1,1991,0,0,0,0,0,0,0,0,0,0
220500,1,1,1991,12,20,18,0,23,25,10,13,24,21
220501,0,1,1991,0,0,0,0,0,0,0,0,0,0
220501,1,1,1991,0,0,0,0,0,0,0,0,0,0
220503,1,1,1991,0,0,0,0,0,0,0,0,0,0
220503,2,1,1991,1,1,1,1,1,1,1,1,1,1
220505,1,1,1991,15,6,19,31,25,31,21,26,12,26
220506,1,1,1991,28,32,31,9,23,21,17,0,23,23
220507,1,1,1991,0,0,0,0,0,5,0,0,0,16
220507,2,1,1991,0,0,0,0,0,11,0,0,0,0
220508,1,1,1991,16,16,16,16,16,16,16,16,16,16
220509,1,1,1991,0,0,0,0,0,0,0,0,0,0
220510,1,1,1991,0,0,0,0,0,0,0,0,0,0
220511,1,1,1991,16,16,16,16,16,16,16,16,16,16
220512,1,1,1991,0,0,0,0,0,0,0,0,0,0
220512,2,1,1991,0,0,9,0,0,0,0,0,0,0
220513,1,1,1991,0,0,0,0,0,0,0,0,0,0
220513,2,1,1991,0,18,0,0,0,0,8,0,24,0
220514,1,1,1991,21,0,24,0,0,25,0,16,22,0
220514,2,1,1991,0,0,0,0,0,0,0,0,0,0
220514,3,1,1991,12,0,3,0,0,17,0,0,0,0
220514,4,1,1991,0,0,0,0,0,0,9,8,22,0
220515,1,1,1991,0,13,14,0,0,0,0,0,0,0
220515,2,1,1991,0,10,0,0,0,0,0,9,0,0
220515,3,1,1991,0,0,0,0,0,0,0,0,0,0
220516,0,1,1991,26,26,26,26,26,26,26,26,26,26
220516,1,1,1991,0,0,0,0,0,0,0,0,0,0
220517,1,1,1991,4,4,4,4,4,4,4,4,4,4
220518,1,1,1991,17,12,12,15,15,19,14,23,13,7
220519,1,1,1991,0,0,10,0,0,0,0,0,0,0
220519,2,1,1991,20,0,0,0,0,0,0,0,0,0
220520,0,1,1991,0,0,0,0,0,0,0,0,0,0
220520,1,1,1991,0,0,0,0,0,0,0,0,0,0
220521,1,1,1991,0,24,18,0,0,21,17,0,0,0
220522,1,1,1991,27,10,17,19,24,21,21,27,28,29
220523,1,1,1991,12,12,12,12,12,12,12,12,12,12
220524,1,1,1991,17,17,17,17,17,17,17,17,17,17
220525,1,1,1991,0,0,0,0,0,0,0,0,0,0
220525,2,1,1991,0,0,0,0,0,0,0,0,0,0
220526,1,1,1991,0,0,0,0,0,0,0,0,0,0
220527,1,1,1991,1,1,1,1,1,1,1,1,1,1
220527,2,1,1991,14,14,14,14,14,14,14,14,14,14
220528,1,1,1991,0,0,0,0,24,28,0,0,27,10
220529,1,1,1991,0,0,0,0,0,0,0,0,0,0
220530,0,1,1991,17,17,17,17,17,17,17,17,17,17
220530,1,1,1991,0,0,0,0,0,12,0,0,13,13
220531,1,1,1991,2,2,2,2,2,2,2,2,2,2
220531,2,1,1991,0,0,0,0,0,0,0,0,0,0
220532,1,1,1991,9,0,0,0,0,0,0,0,0,0
220532,2,1,1991,0,0,4,5,0,0,0,0,0,0
220533,1,1,1991,15,15,15,15,15,15,15,15,15,15
220533,2,1,1991,0,0,0,0,0,0,0,0,0,0
220534,1,1,1991,34,28,14,12,28,29,20,15,17,25
220534,2,1,1991,0,0,0,0,0,0,0,0,0,0
220535,1,1,1991,0,0,0,0,0,0,0,0,0,0
220535,2,1,1991,0,0,0,0,0,0,0,0,0,0
220536,1,1,1991,21,21,21,21,21,21,21,21,21,21
220537,1,1,1991,0,0,0,3,0,0,0,14,0,0
220537,2,1,1991,0,0,0,0,0,0,0,0,0,21
220538,1,1,1991,22,22,22,22,22,22,22,22,22,22
220539,0,1,1991,13,13,13,13,13,13,13,13,13,13
220539,1,1,1991,0,4,10,0,17,0,19,0,0,28
220540,1,1,1991,10,16,0,25,0,26,36,0,30,9
220541,1,1,1991,17,17,17,17,17,17,17,17,17,17
220541,2,1,1991,3,3,3,3,3,3,3,3,3,3
220542,1,1,1991,0,0,0,18,0,0,0,0,0,0
220542,2,1,1991,0,0,0,0,24,0,0,0,0,16
220543,1,1,1991,0,0,0,0,0,0,0,0,0,0
220543,2,1,1991,0,0,0,0,0,0,0,0,0,0
220544,1,1,1991,0,0,0,0,0,0,0,0,0,0
220545,1,1,1991,11,0,0,0,0,0,0,0,0,0
220546,0,1,1991,0,0,0,0,0,0,0,0,0,0
220546,1,1,1991,0,0,0,7,0,0,0,0,0,0
220547,1,1,1991,0,0,0,0,0,0,0,0,0,0
220547,2,1,1991,3,3,3,3,3,3,3,3,3,3
220548,0,1,1991,0,0,38,16,23,32,0,14,17,27
220548,1,1,1991,0,0,0,0,0,0,10,0,0,0
220550,1,1,1991,3,3,3,3,3,3,3,3,3,3
220551,1,1,1991,13,13,13,13,13,13,13,13,13,13
220552,1,1,1991,0,0,0,0,0,0,0,0,0,0
220552,2,1,1991,0,0,0,0,0,0,0,0,0,0
220553,1,1,1991,14,17,10,22,17,15,10,0,0,0
220554,1,1,1991,0,0,0,0,14,10,0,0,0,4
220555,1,1,1991,0,0,0,0,15,0,0,0,0,0
220556,1,1,1991,0,0,0,0,0,0,0,0,0,0
220556,2,1,1991,0,0,0,0,0,0,0,0,0,0
220557,0,1,1991,25,25,25,25,25,25,25,25,25,25
220557,1,1,1991,0,0,0,0,0,0,0,0,0,0
220558,1,1,1991,1,1,1,1,1,1,1,1,1,1
220558,2,1,1991,0,0,14,0,17,0,0,0,41,0
220558,3,1,1991,0,18,0,15,0,0,0,0,7,0
220559,1,1,1991,0,0,0,0,0,0,0,0,0,0
220560,1,1,1991,0,0,0,0,0,0,0,0,0,0
220560,2,1,1991,0,0,16,0,0,0,0,0,0,0
220561,1,1,1991,24,24,24,24,24,24,24,24,24,24
220562,1,1,1991,0,0,0,0,0,0,0,0,0,0
220562,2,1,1991,27,10,0,0,12,12,12,0,0,13
220563,1,1,1991,32,22,31,18,9,27,21,20,12,12
220564,0,1,1991,23,0,0,37,0,0,36,39,0,0
220564,1,1,1991,0,0,0,0,0,0,0,0,0,0
220565,1,1,1991,0,0,0,0,0,0,0,0,0,0
220565,2,1,1991,0,0,0,0,0,0,0,0,0,0
220566,1,1,1991,0,18,17,22,12,9,4,27,0,19
220567,1,1,1991,24,24,24,24,24,24,24,24,24,24
220568,1,1,1991,21,21,21,21,21,21,21,21,21,21
220569,1,1,1991,0,0,0,0,0,0,0,0,0,0
220570,1,1,1991,17,17,17,17,17,17,17,17,17,17
220571,1,1,1991,0,0,0,0,2,0,0,0,0,0
220572,1,1,1991,0,0,0,0,15,0,0,0,8,0
220572,2,1,1991,0,0,0,0,0,0,0,0,0,0
220573,1,1,1991,0,0,0,0,0,0,0,0,0,0
220573,2,1,1991,29,29,29,29,29,29,29,29,29,29
220574,1,1,1991,0,0,0,0,0,0,0,0,0,0
220574,2,1,1991,9,9,9,9,9,9,9,9,9,9
220575,1,1,1991,0,0,0,0,0,0,0,0,0,0
220575,2,1,1991,0,0,0,0,0,0,0,0,0,0
220575,3,1,1991,0,0,0,0,0,0,0,0,0,0
220576,1,1,1991,22,22,22,22,22,22,22,22,22,22
220576,2,1,1991,0,0,0,0,0,0,0,0,0,0
220577,1,1,1991,0,0,0,0,14,0,0,0,0,0
220579,1,1,1991,6,0,0,20,0,0,30,0,0,22
220580,0,1,1991,25,25,25,25,25,25,25,25,25,25
220580,1,1,1991,0,0,0,0,0,0,0,0,0,0
220581,1,1,1991,0,0,0,15,0,0,0,0,0,10
220581,2,1,1991,0,0,0,0,0,0,0,0,0,0
220582,1,1,1991,15,15,15,15,15,15,15,15,15,15
220583,1,1,1991,24,24,24,24,24,24,24,24,24,24
220583,2,1,1991,0,0,0,0,0,0,0,0,0,0
220584,1,1,1991,0,0,0,0,0,0,0,0,0,0
220584,2,1,1991,0,0,0,0,0,0,0,0,0,0
220585,1,1,1991,28,27,0,23,16,23,0,20,0,0
220586,1,1,1991,0,0,0,0,0,0,0,0,0,0
220586,2,1,1991,0,0,0,0,0,0,0,0,0,0
220587,0,1,1991,6,6,6,6,6,6,6,6,6,6
220587,1,1,1991,14,5,11,19,12,22,26,0,15,19
220588,1,1,1991,0,0,0,0,0,0,0,0,0,0
220589,1,1,1991,0,0,0,0,0,0,0,0,0,0
220589,2,1,1991,0,0,0,0,0,0,0,10,0,0
220590,1,1,1991,0,0,0,0,0,0,0,0,0,0
220590,2,1,1991,0,0,0,0,0,0,0,0,0,0
220591,1,1,1991,0,0,0,0,0,0,0,0,0,0
220592,1,1,1991,0,0,0,0,0,0,0,0,0,0
220592,2,1,1991,0,0,0,0,0,0,0,0,0,0
220593,1,1,1991,0,0,0,0,0,8,0,0,0,0
220594,0,1,1991,0,0,17,0,0,0,0,15,0,0
220594,1,1,1991,0,0,0,0,0,0,0,0,0,0
220595,0,1,1991,19,6,0,23,18,26,0,0,0,0
220595,1,1,1991,0,0,0,0,0,0,0,0,0,0
220596,1,1,1991,0,0,0,0,0,0,0,0,0,0
220597,0,1,1991,24,0,0,0,0,0,0,0,0,0
220597,1,1,1991,0,0,0,0,0,0,0,0,0,0
220598,1,1,1991,2,2,2,2,2,2,2,2,2,2
220599,1,1,1991,13,11,11,10,0,19,29,14,9,6
220599,2,1,1991,0,0,0,0,0,0,0,0,0,0
220600,1,1,1991,0,0,0,0,0,0,0,0,0,0
220601,1,1,1991,0,0,0,0,0,0,0,0,0,0
220601,2,1,1991,0,0,0,0,0,0,0,0,0,0
220602,0,1,1991,0,0,0,0,0,0,0,18,11,21
220602,0,2,1991,26,0,0,0,0,23,0,7,27,0
220602,1,1,1991,0,0,0,0,0,0,0,0,0,0
220603,1,1,1991,16,16,16,16,16,16,16,16,16,16
220604,1,1,1991,0,0,0,0,0,0,0,0,0,0
220605,1,1,1991,0,9,0,0,0,0,0,0,0,0
220605,2,1,1991,0,0,0,0,0,0,0,0,0,0
220606,1,1,1991,10,10,10,10,10,10,10,10,10,10
220607,0,1,1991,31,31,31,31,31,31,31,31,31,31
220607,1,1,1991,2,2,2,2,2,2,2,2,2,2
220608,1,1,1991,14,15,0,17,13,0,9,0,19,0
220609,0,1,1991,12,0,20,0,0,0,6,15,0,0
220609,1,1,1991,0,0,0,0,0,0,0,0,0,0
220610,0,1,1991,31,2,28,14,38,0,0,21,19,0
220610,1,1,1991,32,22,0,4,0,18,13,21,0,20
220610,2,1,1991,15,0,8,0,0,21,21,10,26,21
220611,0,1,1991,8,8,8,8,8,8,8,8,8,8
220611,1,1,1991,0,0,0,0,0,0,0,0,0,0
220612,1,1,1991,0,0,0,0,0,0,0,0,0,0
220612,2,1,1991,1,1,1,1,1,1,1,1,1,1
220613,1,1,1991,0,0,0,0,0,0,0,0,0,0
220613,2,1,1991,0,0,0,0,0,0,0,0,0,0
220614,1,1,1991,0,0,0,0,0,0,0,0,0,0
220614,2,1,1991,0,0,0,0,0,0,0,0,0,0
220614,3,1,1991,0,0,0,0,0,0,0,0,0,0
220614,4,1,1991,0,0,0,0,0,0,0,0,0,0
220615,1,1,1991,0,0,0,0,0,0,0,0,0,0
220615,2,1,1991,0,0,0,0,0,0,0,0,0,0
220616,1,1,1991,15,15,15,15,15,15,15,15,15,15
220617,1,1,1991,3,3,3,3,3,3,3,3,3,3
220618,1,1,1991,14,14,14,14,14,14,14,14,14,14
220619,1,1,1991,0,0,0,0,0,0,0,0,0,0
220619,2,1,1991,0,0,0,0,0,0,0,0,0,0
220620,1,1,1991,0,27,0,31,28,0,19,34,15,0
220620,2,1,1991,0,0,14,0,0,0,20,0,0,0
220620,3,1,1991,0,0,7,0,8,13,0,10,0,0
220621,1,1,1991,0,0,0,0,0,0,21,0,0,0
220621,2,1,1991,0,0,0,0,0,0,0,0,0,0
220623,1,1,1991,10,0,0,16,0,0,17,9,0,21
220624,1,1,1991,0,0,0,0,0,0,0,0,0,0
220624,2,1,1991,0,0,0,0,0,0,0,0,0,0
220625,1,1,1991,13,13,13,13,13,13,13,13,13,13
220625,2,1,1991,1,1,1,1,1,1,1,1,1,1
220626,1,1,1991,0,23,0,0,0,0,0,0,24,0
220627,1,1,1991,6,6,6,6,6,6,6,6,6,6
220627,2,1,1991,0,0,0,0,18,0,0,10,0,38
220628,1,1,1991,9,9,9,9,9,9,9,9,9,9
220629,1,1,1991,23,5,29,7,11,23,36,28,19,19
220629,2,1,1991,27,4,13,27,0,15,0,12,9,8
220630,1,1,1991,9,9,9,9,9,9,9,9,9,9
220632,1,1,1991,4,4,4,4,4,4,4,4,4,4
220633,1,1,1991,0,0,0,0,0,0,0,0,0,0
220633,2,1,1991,0,0,0,0,0,0,0,0,0,0
220634,1,1,1991,0,0,10,0,11,0,0,16,22,11
220635,0,1,1991,0,0,0,0,0,0,0,0,0,0
220635,1,1,1991,0,0,0,0,0,0,0,0,0,0
220636,0,1,1991,13,27,0,0,0,13,0,16,0,21
220636,0,2,1991,0,0,0,0,0,0,0,0,0,0
220636,1,1,1991,6,4,5,18,0,29,10,0,0,14
220637,1,1,1991,15,16,13,19,14,8,7,17,0,0
220637,2,1,1991,0,0,0,0,0,0,0,0,0,0
220637,3,1,1991,0,0,0,0,0,0,0,0,0,0
220638,1,1,1991,0,0,0,0,0,0,0,0,0,0
220638,2,1,1991,0,0,0,0,0,0,0,0,0,0
220639,1,1,1991,0,0,0,0,0,0,0,0,0,0
220639,2,1,1991,0,2,25,12,0,0,0,23,0,0
220640,1,1,1991,0,0,0,0,0,0,0,0,0,0
220640,2,1,1991,0,0,0,0,0,0,0,0,0,0
220642,1,1,1991,0,0,0,0,14,9,0,0,0,0
220643,0,1,1991,0,0,0,0,0,0,0,0,0,0
220643,1,1,1991,13,13,13,13,13,13,13,13,13,13
220644,0,1,1991,23,23,23,23,23,23,23,23,23,23
220644,1,1,1991,7,7,7,7,7,7,7,7,7,7
220645,1,1,1991,14,14,14,14,14,14,14,14,14,14
220646,0,1,1991,0,7,24,18,21,27,29,22,31,9
220646,1,1,1991,19,19,19,19,19,19,19,19,19,19
220647,1,1,1991,0,0,0,0,0,0,0,0,0,0
220648,1,1,1991,15,21,13,16,19,27,28,24,30,24
220649,0,1,1991,53,0,0,0,0,23,0,0,0,32
220649,1,1,1991,0,0,0,0,0,0,0,0,0,0
220650,1,1,1991,17,0,0,0,0,0,0,0,0,18
220651,1,1,1991,27,27,27,27,27,27,27,27,27,27
220652,1,1,1991,0,7,17,32,0,0,0,16,42,0
220653,1,1,1991,19,19,19,19,19,19,19,19,19,19
220654,1,1,1991,0,0,0,0,0,0,0,0,0,0
220654,2,1,1991,0,0,0,0,0,0,0,0,0,0
220655,1,1,1991,15,15,15,15,15,15,15,15,15,15
220655,2,1,1991,0,0,0,0,0,0,0,0,9,0
220656,1,1,1991,0,0,0,0,0,12,21,0,0,0
220656,2,1,1991,0,0,0,0,0,26,0,0,0,0
220657,1,1,1991,0,0,23,0,0,15,0,0,0,0
220657,2,1,1991,0,0,0,21,0,0,0,0,0,0
220658,1,1,1991,0,0,0,0,0,0,0,17,16,0
220658,2,1,1991,0,0,0,0,0,0,0,0,0,0
220659,1,1,1991,33,33,33,33,33,33,33,33,33,33
220660,0,1,1991,23,0,18,0,0,0,0,0,0,0
220660,1,1,1991,0,0,0,12,0,0,0,0,0,0
220661,0,1,1991,0,0,0,0,0,0,0,0,0,0
220661,0,2,1991,0,0,0,0,0,0,0,0,0,0
220661,1,1,1991,0,0,0,0,0,0,0,0,0,0
220662,1,1,1991,23,23,23,23,23,23,23,23,23,23
220663,0,1,1991,0,0,28,37,10,0,0,7,18,9
220663,1,1,1991,0,0,0,0,0,0,0,0,0,0
220664,1,1,1991,22,22,22,22,22,22,22,22,22,22
220664,2,1,1991,16,0,0,16,6,0,0,10,0,0
220665,0,1,1991,21,28,11,21,15,32,11,21,0,39
220665,1,1,1991,18,18,18,18,18,18,18,18,18,18
220666,1,1,1991,16,13,22,27,0,12,9,7,0,4
220666,2,1,1991,0,18,25,16,14,31,0,0,16,18
220667,1,1,1991,18,0,0,13,0,13,25,0,13,21
220667,2,1,1991,0,0,0,7,7,0,0,0,0,35
220668,1,1,1991,11,11,11,11,11,11,11,11,11,11
220670,0,1,1991,0,0,0,0,0,0,0,0,0,0
220670,1,1,1991,0,0,0,0,0,0,0,0,0,0
220673,0,1,1991,7,7,7,7,7,7,7,7,7,7
220673,2,1,1991,0,0,0,0,0,0,0,0,0,0
220674,1,1,1991,7,6,18,8,8,20,7,14,0,10
220674,2,1,1991,14,0,0,6,6,23,5,13,5,40
220675,0,1,1991,0,0,0,0,0,0,0,0,0,0
220675,0,2,1991,0,0,0,0,0,0,0,0,0,0
220675,0,3,1991,0,0,8,0,0,0,0,0,5,7
220675,2,1,1991,0,0,0,27,0,0,0,0,0,0
220676,1,1,1991,0,0,0,0,0,0,0,0,0,0
220676,2,1,1991,0,0,0,0,0,0,0,0,0,0
220676,3,1,1991,0,0,0,0,0,0,0,0,0,0
220677,1,1,1991,9,9,9,9,9,9,9,9,9,9
220678,2,1,1991,26,0,0,0,0,0,0,0,0,0
220679,1,1,1991,0,0,0,0,0,0,0,0,0,0
220681,1,1,1991,0,0,0,0,0,0,0,0,0,0
220682,0,1,1991,20,19,35,11,23,21,32,35,18,12
220682,1,1,1991,14,14,14,14,14,14,14,14,14,14
220683,1,1,1991,6,6,6,6,6,6,6,6,6,6
220684,0,1,1991,0,0,0,0,0,0,0,0,0,0
220684,1,1,1991,0,0,0,0,0,0,0,0,0,0
220685,0,1,1991,0,0,0,0,0,0,0,0,0,0
220685,1,1,1991,0,0,0,0,0,0,0,0,0,0
220686,1,1,1991,8,8,8,8,8,8,8,8,8,8
220686,2,1,1991,0,0,0,0,0,0,0,0,0,0
220687,1,1,1991,0,0,0,0,0,0,0,0,0,0
220687,2,1,1991,0,0,0,0,0,0,18,0,20,0
220688,0,1,1991,0,0,0,0,0,0,0,0,0,0
220688,1,1,1991,17,17,17,17,17,17,17,17,17,17
220689,1,1,1991,0,10,0,0,0,0,0,20,0,0
220689,2,1,1991,0,5,0,0,11,0,0,0,0,17
220690,1,1,1991,19,8,14,8,0,11,8,22,22,7
220690,2,1,1991,0,0,0,6,9,0,0,0,0,0
220691,1,1,1991,26,18,25,26,17,27,0,19,7,13
220691,2,1,1991,0,23,0,0,0,0,0,0,0,13
220691,3,1,1991,0,0,0,0,0,0,0,0,0,0
220692,1,1,1991,13,13,13,13,13,13,13,13,13,13
220692,2,1,1991,0,0,0,22,0,26,0,0,6,0
220692,3,1,1991,0,22,0,0,0,0,0,0,10,0
220693,1,1,1991,6,6,6,6,6,6,6,6,6,6
220694,0,1,1991,0,0,0,0,0,0,0,0,0,0
220694,1,1,1991,0,0,0,0,0,0,0,0,0,0
220695,1,1,1991,4,4,4,4,4,4,4,4,4,4
220695,2,1,1991,0,0,0,0,0,0,0,0,0,0
220696,1,1,1991,5,5,5,5,5,5,5,5,5,5
220697,1,1,1991,0,0,0,0,0,0,0,0,0,0
220697,2,1,1991,0,0,0,0,0,0,0,0,0,0
220698,1,1,1991,16,16,16,16,16,16,16,16,16,16
220699,0,1,1991,0,14,0,0,0,0,0,0,0,13
220699,1,1,1991,22,12,29,0,17,0,0,0,11,19
220700,1,1,1991,16,0,0,0,0,0,0,0,0,0
220700,2,1,1991,0,29,0,0,0,0,0,0,0,0
220701,1,1,1991,0,0,0,0,0,0,0,0,0,0
220701,2,1,1991,0,0,0,0,0,0,0,0,0,0
220702,1,1,1991,6,6,6,6,6,6,6,6,6,6
220702,2,1,1991,0,0,0,0,0,0,0,0,0,0
220703,1,1,1991,2,2,2,2,2,2,2,2,2,2
220704,1,1,1991,19,15,16,18,9,19,21,0,26,13
220704,2,1,1991,4,19,12,19,18,16,3,31,18,19
220705,0,1,1991,31,31,31,31,31,31,31,31,31,31
220705,1,1,1991,1,1,1,1,1,1,1,1,1,1
220706,1,1,1991,16,16,16,16,16,16,16,16,16,16
220706,2,1,1991,0,0,0,0,0,0,0,0,0,0
220707,1,1,1991,17,17,17,17,17,17,17,17,17,17
220708,0,1,1991,29,29,29,29,29,29,29,29,29,29
220708,1,1,1991,13,13,13,13,13,13,13,13,13,13
220709,0,1,1991,14,14,14,14,14,14,14,14,14,14
220709,2,1,1991,11,11,11,11,11,11,11,11,11,11
220709,3,1,1991,0,0,0,0,0,0,0,0,0,0
220710,1,1,1991,0,0,0,0,0,0,7,0,0,0
220710,2,1,1991,0,0,0,0,0,0,0,0,0,0
220711,1,1,1991,0,0,0,0,0,10,0,13,8,0
220711,2,1,1991,0,24,21,0,19,23,17,20,0,0
220712,1,1,1991,8,8,8,8,8,8,8,8,8,8
220713,1,1,1991,2,8,0,0,0,0,0,18,0,0
220713,2,1,1991,0,24,0,14,23,0,19,0,0,9
220713,3,1,1991,0,15,0,0,0,0,0,0,0,0
220715,1,1,1991,0,0,0,0,0,0,0,0,0,0
220715,2,1,1991,0,0,0,0,0,0,0,0,0,0
220716,1,1,1991,0,0,0,0,0,0,0,0,0,0
220716,2,1,1991,0,0,0,0,0,0,0,0,0,0
220717,1,1,1991,0,11,0,0,8,0,14,0,0,0
220717,2,1,1991,0,0,28,20,0,0,19,0,0,11
220718,1,2,1991,15,25,11,0,0,4,0,13,19,7
220719,1,1,1991,12,12,12,12,12,12,12,12,12,12
220719,2,1,1991,0,0,0,0,0,0,0,0,0,0
220720,1,1,1991,31,31,31,31,31,31,31,31,31,31
220720,2,1,1991,0,20,7,5,24,19,20,0,0,15
220721,1,1,1991,0,0,0,18,0,14,0,11,0,16
220722,1,1,1991,13,0,0,0,0,0,0,0,0,0
220723,1,1,1991,19,19,19,19,19,19,19,19,19,19
220724,0,1,1991,0,0,0,0,0,0,0,0,0,0
220724,1,1,1991,8,26,0,14,12,24,0,21,0,27
220725,1,1,1991,14,0,0,8,0,13,0,0,0,17
220726,0,1,1991,25,11,0,0,0,0,22,0,22,0
220726,0,2,1991,5,18,0,0,11,29,0,0,18,34
220726,1,1,1991,0,0,0,22,0,0,0,0,26,0
220727,1,1,1991,0,0,0,0,0,0,0,0,0,0
220727,2,1,1991,0,0,0,0,0,0,0,0,0,0
220728,0,1,1991,0,0,0,0,0,0,0,0,0,0
220728,1,1,1991,0,0,0,0,0,0,0,0,0,0
220730,1,1,1991,13,13,13,13,13,13,13,13,13,13
220731,1,1,1991,13,13,13,13,13,13,13,13,13,13
220732,0,1,1991,9,9,9,9,9,9,9,9,9,9
220732,1,1,1991,0,0,0,0,0,0,0,0,0,0
220733,0,1,1991,0,0,0,0,0,0,0,0,0,0
220733,1,1,1991,0,0,0,0,0,0,21,0,0,0
220734,1,1,1991,26,26,26,26,26,26,26,26,26,26
220734,2,1,1991,0,0,17,0,0,0,0,0,0,0
220735,1,1,1991,0,0,0,0,0,0,31,0,0,12
220735,2,1,1991,0,0,0,30,14,0,0,0,24,9
220735,3,1,1991,0,0,0,0,0,0,0,0,0,0
220735,4,1,1991,0,0,0,0,8,0,3,0,0,0
220736,1,1,1991,0,0,0,0,0,0,0,0,0,0
220737,1,1,1991,0,0,17,18,0,0,14,0,0,0
220737,2,1,1991,0,16,0,0,0,0,0,0,0,0
220738,1,1,1991,0,0,0,0,0,0,0,0,0,0
220738,2,1,1991,0,0,0,0,0,0,0,0,0,20
220739,1,1,1991,0,0,9,0,5,0,0,0,0,0
220739,2,1,1991,0,0,0,0,0,0,0,0,0,0
220740,0,1,1991,0,25,0,21,37,7,0,14,8,14
220740,1,1,1991,2,2,2,2,2,2,2,2,2,2
220741,1,1,1991,3,14,0,10,14,18,9,3,21,15
220742,1,1,1991,0,0,0,0,0,0,0,0,0,0
220742,2,1,1991,0,0,28,0,0,0,0,17,0,0
220743,0,1,1991,19,19,19,19,19,19,19,19,19,19
220743,1,1,1991,0,0,0,0,0,0,0,0,0,0
220744,1,1,1991,0,0,0,0,0,0,0,0,0,0
220744,2,1,1991,0,0,0,0,0,0,0,0,0,0
220745,1,1,1991,17,23,22,8,9,10,0,18,13,10
220747,1,1,1991,16,16,16,16,16,16,16,16,16,16
220748,1,1,1991,25,10,24,19,0,0,14,13,0,12
220748,2,1,1991,0,0,0,0,0,0,11,0,0,0
220749,0,1,1991,0,0,0,0,0,0,0,0,0,0
220749,0,2,1991,0,0,0,0,0,0,0,0,0,0
220749,0,3,1991,0,0,0,0,0,6,0,0,0,0
220749,0,4,1991,0,0,16,0,15,9,10,0,0,0
220749,0,5,1991,0,0,0,0,0,0,0,0,0,0
220749,1,1,1991,29,29,29,29,29,29,29,29,29,29
220750,1,1,1991,0,0,0,22,0,0,0,0,0,10
220751,1,1,1991,0,0,0,11,0,15,21,0,0,0
220752,1,1,1991,0,0,0,0,16,0,0,0,0,0
220752,2,1,1991,0,0,0,0,0,0,0,0,0,0
220753,1,1,1991,0,0,0,0,0,0,0,0,0,0
220753,2,1,1991,0,0,0,0,0,0,0,0,0,0
220754,1,1,1991,0,0,0,0,0,0,0,0,0,0
220755,1,1,1991,0,22,13,0,0,0,0,18,0,0
220755,2,1,1991,0,0,0,0,0,0,0,0,0,0
220756,0,1,1991,17,17,17,17,17,17,17,17,17,17
220756,1,1,1991,0,0,0,0,0,0,0,0,0,0
220757,1,1,1991,28,0,20,14,0,0,0,0,0,0
220758,0,1,1991,0,0,0,0,0,0,0,0,0,0