ST_CASE,VEH_NO,PER_NO,YEAR,P1,P2,P3,P4,P5,P6,P7,P8,P9,P10
240044,0,2,1991,0,10,18,23,18,26,9,0,6,29
240044,0,3,1991,2,2,2,2,2,2,2,2,2,2
240044,1,1,1991,0,0,0,0,0,0,0,0,0,0
240044,2,1,1991,8,0,43,23,9,13,13,10,14,13
240045,1,1,1991,17,17,17,17,17,17,17,17,17,17
240045,2,1,1991,0,0,0,0,0,0,0,0,0,0
240045,3,1,1991,0,0,0,0,0,0,0,0,0,0
240046,1,1,1991,0,0,0,0,0,9,0,0,0,0
240046,2,1,1991,0,0,0,0,0,0,0,0,0,0
240047,1,1,1991,28,28,28,28,28,28,28,28,28,28
240047,2,1,1991,0,0,0,0,0,0,0,0,0,0
240048,0,1,1991,0,0,0,0,0,0,0,0,0,0
240048,1,1,1991,0,0,0,0,0,0,0,0,0,0
240049,0,1,1991,7,7,7,7,7,7,7,7,7,7
240049,1,1,1991,0,0,0,0,0,0,0,0,0,0
240050,1,1,1991,8,8,8,8,8,8,8,8,8,8
240052,1,1,1991,0,0,0,0,0,0,0,0,0,0
240052,2,1,1991,0,0,0,0,0,0,0,33,0,0
240053,0,1,1991,5,5,5,5,5,5,5,5,5,5
240053,1,1,1991,0,0,0,0,0,0,0,0,0,0
240054,0,1,1991,8,0,0,0,0,0,19,0,0,0
240054,1,1,1991,10,0,0,0,0,0,0,0,0,0
240054,2,1,1991,0,0,0,0,0,0,0,0,0,0
240055,1,1,1991,0,0,0,0,0,0,0,0,0,0
240056,1,1,1991,0,0,0,0,0,0,0,0,0,0
240056,2,1,1991,0,0,0,0,0,0,0,0,0,0
240057,1,1,1991,0,0,0,0,0,0,0,0,0,0
240057,2,1,1991,0,0,0,0,0,0,0,0,0,0
240058,0,1,1991,0,0,0,0,0,0,0,0,0,0
240058,0,2,1991,0,0,0,0,0,0,0,0,0,0
240058,0,3,1991,0,12,0,0,0,0,0,0,0,0
240058,1,1,1991,0,0,0,0,0,0,0,0,0,0
240059,0,1,1991,0,0,0,0,0,0,0,0,0,0
240059,1,1,1991,0,0,0,0,0,0,0,0,0,13
240060,1,1,1991,0,0,0,0,0,0,0,0,0,0
240060,2,1,1991,0,0,0,0,0,0,0,0,0,0
240061,1,1,1991,0,0,0,0,0,0,0,0,0,0
240062,1,1,1991,0,0,0,0,0,0,0,0,0,0
240062,2,1,1991,0,0,0,0,0,0,0,0,0,0
240062,3,1,1991,0,0,0,0,0,0,0,0,0,0
240063,0,1,1991,0,0,0,0,0,0,0,0,0,0
240063,1,1,1991,11,11,11,11,11,11,11,11,11,11
240064,1,1,1991,0,0,0,0,0,0,0,0,0,0
240064,2,1,1991,0,0,0,0,0,0,0,0,0,0
240064,3,1,1991,0,0,0,0,0,0,0,0,0,0
240064,4,1,1991,0,0,0,0,0,0,0,0,0,0
240065,1,1,1991,23,23,23,23,23,23,23,23,23,23
240066,1,1,1991,12,12,12,12,12,12,12,12,12,12
240067,1,1,1991,22,23,6,12,9,9,14,6,7,7
240068,0,1,1991,24,24,24,24,24,24,24,24,24,24
240068,1,1,1991,0,0,0,0,0,0,0,0,0,0
240069,0,1,1991,21,21,21,21,21,21,21,21,21,21
240069,1,1,1991,2,0,0,0,0,0,0,0,0,0
240070,1,1,1991,9,9,9,9,9,9,9,9,9,9
240070,2,1,1991,0,0,0,0,0,0,0,0,0,0
240071,0,1,1991,4,4,4,4,4,4,4,4,4,4
240071,1,1,1991,12,0,0,0,20,0,0,0,0,0
240072,1,1,1991,0,0,0,0,0,0,0,0,0,0
240072,2,1,1991,0,0,0,0,0,0,0,0,0,0
240073,0,1,1991,13,13,13,13,13,13,13,13,13,13
240073,1,1,1991,0,0,0,13,0,0,0,0,0,0
240074,1,1,1991,16,0,28,34,9,0,16,0,0,0
240074,2,1,1991,0,11,0,0,0,0,0,0,0,0
240075,1,1,1991,0,0,0,0,0,0,0,0,0,0
240075,2,1,1991,0,0,0,12,0,0,0,0,0,0
240076,1,1,1991,24,4,22,8,23,12,15,16,21,0
240076,2,1,1991,10,20,4,0,19,7,6,14,30,0
240077,1,1,1991,22,22,22,22,22,22,22,22,22,22
240078,0,1,1991,0,0,0,0,0,0,0,0,0,0
240078,1,1,1991,0,0,0,0,0,0,16,0,0,0
240079,1,1,1991,0,0,0,0,0,0,0,0,0,0
240079,2,1,1991,0,0,0,0,0,0,0,0,0,0
240080,0,1,1991,0,0,0,0,0,0,0,0,0,0
240080,1,1,1991,0,0,0,0,0,0,0,0,0,0
240081,1,1,1991,19,19,19,19,19,19,19,19,19,19
240082,1,1,1991,5,5,5,5,5,5,5,5,5,5
240083,1,1,1991,0,0,0,0,0,0,0,0,0,0
240084,1,1,1991,21,21,21,21,21,21,21,21,21,21
240084,2,1,1991,0,0,0,0,0,0,0,0,0,11
240085,1,1,1991,0,0,0,0,0,0,0,0,0,0
240085,2,1,1991,0,0,0,0,0,0,0,0,0,0
240086,1,1,1991,0,0,0,0,0,0,0,0,0,0
240086,2,1,1991,0,0,0,0,0,0,0,0,0,0
240087,1,1,1991,0,0,0,0,0,0,0,0,0,0
240087,2,1,1991,0,0,0,0,0,0,0,0,0,0
240088,1,1,1991,0,0,0,0,0,0,0,0,0,0
240088,2,1,1991,0,0,0,0,0,0,0,0,0,0
240089,1,1,1991,0,0,0,0,0,0,0,0,0,0
240089,2,1,1991,0,0,0,0,0,0,0,0,0,0
240090,1,1,1991,4,4,4,4,4,4,4,4,4,4
240091,1,1,1991,10,10,20,22,12,12,19,12,8,24
240091,2,1,1991,0,0,0,0,0,0,0,0,0,0
240092,1,1,1991,0,0,0,0,0,0,0,0,0,0
240092,2,1,1991,0,0,0,0,0,0,0,0,0,0
240093,0,1,1991,0,0,0,0,0,0,0,0,0,0
240093,1,1,1991,0,0,0,0,0,0,0,0,19,0
240094,1,1,1991,0,0,0,0,0,25,0,0,0,0
240094,2,1,1991,0,0,0,0,0,0,0,0,0,9
240095,1,1,1991,21,21,21,21,21,21,21,21,21,21
240096,1,1,1991,15,15,15,15,15,15,15,15,15,15
240097,1,1,1991,0,0,0,0,0,0,0,0,0,0
240097,2,1,1991,0,0,0,0,0,0,0,0,0,0
240098,1,1,1991,0,9,0,0,0,0,0,0,0,0
240098,2,1,1991,0,0,0,0,0,0,0,0,0,0
240099,1,1,1991,0,0,0,0,0,0,0,0,0,0
240099,2,1,1991,18,18,18,18,18,18,18,18,18,18
240100,1,1,1991,0,0,0,0,0,0,0,0,0,0
240100,2,1,1991,0,0,24,0,0,0,0,0,0,0
240100,3,1,1991,0,0,0,0,0,0,0,0,0,0
240100,4,1,1991,22,0,9,0,0,0,0,10,0,0
240101,0,1,1991,0,0,0,0,0,0,0,0,0,0
240101,1,1,1991,16,16,16,16,16,16,16,16,16,16
240102,1,1,1991,17,17,17,17,17,17,17,17,17,17
240103,1,1,1991,0,0,0,0,0,0,0,0,0,0
240104,1,1,1991,0,0,0,0,0,0,0,0,0,0
240104,2,1,1991,0,0,0,0,0,0,0,0,0,0
240105,0,1,1991,0,0,0,0,0,0,0,0,0,0
240105,1,1,1991,0,0,0,0,0,0,4,0,0,0
240106,0,1,1991,14,14,14,14,14,14,14,14,14,14
240106,1,1,1991,4,15,0,0,18,0,17,20,0,0
240107,1,1,1991,0,0,0,0,0,0,0,0,0,0
240107,2,1,1991,0,0,0,0,0,0,0,0,0,0
240108,1,1,1991,0,0,0,0,0,0,0,0,0,0
240108,2,1,1991,0,0,0,0,0,0,0,0,0,0
240109,1,1,1991,0,0,0,0,0,0,0,0,0,0
240110,1,1,1991,11,0,0,0,0,0,10,0,0,0
240111,1,1,1991,22,22,22,22,22,22,22,22,22,22
240112,1,1,1991,0,0,0,0,0,0,0,0,0,0
240112,2,1,1991,0,0,0,0,0,0,0,0,0,0
240113,1,1,1991,0,0,16,0,0,0,0,0,0,0
240114,1,1,1991,0,0,0,0,0,0,0,0,0,0
240114,2,1,1991,0,0,0,0,0,0,0,0,0,0
240115,1,1,1991,0,0,0,0,0,0,0,0,0,0
240116,1,1,1991,0,0,9,0,17,0,0,0,0,0
240117,1,1,1991,12,12,12,12,12,12,12,12,12,12
240117,2,1,1991,0,0,0,0,0,0,0,0,0,0
240118,1,1,1991,0,0,0,0,0,0,0,0,0,0
240118,2,1,1991,0,0,0,0,0,0,0,0,0,0
240119,1,1,1991,0,0,0,0,0,0,19,0,0,0
240119,2,1,1991,0,0,0,0,0,0,0,0,0,0
240120,1,1,1991,0,0,0,0,0,0,0,0,0,0
240120,2,1,1991,0,0,0,0,0,0,0,15,0,0
240121,1,1,1991,0,0,0,0,0,0,0,0,0,0
240121,2,1,1991,15,0,0,0,0,0,0,0,0,0
240121,3,1,1991,0,0,0,0,0,0,0,0,0,0
240122,1,1,1991,0,0,0,0,0,0,0,0,0,0
240122,2,1,1991,0,0,0,0,0,0,0,0,0,0
240123,1,1,1991,0,0,0,0,0,0,0,0,0,0
240124,1,1,1991,0,0,0,14,0,0,0,0,6,0
240124,2,1,1991,0,0,0,0,0,0,0,0,0,0
240125,0,1,1991,0,0,0,0,0,0,0,0,0,0
240125,1,1,1991,0,0,0,0,0,0,0,0,0,0
240126,1,1,1991,0,0,0,0,0,0,0,0,0,0
240128,0,1,1991,20,20,20,20,20,20,20,20,20,20
240128,1,1,1991,0,7,0,0,0,14,0,0,25,29
240129,1,1,1991,0,0,0,0,0,0,0,0,0,0
240129,2,1,1991,0,0,0,0,0,0,0,0,0,0
240130,0,1,1991,0,0,0,0,0,0,0,0,0,0
240130,1,1,1991,0,0,0,0,0,0,0,0,0,0
240131,1,1,1991,0,0,0,0,0,0,0,0,0,0
240131,2,1,1991,0,0,0,0,0,0,0,0,0,0
240132,1,1,1991,0,0,0,0,0,0,0,0,0,0
240132,2,1,1991,0,0,0,0,0,0,0,0,0,0
240133,1,1,1991,25,25,25,25,25,25,25,25,25,25
240134,1,1,1991,0,0,0,0,0,0,0,0,0,0
240134,2,1,1991,0,0,0,0,0,0,0,0,0,0
240135,1,1,1991,0,0,0,0,0,0,0,0,0,0
240135,2,1,1991,0,0,0,0,0,0,0,0,0,0
240135,3,1,1991,0,0,0,0,0,0,0,0,0,0
240136,1,1,1991,0,0,0,0,0,0,0,0,0,0
240136,2,1,1991,0,0,0,0,0,0,0,0,0,0
240137,1,1,1991,0,0,0,0,0,0,0,0,0,0
240137,2,1,1991,0,0,0,0,8,0,0,0,0,0
240138,1,1,1991,23,23,23,23,23,23,23,23,23,23
240138,2,1,1991,0,0,0,0,0,0,0,0,0,0
240139,1,1,1991,0,0,0,0,0,0,0,0,0,0
240139,2,1,1991,0,0,0,0,0,0,0,0,0,0
240140,1,1,1991,0,0,0,0,0,0,0,0,0,0
240140,2,1,1991,0,0,0,0,0,0,0,0,0,0
240141,1,1,1991,16,8,14,19,24,6,0,26,25,0
240142,1,1,1991,0,0,0,0,0,0,0,0,0,0
240142,2,1,1991,0,0,0,0,0,0,0,3,0,0
240142,3,1,1991,0,0,0,0,0,0,0,0,20,0
240143,1,1,1991,0,0,0,21,0,0,10,0,0,0
240144,0,1,1991,0,0,0,0,0,0,0,0,0,0
240144,1,1,1991,0,0,0,0,0,0,0,0,0,0
240145,0,1,1991,0,0,0,0,0,0,0,0,0,0
240145,1,1,1991,0,0,0,0,0,0,0,0,0,0
240147,1,1,1991,0,0,0,0,0,0,0,0,0,0
240148,1,1,1991,0,0,0,0,0,0,0,0,0,0
240149,1,1,1991,0,0,0,0,0,0,0,0,0,0
240149,2,1,1991,0,0,0,0,0,0,0,0,0,0
240149,3,1,1991,0,0,0,14,0,0,0,0,0,0
240152,1,1,1991,0,0,0,0,0,0,0,0,0,0
240153,1,1,1991,0,0,0,0,0,0,0,19,0,15
240154,1,1,1991,0,0,0,0,0,0,0,0,0,0
240155,0,1,1991,0,0,0,0,0,0,0,9,0,0
240155,1,1,1991,0,0,12,0,0,0,0,0,0,0
240156,1,1,1991,8,8,8,8,8,8,8,8,8,8
240156,2,1,1991,0,0,0,0,0,0,0,0,0,0
240157,1,1,1991,0,0,0,0,0,0,0,0,0,0
240157,2,1,1991,0,0,0,0,0,0,0,0,0,0
240158,1,1,1991,0,0,0,0,0,0,0,0,0,0
240159,1,1,1991,0,0,0,0,0,0,0,0,0,0
240159,2,1,1991,0,0,0,0,0,0,0,0,0,0
240160,1,1,1991,0,0,0,0,0,0,0,0,0,0
240160,2,1,1991,0,0,0,0,0,0,0,0,0,0
240160,3,1,1991,0,0,0,0,0,0,0,0,0,0
240161,1,1,1991,0,0,0,0,0,0,0,0,0,0
240162,0,1,1991,0,0,0,0,0,0,0,0,0,0
240162,1,1,1991,0,0,0,0,8,0,0,0,0,0
240163,1,1,1991,33,33,33,33,33,33,33,33,33,33
240163,2,1,1991,0,0,0,0,0,0,0,0,0,0
240163,3,1,1991,26,0,0,0,0,0,0,0,0,0
240163,4,1,1991,3,3,3,3,3,3,3,3,3,3
240164,1,1,1991,0,0,0,0,0,0,0,0,0,0
240165,1,1,1991,20,20,20,20,20,20,20,20,20,20
240166,0,1,1991,0,0,0,0,0,0,0,0,0,0
240166,1,1,1991,0,0,0,0,0,0,0,0,0,0
240167,1,1,1991,16,20,7,18,31,27,31,9,15,11
240169,1,1,1991,0,0,0,0,0,0,0,0,0,0
240170,1,1,1991,6,6,6,6,6,6,6,6,6,6
240171,1,1,1991,8,4,0,13,8,11,14,12,30,26
240172,1,1,1991,0,0,0,0,0,0,0,0,0,0
240173,1,1,1991,10,37,19,15,6,0,0,11,23,0
240174,1,1,1991,14,14,14,14,14,14,14,14,14,14
240175,0,1,1991,0,0,0,0,0,40,0,0,0,21
240175,0,2,1991,0,0,0,14,0,18,0,13,12,17
240175,1,1,1991,18,7,0,0,0,0,0,15,0,0
240176,1,1,1991,0,0,0,0,0,0,0,0,0,0
240176,2,1,1991,0,0,0,0,0,0,0,0,0,0
240177,0,1,1991,0,0,0,0,0,0,0,0,0,0
240177,1,1,1991,0,0,0,0,0,0,0,0,0,0
240177,2,1,1991,0,0,0,0,0,0,0,0,0,0
240178,1,1,1991,17,17,17,17,17,17,17,17,17,17
240178,2,1,1991,0,0,0,0,0,0,0,0,0,0
240179,0,1,1991,0,0,0,0,0,0,0,0,0,0
240179,1,1,1991,0,0,0,0,0,0,0,0,0,0
240180,1,1,1991,3,3,3,3,3,3,3,3,3,3
240181,1,1,1991,0,0,0,0,0,0,0,0,0,0
240181,2,1,1991,0,0,0,0,0,0,0,0,0,0
240182,1,1,1991,0,0,0,0,0,0,0,0,0,0
240183,1,1,1991,9,9,9,9,9,9,9,9,9,9
240184,1,1,1991,0,0,0,0,0,0,0,0,0,0
240185,1,1,1991,12,12,12,12,12,12,12,12,12,12
240186,0,1,1991,27,27,27,27,27,27,27,27,27,27
240186,1,1,1991,0,0,0,0,0,0,0,0,0,0
240187,1,1,1991,18,18,18,18,18,18,18,18,18,18
240188,1,1,1991,0,0,0,0,0,0,0,0,0,0
240189,0,1,1991,25,0,0,0,0,0,0,0,0,0
240189,1,1,1991,0,0,0,0,0,0,0,0,0,0
240190,1,1,1991,0,0,0,0,0,0,0,0,0,0
240191,1,1,1991,4,4,4,4,4,4,4,4,4,4
240192,1,1,1991,14,12,26,14,0,9,0,0,25,23
240192,2,1,1991,21,24,0,32,0,4,23,6,7,17
240193,1,1,1991,0,0,0,0,0,0,0,0,0,0
240193,2,1,1991,0,0,0,0,0,0,0,0,0,0
240194,1,1,1991,11,11,20,13,28,3,19,13,21,15
240194,2,1,1991,0,0,0,0,15,0,0,0,0,0
240195,1,1,1991,0,0,0,0,0,0,0,0,0,0
240195,2,1,1991,0,0,0,23,0,0,0,8,0,0
240196,1,1,1991,22,22,22,22,22,22,22,22,22,22
240197,0,1,1991,0,0,0,16,0,0,22,0,28,0
240197,1,1,1991,0,0,0,0,0,0,0,0,0,0
240198,1,1,1991,0,0,0,0,0,0,0,0,0,0
240198,2,1,1991,0,0,0,0,0,31,0,0,0,0
240199,1,1,1991,0,0,0,0,0,0,0,0,0,0
240200,0,1,1991,0,0,0,0,0,0,0,0,0,0
240200,1,1,1991,0,0,0,0,5,0,23,0,0,0
240201,0,1,1991,0,0,0,0,0,0,0,0,0,0
240201,1,1,1991,13,24,15,28,23,13,27,16,17,5
240202,0,1,1991,0,0,0,0,0,0,0,0,0,0
240202,1,1,1991,0,0,0,0,0,16,0,0,0,0
240203,1,1,1991,0,0,0,0,0,0,0,0,0,0
240203,2,1,1991,0,0,0,0,0,0,0,0,0,0
240204,1,1,1991,0,0,0,0,0,0,0,0,0,0
240204,2,1,1991,8,0,0,0,0,0,0,0,0,0
240205,0,1,1991,0,0,0,0,0,0,0,0,0,0
240205,1,1,1991,0,0,0,0,0,0,0,0,0,0
240206,1,1,1991,0,0,0,0,0,0,0,0,0,0
240207,1,1,1991,7,7,7,7,7,7,7,7,7,7
240207,2,1,1991,0,0,0,0,0,0,0,0,0,0
240208,1,1,1991,11,11,11,11,11,11,11,11,11,11
240210,1,1,1991,0,0,0,0,0,0,0,18,0,24
240211,1,1,1991,0,0,0,0,0,0,0,0,0,0
240211,2,1,1991,0,0,0,0,0,0,0,0,0,0
240212,1,1,1991,0,0,0,0,0,0,0,0,0,0
240212,2,1,1991,22,13,0,0,24,23,3,3,19,7
240213,1,1,1991,5,8,0,20,32,19,7,32,15,21
240213,2,1,1991,10,11,17,0,0,0,18,0,24,10
240214,1,1,1991,0,0,0,0,0,0,0,0,0,0
240215,1,1,1991,0,0,0,0,0,0,0,0,0,0
240215,2,1,1991,0,0,0,0,0,0,0,0,0,0
240216,1,1,1991,0,0,0,0,0,0,0,0,19,0
240217,1,1,1991,0,0,0,0,0,0,0,0,0,0
240218,1,1,1991,0,0,0,0,0,0,0,0,0,0
240219,1,1,1991,0,0,0,0,0,0,0,0,0,0
240219,2,1,1991,0,0,0,0,0,0,0,0,0,0
240220,1,1,1991,0,0,0,0,0,0,0,0,0,0
240220,2,1,1991,0,0,0,0,0,0,0,0,0,0
240222,0,1,1991,0,0,5,0,0,0,0,0,0,0
240222,1,1,1991,0,0,0,0,0,0,0,0,0,0
240223,1,1,1991,0,0,0,18,0,0,0,0,0,10
240223,2,1,1991,0,0,0,0,0,0,0,0,0,0
240224,0,1,1991,21,21,21,21,21,21,21,21,21,21
240224,1,1,1991,0,0,0,0,0,0,0,0,0,0
240225,1,1,1991,16,16,16,16,16,16,16,16,16,16
240225,2,1,1991,0,0,0,0,0,0,0,0,16,0
240226,0,1,1991,0,0,0,0,0,0,0,0,0,0
240226,1,1,1991,0,0,0,0,0,0,0,0,0,0
240227,0,1,1991,5,5,5,5,5,5,5,5,5,5
240227,1,1,1991,33,33,33,33,33,33,33,33,33,33
240228,1,1,1991,0,0,0,0,0,0,0,0,0,0
240228,2,1,1991,0,0,0,0,0,0,17,0,0,0
240229,0,1,1991,0,0,0,0,0,0,0,0,0,0
240229,1,1,1991,0,0,0,0,0,0,0,17,0,0
240230,1,1,1991,16,16,16,16,16,16,16,16,16,16
240230,2,1,1991,0,0,0,0,0,0,0,0,0,0
240230,3,1,1991,0,0,0,0,0,0,0,0,0,0
240230,4,1,1991,0,0,0,0,0,0,0,0,0,0
240231,1,1,1991,12,12,12,12,12,12,12,12,12,12
240232,1,1,1991,21,21,21,21,21,21,21,21,21,21
240233,1,1,1991,0,0,0,0,0,0,0,0,0,0
240233,2,1,1991,0,0,0,0,0,0,0,0,0,0
240234,1,1,1991,6,6,6,6,6,6,6,6,6,6
240235,1,1,1991,0,0,0,0,0,0,0,0,0,0
240235,2,1,1991,0,0,0,0,0,0,0,0,0,0
240236,1,1,1991,0,0,0,0,0,0,0,0,0,0
240236,2,1,1991,17,0,14,0,0,0,0,0,0,0
240237,1,1,1991,0,0,0,0,0,0,0,0,0,0
240237,2,1,1991,0,0,0,0,0,0,0,0,0,0
240238,1,1,1991,0,0,0,0,0,0,0,0,0,0
240239,1,1,1991,0,0,0,0,0,0,0,0,0,0
240240,2,1,1991,0,0,0,0,0,0,0,0,0,0
240241,1,1,1991,27,27,27,27,27,27,27,27,27,27
240242,0,1,1991,0,0,0,0,0,0,0,0,0,0
240242,1,1,1991,12,0,0,0,26,0,0,0,0,0
240243,0,1,1991,0,0,0,0,0,0,0,0,0,0
240243,1,1,1991,14,0,0,0,0,0,0,0,0,0
240244,1,1,1991,0,0,0,0,0,0,0,0,0,0
240244,2,1,1991,0,0,0,0,0,0,0,0,0,0
240245,1,1,1991,0,0,0,0,0,0,0,0,0,0
240246,1,1,1991,0,0,0,0,0,0,0,0,0,0
240247,1,1,1991,18,18,18,18,18,18,18,18,18,18
240248,2,1,1991,17,17,17,17,17,17,17,17,17,17
240249,0,1,1991,0,0,0,0,0,0,0,0,0,0
240249,1,1,1991,0,0,0,0,0,0,0,0,0,0
240250,1,1,1991,0,0,0,15,0,0,0,0,0,0
240250,2,1,1991,0,0,0,0,0,0,0,0,0,0
240251,1,1,1991,0,0,0,0,0,0,24,0,0,0
240251,2,1,1991,0,0,0,0,0,0,0,0,0,0
240252,1,1,1991,2,2,2,2,2,2,2,2,2,2
240252,2,1,1991,0,24,17,0,15,0,11,8,24,21
240253,0,1,1991,13,13,13,13,13,13,13,13,13,13
240253,1,1,1991,0,0,0,0,0,0,0,0,0,0
240254,1,1,1991,0,0,0,0,0,0,0,0,0,0
240254,2,1,1991,14,0,0,0,0,0,0,16,0,0
240255,1,1,1991,0,0,0,0,0,0,0,0,0,0
240256,1,1,1991,0,23,0,7,0,6,0,15,19,19
240257,0,1,1991,17,17,17,17,17,17,17,17,17,17
240257,1,1,1991,0,0,0,0,0,0,0,0,0,0
240258,1,1,1991,0,0,0,0,0,0,0,0,0,0
240259,1,1,1991,0,25,14,0,0,0,0,0,0,16
240261,1,1,1991,0,0,0,0,0,0,0,0,0,0
240262,1,1,1991,0,0,0,0,0,0,0,0,0,0
240263,0,1,1991,0,0,0,0,0,0,0,0,0,0
240263,1,1,1991,0,0,0,0,0,0,20,0,0,12
240264,1,1,1991,0,0,0,0,0,0,0,0,0,0
240265,0,1,1991,23,23,23,23,23,23,23,23,23,23
240265,1,1,1991,0,0,0,0,0,0,0,0,0,0
240266,1,1,1991,8,6,24,28,6,16,13,9,25,0
240267,1,1,1991,0,0,0,0,0,0,0,0,0,0
240267,2,1,1991,0,0,0,0,0,0,0,0,0,0
240267,3,1,1991,0,0,0,0,0,0,0,0,0,0
240268,1,1,1991,0,0,0,0,0,0,0,0,0,0
240269,0,1,1991,6,6,6,6,6,6,6,6,6,6
240269,1,1,1991,0,0,0,0,0,0,14,0,0,0
240270,1,1,1991,6,11,21,0,0,26,0,0,7,0
240271,0,1,1991,0,17,10,0,26,3,17,0,4,0
240271,0,2,1991,0,0,0,18,0,13,0,21,14,0
240271,1,1,1991,0,0,0,18,0,0,0,0,0,0
240272,1,1,1991,0,0,0,0,0,0,0,0,0,0
240272,2,1,1991,0,0,0,0,0,0,0,0,0,0
240273,1,1,1991,7,0,0,0,25,0,0,0,0,19
240274,1,1,1991,0,0,0,0,0,8,0,26,0,0
240274,2,1,1991,0,0,0,0,0,0,0,0,0,0
240275,1,1,1991,0,0,0,0,0,0,0,0,0,0
240275,2,1,1991,0,0,0,0,0,0,0,0,0,0
240276,1,1,1991,0,0,0,0,0,0,0,0,0,0
240276,2,1,1991,26,12,0,0,0,0,0,0,0,0
240277,1,1,1991,0,0,0,0,0,0,0,0,0,0
240277,2,1,1991,0,0,0,0,0,0,0,0,0,0
240278,1,1,1991,0,0,0,0,0,0,0,0,0,0
240278,2,1,1991,0,63,0,0,0,0,0,0,0,0
240279,1,1,1991,8,8,8,8,8,8,8,8,8,8
240280,1,1,1991,6,6,6,6,6,6,6,6,6,6
240280,2,1,1991,0,0,0,0,0,18,0,0,0,0
240281,1,1,1991,21,21,21,21,21,21,21,21,21,21
240281,2,1,1991,0,0,0,0,0,0,0,0,0,0
240283,1,1,1991,0,0,0,0,0,0,0,0,0,0
240283,2,1,1991,0,0,0,0,0,0,0,0,0,0
240283,3,1,1991,0,0,0,0,0,0,0,0,0,0
240284,1,1,1991,0,0,0,0,0,0,0,0,0,0
240284,2,1,1991,0,0,0,0,0,0,0,0,0,0
240284,3,1,1991,0,0,0,0,0,18,0,0,17,0
240285,1,1,1991,0,0,0,0,0,0,0,0,0,0
240286,1,1,1991,0,18,13,5,25,9,24,4,11,16
240286,2,1,1991,0,0,0,0,0,0,0,0,0,0
240287,0,1,1991,33,33,33,33,33,33,33,33,33,33
240287,1,1,1991,0,0,0,0,0,0,0,0,0,0
240288,1,1,1991,12,18,24,15,0,14,41,18,8,7
240288,2,1,1991,0,0,0,0,0,0,0,0,0,0
240289,0,1,1991,26,26,26,26,26,26,26,26,26,26
240289,1,1,1991,0,0,0,0,0,0,0,0,0,0
240290,1,1,1991,10,0,0,16,0,15,19,25,0,0
240292,1,1,1991,0,0,0,0,0,0,0,0,0,0
240292,2,1,1991,0,0,0,0,0,0,0,0,0,0
240294,1,1,1991,20,0,17,0,0,0,0,0,0,0
240294,2,1,1991,0,0,0,0,0,0,0,0,0,0
240294,3,1,1991,0,0,0,0,0,3,0,0,0,0
240295,1,1,1991,0,0,0,0,0,0,0,0,0,0
240295,2,1,1991,0,0,0,0,0,0,0,0,0,0
240296,1,1,1991,0,0,0,0,0,0,0,0,0,0
240297,1,1,1991,0,0,0,0,0,0,0,0,0,0
240297,2,1,1991,0,0,0,0,0,0,0,0,0,0
240298,0,1,1991,23,23,23,23,23,23,23,23,23,23
240298,1,1,1991,0,0,0,0,0,0,9,0,16,16
240299,0,1,1991,0,0,0,0,0,0,0,0,0,0
240299,1,1,1991,0,5,0,0,0,0,0,0,0,0
240299,2,1,1991,0,0,0,0,0,0,0,0,0,0
240300,1,1,1991,2,2,2,2,2,2,2,2,2,2
240301,1,1,1991,20,20,20,20,20,20,20,20,20,20
240302,1,1,1991,12,12,12,12,12,12,12,12,12,12
240303,1,1,1991,27,14,0,13,0,0,0,14,0,0
240304,0,1,1991,0,0,0,0,0,0,0,0,0,0
240304,1,1,1991,0,4,0,0,0,0,0,0,0,0
240305,1,1,1991,0,0,0,0,0,0,0,0,0,17
240305,2,1,1991,0,0,0,0,0,0,0,0,0,0
240306,1,1,1991,0,0,0,0,0,0,0,0,0,0
240308,1,1,1991,0,0,0,0,0,0,0,0,0,0
240308,2,1,1991,0,0,0,0,0,0,0,0,0,0
240308,3,1,1991,0,0,0,0,0,0,0,6,0,0
240309,1,1,1991,0,0,0,0,0,0,0,0,0,0
240309,2,1,1991,0,0,0,0,0,0,0,0,0,0
240310,0,1,1991,0,18,9,17,0,0,0,0,0,12
240310,0,2,1991,0,0,0,0,0,0,0,0,0,0
240310,1,1,1991,0,0,0,0,0,0,0,0,0,0
240311,1,1,1991,0,6,0,0,0,0,7,5,0,10
240312,1,1,1991,0,0,0,0,0,0,0,0,19,0
240312,2,1,1991,0,0,0,16,0,0,0,0,0,0
240313,1,1,1991,0,0,0,0,0,0,0,0,0,0
240313,2,1,1991,0,0,0,0,0,0,0,0,0,0
240314,0,1,1991,33,33,33,33,33,33,33,33,33,33
240314,1,1,1991,0,0,0,0,0,0,0,11,0,0
240315,1,1,1991,0,0,0,0,0,0,0,0,0,0
240316,1,1,1991,0,0,0,0,0,0,0,0,0,0
240317,1,1,1991,16,16,16,16,16,16,16,16,16,16
240317,2,1,1991,0,0,0,17,0,0,0,0,0,0
240318,1,1,1991,0,0,0,0,0,0,16,0,0,0
240319,1,1,1991,0,0,12,0,0,0,0,16,0,34
240320,1,1,1991,0,0,0,0,0,0,0,0,0,0
240321,1,1,1991,0,0,0,0,0,0,0,0,0,0
240321,2,1,1991,0,0,0,0,0,0,15,0,0,0
240322,1,1,1991,27,24,21,14,0,24,19,15,21,27
240323,1,1,1991,16,11,15,9,7,33,9,13,12,19
240324,1,1,1991,0,0,0,0,0,0,0,0,0,0
240325,0,1,1991,0,0,0,0,0,0,43,0,0,0
240325,1,1,1991,0,0,0,0,0,0,0,0,0,0
240326,0,1,1991,21,36,0,14,18,4,0,0,0,0
240326,1,1,1991,0,0,0,0,7,0,0,0,0,0
240327,0,1,1991,0,0,3,0,21,15,0,15,0,0
240327,1,1,1991,0,0,0,0,0,0,0,0,0,0
240328,1,1,1991,10,14,0,0,6,0,0,22,12,0
240329,0,1,1991,0,0,0,0,0,0,0,0,0,0
240329,1,1,1991,0,0,0,0,0,0,0,0,0,0