ST_CASE,VEH_NO,PER_NO,YEAR,P1,P2,P3,P4,P5,P6,P7,P8,P9,P10
250241,2,1,1991,0,0,0,0,0,0,0,0,0,0
250242,1,1,1991,25,25,25,25,25,25,25,25,25,25
250243,1,1,1991,0,0,0,0,0,0,0,0,0,0
250244,1,1,1991,19,19,19,19,19,19,19,19,19,19
250245,1,1,1991,22,22,22,22,22,22,22,22,22,22
250246,0,1,1991,21,21,21,21,21,21,21,21,21,21
250246,1,1,1991,0,0,14,0,0,0,11,9,0,0
250247,1,1,1991,8,0,0,0,0,0,0,0,0,0
250248,1,1,1991,0,0,0,0,0,0,0,0,0,0
250248,2,1,1991,0,0,0,0,0,0,0,0,0,0
250249,1,1,1991,10,10,10,10,10,10,10,10,10,10
250250,1,1,1991,0,0,0,0,0,0,0,0,0,0
250250,2,1,1991,0,0,0,0,0,0,0,0,0,0
250251,1,1,1991,8,8,8,8,8,8,8,8,8,8
250252,1,1,1991,0,0,0,0,0,0,0,0,0,0
250253,1,1,1991,0,0,13,14,0,26,0,0,0,0
250254,1,1,1991,0,0,0,0,0,0,0,0,0,0
250254,2,1,1991,0,0,0,0,0,0,0,0,0,0
250255,1,1,1991,0,0,0,0,0,0,0,0,0,0
250256,1,1,1991,33,33,33,33,33,33,33,33,33,33
250256,2,1,1991,5,0,12,0,14,0,0,12,0,0
250257,1,1,1991,21,21,21,21,21,21,21,21,21,21
250257,2,1,1991,0,0,0,13,0,0,0,0,0,4
250258,1,1,1991,4,8,8,18,22,13,11,12,17,31
250259,1,1,1991,31,0,16,17,2,23,24,8,12,26
250260,1,1,1991,17,15,10,9,0,30,13,16,8,26
250261,1,1,1991,24,24,24,24,24,24,24,24,24,24
250262,1,1,1991,0,0,0,0,0,0,0,0,0,0
250262,2,1,1991,0,0,0,0,0,0,0,0,0,0
250263,1,1,1991,0,11,17,0,0,0,0,0,0,0
250263,2,1,1991,4,4,4,4,4,4,4,4,4,4
250264,1,1,1991,0,0,0,0,0,0,0,0,0,0
250264,2,1,1991,0,0,0,0,0,0,0,0,0,0
250265,1,1,1991,10,11,18,27,11,21,10,8,17,17
250266,1,1,1991,0,0,0,0,0,0,0,0,0,0
250266,2,1,1991,0,0,0,0,0,0,0,0,0,0
250267,1,1,1991,19,0,9,22,9,16,16,3,24,0
250267,2,1,1991,0,0,0,0,12,0,0,0,0,0
250268,0,1,1991,0,0,0,5,0,0,0,0,0,0
250268,1,1,1991,0,0,0,0,0,0,0,32,0,0
250269,0,1,1991,0,0,0,0,0,0,0,0,0,0
250269,1,1,1991,0,0,0,0,0,0,0,13,11,0
250270,0,1,1991,0,0,0,0,0,0,0,0,0,0
250270,1,1,1991,0,0,0,0,0,0,0,0,9,0
250271,1,1,1991,0,0,0,0,0,0,0,0,0,0
250271,2,1,1991,0,0,0,0,0,0,0,0,0,0
250272,1,1,1991,0,0,0,0,14,0,0,0,0,0
250272,2,1,1991,7,7,7,7,7,7,7,7,7,7
250273,0,1,1991,0,0,0,0,0,0,0,0,0,0
250273,1,1,1991,0,0,0,0,0,0,0,0,0,0
250274,1,1,1991,0,0,0,0,0,0,0,0,9,0
250274,2,1,1991,0,0,0,0,0,0,0,0,0,0
250275,1,1,1991,0,0,7,0,0,0,0,0,11,0
250275,2,1,1991,0,0,0,0,0,0,0,0,0,0
250276,1,1,1991,18,0,0,14,19,0,0,23,39,0
250277,1,1,1991,0,0,0,0,0,0,0,0,0,0
250278,1,1,1991,27,10,0,5,0,0,0,0,0,0
250278,2,1,1991,0,20,0,0,0,0,0,25,0,0
250279,1,1,1991,6,30,17,3,17,26,11,15,7,13
250280,1,1,1991,15,15,15,15,15,15,15,15,15,15
250281,0,1,1991,0,0,0,0,0,0,0,0,0,0
250281,0,2,1991,0,16,27,0,4,0,0,0,0,13
250281,1,1,1991,0,25,0,17,0,10,12,8,0,6
250282,1,1,1991,12,0,0,12,7,0,7,17,20,0
250283,1,1,1991,0,0,0,0,21,0,0,0,0,0
250283,2,1,1991,0,0,0,0,0,0,0,0,0,0
250283,3,1,1991,0,0,43,0,13,18,0,0,0,0
250284,1,1,1991,26,26,26,26,26,26,26,26,26,26
250285,1,1,1991,5,5,5,5,5,5,5,5,5,5
250285,2,1,1991,0,0,0,0,0,9,0,9,0,0
250286,1,1,1991,13,14,0,18,16,7,11,19,17,4
250286,2,1,1991,0,0,0,0,0,0,0,0,0,0
250286,3,1,1991,0,0,0,14,0,10,0,0,0,0
250287,1,1,1991,8,0,0,0,16,0,0,0,0,15
250287,2,1,1991,7,7,7,7,7,7,7,7,7,7
250287,3,1,1991,0,0,0,0,0,0,0,0,0,0
250288,1,1,1991,0,0,0,0,0,0,0,0,0,0
250289,1,1,1991,3,3,3,3,3,3,3,3,3,3
250290,1,1,1991,0,7,0,0,9,0,5,13,17,5
250291,0,1,1991,12,12,12,12,12,12,12,12,12,12
250291,1,1,1991,11,0,0,0,17,8,17,22,5,11
250292,0,1,1991,1,1,1,1,1,1,1,1,1,1
250292,1,1,1991,10,13,0,26,5,11,22,25,14,8
250293,1,1,1991,0,0,0,8,11,0,0,0,12,26
250293,2,1,1991,0,0,0,0,0,0,0,0,0,0
250294,1,1,1991,0,0,0,0,0,0,0,0,0,0
250295,1,1,1991,23,23,23,23,23,23,23,23,23,23
250297,1,1,1991,0,0,0,0,0,0,0,0,0,0
250298,1,1,1991,28,28,28,28,28,28,28,28,28,28
250298,2,1,1991,10,0,0,0,14,0,0,20,0,0
250299,1,1,1991,0,36,0,0,0,14,0,24,0,0
250300,1,1,1991,11,12,24,16,12,5,30,19,10,15
250301,1,1,1991,0,0,0,0,0,0,0,0,0,0
250301,2,1,1991,0,0,0,0,0,0,0,0,0,0
250302,1,1,1991,19,19,19,19,19,19,19,19,19,19
250303,1,1,1991,0,0,0,0,0,0,0,0,0,0
250303,2,1,1991,0,0,0,0,0,0,0,0,0,25
250303,3,1,1991,0,0,0,0,0,0,0,0,0,0
250304,0,1,1991,0,0,0,0,0,0,0,0,0,0
250304,1,1,1991,0,0,0,0,0,0,0,0,0,13
250305,0,1,1991,18,18,18,18,18,18,18,18,18,18
250305,1,1,1991,0,0,0,0,17,0,12,0,13,9
250307,1,1,1991,0,0,0,0,0,0,0,0,0,0
250308,1,1,1991,0,0,0,0,0,0,0,0,0,0
250309,0,1,1991,32,32,32,32,32,32,32,32,32,32
250309,1,1,1991,16,0,0,0,13,25,18,0,18,14
250310,0,1,1991,0,0,0,0,0,0,0,0,0,0
250310,1,1,1991,8,0,0,0,11,0,0,0,0,0
250311,1,1,1991,28,28,28,28,28,28,28,28,28,28
250312,1,1,1991,0,0,0,0,0,0,0,0,0,0
250312,2,1,1991,16,0,0,13,9,5,6,9,26,0
250313,1,1,1991,0,0,0,0,0,0,0,0,0,0
250313,2,1,1991,0,0,10,0,0,0,0,0,0,0
250314,1,1,1991,0,0,0,0,0,0,0,0,0,0
250314,2,1,1991,0,0,0,0,0,0,0,0,0,0
250315,1,1,1991,0,0,0,0,0,0,0,0,0,0
250315,2,1,1991,0,0,0,0,0,0,0,0,0,0
250315,3,1,1991,0,0,0,0,0,0,0,0,0,19
250316,1,1,1991,0,7,0,0,0,0,0,0,0,0
250316,2,1,1991,0,0,0,0,0,0,0,0,0,0
250316,3,1,1991,0,0,0,0,0,0,0,0,0,0
250316,4,1,1991,0,0,20,0,20,0,0,0,0,0
250316,5,1,1991,0,12,0,0,0,0,0,0,0,0
250317,0,1,1991,0,0,0,0,0,0,0,0,0,0
250317,1,1,1991,0,0,0,0,0,0,0,0,0,0
250318,1,1,1991,0,0,0,0,0,0,0,0,0,0
250318,2,1,1991,31,0,0,7,0,0,0,0,0,29
250319,1,1,1991,0,0,0,0,0,0,0,0,0,0
250320,1,1,1991,23,24,11,15,16,12,17,25,11,9
250321,1,1,1991,0,0,0,0,0,0,0,0,0,0
250322,1,1,1991,0,0,0,0,23,0,0,0,10,0
250323,1,1,1991,0,0,0,0,0,0,0,0,0,0
250323,2,1,1991,20,0,0,0,0,0,0,0,0,0
250324,1,1,1991,0,0,0,0,0,0,0,0,0,0
250324,2,1,1991,29,29,29,29,29,29,29,29,29,29
250325,1,1,1991,0,0,0,0,0,0,0,11,13,0
250326,1,1,1991,0,0,0,0,0,0,0,0,0,0
250327,1,1,1991,9,8,13,12,18,0,9,5,27,4
250327,2,1,1991,0,12,18,12,13,0,0,0,18,0
250328,1,1,1991,1,1,1,1,1,1,1,1,1,1
250328,2,1,1991,5,17,7,14,16,9,17,18,18,14
250329,1,1,1991,0,0,0,0,0,0,0,0,0,0
250330,1,1,1991,15,15,15,15,15,15,15,15,15,15
250330,2,1,1991,7,7,17,0,0,0,0,0,0,0
250331,1,1,1991,0,0,0,0,0,0,0,0,0,0
250332,1,1,1991,0,0,0,0,0,0,0,0,0,0
250332,2,1,1991,0,0,11,0,0,0,0,0,0,0
250333,1,1,1991,5,12,18,23,12,24,29,15,19,10
250334,1,1,1991,0,0,0,0,0,0,0,0,0,0
250334,2,1,1991,0,28,0,0,0,0,0,0,0,0
250335,1,1,1991,0,0,0,0,0,0,0,0,0,0
250336,1,1,1991,0,0,0,0,0,0,0,0,0,0
250337,1,1,1991,0,0,0,0,14,0,0,0,0,0
250338,0,1,1991,9,9,9,9,9,9,9,9,9,9
250338,1,1,1991,7,18,0,0,16,6,0,0,12,6
250339,1,1,1991,21,2,25,25,28,0,10,15,11,16
250339,2,1,1991,19,3,9,18,0,18,4,6,15,7
250341,0,1,1991,0,0,0,0,0,0,0,0,0,0
250341,0,2,1991,0,0,0,0,0,0,0,0,0,0
250341,1,1,1991,0,0,0,0,0,0,0,0,0,0
250342,1,1,1991,23,18,11,8,20,10,28,21,16,20
250344,0,1,1991,0,0,0,0,0,0,0,0,0,0
250344,1,1,1991,0,0,0,0,0,0,0,0,0,0
250345,0,1,1991,0,0,0,0,0,0,0,0,0,0
250345,1,1,1991,0,0,10,0,0,0,0,0,0,0
250346,1,1,1991,24,24,24,24,24,24,24,24,24,24
250346,2,1,1991,19,0,0,22,0,0,32,0,0,0
250347,1,1,1991,0,0,0,0,0,0,0,0,0,0
250347,2,1,1991,0,0,0,0,0,0,0,0,0,0
250348,1,1,1991,11,20,20,0,24,0,40,26,18,0
250349,1,1,1991,0,0,0,0,0,0,0,0,0,0
250350,1,1,1991,0,0,0,0,0,15,0,17,0,0
250351,1,1,1991,0,0,0,0,0,0,0,0,0,0
250351,2,1,1991,15,15,15,15,15,15,15,15,15,15
250352,0,1,1991,0,0,0,0,0,0,0,0,0,0
250352,1,1,1991,17,8,6,23,0,18,10,15,12,25
250353,1,1,1991,0,0,0,12,11,0,0,0,7,17
250354,1,1,1991,0,0,0,0,0,0,0,0,0,0
250354,2,1,1991,0,19,0,0,0,0,0,0,0,24
250355,1,1,1991,14,14,14,14,14,14,14,14,14,14
250356,0,1,1991,0,0,0,0,0,0,0,0,0,0
250356,1,1,1991,19,0,0,0,4,6,0,0,0,0
250357,1,1,1991,0,0,0,0,0,13,0,0,0,0
250358,0,1,1991,0,0,0,0,0,0,0,0,0,0
250358,1,1,1991,0,0,0,0,0,0,0,0,0,0
250359,1,1,1991,10,10,10,10,10,10,10,10,10,10
250360,1,1,1991,25,20,24,4,0,14,21,23,2,19
250360,2,1,1991,0,0,0,18,0,0,0,0,0,0
250361,0,1,1991,0,0,0,0,0,0,0,0,0,0
250361,1,1,1991,0,0,0,0,0,0,0,0,0,17
250362,1,1,1991,0,0,0,0,0,0,0,0,0,0
250363,0,1,1991,53,28,0,17,0,0,0,14,13,0
250363,1,1,1991,0,0,0,0,0,0,10,0,0,0
250364,1,1,1991,0,0,0,0,0,0,0,0,0,0
250364,2,1,1991,3,0,0,0,0,0,0,0,0,0
250365,1,1,1991,0,0,0,0,0,0,0,0,0,0
250366,1,1,1991,9,9,9,9,9,9,9,9,9,9
250366,2,1,1991,3,0,7,0,0,0,9,0,0,0
250368,1,1,1991,21,21,21,21,21,21,21,21,21,21
250369,1,1,1991,29,0,27,15,12,0,0,11,12,24
250370,1,1,1991,0,0,0,0,0,0,0,0,0,0
250370,2,1,1991,0,0,0,0,15,0,0,9,0,0
250371,0,1,1991,56,24,0,0,14,24,0,0,24,0
250371,1,1,1991,6,23,7,25,3,0,0,5,0,0
250372,1,1,1991,0,0,0,0,0,0,0,0,0,0
250373,0,1,1991,0,12,0,10,14,20,0,20,0,0
250373,0,2,1991,0,0,0,0,0,32,24,0,0,13
250373,0,3,1991,0,0,0,0,0,0,0,0,0,0
250373,1,1,1991,7,18,12,15,15,38,40,4,11,11
250374,1,1,1991,0,12,0,0,0,0,8,0,0,0
250375,0,1,1991,13,33,11,7,0,0,0,11,20,0
250375,1,1,1991,0,0,0,0,6,15,0,0,0,0
250376,0,1,1991,0,0,0,0,0,0,0,0,0,0
250376,1,1,1991,0,0,0,0,0,0,0,0,0,0
250377,1,1,1991,0,0,0,0,0,0,0,0,0,0
250378,1,1,1991,0,0,0,13,0,0,0,14,11,12
250379,1,1,1991,0,0,0,0,0,0,0,0,0,20
250379,2,1,1991,0,0,0,0,24,0,0,0,0,0
250380,1,1,1991,0,0,0,0,0,0,16,20,0,0
250380,2,1,1991,0,11,12,18,12,9,18,0,0,0
250381,1,1,1991,0,0,0,0,0,0,0,0,0,0
250382,0,1,1991,13,13,13,13,13,13,13,13,13,13
250382,1,1,1991,6,15,21,4,11,12,19,17,3,0
250383,1,1,1991,21,21,21,21,21,21,21,21,21,21
250384,1,1,1991,0,0,0,0,0,0,0,0,0,0
250384,2,1,1991,0,0,0,0,0,0,0,0,0,0
250385,0,1,1991,0,0,0,0,0,0,0,0,0,0
250385,1,1,1991,18,0,0,0,0,0,0,13,0,0
250385,2,1,1991,0,0,0,0,0,12,0,0,0,0
250385,3,1,1991,0,0,0,0,0,0,0,0,0,0
250386,1,1,1991,11,11,11,11,11,11,11,11,11,11
250387,1,1,1991,0,0,0,0,0,0,0,0,0,0
250387,2,1,1991,0,0,0,0,0,0,0,0,0,0
250388,1,1,1991,9,14,13,10,25,1,4,12,11,12
250389,0,1,1991,0,0,0,0,0,0,0,0,0,0
250389,1,1,1991,0,0,14,0,0,0,0,0,0,0
250390,1,1,1991,0,0,0,0,0,0,0,0,0,0
250391,0,1,1991,0,0,0,0,0,0,0,0,0,0
250391,1,1,1991,0,0,7,0,20,0,0,14,0,0
250392,0,1,1991,38,38,38,38,38,38,38,38,38,38
250392,1,1,1991,0,0,0,0,0,0,0,0,0,0
250393,1,1,1991,15,15,15,15,15,15,15,15,15,15
250394,0,1,1991,0,0,0,0,0,0,0,0,0,0
250394,1,1,1991,9,0,5,0,0,6,9,0,0,11
250395,1,1,1991,0,0,0,0,0,0,0,0,0,0
250395,2,1,1991,0,0,0,0,0,19,4,0,0,0
250396,0,1,1991,5,5,5,5,5,5,5,5,5,5
250396,1,1,1991,10,8,8,0,10,0,0,0,15,0
250397,1,1,1991,23,23,23,23,23,23,23,23,23,23
250398,1,1,1991,26,26,26,26,26,26,26,26,26,26
250399,0,1,1991,10,0,0,0,0,23,0,0,17,0
250399,1,1,1991,0,16,0,0,0,0,0,0,0,0
250400,1,1,1991,0,0,0,0,0,0,0,0,0,0
250400,2,1,1991,20,20,20,20,20,20,20,20,20,20
250401,1,1,1991,0,0,0,0,0,0,0,0,0,0
250401,2,1,1991,16,8,5,2,14,12,22,23,19,21
250402,1,1,1991,10,10,10,10,10,10,10,10,10,10
250403,1,1,1991,21,21,21,21,21,21,21,21,21,21
250404,0,1,1991,27,20,0,0,0,28,14,12,15,0
250404,1,1,1991,0,0,11,0,0,0,0,0,0,0
250405,1,1,1991,0,0,0,0,0,0,0,0,0,0
250405,2,1,1991,0,0,0,0,0,0,0,0,0,0
250406,0,1,1991,0,0,0,0,0,0,0,0,0,0
250406,1,1,1991,0,0,4,0,0,19,19,17,0,0
250407,0,1,1991,0,0,0,0,0,0,23,0,0,0
250407,1,1,1991,0,0,0,0,0,0,0,0,0,0
250408,1,1,1991,0,0,0,0,0,0,0,0,0,0
250408,2,1,1991,0,0,0,0,0,0,0,0,0,0
250408,3,1,1991,0,0,0,0,0,0,0,0,0,0
250409,1,1,1991,0,0,0,0,0,0,0,0,0,0
250409,2,1,1991,0,0,0,0,0,0,0,0,0,0
250410,1,1,1991,0,0,0,0,19,0,0,0,0,0
250410,2,1,1991,0,0,0,0,0,0,0,0,0,0
250411,1,1,1991,18,18,18,18,18,18,18,18,18,18
250412,0,1,1991,3,3,3,3,3,3,3,3,3,3
250412,1,1,1991,18,11,4,21,12,13,11,23,21,25
250413,0,1,1991,0,0,0,0,0,0,0,0,0,0
250413,1,1,1991,0,0,0,14,0,0,0,0,0,0
250414,0,1,1991,0,0,0,0,0,0,0,0,0,0
250414,1,1,1991,0,0,0,0,0,19,0,0,0,0
250415,0,1,1991,0,0,0,0,0,0,0,0,0,0
250415,1,1,1991,0,0,0,0,0,0,0,0,0,0
250416,1,1,1991,0,8,3,0,0,3,0,0,0,0
250417,1,1,1991,0,0,0,0,0,0,0,0,0,0
250417,2,1,1991,0,0,0,0,0,0,0,0,0,0
250418,1,1,1991,12,0,0,0,0,0,0,0,15,0
250418,2,1,1991,0,0,0,0,0,0,0,0,0,0
250419,1,1,1991,0,0,0,0,0,0,0,0,0,0
250419,2,1,1991,0,0,0,0,0,0,0,0,0,0
250420,1,1,1991,2,2,2,2,2,2,2,2,2,2
250421,0,1,1991,0,0,0,0,0,0,0,0,0,0
250421,1,1,1991,0,0,10,0,2,0,19,0,0,0
250422,0,1,1991,0,0,0,0,0,0,0,0,0,0
250422,1,1,1991,0,0,0,0,0,0,0,8,0,0
250423,1,1,1991,19,19,19,19,19,19,19,19,19,19
250424,0,1,1991,0,0,0,0,0,0,0,0,0,6
250424,1,1,1991,0,0,0,9,0,0,0,0,17,0
250424,2,1,1991,0,9,0,0,9,0,0,5,0,0
250425,1,1,1991,6,0,8,11,17,4,10,16,11,13
250426,1,1,1991,6,6,6,6,6,6,6,6,6,6
250427,1,1,1991,0,0,0,0,0,12,0,0,0,0
250428,1,1,1991,0,0,0,0,0,0,0,0,0,0
250428,2,1,1991,0,0,0,0,0,0,0,0,0,0
250428,3,1,1991,0,0,0,0,0,0,0,7,0,0
250429,0,1,1991,0,0,0,0,0,0,0,0,0,0
250429,1,1,1991,0,0,0,0,0,0,5,0,0,0
250430,1,1,1991,0,0,0,0,0,0,0,0,0,0
250431,1,1,1991,18,18,18,18,18,18,18,18,18,18
250432,0,1,1991,15,15,15,15,15,15,15,15,15,15
250432,1,1,1991,22,13,0,19,12,25,17,0,12,0
250433,1,1,1991,0,0,0,0,0,0,0,0,0,0
250433,2,1,1991,0,0,0,0,0,0,0,0,0,0
250434,1,1,1991,0,0,0,0,0,0,0,0,0,0
250434,2,1,1991,0,0,0,23,0,0,0,0,18,0
250434,3,1,1991,0,0,0,0,0,0,0,0,0,0
250435,1,1,1991,33,33,33,33,33,33,33,33,33,33
250435,2,1,1991,0,0,0,0,0,0,0,0,0,0
250435,3,1,1991,0,0,0,0,0,19,0,0,0,0
250436,1,1,1991,7,0,0,0,6,3,0,13,0,12
250436,2,1,1991,3,0,12,0,6,9,0,25,0,0
250437,1,1,1991,0,0,0,0,0,0,0,0,0,0
250437,2,1,1991,0,0,0,0,0,0,0,0,16,0
250438,0,1,1991,0,0,0,0,0,0,0,0,0,0
250438,1,1,1991,0,0,0,0,0,31,0,0,0,0
250439,1,1,1991,12,38,11,25,14,32,21,21,13,7
250440,1,1,1991,0,0,0,10,0,0,10,0,17,0
250440,2,1,1991,0,0,0,28,0,0,0,0,0,0
250441,0,1,1991,0,0,0,0,0,0,0,0,0,0
250441,1,1,1991,0,0,0,0,7,20,0,0,0,0
250442,1,1,1991,0,0,0,0,0,0,0,0,0,0
250442,2,1,1991,0,0,0,0,0,0,0,0,0,0
250443,0,1,1991,0,0,0,0,0,0,0,0,0,0
250443,1,1,1991,0,0,13,0,0,0,0,0,0,0
250444,1,1,1991,0,0,0,0,0,0,0,0,0,0
250445,1,1,1991,7,7,7,7,7,7,7,7,7,7
250446,0,1,1991,20,20,20,20,20,20,20,20,20,20
250446,1,1,1991,0,0,0,0,0,0,0,0,0,19
250447,1,1,1991,9,25,16,9,0,10,28,21,9,0
250448,0,1,1991,0,0,0,0,0,0,0,0,0,0
250448,1,1,1991,0,0,0,0,0,0,0,0,0,0
250449,1,1,1991,20,20,20,20,20,20,20,20,20,20
250449,2,1,1991,14,11,18,21,29,8,6,7,0,16
250450,1,1,1991,0,0,0,0,0,0,0,0,0,0
250450,2,1,1991,0,0,0,0,0,0,0,0,0,0
250451,0,1,1991,0,0,0,0,0,0,0,0,0,0
250451,1,1,1991,0,0,0,0,0,0,0,0,0,0
250452,0,1,1991,14,14,14,14,14,14,14,14,14,14
250452,1,1,1991,3,19,14,23,11,9,10,18,16,21
250452,2,1,1991,0,17,0,0,20,0,0,0,0,0
250453,1,1,1991,0,0,0,0,0,0,0,0,0,0
250453,2,1,1991,0,0,0,0,0,0,0,0,0,0
250454,0,1,1991,10,10,10,10,10,10,10,10,10,10
250454,0,2,1991,53,14,19,34,17,23,27,24,23,14
250454,1,1,1991,0,0,14,0,0,0,0,23,0,0
250455,1,1,1991,0,39,0,13,0,0,18,0,0,0
250456,0,1,1991,0,0,13,0,0,0,0,0,0,15
250456,1,1,1991,0,0,11,11,0,0,0,0,10,0
250457,1,1,1991,0,0,16,0,0,0,16,0,0,0
250457,2,1,1991,0,0,0,0,0,11,0,28,0,16
250457,3,1,1991,9,0,0,0,0,4,12,0,5,0
250458,1,1,1991,0,0,0,0,0,0,0,0,0,0
250458,2,1,1991,4,2,0,12,13,22,4,15,7,6
250459,0,1,1991,0,0,0,0,0,0,12,0,0,0
250459,1,1,1991,0,3,0,0,14,21,5,7,8,19
250460,1,1,1991,16,16,16,16,16,16,16,16,16,16
250461,1,1,1991,0,0,0,0,0,3,0,0,0,0
250462,1,1,1991,20,20,20,20,20,20,20,20,20,20
250463,1,1,1991,0,15,22,0,20,0,0,0,9,0
250464,1,1,1991,0,0,0,0,0,0,0,0,0,0
250464,2,1,1991,20,20,20,20,20,20,20,20,20,20
250465,1,1,1991,0,21,0,0,0,0,0,0,0,0
250466,1,1,1991,0,0,0,0,0,0,0,0,0,0
250466,2,1,1991,0,0,3,0,0,0,0,0,0,0
250467,1,1,1991,24,24,24,24,24,24,24,24,24,24
250468,1,1,1991,0,13,0,0,0,7,0,0,9,0
250468,2,1,1991,14,17,0,13,9,17,11,0,12,0
250469,1,1,1991,12,6,9,9,3,26,21,11,15,7
250469,2,1,1991,0,0,0,0,0,0,0,0,0,0
250469,3,1,1991,7,0,0,0,0,0,0,0,0,0
250470,1,1,1991,11,0,0,12,0,0,0,0,0,0
250470,2,1,1991,0,0,0,0,0,0,0,0,0,0
250471,0,1,1991,32,32,32,32,32,32,32,32,32,32
250471,1,1,1991,0,0,0,0,0,0,0,0,0,0
250472,1,1,1991,0,0,0,0,0,0,0,0,0,0
250473,0,1,1991,0,0,0,0,0,0,0,0,0,29
250473,1,1,1991,0,12,13,20,0,21,0,0,0,0
250475,1,1,1991,0,0,0,0,0,0,0,0,0,0
250475,2,1,1991,0,0,0,0,0,0,0,24,0,0
250476,1,1,1991,23,16,0,0,0,10,0,16,3,9
250477,1,1,1991,0,0,0,0,0,0,0,0,0,0
250478,1,1,1991,0,0,0,0,0,0,0,0,0,0
250478,2,1,1991,0,0,0,0,0,0,0,0,0,7
250479,0,1,1991,22,22,22,22,22,22,22,22,22,22
250479,1,1,1991,13,11,4,23,0,11,22,0,0,0
250480,1,1,1991,5,0,10,24,7,6,11,6,14,20
250480,2,1,1991,0,0,0,21,0,4,22,0,0,0
250480,3,1,1991,0,3,0,3,28,0,13,0,0,25
250481,1,1,1991,0,0,0,0,0,0,0,0,0,0
250481,2,1,1991,0,0,0,0,0,0,0,0,0,0
250482,1,1,1991,0,0,0,0,0,0,0,0,0,0
250482,2,1,1991,0,0,0,0,0,0,12,0,0,0
250483,1,1,1991,0,0,0,0,0,0,0,0,0,0
250484,1,1,1991,0,0,0,0,6,0,0,0,0,18
250485,1,1,1991,0,0,0,0,0,0,0,0,0,0
250486,1,1,1991,16,3,10,20,11,18,34,16,22,17
250486,2,1,1991,5,0,6,0,0,10,0,0,13,0
250487,1,1,1991,0,0,0,0,0,0,0,0,0,0
250488,1,1,1991,15,15,15,15,15,15,15,15,15,15
250489,1,1,1991,19,19,19,19,19,19,19,19,19,19
250490,1,1,1991,0,0,0,0,0,0,0,0,0,0
250490,2,1,1991,13,17,8,13,7,0,12,9,10,15
250491,0,1,1991,0,0,0,0,0,0,0,0,0,0
250491,1,1,1991,0,0,0,0,0,0,0,0,0,0
250492,1,1,1991,0,0,0,0,0,0,0,0,0,0
250493,1,1,1991,16,16,16,16,16,16,16,16,16,16
250494,0,1,1991,0,0,0,0,0,0,0,0,0,0
250494,1,1,1991,15,15,15,15,15,15,15,15,15,15
250495,0,1,1991,0,0,0,0,0,0,0,0,0,0
250495,0,2,1991,0,0,0,0,0,0,0,0,0,11
250495,1,1,1991,0,0,0,0,0,0,0,0,0,0
250496,1,1,1991,6,6,6,6,6,6,6,6,6,6
250497,1,1,1991,0,0,0,0,0,0,0,0,0,0
250499,1,1,1991,1,1,1,1,1,1,1,1,1,1
250500,1,1,1991,18,18,18,18,18,18,18,18,18,18
250501,1,1,1991,20,20,20,20,20,20,20,20,20,20
250501,2,1,1991,18,0,0,0,0,0,0,0,0,0
250502,1,1,1991,19,6,0,13,9,21,4,10,0,6
250502,2,1,1991,0,0,11,17,0,0,0,3,6,0
250503,0,1,1991,18,18,18,18,18,18,18,18,18,18
250503,1,1,1991,0,0,0,0,8,19,0,0,0,0
250504,0,1,1991,24,24,24,24,24,24,24,24,24,24
250504,1,1,1991,24,11,28,7,12,0,10,0,0,0
250505,0,1,1991,0,0,0,0,0,0,0,0,0,0
250505,1,1,1991,0,0,0,0,0,0,0,0,0,0
250506,1,1,1991,0,0,0,5,0,0,0,0,0,0
250506,2,1,1991,0,0,0,0,0,0,0,0,0,0
250507,1,1,1991,0,0,0,0,0,0,0,0,0,0
250507,2,1,1991,0,0,0,0,0,0,0,0,0,0
250508,1,1,1991,0,0,0,0,0,0,0,0,0,0
250509,1,1,1991,12,12,12,12,12,12,12,12,12,12
250510,1,1,1991,6,6,6,6,6,6,6,6,6,6
250511,1,1,1991,21,21,21,21,21,21,21,21,21,21
250512,1,1,1991,4,8,7,11,8,6,9,11,12,11
250512,2,1,1991,0,0,0,0,0,0,0,4,15,20
250513,1,1,1991,0,0,0,0,0,0,0,0,0,0
250513,2,1,1991,0,0,0,0,0,0,0,0,0,0
250513,3,1,1991,0,0,0,0,0,0,0,0,0,0
250514,1,1,1991,0,0,0,0,0,0,0,0,0,0
250515,0,1,1991,0,0,0,0,0,0,0,0,0,0
250515,1,1,1991,0,0,0,17,0,0,10,0,6,0
250516,0,1,1991,0,0,0,0,0,24,11,0,0,12
250516,1,1,1991,0,0,0,0,0,0,0,0,0,0
250517,1,1,1991,0,0,0,0,0,0,0,0,0,0
250517,2,1,1991,0,0,0,0,0,0,0,0,0,0
250517,3,1,1991,0,0,0,0,0,0,22,0,0,0
250518,0,1,1991,14,14,14,14,14,14,14,14,14,14
250518,1,1,1991,0,0,0,0,0,16,0,0,0,0
250519,1,1,1991,16,0,15,19,11,8,18,14,27,0
250521,1,1,1991,9,21,19,7,31,20,11,10,23,6
250522,1,1,1991,0,0,0,0,0,0,0,0,0,0
250522,2,1,1991,0,0,0,10,8,0,0,0,0,0
260001,0,1,1991,4,4,4,4,4,4,4,4,4,4
260001,1,1,1991,8,14,18,29,16,31,24,11,24,19
260002,1,1,1991,7,7,7,7,7,7,7,7,7,7