ST_CASE,VEH_NO,PER_NO,YEAR,P1,P2,P3,P4,P5,P6,P7,P8,P9,P10
260003,1,1,1991,3,3,3,3,3,3,3,3,3,3
260004,1,1,1991,0,0,0,0,0,0,0,0,0,0
260004,2,1,1991,0,0,0,0,0,0,0,0,0,0
260005,1,1,1991,0,0,0,0,0,0,0,0,0,0
260005,2,1,1991,0,0,0,0,0,0,0,0,0,0
260006,1,1,1991,13,13,13,13,13,13,13,13,13,13
260007,1,1,1991,32,32,32,32,32,32,32,32,32,32
260007,2,1,1991,0,0,0,0,0,0,0,0,0,0
260008,0,1,1991,24,0,0,0,32,0,31,12,0,0
260008,1,1,1991,17,0,0,0,0,0,0,11,0,0
260009,1,1,1991,21,21,21,21,21,21,21,21,21,21
260010,1,1,1991,8,8,8,8,8,8,8,8,8,8
260011,1,1,1991,12,12,12,12,12,12,12,12,12,12
260012,1,1,1991,12,0,9,0,20,0,22,20,0,0
260013,0,1,1991,0,0,0,0,0,0,0,0,0,0
260013,1,1,1991,14,14,14,14,14,14,14,14,14,14
260014,0,1,1991,0,0,0,0,0,0,0,0,0,0
260014,1,1,1991,0,0,0,0,0,0,0,0,0,8
260015,1,1,1991,0,0,0,0,0,0,0,0,0,0
260015,2,1,1991,0,0,0,0,0,0,0,0,0,0
260016,1,1,1991,0,0,0,0,0,0,0,0,0,0
260016,2,1,1991,0,0,0,0,0,0,0,0,0,0
260017,1,1,1991,0,0,0,0,0,0,0,0,0,0
260018,1,1,1991,0,0,0,0,0,0,0,0,0,0
260018,2,1,1991,0,0,0,0,0,0,0,0,0,0
260019,1,1,1991,0,0,0,0,0,0,0,0,0,0
260019,2,1,1991,0,0,0,0,0,0,0,0,0,0
260020,1,1,1991,0,0,0,0,0,0,0,0,0,20
260021,1,1,1991,0,11,0,0,0,21,0,0,0,0
260021,2,1,1991,0,0,0,0,0,0,0,0,0,0
260022,1,1,1991,0,0,0,0,0,0,0,0,0,0
260024,1,1,1991,0,0,0,0,0,0,0,0,0,9
260024,2,1,1991,0,0,0,0,0,0,0,0,0,0
260024,3,1,1991,0,0,0,0,0,0,0,0,0,0
260025,1,1,1991,0,0,0,0,3,0,0,0,0,0
260025,2,1,1991,0,0,0,2,0,0,0,0,0,0
260026,1,1,1991,0,0,0,0,0,0,0,0,0,0
260026,2,1,1991,0,0,0,0,0,0,0,0,0,0
260027,1,1,1991,0,0,0,0,0,0,0,0,0,0
260027,2,1,1991,0,0,0,0,0,0,0,0,0,0
260027,3,1,1991,0,0,0,0,0,0,0,0,0,0
260027,4,1,1991,0,0,0,0,0,0,24,0,0,0
260028,0,1,1991,18,18,18,18,18,18,18,18,18,18
260028,1,1,1991,20,20,20,20,20,20,20,20,20,20
260029,1,1,1991,0,0,0,0,0,0,0,0,0,0
260029,2,1,1991,0,0,0,0,0,0,23,0,0,0
260030,1,1,1991,0,0,0,0,0,0,0,0,0,0
260030,2,1,1991,0,0,0,0,0,0,0,0,0,0
260031,1,1,1991,21,23,33,23,0,6,21,0,35,14
260032,1,1,1991,0,0,0,0,0,0,0,0,0,0
260032,2,1,1991,0,0,0,0,0,0,0,18,0,0
260033,1,1,1991,16,22,22,18,8,33,24,25,27,23
260034,1,1,1991,17,17,17,17,17,17,17,17,17,17
260035,1,1,1991,0,0,0,0,0,0,0,0,0,0
260035,2,1,1991,0,0,0,0,0,0,0,0,0,0
260035,3,1,1991,0,0,0,0,0,0,0,0,0,0
260036,1,1,1991,0,0,0,0,0,0,0,0,0,0
260036,2,1,1991,0,0,0,0,32,0,0,0,0,0
260037,1,1,1991,16,16,16,16,16,16,16,16,16,16
260038,0,1,1991,9,9,9,9,9,9,9,9,9,9
260038,1,1,1991,0,0,0,0,0,0,0,0,0,0
260039,1,1,1991,0,0,0,0,0,0,0,0,0,0
260039,2,1,1991,0,0,0,0,0,0,0,0,0,0
260040,1,1,1991,0,0,0,0,0,0,0,0,0,0
260040,2,1,1991,0,0,0,0,0,0,0,0,0,0
260040,3,1,1991,0,0,0,0,0,0,0,0,0,0
260041,1,1,1991,0,0,0,0,0,0,0,0,0,0
260041,2,1,1991,0,0,0,0,0,0,0,0,0,0
260042,1,1,1991,0,0,0,0,0,0,0,0,0,0
260042,2,1,1991,0,0,0,0,0,0,0,0,0,0
260043,1,1,1991,0,18,10,16,20,24,22,14,30,16
260043,2,1,1991,0,0,0,0,0,0,0,0,0,0
260044,1,1,1991,0,0,0,0,0,0,17,0,0,0
260044,2,1,1991,0,0,0,0,0,0,0,0,0,0
260045,1,1,1991,0,0,0,0,0,0,0,0,0,0
260046,1,1,1991,15,26,0,9,13,0,9,0,0,0
260047,1,1,1991,27,27,27,27,27,27,27,27,27,27
260048,1,1,1991,0,0,0,0,0,0,0,0,0,0
260048,2,1,1991,0,0,0,0,0,0,0,0,0,0
260049,1,1,1991,0,0,0,0,0,0,0,0,0,22
260050,1,1,1991,0,0,21,0,0,0,19,17,0,0
260051,0,1,1991,0,0,0,0,0,0,0,0,0,0
260051,1,1,1991,0,0,0,0,0,0,0,0,0,0
260052,1,1,1991,21,21,21,21,21,21,21,21,21,21
260053,1,1,1991,26,26,26,26,26,26,26,26,26,26
260054,1,1,1991,0,0,0,0,0,0,0,0,0,0
260054,2,1,1991,0,0,0,0,0,0,0,0,0,0
260055,0,1,1991,0,0,0,0,0,0,0,18,0,0
260055,1,1,1991,0,0,0,0,0,0,0,0,0,0
260056,0,1,1991,0,0,0,26,0,33,21,0,24,32
260056,1,1,1991,0,0,0,0,0,0,0,0,0,0
260057,1,1,1991,11,11,11,11,11,11,11,11,11,11
260057,2,1,1991,11,11,11,11,11,11,11,11,11,11
260058,0,1,1991,0,14,0,0,0,0,0,0,0,0
260058,0,2,1991,0,0,0,0,0,0,0,0,0,0
260058,1,1,1991,16,16,16,16,16,16,16,16,16,16
260059,1,1,1991,22,22,22,22,22,22,22,22,22,22
260059,2,1,1991,5,5,5,5,5,5,5,5,5,5
260060,1,1,1991,20,20,20,20,20,20,20,20,20,20
260061,1,1,1991,23,19,19,17,11,24,13,14,29,14
260062,0,1,1991,0,35,0,0,0,41,32,0,0,0
260062,0,2,1991,0,0,0,0,0,0,0,0,0,27
260062,1,1,1991,0,0,0,0,0,0,0,0,0,0
260063,1,1,1991,0,0,0,0,0,0,0,0,0,0
260063,2,1,1991,0,0,0,0,0,0,0,0,0,0
260064,1,1,1991,0,0,0,0,0,0,0,0,0,0
260065,1,1,1991,18,26,29,30,28,20,27,35,20,38
260066,1,1,1991,10,0,0,30,19,15,11,21,23,29
260067,0,1,1991,0,0,0,0,0,0,0,0,15,9
260067,1,1,1991,0,0,0,0,0,0,0,0,0,0
260068,1,1,1991,8,8,8,8,8,8,8,8,8,8
260068,2,1,1991,0,0,0,0,0,0,0,0,0,0
260069,1,1,1991,0,0,0,0,0,0,0,0,0,5
260069,2,1,1991,0,0,0,0,0,0,0,0,0,0
260070,1,1,1991,0,0,0,0,0,0,0,0,0,0
260070,2,1,1991,0,0,0,0,0,0,0,0,0,0
260070,3,1,1991,0,0,0,0,0,0,0,0,0,0
260071,1,1,1991,0,0,0,0,0,0,0,0,0,0
260071,2,1,1991,0,0,0,0,0,0,0,0,0,0
260072,1,1,1991,18,18,18,18,18,18,18,18,18,18
260072,2,1,1991,0,0,0,0,0,0,0,0,0,0
260073,1,1,1991,0,0,0,0,0,0,0,0,0,0
260074,0,1,1991,0,31,49,0,0,29,18,0,16,9
260074,1,1,1991,0,0,0,0,0,0,0,0,0,0
260075,1,1,1991,24,0,0,0,0,0,0,23,0,12
260076,1,1,1991,0,0,0,0,0,0,0,0,0,0
260076,2,1,1991,0,0,0,0,0,0,0,0,0,0
260077,1,1,1991,0,0,0,0,0,0,0,0,0,0
260078,1,1,1991,0,8,0,0,0,10,0,34,21,0
260079,1,1,1991,15,0,0,0,19,32,0,12,10,0
260080,1,1,1991,0,0,0,0,0,17,0,0,0,0
260081,1,1,1991,0,0,0,22,0,28,0,0,0,3
260081,2,1,1991,0,0,0,0,0,0,0,0,0,0
260082,1,1,1991,0,0,24,0,0,0,19,0,0,19
260083,1,1,1991,0,13,0,0,0,0,0,0,0,0
260083,2,1,1991,0,18,0,0,0,0,0,0,0,0
260084,0,1,1991,0,0,0,0,0,11,0,0,0,0
260084,1,1,1991,0,0,0,0,0,0,0,0,0,0
260085,0,1,1991,6,15,18,28,0,30,21,49,11,0
260085,1,1,1991,0,0,0,0,0,0,0,0,0,0
260086,1,1,1991,13,13,13,13,13,13,13,13,13,13
260087,1,1,1991,20,20,20,20,20,20,20,20,20,20
260087,2,1,1991,8,8,8,8,8,8,8,8,8,8
260088,1,1,1991,19,19,19,19,19,19,19,19,19,19
260089,0,1,1991,0,0,28,0,0,0,0,0,0,0
260089,1,1,1991,0,0,0,0,0,0,0,0,0,0
260089,2,1,1991,0,0,0,0,0,0,0,0,0,0
260090,1,1,1991,28,28,28,28,28,28,28,28,28,28
260091,1,1,1991,6,6,6,6,6,6,6,6,6,6
260092,1,1,1991,22,22,22,22,22,22,22,22,22,22
260092,2,1,1991,9,9,9,9,9,9,9,9,9,9
260093,1,1,1991,20,20,20,20,20,20,20,20,20,20
260093,2,1,1991,0,0,0,0,0,20,0,0,0,0
260093,3,1,1991,0,0,0,0,0,0,12,0,0,0
260094,1,1,1991,0,0,0,0,0,0,0,12,0,0
260095,1,1,1991,0,0,0,15,0,0,0,0,0,0
260096,1,1,1991,0,0,0,0,0,0,0,0,0,0
260096,2,1,1991,0,0,0,0,0,0,0,0,0,0
260097,0,1,1991,0,0,0,11,0,0,0,0,0,16
260097,1,1,1991,0,0,0,0,0,0,0,0,0,0
260098,1,1,1991,0,0,0,0,0,0,0,0,0,0
260099,1,1,1991,6,6,6,6,6,6,6,6,6,6
260100,1,1,1991,0,0,0,0,0,20,0,0,0,0
260101,0,1,1991,0,0,0,0,0,0,0,0,0,23
260101,1,1,1991,0,0,0,16,0,0,0,0,0,8
260102,1,1,1991,31,31,31,31,31,31,31,31,31,31
260103,1,1,1991,33,33,33,33,33,33,33,33,33,33
260103,2,1,1991,0,0,0,0,0,0,0,0,0,0
260104,1,1,1991,0,0,0,0,0,0,0,0,0,0
260104,2,1,1991,0,0,0,0,0,0,0,0,0,0
260105,1,1,1991,0,0,0,0,0,0,0,0,0,0
260105,2,1,1991,0,0,0,0,0,0,0,0,0,0
260106,1,1,1991,0,0,0,0,0,0,0,0,0,0
260107,0,1,1991,0,0,0,0,0,0,0,0,0,0
260107,1,1,1991,4,4,4,4,4,4,4,4,4,4
260107,2,1,1991,0,0,0,0,0,0,0,0,0,0
260108,1,1,1991,16,16,16,16,16,16,16,16,16,16
260109,1,1,1991,14,14,14,14,14,14,14,14,14,14
260110,1,1,1991,0,15,0,0,0,15,0,0,0,0
260110,2,1,1991,0,0,0,0,0,17,0,0,0,0
260111,1,1,1991,23,23,23,23,23,23,23,23,23,23
260112,1,1,1991,26,26,26,26,26,26,26,26,26,26
260113,0,1,1991,0,0,0,0,0,0,0,0,0,0
260113,1,1,1991,0,0,0,0,0,0,0,0,0,0
260114,0,1,1991,0,0,0,0,0,0,0,0,0,0
260114,0,2,1991,0,0,26,0,0,41,0,35,0,0
260114,0,3,1991,0,0,0,0,0,0,0,0,29,0
260114,0,4,1991,0,0,0,0,0,0,0,0,0,0
260114,1,1,1991,19,19,19,19,19,19,19,19,19,19
260115,1,1,1991,27,27,27,27,27,27,27,27,27,27
260115,2,1,1991,0,0,0,0,0,0,0,0,0,0
260116,1,1,1991,0,0,0,0,0,0,0,0,0,0
260116,2,1,1991,0,0,0,0,0,0,0,0,0,0
260117,1,1,1991,0,0,0,0,0,0,0,0,0,0
260117,2,1,1991,0,0,0,0,0,0,0,0,0,0
260118,1,1,1991,7,7,7,7,7,7,7,7,7,7
260119,1,1,1991,0,0,0,0,0,0,0,0,0,0
260119,2,1,1991,0,0,0,0,0,0,0,0,0,0
260120,1,1,1991,0,0,0,0,0,0,0,0,0,0
260121,1,1,1991,4,4,4,4,4,4,4,4,4,4
260121,2,1,1991,5,5,5,5,5,5,5,5,5,5
260122,1,1,1991,0,0,0,0,0,0,0,0,0,0
260122,2,1,1991,0,10,0,0,0,0,0,0,0,0
260123,1,1,1991,0,0,0,0,0,0,0,0,0,0
260123,2,1,1991,0,0,0,7,0,0,0,0,0,0
260124,1,1,1991,0,0,0,0,0,0,0,0,0,0
260124,2,1,1991,0,0,0,0,0,0,0,0,0,0
260125,1,1,1991,16,16,16,16,16,16,16,16,16,16
260126,1,1,1991,0,0,0,0,0,0,0,0,0,0
260126,2,1,1991,0,0,0,0,0,0,0,0,0,0
260127,1,1,1991,35,35,35,35,35,35,35,35,35,35
260128,1,1,1991,26,11,12,6,21,25,10,24,22,40
260129,0,1,1991,23,23,23,23,23,23,23,23,23,23
260129,1,1,1991,0,0,0,0,0,0,0,0,4,0
260130,1,1,1991,0,0,0,0,0,0,0,0,0,0
260130,2,1,1991,0,0,0,0,0,0,0,0,0,0
260131,1,1,1991,0,0,0,0,0,18,0,0,0,0
260132,1,1,1991,0,0,0,0,0,0,0,0,0,0
260132,2,1,1991,0,0,0,0,0,0,0,0,0,0
260133,1,1,1991,0,0,0,0,0,0,0,0,0,0
260133,2,1,1991,0,0,0,0,0,0,0,0,0,0
260134,1,1,1991,25,25,25,25,25,25,25,25,25,25
260135,1,1,1991,20,20,20,20,20,20,20,20,20,20
260136,1,1,1991,0,0,0,0,0,0,0,0,0,0
260136,2,1,1991,0,0,0,13,0,0,0,0,0,0
260137,1,1,1991,0,0,0,0,0,0,0,0,0,0
260138,1,1,1991,0,0,0,0,0,0,0,0,0,0
260138,2,1,1991,0,0,0,0,0,0,0,0,0,0
260139,1,1,1991,0,0,0,0,10,10,0,0,20,21
260140,1,1,1991,0,0,0,0,0,0,0,0,0,0
260141,1,1,1991,17,17,17,17,17,17,17,17,17,17
260141,2,1,1991,0,0,0,0,0,0,0,0,0,0
260142,1,1,1991,0,0,0,0,0,0,0,0,0,0
260142,2,1,1991,0,0,0,0,0,0,0,0,0,0
260142,3,1,1991,0,0,0,0,0,0,0,0,0,0
260142,4,1,1991,0,0,0,0,0,0,0,0,0,0
260142,5,1,1991,0,0,0,0,0,0,0,0,0,0
260143,1,1,1991,0,0,0,0,0,0,0,0,0,0
260144,1,1,1991,0,0,0,0,0,0,0,0,0,0
260144,2,1,1991,0,0,0,0,0,0,0,0,0,0
260144,3,1,1991,0,0,0,0,0,0,0,0,0,0
260145,0,1,1991,2,2,2,2,2,2,2,2,2,2
260145,1,1,1991,0,0,0,0,0,0,0,0,0,0
260146,1,1,1991,0,0,0,0,0,0,0,0,0,0
260147,1,1,1991,10,10,10,10,10,10,10,10,10,10
260147,2,1,1991,0,0,0,0,0,0,0,0,0,0
260148,1,1,1991,12,12,12,12,12,12,12,12,12,12
260149,1,1,1991,8,8,8,8,8,8,8,8,8,8
260150,0,1,1991,0,0,0,0,0,0,0,0,0,0
260150,1,1,1991,19,16,0,0,17,0,0,0,0,0
260151,1,1,1991,0,0,0,0,0,0,0,0,0,0
260152,0,1,1991,0,0,0,0,0,0,0,0,0,0
260152,1,1,1991,0,0,0,0,0,0,0,0,0,0
260153,1,1,1991,6,8,9,0,10,8,14,24,13,23
260153,2,1,1991,0,0,0,0,0,0,0,0,0,0
260154,1,1,1991,0,0,0,0,0,0,0,0,0,0
260154,2,1,1991,0,0,0,0,0,0,0,0,0,0
260155,1,1,1991,0,0,0,0,0,0,0,0,0,0
260155,2,1,1991,0,0,0,0,0,0,0,0,0,0
260156,1,1,1991,0,0,0,0,0,0,0,0,0,0
260157,1,1,1991,20,20,20,20,20,20,20,20,20,20
260158,0,1,1991,13,13,13,13,13,13,13,13,13,13
260158,1,1,1991,0,0,0,0,0,0,0,0,0,0
260159,1,1,1991,0,0,0,0,0,0,0,0,0,0
260159,2,1,1991,26,26,26,26,26,26,26,26,26,26
260160,0,1,1991,0,37,0,15,0,0,12,19,0,0
260160,1,1,1991,0,0,0,0,0,18,0,0,0,0
260161,1,1,1991,6,6,6,6,6,6,6,6,6,6
260161,2,1,1991,0,0,0,0,0,0,0,0,0,0
260162,1,1,1991,13,13,13,13,13,13,13,13,13,13
260162,2,1,1991,0,0,17,8,0,0,9,24,24,0
260163,1,1,1991,0,0,0,0,0,0,0,0,0,0
260163,2,1,1991,0,0,0,0,0,0,0,0,0,0
260164,1,1,1991,0,0,0,0,0,0,0,0,0,0
260164,2,1,1991,0,0,0,0,0,0,0,0,0,0
260165,0,1,1991,33,33,33,33,33,33,33,33,33,33
260165,1,1,1991,0,23,0,0,0,0,17,0,19,0
260166,1,1,1991,25,0,0,0,0,0,0,17,0,27
260167,0,1,1991,0,0,0,0,0,0,0,0,0,0
260167,1,1,1991,0,0,0,0,0,0,17,0,0,0
260167,2,1,1991,0,0,0,0,0,0,0,0,0,0
260168,1,1,1991,8,8,8,8,8,8,8,8,8,8
260169,1,1,1991,22,10,30,36,30,54,15,18,13,28
260170,1,1,1991,0,0,0,0,0,0,0,0,0,0
260170,2,1,1991,0,0,0,0,0,0,0,0,0,0
260171,1,1,1991,4,4,4,4,4,4,4,4,4,4
260171,2,1,1991,0,0,0,0,0,0,0,25,0,0
260172,0,1,1991,0,0,0,0,0,16,0,0,0,0
260172,1,1,1991,0,0,27,0,0,7,17,0,0,21
260173,1,1,1991,29,29,29,29,29,29,29,29,29,29
260174,1,1,1991,0,0,0,0,0,0,0,0,0,0
260174,2,1,1991,0,0,0,0,0,0,0,0,0,0
260175,0,1,1991,0,0,0,0,0,0,0,0,0,0
260175,1,1,1991,0,0,0,0,0,0,0,0,0,0
260176,1,1,1991,14,14,0,6,6,15,11,12,20,11
260176,2,1,1991,0,0,0,0,0,0,0,0,0,0
260177,1,1,1991,15,15,15,15,15,15,15,15,15,15
260177,2,1,1991,3,3,3,3,3,3,3,3,3,3
260178,1,1,1991,0,0,0,0,0,0,0,0,0,0
260179,1,1,1991,0,0,0,0,0,0,0,0,0,0
260180,1,1,1991,0,0,0,0,0,0,0,0,0,0
260180,2,1,1991,0,0,0,0,0,0,0,0,0,0
260181,1,1,1991,12,16,11,13,13,10,25,0,11,24
260181,2,1,1991,0,0,0,0,0,0,0,0,0,0
260182,1,1,1991,0,0,0,10,0,0,0,0,0,0
260183,1,1,1991,0,0,0,0,0,0,0,0,0,0
260183,2,1,1991,0,0,0,0,0,0,0,0,9,0
260184,1,1,1991,26,26,26,26,26,26,26,26,26,26
260185,1,1,1991,0,0,0,0,0,0,0,0,0,0
260185,2,1,1991,0,0,0,0,0,0,0,0,0,0
260186,1,1,1991,0,0,0,0,0,0,0,0,0,0
260186,2,1,1991,8,8,8,8,8,8,8,8,8,8
260187,1,1,1991,0,0,0,0,0,0,0,0,0,0
260188,1,1,1991,0,0,0,0,0,0,0,0,0,0
260189,1,1,1991,0,0,0,0,0,0,0,0,0,0
260189,2,1,1991,0,0,0,0,0,0,0,0,0,0
260190,1,1,1991,0,0,0,0,0,0,0,0,0,0
260190,2,1,1991,0,0,15,0,0,14,0,0,0,0
260191,1,1,1991,28,28,28,28,28,28,28,28,28,28
260192,1,1,1991,0,0,0,0,0,0,0,0,0,0
260193,1,1,1991,26,26,26,26,26,26,26,26,26,26
260194,1,1,1991,0,0,0,7,0,17,28,26,18,0
260194,2,1,1991,0,0,0,11,0,0,0,0,0,0
260195,1,1,1991,0,0,0,0,0,0,0,0,0,0
260195,2,1,1991,0,0,0,0,0,0,0,0,0,0
260196,1,1,1991,0,0,0,0,0,0,0,9,0,0
260197,1,1,1991,17,17,17,17,17,17,17,17,17,17
260198,1,1,1991,5,5,5,5,5,5,5,5,5,5
260198,2,1,1991,0,0,0,0,0,0,0,0,0,0
260199,0,1,1991,5,5,5,5,5,5,5,5,5,5
260199,1,1,1991,0,19,0,13,0,13,0,0,0,0
260200,1,1,1991,0,0,0,0,0,0,0,0,0,0
260201,1,1,1991,0,0,0,0,0,0,0,0,0,0
260202,1,1,1991,0,0,0,0,0,0,0,0,0,0
260203,0,1,1991,19,19,19,19,19,19,19,19,19,19
260203,1,1,1991,0,0,0,0,0,0,0,0,0,0
260204,0,1,1991,25,25,25,25,25,25,25,25,25,25
260204,1,1,1991,0,0,0,0,0,0,0,19,0,0
260204,2,1,1991,14,0,0,0,11,6,0,0,0,3
260205,1,1,1991,0,0,0,0,0,0,0,0,0,0
260205,2,1,1991,0,0,0,0,0,0,0,0,12,0
260206,1,1,1991,0,0,0,0,0,0,0,0,0,0
260206,2,1,1991,0,0,0,0,5,0,0,0,0,0
260207,1,1,1991,0,0,0,0,0,0,0,0,0,0
260207,2,1,1991,0,0,0,0,0,0,0,0,0,0
260208,1,1,1991,14,0,0,0,0,0,0,27,0,0
260208,2,1,1991,0,0,0,0,0,0,0,0,0,0
260209,1,1,1991,24,24,24,24,24,24,24,24,24,24
260210,0,1,1991,21,21,21,21,21,21,21,21,21,21
260210,1,1,1991,0,0,0,0,0,0,0,0,0,0
260211,1,1,1991,0,0,0,0,18,0,0,0,0,19
260211,2,1,1991,0,0,0,0,0,0,0,0,0,0
260212,1,1,1991,0,0,0,0,0,0,0,0,0,0
260212,2,1,1991,0,0,0,0,0,0,0,0,0,0
260213,1,1,1991,26,26,26,26,26,26,26,26,26,26
260214,0,1,1991,0,0,0,0,0,0,0,0,0,0
260214,1,1,1991,0,0,0,0,0,0,0,0,0,0
260215,1,1,1991,18,26,13,11,18,18,15,11,5,0
260216,1,1,1991,10,10,10,10,10,10,10,10,10,10
260217,1,1,1991,0,0,0,0,0,0,0,0,0,0
260217,2,1,1991,0,0,0,0,0,0,0,0,0,0
260219,0,1,1991,0,0,0,29,0,0,9,0,0,0
260219,1,1,1991,0,0,0,0,0,0,0,0,0,0
260220,1,1,1991,24,24,24,24,24,24,24,24,24,24
260221,1,1,1991,11,11,11,11,11,11,11,11,11,11
260221,2,1,1991,0,0,0,0,0,0,0,0,0,0
260222,1,1,1991,31,31,31,31,31,31,31,31,31,31
260223,1,1,1991,0,0,0,0,0,0,0,0,0,0
260223,2,1,1991,0,0,0,0,0,0,0,0,0,0
260224,1,1,1991,17,17,17,17,17,17,17,17,17,17
260225,1,1,1991,0,25,0,0,0,13,0,18,14,0
260226,1,1,1991,27,27,27,27,27,27,27,27,27,27
260226,2,1,1991,0,0,0,0,0,0,0,0,0,0
260227,1,1,1991,30,30,30,30,30,30,30,30,30,30
260227,2,1,1991,0,0,0,0,0,0,0,0,0,0
260228,1,1,1991,0,0,0,0,0,0,0,0,0,0
260228,2,1,1991,0,0,0,0,0,0,0,0,0,0
260229,1,1,1991,32,32,32,32,32,32,32,32,32,32
260230,1,1,1991,0,0,0,0,0,0,0,0,0,0
260230,2,1,1991,0,0,0,0,0,0,0,0,0,0
260230,3,1,1991,0,0,0,0,0,0,0,0,0,0
260231,1,1,1991,24,15,16,0,16,6,5,9,8,5
260231,2,1,1991,0,0,0,0,25,19,23,0,0,0
260232,1,1,1991,9,22,0,0,0,0,0,0,16,16
260233,1,1,1991,14,14,14,14,14,14,14,14,14,14
260233,2,1,1991,0,0,0,0,0,0,0,0,0,0
260234,1,1,1991,22,26,17,25,11,29,15,13,19,19
260235,1,1,1991,0,0,0,0,0,0,0,0,0,0
260236,1,1,1991,0,0,0,0,0,0,0,0,0,0
260236,2,1,1991,0,0,0,0,0,0,0,0,0,0
260237,1,1,1991,0,0,14,0,23,0,28,12,0,13
260238,1,1,1991,26,26,26,26,26,26,26,26,26,26
260239,1,1,1991,0,0,0,0,0,0,0,0,0,5
260239,2,1,1991,0,0,0,0,30,0,0,26,0,27
260240,0,1,1991,0,0,0,27,0,11,0,0,0,0
260240,1,1,1991,4,16,15,24,16,28,20,11,0,16
260241,1,1,1991,0,0,0,0,0,0,0,0,0,0
260241,2,1,1991,0,0,0,0,0,0,0,0,0,0
260242,1,1,1991,11,11,11,11,11,11,11,11,11,11
260243,1,1,1991,0,0,0,0,0,0,0,0,0,0
260243,2,1,1991,0,0,0,0,0,0,0,0,0,0
260244,1,1,1991,0,0,0,0,0,0,0,0,0,0
260245,0,1,1991,0,0,0,0,0,0,0,0,0,0
260245,1,1,1991,19,0,0,0,0,0,0,0,0,10
260246,1,1,1991,0,0,0,0,0,0,0,0,0,0
260247,1,1,1991,0,0,0,0,0,0,0,0,0,0
260247,2,1,1991,0,0,0,0,0,0,0,0,0,0
260248,1,1,1991,21,21,21,21,21,21,21,21,21,21
260249,1,1,1991,25,25,25,25,25,25,25,25,25,25
260251,1,1,1991,21,21,21,21,21,21,21,21,21,21
260252,1,1,1991,0,0,0,0,0,0,0,13,35,0
260253,1,1,1991,0,0,0,0,0,0,0,0,0,0
260253,2,1,1991,0,0,0,0,0,0,0,20,0,0
260254,0,1,1991,0,0,0,0,0,0,0,0,0,0
260254,1,1,1991,0,0,0,0,0,0,0,0,0,0
260255,1,1,1991,0,0,0,0,0,0,0,0,0,0
260255,2,1,1991,0,0,0,0,0,0,0,0,0,0
260256,1,1,1991,0,0,0,0,0,0,0,19,0,0
260256,2,1,1991,0,0,0,0,0,0,0,0,0,0
260257,1,1,1991,0,0,0,0,0,0,0,0,0,0
260257,2,1,1991,0,0,0,0,0,0,0,0,0,0
260258,1,1,1991,0,0,0,0,0,0,0,0,0,0
260258,2,1,1991,0,3,0,12,5,27,6,21,20,0
260259,0,1,1991,0,0,0,0,0,0,0,0,0,0
260259,1,1,1991,0,0,0,0,0,0,14,0,0,0
260260,1,1,1991,21,21,21,21,21,21,21,21,21,21
260261,1,1,1991,0,0,0,0,0,0,0,0,0,0
260261,2,1,1991,0,0,0,0,0,0,0,0,0,0
260262,1,1,1991,17,17,17,17,17,17,17,17,17,17
260262,2,1,1991,0,0,0,0,0,0,0,0,0,0
260263,1,1,1991,0,0,0,0,0,0,0,0,0,0
260263,2,1,1991,0,0,0,0,0,0,0,0,0,0
260264,1,1,1991,0,0,0,0,0,0,0,0,0,0
260264,2,1,1991,0,19,0,0,0,0,0,0,0,0
260265,0,1,1991,0,0,0,0,0,0,0,0,0,0
260265,1,1,1991,0,0,6,0,0,0,0,0,0,16
260266,1,1,1991,0,0,0,0,0,0,0,0,0,0
260267,1,1,1991,0,0,0,0,0,0,0,0,0,0
260268,1,1,1991,0,0,0,0,0,0,0,0,0,0
260269,0,1,1991,0,0,0,0,0,0,0,0,0,0
260269,1,1,1991,19,19,19,19,19,19,19,19,19,19
260270,1,1,1991,0,0,0,0,0,0,0,0,0,0
260270,2,1,1991,3,3,3,3,3,3,3,3,3,3
260271,1,1,1991,9,9,9,9,9,9,9,9,9,9
260271,2,1,1991,0,0,0,0,0,0,0,20,0,0
260272,1,1,1991,6,6,7,19,18,15,0,11,18,0
260272,2,1,1991,0,0,0,0,0,0,0,0,0,0
260273,1,1,1991,0,0,0,0,0,0,0,0,0,0
260273,2,1,1991,0,0,0,0,0,0,0,0,0,0
260274,1,1,1991,18,18,18,18,18,18,18,18,18,18
260275,1,1,1991,20,28,7,0,0,10,25,0,0,19
260275,2,1,1991,0,17,10,0,31,0,21,13,0,0
260276,1,1,1991,0,0,0,0,0,0,0,0,0,0
260276,2,1,1991,0,0,0,0,0,0,0,0,0,0
260277,1,1,1991,24,24,24,24,24,24,24,24,24,24
260277,2,1,1991,0,0,0,0,0,0,0,0,0,0
260278,1,1,1991,9,9,9,9,9,9,9,9,9,9
260278,2,1,1991,0,0,0,0,0,0,0,0,0,0
260278,3,1,1991,0,0,0,0,0,0,0,0,0,0
260278,4,1,1991,0,0,0,0,0,0,0,0,0,0
260279,1,1,1991,0,0,0,0,0,0,0,0,0,0
260279,2,1,1991,0,0,0,0,0,0,0,0,0,0
260280,1,1,1991,0,0,0,0,0,0,0,0,0,0
260281,1,1,1991,0,0,0,0,0,0,0,0,0,0
260281,2,1,1991,0,0,0,0,0,0,0,0,0,0
260282,0,1,1991,0,0,0,0,0,0,0,0,10,0
260282,1,1,1991,0,0,0,0,0,0,0,0,10,0