ST_CASE,VEH_NO,PER_NO,YEAR,P1,P2,P3,P4,P5,P6,P7,P8,P9,P10
260282,2,1,1991,0,0,0,0,0,0,25,0,0,13
260283,1,1,1991,18,18,18,18,18,18,18,18,18,18
260284,1,1,1991,0,0,0,0,0,0,0,0,0,0
260284,2,1,1991,16,16,16,16,16,16,16,16,16,16
260285,1,1,1991,0,0,0,0,0,0,0,0,0,0
260285,2,1,1991,0,0,0,0,0,0,0,0,0,0
260286,1,1,1991,28,28,28,28,28,28,28,28,28,28
260287,1,1,1991,16,16,16,16,16,16,16,16,16,16
260288,1,1,1991,0,0,0,0,0,0,0,0,0,0
260288,2,1,1991,0,0,0,0,0,13,0,0,0,0
260289,1,1,1991,0,0,0,0,0,0,0,0,0,0
260290,1,1,1991,18,18,18,18,18,18,18,18,18,18
260291,1,1,1991,11,14,19,10,14,21,10,7,10,22
260292,1,1,1991,12,12,12,12,12,12,12,12,12,12
260293,1,1,1991,17,14,13,23,16,10,21,21,10,21
260294,0,1,1991,0,0,0,0,0,0,0,0,0,0
260294,0,2,1991,1,1,1,1,1,1,1,1,1,1
260294,1,1,1991,19,19,19,19,19,19,19,19,19,19
260295,1,1,1991,0,0,0,0,0,0,0,0,0,0
260295,2,1,1991,0,0,0,0,0,0,0,0,0,0
260296,1,1,1991,26,26,26,26,26,26,26,26,26,26
260297,1,1,1991,0,0,0,0,0,0,0,0,0,0
260298,1,1,1991,17,17,17,17,17,17,17,17,17,17
260298,2,1,1991,0,0,0,0,0,0,0,0,0,0
260299,1,1,1991,0,0,0,0,0,0,0,0,0,0
260299,2,1,1991,4,4,4,4,4,4,4,4,4,4
260300,1,1,1991,0,0,0,0,0,0,0,0,0,0
260300,2,1,1991,0,0,0,0,0,0,0,0,0,0
260301,1,1,1991,0,0,0,0,0,0,0,0,0,0
260301,2,1,1991,0,0,0,0,0,0,0,0,0,0
260301,3,1,1991,0,0,0,0,0,0,0,0,0,0
260302,1,1,1991,3,3,3,3,3,3,3,3,3,3
260302,2,1,1991,0,0,0,0,0,0,0,0,0,0
260302,3,1,1991,0,0,0,0,0,0,0,0,0,0
260303,1,1,1991,0,0,0,0,0,0,0,0,0,0
260303,2,1,1991,0,0,0,0,0,0,0,0,0,0
260304,1,1,1991,0,0,0,0,0,0,0,0,0,0
260304,2,1,1991,0,0,0,0,0,0,0,0,0,0
260305,1,1,1991,0,12,0,21,0,0,0,0,0,0
260306,0,1,1991,0,0,0,0,0,0,0,0,0,0
260306,1,1,1991,0,0,0,0,0,0,0,0,0,0
260307,1,1,1991,0,0,0,0,0,0,0,0,0,0
260308,1,1,1991,24,24,24,24,24,24,24,24,24,24
260309,1,1,1991,1,1,1,1,1,1,1,1,1,1
260310,1,1,1991,0,0,0,0,0,0,0,0,0,0
260310,2,1,1991,0,0,0,0,0,0,0,0,0,0
260311,1,1,1991,0,0,0,0,0,9,0,0,0,30
260312,0,1,1991,0,0,0,0,0,0,0,0,0,0
260312,1,1,1991,0,0,0,0,0,0,0,0,0,0
260313,1,1,1991,16,16,16,16,16,16,16,16,16,16
260314,1,1,1991,0,0,0,0,0,0,0,0,0,0
260314,2,1,1991,0,0,0,0,0,0,0,0,0,0
260315,1,1,1991,0,0,0,0,0,0,0,0,0,0
260315,2,1,1991,0,0,0,0,0,0,0,0,0,0
260316,0,1,1991,0,0,0,0,0,0,0,0,0,0
260316,1,1,1991,0,0,0,0,0,0,0,0,0,0
260317,1,1,1991,22,22,22,22,22,22,22,22,22,22
260318,1,1,1991,0,0,0,0,0,0,0,0,0,0
260319,0,1,1991,0,0,0,0,0,0,0,0,0,0
260319,1,1,1991,0,0,0,0,0,0,0,0,0,0
260320,1,1,1991,17,17,17,17,17,17,17,17,17,17
260321,1,1,1991,0,0,0,0,0,0,0,0,0,0
260321,2,1,1991,14,14,14,14,14,14,14,14,14,14
260322,1,1,1991,0,0,0,0,0,0,5,0,0,0
260323,1,1,1991,11,11,25,18,16,13,21,17,32,14
260324,1,1,1991,8,8,8,8,8,8,8,8,8,8
260325,1,1,1991,12,12,12,12,12,12,12,12,12,12
260325,2,1,1991,2,2,2,2,2,2,2,2,2,2
260326,1,1,1991,0,0,0,0,0,0,0,0,0,0
260326,2,1,1991,21,41,5,13,13,0,11,12,0,19
260327,1,1,1991,0,0,0,0,0,0,0,0,0,0
260327,2,1,1991,0,0,0,0,0,0,0,0,0,0
260328,1,1,1991,0,0,0,0,0,0,0,0,0,0
260328,2,1,1991,0,0,0,0,0,0,0,0,0,0
260329,1,1,1991,0,0,0,0,0,0,0,0,0,0
260329,2,1,1991,0,0,0,0,0,0,0,0,0,0
260330,1,1,1991,0,0,0,0,0,0,0,0,0,0
260330,2,1,1991,21,21,21,21,21,21,21,21,21,21
260331,1,1,1991,0,0,0,0,0,0,0,0,0,0
260331,2,1,1991,0,0,0,0,0,0,0,0,0,0
260332,1,1,1991,0,0,0,0,0,0,0,0,0,0
260332,2,1,1991,0,16,0,0,0,0,0,0,0,0
260333,1,1,1991,0,0,0,0,0,0,0,0,0,0
260334,1,1,1991,0,0,0,0,0,0,0,0,0,0
260335,0,1,1991,0,0,0,0,0,4,0,0,0,0
260335,1,1,1991,0,0,0,0,0,0,0,0,0,0
260336,0,1,1991,0,0,0,0,0,36,0,44,0,0
260336,1,1,1991,0,0,0,19,13,0,0,0,0,0
260337,1,1,1991,0,0,0,0,0,0,0,0,0,0
260337,2,1,1991,0,0,0,0,0,0,0,0,0,0
260338,1,1,1991,0,0,0,0,0,0,0,0,0,0
260338,2,1,1991,0,0,0,0,0,0,0,0,0,0
260339,1,1,1991,22,22,22,22,22,22,22,22,22,22
260340,1,1,1991,0,0,0,0,0,0,0,0,0,0
260340,2,1,1991,0,0,0,0,0,0,0,0,0,0
260341,1,1,1991,0,0,0,0,0,0,0,0,0,0
260341,2,1,1991,0,0,0,0,0,0,0,0,0,0
260342,1,1,1991,0,0,0,0,13,0,0,0,6,6
260342,2,1,1991,0,0,0,0,0,0,0,0,0,0
260342,3,1,1991,0,0,0,0,0,0,0,0,0,0
260343,1,1,1991,12,18,0,0,15,8,0,0,0,14
260344,0,1,1991,0,0,0,0,0,0,0,0,0,0
260344,1,1,1991,0,0,0,0,0,0,0,0,0,0
260345,1,1,1991,12,12,12,12,12,12,12,12,12,12
260346,1,1,1991,0,0,0,0,0,0,0,0,0,0
260347,1,1,1991,16,16,16,16,16,16,16,16,16,16
260348,0,1,1991,0,0,0,0,0,0,0,0,0,0
260348,1,1,1991,0,0,0,0,0,0,0,0,0,0
260349,1,1,1991,18,18,18,18,18,18,18,18,18,18
260349,2,1,1991,0,0,0,0,0,0,0,0,0,0
260350,1,1,1991,0,0,0,0,25,16,0,19,32,12
260351,1,1,1991,8,8,8,8,8,8,8,8,8,8
260352,1,1,1991,19,19,19,19,19,19,19,19,19,19
260352,2,1,1991,7,0,18,6,0,18,0,0,0,0
260353,0,1,1991,22,22,22,22,22,22,22,22,22,22
260353,1,1,1991,0,0,0,0,0,7,0,0,0,0
260354,1,1,1991,6,15,9,10,14,26,21,0,15,8
260355,1,1,1991,0,0,0,0,0,0,0,0,0,0
260355,2,1,1991,0,0,0,0,0,0,0,0,0,0
260356,1,1,1991,17,17,17,17,17,17,17,17,17,17
260356,2,1,1991,18,11,0,7,11,21,21,3,18,10
260357,0,1,1991,16,26,24,30,0,7,6,33,23,25
260357,1,1,1991,6,6,6,6,6,6,6,6,6,6
260358,1,1,1991,0,0,0,0,0,0,0,0,0,0
260358,2,1,1991,0,0,0,0,0,0,0,0,0,0
260358,3,1,1991,13,0,0,0,0,0,0,0,0,0
260358,4,1,1991,0,0,0,0,0,0,0,0,0,0
260359,1,1,1991,0,0,0,0,0,0,0,0,0,0
260360,1,1,1991,0,0,0,0,0,0,0,0,0,0
260361,1,1,1991,7,19,16,20,17,4,8,0,22,15
260362,1,1,1991,0,0,0,0,0,0,0,0,0,0
260362,2,1,1991,0,0,0,0,0,0,0,0,0,0
260363,1,1,1991,0,0,0,0,0,0,0,0,0,0
260363,2,1,1991,0,0,0,0,0,0,0,0,0,0
260363,3,1,1991,0,0,0,0,0,0,0,0,0,0
260364,0,1,1991,0,0,0,0,0,0,0,0,0,0
260364,1,1,1991,0,0,0,0,0,0,0,0,0,0
260366,1,1,1991,14,14,14,14,14,14,14,14,14,14
260366,2,1,1991,0,0,0,0,0,0,0,0,0,0
260367,1,1,1991,23,23,23,23,23,23,23,23,23,23
260368,1,1,1991,16,0,0,0,10,0,0,0,0,0
260369,1,1,1991,15,9,23,32,10,18,10,14,16,10
260370,1,1,1991,13,9,4,14,17,7,17,18,0,6
260370,2,1,1991,0,0,0,0,0,0,0,0,0,0
260371,1,1,1991,0,0,0,0,0,0,0,0,0,0
260371,2,1,1991,0,0,0,0,0,0,0,0,0,0
260372,1,1,1991,0,0,0,0,0,6,0,0,0,0
260372,2,1,1991,0,0,0,0,0,0,0,0,0,0
260373,1,1,1991,14,14,14,14,14,14,14,14,14,14
260374,1,1,1991,20,20,20,20,20,20,20,20,20,20
260374,2,1,1991,0,0,0,0,0,0,0,0,0,0
260375,1,1,1991,25,25,25,25,25,25,25,25,25,25
260375,2,1,1991,0,0,0,0,0,18,0,0,0,0
260376,1,1,1991,0,0,0,0,0,0,13,0,0,0
260377,1,1,1991,0,0,0,0,0,0,0,0,0,0
260377,2,1,1991,0,0,0,0,8,0,0,0,0,0
260378,0,1,1991,0,0,0,0,0,0,0,0,0,0
260378,1,1,1991,7,7,7,7,7,7,7,7,7,7
260379,1,1,1991,0,0,0,0,0,0,0,0,0,0
260379,2,1,1991,0,0,0,0,0,0,0,0,0,0
260380,1,1,1991,15,15,15,15,15,15,15,15,15,15
260381,1,1,1991,4,4,4,4,4,4,4,4,4,4
260381,2,1,1991,0,0,0,0,0,0,0,0,0,0
260382,1,1,1991,0,0,0,0,0,0,0,0,0,0
260382,2,1,1991,0,0,0,0,0,0,0,0,0,0
260383,0,1,1991,0,14,0,0,0,0,0,0,0,0
260383,1,1,1991,0,0,0,0,0,0,0,0,0,0
260384,1,1,1991,0,0,0,0,0,0,0,0,0,0
260384,2,1,1991,0,8,0,0,0,0,0,0,0,0
260385,1,1,1991,16,16,16,16,16,16,16,16,16,16
260386,0,1,1991,20,20,20,20,20,20,20,20,20,20
260386,1,1,1991,0,0,0,0,0,0,0,0,0,0
260387,0,1,1991,0,0,0,0,0,0,0,0,0,0
260387,1,1,1991,20,20,20,20,20,20,20,20,20,20
260387,2,1,1991,26,0,0,0,8,0,17,12,0,0
260388,1,1,1991,6,6,6,6,6,6,6,6,6,6
260389,0,1,1991,0,0,0,0,0,0,0,0,0,0
260389,1,1,1991,15,15,15,15,15,15,15,15,15,15
260390,1,1,1991,0,0,0,0,0,0,18,0,0,10
260391,0,1,1991,0,0,0,0,0,0,0,0,0,0
260391,1,1,1991,0,0,0,0,0,0,0,0,0,0
260392,1,1,1991,0,0,0,0,0,21,0,0,12,0
260392,2,1,1991,0,17,0,0,0,14,0,0,0,0
260393,1,1,1991,0,0,0,0,0,0,0,0,0,0
260393,2,1,1991,0,0,0,0,0,0,0,0,0,0
260393,3,1,1991,0,0,0,11,0,0,0,0,0,0
260393,4,1,1991,0,0,0,0,0,0,0,17,0,0
260394,1,1,1991,17,17,17,17,17,17,17,17,17,17
260394,2,1,1991,0,0,0,0,13,0,14,0,0,0
260395,1,1,1991,12,12,12,12,12,12,12,12,12,12
260395,2,1,1991,0,0,0,0,0,0,0,0,0,0
260395,3,1,1991,0,0,0,0,0,0,0,0,0,2
260396,1,1,1991,0,0,0,0,0,0,0,0,0,0
260396,2,1,1991,0,0,0,0,0,0,0,0,0,0
260397,1,1,1991,0,0,0,0,0,0,0,0,0,0
260397,2,1,1991,0,0,0,0,0,0,0,0,0,0
260398,1,1,1991,25,25,25,25,25,25,25,25,25,25
260399,1,1,1991,26,26,26,26,26,26,26,26,26,26
260400,1,1,1991,40,40,40,40,40,40,40,40,40,40
260401,1,1,1991,24,18,8,7,22,14,20,23,11,12
260402,1,1,1991,39,39,39,39,39,39,39,39,39,39
260403,1,1,1991,20,20,20,20,20,20,20,20,20,20
260404,1,1,1991,0,0,0,0,0,0,0,0,0,0
260404,2,1,1991,17,0,0,0,0,0,0,0,0,0
260404,3,1,1991,0,0,0,0,0,0,0,0,0,0
260404,4,1,1991,0,0,0,0,0,0,0,0,0,0
260405,1,1,1991,0,0,0,0,0,0,0,0,0,0
260406,1,1,1991,19,19,19,19,19,19,19,19,19,19
260407,1,1,1991,9,9,9,9,9,9,9,9,9,9
260407,2,1,1991,24,24,24,24,24,24,24,24,24,24
260408,1,1,1991,0,0,0,0,0,0,0,0,0,0
260408,2,1,1991,0,0,0,0,0,0,0,0,0,0
260409,1,1,1991,22,15,18,23,19,15,21,15,8,8
260410,1,1,1991,9,11,15,4,5,5,8,21,19,16
260411,1,1,1991,0,0,0,0,0,0,0,0,0,0
260412,1,1,1991,0,0,0,0,0,0,0,0,0,0
260412,2,1,1991,0,0,0,0,0,0,0,0,0,0
260413,1,1,1991,11,26,7,22,17,10,23,27,17,16
260414,1,1,1991,0,0,0,0,0,0,0,0,0,0
260414,2,1,1991,0,0,0,0,0,0,0,0,0,0
260415,1,1,1991,0,0,0,0,0,0,0,0,0,0
260415,2,1,1991,0,0,0,0,0,0,0,0,0,0
260416,1,1,1991,0,0,0,0,0,0,0,0,0,0
260416,2,1,1991,0,0,0,0,0,0,0,0,0,0
260417,1,1,1991,0,0,0,0,0,0,0,0,0,0
260417,2,1,1991,0,0,0,0,0,0,0,0,0,0
260418,0,1,1991,0,0,0,0,0,0,0,0,0,0
260418,0,2,1991,0,0,0,0,0,0,0,0,0,0
260418,1,1,1991,0,0,0,0,0,0,0,0,0,0
260419,1,1,1991,17,17,17,17,17,17,17,17,17,17
260420,1,1,1991,0,0,0,0,0,0,0,0,0,0
260420,2,1,1991,17,0,0,0,0,0,0,0,0,0
260421,1,1,1991,32,32,32,32,32,32,32,32,32,32
260422,1,1,1991,0,0,0,0,0,0,0,0,0,0
260422,2,1,1991,25,25,25,25,25,25,25,25,25,25
260423,1,1,1991,12,14,2,25,14,18,17,18,5,22
260423,2,1,1991,11,18,10,3,0,18,16,18,30,22
260424,1,1,1991,0,0,0,0,0,0,0,0,0,0
260424,2,1,1991,0,0,0,0,0,0,0,0,0,0
260425,1,1,1991,0,0,0,0,0,0,0,0,0,0
260425,2,1,1991,0,0,0,0,0,0,0,0,0,0
260426,1,1,1991,5,5,5,5,5,5,5,5,5,5
260427,1,1,1991,17,17,17,17,17,17,17,17,17,17
260428,1,1,1991,0,0,0,0,0,0,0,0,0,0
260428,2,1,1991,0,0,0,0,0,0,0,0,0,0
260429,1,1,1991,0,0,0,0,0,0,0,0,0,0
260429,2,1,1991,0,0,0,0,0,0,0,0,0,0
260430,0,1,1991,0,0,0,0,0,0,0,0,0,0
260430,1,1,1991,0,0,0,0,0,0,0,0,0,0
260431,1,1,1991,0,0,0,0,0,0,0,0,0,0
260431,2,1,1991,0,0,0,0,0,0,0,0,0,0
260431,3,1,1991,0,0,0,0,0,0,0,0,0,0
260431,4,1,1991,0,0,0,0,0,0,0,0,0,0
260431,5,1,1991,0,0,0,0,0,0,0,0,0,0
260432,1,1,1991,22,22,22,22,22,22,22,22,22,22
260432,2,1,1991,0,0,0,0,0,0,0,0,0,0
260433,0,1,1991,0,0,0,0,0,0,0,0,0,0
260433,1,1,1991,0,0,0,0,0,0,0,0,0,0
260434,1,1,1991,1,1,1,1,1,1,1,1,1,1
260435,1,1,1991,21,21,21,21,21,21,21,21,21,21
260436,1,1,1991,9,9,9,9,9,9,9,9,9,9
260437,1,1,1991,20,20,20,20,20,20,20,20,20,20
260438,1,1,1991,11,11,11,11,11,11,11,11,11,11
260439,0,1,1991,0,0,0,0,0,0,0,0,0,0
260439,1,1,1991,0,0,0,0,0,0,0,0,0,0
260440,1,1,1991,0,0,0,0,0,0,0,0,0,0
260440,2,1,1991,0,0,0,0,0,0,0,0,0,0
260441,1,1,1991,0,0,0,0,0,0,0,11,0,15
260442,1,1,1991,15,15,15,15,15,15,15,15,15,15
260443,1,1,1991,9,9,9,9,9,9,9,9,9,9
260444,1,1,1991,0,0,0,0,0,0,0,0,0,0
260444,2,1,1991,0,0,0,0,0,0,0,0,0,0
260445,1,1,1991,0,0,0,0,0,0,0,0,0,0
260445,2,1,1991,0,0,0,0,0,0,0,0,0,0
260446,0,1,1991,0,0,0,0,0,0,0,0,0,0
260446,1,1,1991,0,0,0,0,0,0,0,0,0,0
260447,1,1,1991,0,0,0,0,0,0,0,2,0,0
260448,1,1,1991,21,21,21,21,21,21,21,21,21,21
260449,1,1,1991,1,1,1,1,1,1,1,1,1,1
260450,1,1,1991,0,0,0,0,12,0,27,16,0,0
260450,2,1,1991,0,0,0,0,0,0,0,0,20,0
260451,1,1,1991,0,0,0,0,0,0,0,0,0,0
260451,2,1,1991,0,0,0,0,0,0,0,0,0,0
260452,1,1,1991,0,0,0,0,0,0,0,0,0,0
260452,2,1,1991,0,0,0,0,0,0,0,0,0,0
260453,1,1,1991,0,0,0,0,0,0,0,0,0,0
260453,2,1,1991,0,0,0,0,0,0,0,0,0,0
260454,1,1,1991,0,0,0,0,0,0,0,0,0,0
260455,0,1,1991,0,0,0,0,0,0,0,0,0,14
260455,1,1,1991,0,0,0,0,0,0,0,0,0,0
260456,1,1,1991,0,0,0,0,0,0,0,0,0,0
260456,2,1,1991,0,0,0,0,0,0,0,0,0,0
260457,1,1,1991,18,18,18,18,18,18,18,18,18,18
260458,1,1,1991,13,13,13,13,13,13,13,13,13,13
260459,1,1,1991,8,8,8,8,8,8,8,8,8,8
260460,1,1,1991,0,0,0,0,0,0,0,0,0,0
260460,2,1,1991,0,0,0,25,0,0,0,0,0,0
260461,1,1,1991,0,0,0,10,0,0,0,0,0,0
260461,2,1,1991,0,0,0,0,15,0,0,0,0,0
260462,1,1,1991,0,0,0,0,0,0,0,0,0,0
260462,2,1,1991,0,0,0,0,0,0,0,0,0,0
260463,0,1,1991,33,33,33,33,33,33,33,33,33,33
260463,1,1,1991,0,0,0,0,0,0,0,0,0,0
260464,1,1,1991,0,0,0,0,0,0,0,0,0,0
260464,2,1,1991,0,0,0,0,0,0,0,0,0,0
260465,1,1,1991,0,0,0,0,0,0,0,0,0,0
260466,1,1,1991,10,13,14,12,0,8,0,0,20,3
260467,1,1,1991,0,0,0,0,0,0,0,0,0,0
260468,1,1,1991,0,0,0,0,0,0,0,0,0,0
260468,2,1,1991,0,0,0,0,0,0,0,0,0,0
260469,1,1,1991,0,0,0,0,0,0,0,0,0,0
260469,2,1,1991,0,0,0,0,0,0,0,0,0,0
260470,1,1,1991,0,0,0,0,0,0,0,0,5,0
260470,2,1,1991,0,0,0,0,0,0,0,0,0,0
260471,1,1,1991,0,0,0,0,0,0,0,0,0,0
260471,2,1,1991,0,0,0,0,0,0,0,0,0,0
260473,1,1,1991,10,10,10,10,10,10,10,10,10,10
260474,1,1,1991,8,8,8,8,8,8,8,8,8,8
260474,2,1,1991,0,0,0,0,0,0,0,0,0,0
260475,1,1,1991,0,0,0,0,0,0,0,0,0,0
260476,1,1,1991,10,10,10,10,10,10,10,10,10,10
260477,1,1,1991,0,0,0,0,0,0,0,0,0,0
260478,1,1,1991,0,0,0,0,0,0,0,0,0,0
260478,2,1,1991,0,0,0,0,0,0,0,0,0,0
260479,1,1,1991,0,0,21,0,0,0,0,0,0,0
260480,1,1,1991,0,0,0,0,0,0,0,0,0,0
260480,2,1,1991,0,0,0,0,0,0,0,0,0,0
260480,3,1,1991,0,0,0,0,0,0,0,0,0,0
260481,1,1,1991,0,0,0,19,0,0,0,0,0,0
260481,2,1,1991,0,0,0,0,0,0,0,0,0,0
260482,1,1,1991,17,0,0,0,0,0,0,0,0,20
260483,1,1,1991,17,17,17,17,17,17,17,17,17,17
260484,0,1,1991,9,19,21,49,30,16,39,0,32,0
260484,1,1,1991,0,0,0,0,12,0,0,0,0,0
260485,1,1,1991,13,0,21,0,0,25,0,0,0,14
260486,0,1,1991,0,0,0,7,0,0,0,0,14,0
260486,1,1,1991,13,13,13,13,13,13,13,13,13,13
260487,0,1,1991,0,0,0,0,0,0,0,0,0,0
260487,1,1,1991,0,0,0,0,0,0,0,0,0,0
260488,0,1,1991,0,0,0,0,0,0,0,0,0,0
260488,1,1,1991,0,0,0,28,0,0,6,0,16,0
260489,1,1,1991,0,0,0,0,0,0,0,0,0,0
260489,2,1,1991,0,0,0,0,0,0,0,0,0,0
260490,1,1,1991,0,0,0,0,0,0,0,0,0,0
260490,2,1,1991,0,0,0,0,0,0,0,0,0,0
260491,1,1,1991,9,16,18,16,14,24,20,33,22,22
260492,1,1,1991,22,22,22,22,22,22,22,22,22,22
260493,1,1,1991,39,39,39,39,39,39,39,39,39,39
260494,1,1,1991,24,24,24,24,24,24,24,24,24,24
260495,1,1,1991,0,0,0,0,0,0,0,0,0,0
260495,2,1,1991,0,0,0,0,0,0,0,0,0,0
260496,1,1,1991,0,0,0,0,0,0,0,0,0,0
260496,2,1,1991,0,0,0,0,0,0,0,0,0,0
260497,1,1,1991,15,15,15,15,15,15,15,15,15,15
260497,2,1,1991,0,0,0,0,0,0,0,0,0,0
260498,0,1,1991,0,0,0,0,6,0,0,0,0,0
260498,0,2,1991,0,0,0,16,0,0,28,0,0,0
260498,1,1,1991,19,0,6,11,6,15,8,12,25,15
260499,0,2,1991,0,0,0,0,0,0,0,0,0,0
260499,1,1,1991,0,0,0,0,0,0,0,0,0,0
260500,0,1,1991,0,0,0,0,0,0,0,0,0,0
260500,1,1,1991,0,0,0,0,14,0,0,0,0,0
260501,1,1,1991,3,3,3,3,3,3,3,3,3,3
260501,2,1,1991,0,0,0,0,0,0,0,0,0,0
260502,1,1,1991,16,16,16,16,16,16,16,16,16,16
260503,1,1,1991,0,0,0,0,0,0,0,0,0,0
260503,2,1,1991,0,0,0,0,0,0,0,0,0,0
260503,3,1,1991,0,0,0,0,0,0,0,0,0,0
260504,1,1,1991,0,0,0,0,0,0,0,0,0,0
260504,2,1,1991,0,0,0,0,0,0,0,0,0,16
260505,1,1,1991,0,0,0,0,0,0,0,0,0,0
260505,2,1,1991,0,0,0,0,0,0,0,0,0,0
260506,1,1,1991,19,19,19,19,19,19,19,19,19,19
260506,2,1,1991,0,0,0,26,0,0,0,0,0,0
260506,3,1,1991,0,0,0,0,0,0,0,0,0,0
260507,1,1,1991,3,3,3,3,3,3,3,3,3,3
260507,2,1,1991,19,19,19,19,19,19,19,19,19,19
260508,1,1,1991,0,0,17,14,0,0,0,0,0,14
260508,2,1,1991,0,0,0,0,0,0,0,0,0,0
260509,0,1,1991,0,0,0,0,0,0,0,0,0,0
260509,0,2,1991,0,0,0,0,0,0,0,0,0,0
260509,1,1,1991,0,0,20,0,0,0,0,0,0,0
260510,1,1,1991,27,27,27,27,27,27,27,27,27,27
260510,2,1,1991,0,0,0,0,0,9,0,0,0,0
260511,1,1,1991,5,16,14,0,27,12,13,19,5,23
260512,1,1,1991,3,3,3,3,3,3,3,3,3,3
260512,2,1,1991,0,0,0,0,0,0,0,0,0,0
260513,1,1,1991,0,0,0,0,0,0,0,0,0,0
260513,2,1,1991,0,0,0,0,0,0,0,0,0,0
260514,1,1,1991,0,0,0,0,0,0,0,0,16,0
260514,2,1,1991,0,0,0,0,0,0,0,0,0,0
260515,1,1,1991,21,21,21,21,21,21,21,21,21,21
260516,1,1,1991,15,5,9,17,12,9,27,6,3,12
260516,2,1,1991,13,12,0,9,18,10,12,8,25,21
260517,1,1,1991,0,0,0,25,0,0,0,0,0,0
260517,2,1,1991,0,0,0,0,0,7,0,0,0,0
260518,1,1,1991,12,12,12,12,12,12,12,12,12,12
260519,0,1,1991,0,0,0,0,0,0,0,0,0,0
260519,1,1,1991,0,0,0,0,0,0,0,0,0,0
260520,1,1,1991,0,0,0,0,0,14,0,0,0,0
260520,2,1,1991,0,0,0,8,0,0,0,0,0,0
260521,1,1,1991,19,19,19,19,19,19,19,19,19,19
260522,1,1,1991,0,0,0,0,0,0,0,0,12,0
260523,1,1,1991,30,26,0,0,16,0,0,0,0,3
260524,1,1,1991,0,0,0,0,0,0,0,0,0,0
260524,2,1,1991,0,0,0,0,0,0,0,0,0,0
260525,1,1,1991,10,10,10,10,10,10,10,10,10,10
260526,0,1,1991,0,0,0,0,0,0,0,0,0,0
260526,1,1,1991,0,0,0,0,0,0,0,0,0,0
260527,1,1,1991,0,0,0,0,0,0,0,0,0,0
260527,2,1,1991,0,0,0,0,0,0,0,0,0,0
260528,1,1,1991,0,0,0,0,0,0,0,0,0,0
260528,2,1,1991,0,0,0,0,0,0,0,0,0,0
260529,1,1,1991,7,7,7,7,7,7,7,7,7,7
260530,1,1,1991,41,41,41,41,41,41,41,41,41,41
260531,1,1,1991,11,11,11,11,11,11,11,11,11,11
260531,2,1,1991,0,0,0,0,0,0,0,0,0,0
260532,1,1,1991,25,25,25,25,25,25,25,25,25,25
260533,1,1,1991,11,11,11,11,11,11,11,11,11,11
260533,2,1,1991,0,19,11,27,14,0,5,0,0,0
260534,1,1,1991,0,0,0,0,0,0,0,0,0,0
260534,2,1,1991,0,0,0,0,0,0,0,0,0,0
260535,1,1,1991,18,18,18,18,18,18,18,18,18,18
260536,1,1,1991,0,0,0,0,0,0,0,0,0,0
260536,2,1,1991,0,0,0,0,0,0,0,0,0,0
260537,0,1,1991,0,0,0,0,0,0,0,0,0,0
260537,1,1,1991,0,0,0,0,0,0,0,0,0,0
260538,1,1,1991,0,0,0,0,0,0,0,0,0,0
260538,2,1,1991,0,0,0,0,0,0,0,0,0,0
260539,1,1,1991,0,0,0,0,0,0,0,0,0,0
260539,2,1,1991,0,0,0,0,0,0,0,0,0,0
260539,3,1,1991,0,0,0,0,0,0,0,0,0,0
260539,4,1,1991,0,0,0,0,0,0,0,0,0,0
260539,5,1,1991,0,0,0,0,0,0,0,0,0,0
260540,1,1,1991,5,16,18,9,30,23,24,25,10,25
260541,1,1,1991,0,0,0,0,0,0,0,0,7,0
260541,2,1,1991,0,0,0,0,0,0,0,0,0,0
260542,1,1,1991,0,0,0,0,0,0,0,0,0,0
260542,2,1,1991,0,0,0,0,0,0,0,0,0,0
260543,1,1,1991,25,25,25,25,25,25,25,25,25,25
260544,1,1,1991,0,0,0,0,0,0,0,0,0,0
260544,2,1,1991,0,0,0,0,0,0,0,0,0,0
260544,3,1,1991,0,0,0,0,0,0,0,0,0,0
260544,4,1,1991,0,0,0,0,0,0,0,0,0,0
260544,5,1,1991,0,0,0,0,0,0,0,0,0,0
260545,1,1,1991,0,0,0,0,0,0,0,0,0,0
260545,2,1,1991,0,0,0,0,0,0,0,0,0,0
260546,1,1,1991,14,14,14,14,14,14,14,14,14,14
260546,2,1,1991,0,0,0,0,0,0,0,0,0,0
260547,1,1,1991,0,0,0,0,0,0,0,0,0,0
260547,2,1,1991,0,0,0,0,0,0,0,0,0,0
260548,0,1,1991,15,15,15,15,15,15,15,15,15,15
260548,1,1,1991,0,0,0,0,0,26,0,0,0,0
260549,1,1,1991,16,16,16,16,16,16,16,16,16,16
260549,2,1,1991,12,0,0,0,0,20,0,0,0,8
260550,1,1,1991,22,22,22,22,22,22,22,22,22,22
260550,2,1,1991,0,0,0,0,0,7,0,0,0,0
260551,1,1,1991,0,0,0,0,0,0,0,0,0,0
260551,2,1,1991,0,0,0,17,0,0,0,0,0,0
260552,1,1,1991,0,0,0,0,0,0,0,0,0,0
260552,2,1,1991,0,0,0,0,0,0,0,0,0,0
260553,1,1,1991,0,0,0,0,0,0,0,0,0,0
260553,2,1,1991,0,0,0,0,0,0,0,0,0,0
260554,1,1,1991,21,21,21,21,21,21,21,21,21,21
260555,1,1,1991,0,0,0,0,0,0,0,0,0,0
260556,1,1,1991,0,0,0,0,0,0,0,0,0,0