ST_CASE,VEH_NO,PER_NO,YEAR,P1,P2,P3,P4,P5,P6,P7,P8,P9,P10
260556,2,1,1991,9,18,0,0,12,6,17,0,0,0
260557,1,1,1991,0,0,0,0,0,0,0,0,0,0
260558,1,1,1991,0,0,0,0,0,0,0,0,0,0
260559,1,1,1991,0,0,0,0,0,0,0,0,0,0
260559,2,1,1991,0,0,0,0,0,0,0,0,0,0
260560,1,1,1991,0,0,0,0,0,0,0,0,0,0
260560,2,1,1991,0,0,0,0,0,0,0,0,0,0
260561,1,1,1991,18,18,18,18,18,18,18,18,18,18
260561,2,1,1991,0,0,0,0,0,0,0,0,0,0
260562,1,1,1991,26,27,18,18,21,12,18,8,21,14
260563,0,1,1991,0,0,0,0,0,0,0,0,0,0
260563,1,1,1991,0,0,0,0,0,0,0,0,0,0
260564,1,1,1991,0,0,0,0,0,0,0,0,0,0
260564,2,1,1991,11,26,20,18,13,16,10,15,14,23
260565,1,1,1991,0,0,0,0,0,0,0,0,0,0
260565,2,1,1991,0,0,0,0,0,0,0,0,0,0
260566,1,1,1991,13,13,13,13,13,13,13,13,13,13
260567,1,1,1991,0,0,0,0,0,0,0,0,0,23
260568,1,1,1991,23,23,23,23,23,23,23,23,23,23
260569,1,1,1991,22,22,22,22,22,22,22,22,22,22
260569,2,1,1991,9,0,0,11,0,0,0,8,0,0
260569,3,1,1991,0,0,0,0,0,0,0,0,0,0
260569,4,1,1991,0,0,0,0,0,0,0,0,0,0
260569,5,1,1991,0,0,0,0,9,0,0,8,0,0
260570,1,1,1991,0,0,0,0,0,0,0,0,0,0
260570,2,1,1991,0,0,0,0,0,0,0,0,0,0
260571,1,1,1991,0,0,0,0,0,0,0,0,0,0
260571,2,1,1991,0,0,0,0,0,0,0,0,0,0
260572,1,1,1991,0,0,0,0,0,0,0,0,0,0
260572,2,1,1991,0,0,0,0,0,11,0,0,0,0
260573,1,1,1991,0,0,0,0,0,0,0,0,0,0
260574,1,1,1991,0,0,0,0,0,0,0,0,0,0
260574,2,1,1991,0,0,0,0,14,0,0,0,0,0
260575,1,1,1991,14,14,14,14,14,14,14,14,14,14
260576,1,1,1991,12,0,0,17,0,0,0,5,0,0
260576,2,1,1991,0,0,0,0,0,0,0,0,0,0
260576,3,1,1991,0,0,0,0,0,0,0,9,0,0
260577,1,1,1991,5,5,5,5,5,5,5,5,5,5
260578,1,1,1991,14,14,14,14,14,14,14,14,14,14
260579,0,1,1991,2,2,2,2,2,2,2,2,2,2
260579,1,1,1991,0,0,0,0,0,0,0,0,0,0
260580,0,1,1991,15,0,0,0,9,0,9,0,29,37
260580,1,1,1991,0,0,0,0,0,0,0,0,0,0
260581,1,1,1991,12,12,12,12,12,12,12,12,12,12
260581,2,1,1991,0,0,0,0,0,0,0,0,0,0
260581,3,1,1991,0,0,30,0,0,0,0,5,0,0
260582,1,1,1991,0,0,0,0,0,0,0,0,0,0
260582,2,1,1991,0,0,0,0,0,0,0,0,0,0
260583,0,1,1991,0,0,0,0,0,0,0,0,0,0
260583,1,1,1991,0,0,0,0,0,0,0,0,0,0
260584,1,1,1991,13,13,13,13,13,13,13,13,13,13
260585,0,1,1991,0,0,0,0,0,0,0,0,0,0
260585,1,1,1991,0,0,0,0,0,0,0,0,0,0
260586,1,1,1991,0,0,0,0,0,0,0,0,0,0
260586,2,1,1991,18,18,18,18,18,18,18,18,18,18
260587,0,1,1991,0,0,0,0,0,0,0,0,0,0
260587,1,1,1991,0,0,0,0,0,0,0,0,0,0
260588,1,1,1991,0,0,0,0,0,0,0,0,0,0
260589,1,1,1991,2,2,2,2,2,2,2,2,2,2
260589,2,1,1991,6,6,6,6,6,6,6,6,6,6
260590,1,1,1991,22,22,22,22,22,22,22,22,22,22
260591,1,1,1991,0,0,0,0,0,0,0,0,0,0
260591,2,1,1991,0,0,0,0,0,0,0,0,0,0
260592,1,1,1991,0,0,0,0,0,0,0,0,0,0
260592,2,1,1991,1,1,1,1,1,1,1,1,1,1
260593,0,1,1991,0,0,0,0,0,0,0,0,0,0
260593,1,1,1991,9,9,9,9,9,9,9,9,9,9
260594,1,1,1991,15,15,15,15,15,15,15,15,15,15
260594,2,1,1991,0,0,0,2,0,0,0,0,0,0
260595,0,1,1991,29,0,0,0,0,0,0,0,3,0
260595,1,1,1991,0,0,0,0,17,0,0,22,0,0
260596,1,1,1991,0,0,0,0,0,0,0,0,0,0
260597,1,1,1991,0,0,0,0,0,0,0,0,0,0
260597,2,1,1991,0,0,0,0,0,0,0,0,0,0
260598,1,1,1991,24,15,0,0,7,0,11,0,0,0
260599,1,1,1991,26,26,26,26,26,26,26,26,26,26
260600,1,1,1991,0,0,0,0,0,0,0,0,0,0
260600,2,1,1991,0,0,0,0,0,0,0,0,0,0
260602,0,1,1991,0,0,0,0,0,0,0,0,0,0
260602,1,1,1991,0,0,0,0,0,0,0,0,0,0
260603,1,1,1991,24,32,22,19,14,19,19,12,23,10
260604,1,1,1991,0,0,15,0,0,0,0,0,22,0
260605,0,1,1991,0,4,0,0,0,0,0,0,0,0
260605,0,2,1991,0,0,0,0,0,0,0,0,0,0
260605,0,3,1991,0,0,0,0,0,0,0,0,0,0
260605,1,1,1991,0,0,0,0,0,0,0,0,0,0
260606,1,1,1991,0,0,0,0,0,0,0,0,0,7
260607,1,1,1991,0,0,0,0,0,9,0,0,0,0
260607,2,1,1991,0,0,0,0,0,0,0,0,0,0
260608,1,1,1991,17,17,17,17,17,17,17,17,17,17
260610,0,1,1991,0,0,0,0,0,0,0,0,0,0
260610,1,1,1991,0,0,0,0,0,0,21,0,0,0
260611,1,1,1991,0,0,0,0,0,0,0,0,0,0
260611,2,1,1991,0,0,0,9,0,0,0,0,16,22
260611,3,1,1991,0,0,0,0,0,0,0,0,0,0
260612,1,1,1991,28,28,28,28,28,28,28,28,28,28
260612,2,1,1991,0,0,0,0,0,0,0,0,0,0
260613,0,1,1991,0,0,0,0,0,0,0,0,0,0
260613,1,1,1991,0,0,0,0,0,0,0,0,0,0
260614,1,1,1991,20,20,20,20,20,20,20,20,20,20
260615,1,1,1991,0,0,0,0,0,0,0,0,0,0
260615,2,1,1991,0,0,0,0,0,0,0,0,0,0
260616,1,1,1991,10,0,0,0,0,0,0,0,14,0
260616,2,1,1991,0,0,0,0,0,0,0,0,0,0
260617,1,1,1991,43,43,43,43,43,43,43,43,43,43
260617,2,1,1991,0,0,0,0,0,0,0,0,0,0
260617,3,1,1991,0,0,0,0,0,0,0,0,0,0
260618,1,1,1991,36,36,36,36,36,36,36,36,36,36
260618,2,1,1991,0,0,19,0,0,0,0,16,0,29
260619,1,1,1991,16,16,16,16,16,16,16,16,16,16
260620,1,1,1991,10,10,10,10,10,10,10,10,10,10
260621,0,1,1991,0,0,0,0,0,0,0,0,0,0
260621,1,1,1991,0,0,0,0,0,0,0,0,0,0
260622,1,1,1991,0,0,0,0,0,0,0,0,0,0
260622,2,1,1991,0,0,0,0,0,0,0,0,0,0
260623,1,1,1991,0,0,0,0,0,0,0,0,0,0
260623,2,1,1991,0,0,0,0,0,0,0,0,0,0
260624,1,1,1991,0,0,0,0,0,0,0,0,0,0
260624,2,1,1991,2,2,2,2,2,2,2,2,2,2
260625,1,1,1991,16,16,16,16,16,16,16,16,16,16
260625,2,1,1991,0,0,0,0,0,0,0,0,0,0
260626,1,1,1991,0,0,0,0,0,0,0,0,0,0
260626,2,1,1991,0,0,0,0,7,0,0,0,0,0
260627,1,1,1991,23,23,23,23,23,23,23,23,23,23
260628,1,1,1991,0,0,0,0,0,0,0,0,0,0
260628,2,1,1991,0,0,0,0,0,0,0,0,0,0
260629,1,1,1991,1,1,1,1,1,1,1,1,1,1
260629,2,1,1991,4,4,4,4,4,4,4,4,4,4
260630,1,1,1991,0,0,0,0,0,0,0,0,0,0
260630,2,1,1991,0,0,0,0,0,0,0,0,0,0
260631,0,1,1991,0,0,0,0,0,0,0,0,0,0
260631,1,1,1991,0,0,0,0,0,0,0,0,0,0
260632,0,1,1991,0,0,0,0,0,0,0,0,0,0
260632,1,1,1991,0,0,0,0,0,0,0,0,0,0
260633,1,1,1991,14,14,14,14,14,14,14,14,14,14
260634,1,1,1991,21,0,0,18,34,0,0,0,0,0
260635,1,1,1991,7,7,7,7,7,7,7,7,7,7
260635,2,1,1991,15,15,15,15,15,15,15,15,15,15
260636,1,1,1991,0,25,0,0,0,0,0,0,0,0
260637,1,1,1991,12,6,7,36,5,7,26,8,26,0
260638,1,1,1991,19,19,19,19,19,19,19,19,19,19
260638,2,1,1991,3,3,3,3,3,3,3,3,3,3
260639,1,1,1991,14,14,14,14,14,14,14,14,14,14
260640,1,1,1991,29,29,29,29,29,29,29,29,29,29
260641,1,1,1991,13,13,13,13,13,13,13,13,13,13
260642,1,1,1991,22,22,22,22,22,22,22,22,22,22
260643,0,1,1991,39,39,39,39,39,39,39,39,39,39
260643,1,1,1991,0,0,0,0,0,0,0,0,0,0
260644,1,1,1991,2,2,2,2,2,2,2,2,2,2
260644,2,1,1991,0,0,0,0,0,0,0,0,0,0
260645,1,1,1991,0,0,0,0,0,0,0,0,0,0
260645,2,1,1991,0,0,0,0,0,0,0,0,0,0
260646,1,1,1991,27,27,27,27,27,27,27,27,27,27
260647,1,1,1991,19,19,19,19,19,19,19,19,19,19
260648,1,1,1991,0,0,0,0,0,0,0,0,0,0
260648,2,1,1991,0,0,0,0,0,0,0,0,0,0
260649,1,1,1991,7,0,15,10,10,19,20,19,24,23
260649,2,1,1991,0,0,0,0,0,0,4,0,0,23
260649,3,1,1991,0,9,0,0,0,0,0,0,0,17
260650,1,1,1991,18,17,21,17,7,12,6,8,7,7
260651,0,1,1991,18,18,18,18,18,18,18,18,18,18
260651,1,1,1991,10,0,17,0,16,0,18,0,0,0
260652,1,1,1991,0,0,0,0,0,0,17,26,0,0
260652,2,1,1991,8,0,0,0,0,0,0,0,0,0
260653,1,1,1991,0,0,0,0,0,0,0,0,0,0
260653,2,1,1991,0,0,0,0,0,0,0,0,0,0
260654,1,1,1991,0,0,0,0,0,0,0,0,0,0
260654,2,1,1991,0,0,0,0,0,0,0,0,0,0
260655,1,1,1991,22,22,22,22,22,22,22,22,22,22
260656,1,1,1991,11,11,11,11,11,11,11,11,11,11
260657,1,1,1991,0,0,0,0,0,0,0,0,0,0
260657,2,1,1991,0,0,0,0,0,0,0,0,0,0
260658,1,1,1991,0,0,0,0,0,0,0,0,0,0
260659,1,1,1991,0,0,0,0,0,0,0,0,0,0
260659,2,1,1991,0,0,0,0,0,0,0,0,0,0
260660,0,1,1991,0,0,0,0,0,0,0,0,0,0
260660,1,1,1991,0,0,0,0,0,0,0,0,0,0
260661,1,1,1991,15,4,0,39,8,0,0,4,18,16
260662,1,1,1991,0,0,0,0,0,0,0,0,0,0
260662,2,1,1991,0,0,0,0,0,0,0,0,0,0
260663,1,1,1991,0,0,0,0,0,0,0,0,0,0
260663,2,1,1991,0,0,0,0,0,0,0,0,0,0
260664,1,1,1991,0,31,19,0,0,12,0,0,19,0
260665,1,1,1991,10,10,10,10,10,10,10,10,10,10
260666,1,1,1991,20,20,15,19,12,33,8,26,30,0
260667,1,1,1991,0,0,0,0,0,0,0,0,0,0
260667,2,1,1991,0,0,0,0,0,0,0,0,0,0
260668,1,1,1991,21,21,21,21,21,21,21,21,21,21
260669,1,1,1991,0,0,0,0,0,0,0,0,0,0
260669,2,1,1991,0,0,14,0,0,0,0,0,0,20
260670,0,1,1991,0,0,0,0,0,0,0,0,0,0
260670,1,1,1991,0,0,0,0,0,0,0,0,0,0
260671,1,1,1991,0,0,0,0,13,0,0,16,0,7
260671,2,1,1991,2,0,6,14,7,0,0,18,0,17
260672,1,1,1991,0,0,0,0,0,0,0,0,0,0
260672,2,1,1991,0,0,0,0,0,0,0,0,0,0
260673,1,1,1991,24,24,24,24,24,24,24,24,24,24
260674,1,1,1991,9,26,11,28,15,10,7,18,14,0
260674,2,1,1991,0,0,0,0,0,0,0,0,0,0
260675,1,1,1991,15,16,8,8,23,21,0,12,10,4
260675,2,1,1991,0,0,0,0,0,0,0,0,0,0
260676,1,1,1991,17,17,17,17,17,17,17,17,17,17
260676,2,1,1991,0,0,0,0,0,0,0,0,0,0
260678,1,1,1991,0,0,0,0,0,0,0,0,0,0
260679,1,1,1991,0,0,0,0,0,0,0,0,0,0
260679,2,1,1991,0,0,0,0,13,0,0,0,8,0
260680,1,1,1991,0,0,0,0,0,0,0,0,0,0
260681,0,1,1991,0,0,0,0,0,0,0,0,0,0
260681,1,1,1991,0,0,0,0,0,0,0,0,0,0
260682,0,1,1991,9,9,9,9,9,9,9,9,9,9
260682,1,1,1991,12,12,12,12,12,12,12,12,12,12
260683,1,1,1991,0,0,0,0,0,0,0,0,0,0
260683,2,1,1991,0,0,0,0,0,0,0,0,0,0
260684,0,1,1991,14,0,0,0,0,0,0,0,0,0
260684,1,1,1991,0,0,0,0,0,0,0,0,0,0
260685,1,1,1991,7,7,7,7,7,7,7,7,7,7
260686,1,1,1991,0,0,0,0,0,0,0,0,0,0
260686,2,1,1991,0,0,0,0,0,0,0,0,0,0
260687,1,1,1991,11,11,11,11,11,11,11,11,11,11
260688,1,1,1991,1,1,1,1,1,1,1,1,1,1
260688,2,1,1991,0,0,0,0,0,0,0,0,0,0
260689,1,1,1991,0,0,0,0,0,0,0,0,0,0
260689,2,1,1991,0,0,0,0,0,0,0,0,0,0
260690,1,1,1991,16,16,16,16,16,16,16,16,16,16
260691,1,1,1991,29,29,29,29,29,29,29,29,29,29
260691,2,1,1991,0,0,0,0,0,0,0,0,0,0
260692,1,1,1991,25,25,25,25,25,25,25,25,25,25
260693,0,1,1991,0,0,0,0,0,0,0,0,0,0
260693,1,1,1991,0,0,0,0,0,0,0,0,0,0
260694,0,1,1991,0,0,0,34,0,0,0,0,0,0
260694,1,1,1991,15,15,15,15,15,15,15,15,15,15
260695,1,1,1991,0,0,0,0,0,0,0,0,0,0
260695,2,1,1991,0,0,0,0,0,0,0,0,11,0
260696,1,1,1991,0,0,0,0,0,0,0,0,0,0
260697,1,1,1991,17,17,17,17,17,17,17,17,17,17
260698,1,1,1991,0,0,0,0,0,0,0,0,21,0
260698,2,1,1991,0,0,0,0,0,0,0,0,0,0
260699,1,1,1991,0,0,0,0,0,0,0,0,0,0
260699,2,1,1991,0,0,0,0,0,0,0,0,0,0
260700,1,1,1991,0,0,0,0,0,0,0,0,0,0
260700,2,1,1991,0,0,0,0,0,0,0,0,0,0
260700,3,1,1991,0,0,0,0,0,0,0,0,0,0
260700,4,1,1991,0,0,0,0,0,0,0,0,0,0
260701,1,1,1991,26,26,26,26,26,26,26,26,26,26
260701,2,1,1991,0,0,0,0,0,0,0,0,0,0
260702,1,1,1991,0,0,0,0,0,0,0,0,0,0
260703,1,1,1991,0,0,0,0,0,0,0,0,0,0
260703,2,1,1991,0,0,0,0,0,0,0,0,0,0
260703,3,1,1991,0,0,0,0,0,0,0,0,0,0
260704,1,1,1991,0,0,0,0,0,0,0,0,0,0
260705,1,1,1991,0,0,0,0,0,0,0,0,0,0
260706,0,1,1991,0,0,0,0,0,0,0,0,0,0
260706,1,1,1991,0,0,0,0,0,0,0,0,0,0
260707,1,1,1991,0,0,0,0,0,0,0,0,0,0
260707,2,1,1991,0,0,0,0,0,0,0,0,0,0
260708,1,1,1991,0,0,0,0,0,0,0,0,0,0
260709,1,1,1991,0,0,0,0,0,0,0,0,0,0
260710,1,1,1991,0,0,0,0,0,0,0,0,0,0
260711,0,1,1991,0,0,0,0,0,0,0,0,6,0
260711,1,1,1991,0,0,0,0,0,0,0,0,0,0
260712,1,1,1991,21,21,21,21,21,21,21,21,21,21
260712,2,1,1991,0,0,0,0,0,0,0,0,0,0
260713,1,1,1991,0,0,0,0,0,0,0,0,0,0
260713,2,1,1991,0,0,0,0,0,0,0,0,0,0
260714,1,1,1991,30,30,30,30,30,30,30,30,30,30
260715,1,1,1991,9,9,9,9,9,9,9,9,9,9
260716,1,1,1991,31,31,31,31,31,31,31,31,31,31
260716,2,1,1991,0,8,0,0,0,0,0,0,0,22
260717,1,1,1991,8,8,8,8,8,8,8,8,8,8
260718,1,1,1991,22,22,22,22,22,22,22,22,22,22
260719,1,1,1991,0,0,27,0,19,37,0,14,0,0
260720,1,1,1991,20,20,20,20,20,20,20,20,20,20
260720,2,1,1991,0,0,0,0,0,0,0,0,0,0
260721,0,1,1991,0,0,0,0,0,0,0,0,0,0
260721,1,1,1991,22,22,22,22,22,22,22,22,22,22
260722,1,1,1991,30,19,13,23,21,17,12,20,12,14
260723,0,1,1991,0,0,0,0,0,0,0,0,0,0
260723,1,1,1991,0,0,0,0,0,0,0,20,0,0
260724,1,1,1991,0,0,0,0,0,0,0,0,0,0
260724,2,1,1991,0,0,0,0,0,0,0,0,0,0
260725,1,1,1991,0,0,0,0,0,0,0,0,0,0
260725,2,1,1991,0,0,0,15,0,0,0,0,0,23
260726,1,1,1991,15,15,15,15,15,15,15,15,15,15
260727,1,1,1991,0,0,0,0,0,0,0,0,0,0
260728,1,1,1991,8,8,8,8,8,8,8,8,8,8
260729,1,1,1991,16,16,16,16,16,16,16,16,16,16
260729,2,1,1991,0,26,0,0,0,0,0,0,0,0
260729,3,1,1991,0,0,0,0,0,0,0,0,0,0
260730,0,1,1991,0,0,0,0,0,0,0,0,0,0
260730,1,1,1991,0,0,0,0,0,0,0,0,0,0
260731,0,1,1991,0,0,0,0,0,0,0,0,0,0
260731,1,1,1991,0,0,0,0,0,0,0,0,0,0
260732,1,1,1991,19,19,19,19,19,19,19,19,19,19
260733,1,1,1991,12,12,12,12,12,12,12,12,12,12
260734,1,1,1991,22,22,22,22,22,22,22,22,22,22
260735,1,1,1991,13,13,13,13,13,13,13,13,13,13
260736,1,1,1991,21,21,21,21,21,21,21,21,21,21
260737,1,1,1991,0,0,0,0,0,0,0,17,0,0
260737,2,1,1991,0,0,0,0,0,0,0,0,0,0
260738,0,1,1991,0,0,0,0,0,0,0,0,0,0
260738,1,1,1991,0,0,0,0,0,24,0,0,0,0
260739,1,1,1991,0,0,0,0,0,0,0,0,0,0
260739,2,1,1991,0,0,0,0,0,0,0,0,0,0
260740,1,1,1991,0,0,0,0,0,0,0,0,0,0
260741,1,1,1991,0,0,0,0,0,0,0,0,0,0
260742,1,1,1991,24,24,24,24,24,24,24,24,24,24
260742,2,1,1991,0,0,0,0,0,0,0,0,0,0
260743,1,1,1991,0,0,0,0,0,0,0,0,0,0
260743,2,1,1991,8,8,8,8,8,8,8,8,8,8
260744,1,1,1991,0,0,0,0,0,0,0,0,0,0
260744,2,1,1991,0,0,0,0,0,0,0,0,0,0
260745,1,1,1991,0,0,0,0,0,0,0,0,0,0
260746,1,1,1991,0,0,0,0,0,0,0,0,0,0
260747,1,1,1991,19,19,19,19,19,19,19,19,19,19
260748,1,1,1991,33,24,22,23,27,13,14,23,20,30
260749,1,1,1991,0,0,0,0,0,0,0,0,0,0
260749,2,1,1991,7,0,0,0,0,0,0,0,0,0
260750,1,1,1991,2,2,2,2,2,2,2,2,2,2
260751,0,1,1991,0,0,0,0,0,0,0,0,0,0
260751,1,1,1991,0,0,0,0,0,0,0,0,0,0
260752,1,1,1991,23,23,23,23,23,23,23,23,23,23
260752,2,1,1991,0,0,0,0,0,0,0,6,0,0
260753,1,1,1991,24,24,24,24,24,24,24,24,24,24
260754,1,1,1991,0,0,0,0,0,3,0,0,0,12
260754,2,1,1991,0,19,0,11,0,0,0,24,0,0
260755,1,1,1991,0,0,24,24,0,0,0,0,18,0
260756,1,1,1991,28,28,28,28,28,28,28,28,28,28
260757,1,1,1991,0,17,29,13,0,11,8,22,31,20
260758,1,1,1991,5,5,5,5,5,5,5,5,5,5
260759,1,1,1991,0,0,0,0,0,0,0,0,0,0
260760,1,1,1991,0,0,0,0,0,0,0,0,0,0
260760,2,1,1991,0,0,0,0,0,0,0,0,0,0
260760,3,1,1991,0,0,0,0,0,0,0,0,0,0
260761,0,1,1991,0,0,0,0,20,0,0,0,0,0
260761,1,1,1991,0,0,0,0,0,0,0,0,23,0
260762,1,1,1991,0,0,0,0,0,0,0,0,0,0
260762,2,1,1991,0,0,0,0,0,0,0,0,0,0
260763,1,1,1991,24,25,8,20,20,26,0,18,0,13
260763,2,1,1991,9,3,32,20,20,20,15,34,7,19
260764,1,1,1991,0,0,0,0,0,0,0,0,0,0
260764,2,1,1991,0,0,0,0,0,0,0,0,0,0
260765,1,1,1991,0,0,0,0,0,0,0,0,0,0
260765,2,1,1991,0,24,0,0,0,0,0,0,0,0
260765,3,1,1991,0,0,0,0,0,0,0,0,0,0
260765,4,1,1991,0,0,0,0,0,0,4,0,0,0
260766,1,1,1991,20,22,14,22,29,3,24,20,29,19
260767,1,1,1991,32,32,32,32,32,32,32,32,32,32
260768,1,1,1991,21,21,21,21,21,21,21,21,21,21
260769,0,1,1991,11,0,17,17,11,22,22,28,27,17
260769,1,1,1991,0,0,0,0,0,0,0,0,0,0
260770,1,1,1991,16,16,16,16,16,16,16,16,16,16
260771,0,1,1991,0,0,0,0,0,0,0,0,0,0
260771,1,1,1991,0,0,0,0,0,0,0,0,0,0
260772,0,1,1991,0,0,0,0,0,0,0,0,0,0
260772,1,1,1991,0,0,0,0,0,0,0,0,0,0
260772,2,1,1991,0,0,0,0,0,0,0,0,0,0
260773,1,1,1991,20,20,20,20,20,20,20,20,20,20
260774,1,1,1991,0,0,0,0,0,0,0,0,0,0
260775,1,1,1991,0,0,0,0,0,0,0,0,0,0
260776,0,1,1991,0,0,0,0,0,0,35,0,0,0
260776,1,1,1991,0,0,0,0,0,0,0,0,0,0
260777,1,1,1991,0,0,0,0,0,0,0,0,29,0
260778,1,1,1991,22,22,22,22,22,22,22,22,22,22
260779,1,1,1991,8,27,13,0,20,12,31,16,18,5
260780,1,1,1991,0,0,0,0,0,0,0,0,0,0
260780,2,1,1991,1,1,1,1,1,1,1,1,1,1
260781,1,1,1991,26,26,26,26,26,26,26,26,26,26
260781,2,1,1991,0,0,0,0,0,0,0,0,0,0
260782,1,1,1991,28,28,28,28,28,28,28,28,28,28
260783,1,1,1991,10,10,10,10,10,10,10,10,10,10
260784,0,1,1991,8,8,8,8,8,8,8,8,8,8
260784,1,1,1991,0,0,0,0,0,0,0,0,0,0
260785,1,1,1991,0,0,0,0,0,0,0,0,0,0
260785,2,1,1991,0,0,0,0,0,0,0,0,0,0
260785,3,1,1991,0,0,0,0,0,0,0,0,0,0
260786,0,1,1991,0,0,0,0,0,0,0,0,0,0
260786,1,1,1991,0,0,0,0,0,0,0,0,0,0
260787,1,1,1991,0,0,0,0,0,0,0,0,0,0
260787,2,1,1991,0,0,0,0,0,0,0,0,0,0
260788,0,1,1991,0,0,0,0,0,0,0,0,0,0
260788,0,2,1991,0,0,0,0,0,5,0,0,0,0
260788,1,1,1991,0,0,0,0,0,0,0,0,0,0
260789,1,1,1991,2,2,2,2,2,2,2,2,2,2
260789,2,1,1991,0,0,0,0,0,0,0,0,0,0
260790,1,1,1991,0,0,0,9,0,0,0,0,0,0
260790,2,1,1991,29,29,11,13,21,14,17,16,9,6
260791,1,1,1991,0,0,0,0,0,0,0,0,0,0
260791,2,1,1991,0,0,0,0,0,0,0,0,0,0
260792,1,1,1991,23,23,23,23,23,23,23,23,23,23
260792,2,1,1991,0,0,0,0,0,0,0,0,0,0
260793,1,1,1991,0,0,0,0,0,0,0,0,0,0
260793,2,1,1991,0,0,0,0,0,0,0,0,0,0
260794,1,1,1991,17,17,17,17,17,17,17,17,17,17
260795,1,1,1991,16,16,16,16,16,16,16,16,16,16
260796,1,1,1991,23,23,23,23,23,23,23,23,23,23
260796,2,1,1991,7,7,0,15,16,20,16,16,18,18
260797,0,1,1991,0,0,0,0,0,0,0,0,0,0
260797,1,1,1991,0,0,0,0,0,0,0,0,0,0
260798,0,1,1991,10,10,10,10,10,10,10,10,10,10
260798,1,1,1991,0,0,0,0,0,0,0,0,0,0
260798,2,1,1991,0,0,0,0,0,0,0,0,0,0
260799,1,1,1991,23,23,23,23,23,23,23,23,23,23
260800,1,1,1991,0,0,0,0,0,0,0,0,6,0
260801,1,1,1991,0,0,0,0,0,0,0,0,0,0
260801,2,1,1991,0,0,0,0,0,0,0,0,0,0
260802,1,1,1991,0,0,0,0,0,0,0,0,0,0
260802,2,1,1991,0,0,0,0,0,0,0,0,0,0
260803,1,1,1991,23,23,23,23,23,23,23,23,23,23
260803,2,1,1991,6,0,0,0,14,0,0,20,0,0
260804,0,1,1991,0,0,0,0,0,0,0,0,0,0
260804,1,1,1991,21,21,21,21,21,21,21,21,21,21
260805,1,1,1991,28,28,28,28,28,28,28,28,28,28
260806,1,1,1991,19,19,19,19,19,19,19,19,19,19
260807,1,1,1991,19,19,19,19,19,19,19,19,19,19
260808,0,1,1991,0,0,0,0,15,0,0,30,0,0
260808,1,1,1991,0,0,0,0,0,10,0,0,3,0
260809,1,1,1991,0,0,0,0,0,0,0,0,0,0
260810,1,1,1991,0,0,0,0,0,0,0,0,0,0
260810,2,1,1991,0,0,0,0,0,0,0,0,0,0
260811,1,1,1991,0,18,0,0,0,0,0,0,0,0
260811,2,1,1991,0,0,0,0,0,0,0,0,0,0
260812,1,1,1991,0,0,0,31,0,0,0,0,0,0
260813,1,1,1991,13,14,21,23,19,25,22,29,24,27
260814,1,1,1991,19,19,19,19,19,19,19,19,19,19
260815,1,1,1991,28,28,28,28,28,28,28,28,28,28
260816,1,1,1991,23,23,23,23,23,23,23,23,23,23
260816,2,1,1991,0,0,0,0,0,0,0,0,0,0
260817,1,1,1991,8,8,8,8,8,8,8,8,8,8
260818,1,1,1991,0,0,0,0,11,0,0,0,0,0
260818,2,1,1991,0,0,0,0,0,0,0,0,0,0
260819,1,1,1991,0,0,0,0,0,0,0,0,0,0
260820,1,1,1991,0,0,0,0,0,0,0,0,0,0
260820,2,1,1991,0,0,0,0,0,0,0,0,0,0
260821,1,1,1991,0,0,0,0,0,0,0,0,0,0
260821,2,1,1991,0,0,0,0,0,0,0,0,0,0
260822,1,1,1991,0,0,0,0,0,0,0,0,0,0
260822,2,1,1991,0,0,0,0,0,0,0,0,0,0
260823,0,1,1991,0,0,0,0,0,0,0,0,0,0
260823,1,1,1991,0,0,0,0,0,0,0,0,0,0
260824,1,1,1991,0,0,0,0,13,0,0,0,0,0
260824,2,1,1991,16,0,0,0,35,10,16,0,4,11
260824,3,1,1991,0,0,0,0,0,0,0,0,0,0
260825,1,1,1991,0,0,0,0,0,0,0,0,0,0
260825,2,1,1991,0,0,0,0,0,0,0,0,0,0
260825,3,1,1991,0,0,0,0,0,0,0,0,0,0
260826,1,1,1991,0,0,0,0,0,0,0,0,0,0
260826,2,1,1991,0,0,0,0,0,0,0,0,0,0
260826,3,1,1991,0,0,0,0,0,0,0,0,0,0
260827,1,1,1991,7,0,15,0,0,0,0,0,0,0
260828,1,1,1991,19,19,19,19,19,19,19,19,19,19
260829,0,1,1991,20,0,32,38,18,19,0,8,36,16
260829,1,1,1991,0,0,0,0,0,0,0,0,0,0
260829,2,1,1991,0,0,17,0,0,0,0,0,0,0
260830,1,1,1991,0,0,0,0,0,0,0,0,0,0
260831,1,1,1991,4,4,4,4,4,4,4,4,4,4
260831,2,1,1991,0,0,0,0,0,0,0,0,0,0
260832,1,1,1991,24,24,24,24,24,24,24,24,24,24
260833,1,1,1991,0,0,0,0,0,0,0,0,0,0
260833,2,1,1991,0,0,0,0,0,0,0,0,0,0
260834,1,1,1991,0,0,0,0,0,0,0,0,0,0
260834,2,1,1991,10,10,10,10,10,10,10,10,10,10
260834,3,1,1991,0,0,0,17,0,0,0,0,0,0
260835,1,1,1991,0,0,0,0,0,0,0,0,0,0
260835,2,1,1991,0,0,0,0,0,0,0,0,0,0
260836,1,1,1991,15,15,15,15,15,15,15,15,15,15