ST_CASE,VEH_NO,PER_NO,YEAR,P1,P2,P3,P4,P5,P6,P7,P8,P9,P10
260836,2,1,1991,0,0,0,0,0,0,0,0,0,0
260837,1,1,1991,1,1,1,1,1,1,1,1,1,1
260837,2,1,1991,0,0,0,0,0,0,0,0,0,0
260838,0,1,1991,21,21,21,21,21,21,21,21,21,21
260838,1,1,1991,0,0,0,0,0,6,0,0,0,0
260839,1,1,1991,0,0,0,0,0,0,0,0,0,0
260840,1,1,1991,0,0,0,0,0,0,0,0,0,0
260840,2,1,1991,0,0,0,0,0,0,0,0,0,0
260840,3,1,1991,0,0,0,0,0,0,0,0,0,0
260841,1,1,1991,0,0,0,0,0,0,0,0,0,0
260841,2,1,1991,0,0,0,0,0,0,0,0,0,0
260842,1,1,1991,14,6,14,8,6,15,12,17,12,7
260843,0,1,1991,30,35,6,14,44,0,3,18,23,28
260843,1,1,1991,11,11,11,11,11,11,11,11,11,11
260844,1,1,1991,0,0,0,0,0,0,0,0,0,0
260845,1,1,1991,26,26,26,26,26,26,26,26,26,26
260846,1,1,1991,0,0,0,0,0,0,0,0,0,0
260847,1,1,1991,0,0,0,0,0,0,0,0,0,0
260847,2,1,1991,0,0,0,0,0,0,0,0,0,0
260847,3,1,1991,0,0,0,0,0,0,0,0,0,0
260848,1,1,1991,30,30,30,30,30,30,30,30,30,30
260849,1,1,1991,0,0,0,0,0,15,0,0,0,0
260850,1,1,1991,0,0,0,0,0,0,0,0,0,0
260850,2,1,1991,0,0,0,0,0,0,0,0,0,0
260851,1,1,1991,10,10,10,10,10,10,10,10,10,10
260852,1,1,1991,0,0,0,0,0,0,0,0,0,0
260852,2,1,1991,0,0,0,0,0,0,0,0,0,0
260853,1,1,1991,18,19,10,21,23,21,24,5,22,9
260854,1,1,1991,4,4,4,4,4,4,4,4,4,4
260854,2,1,1991,0,0,0,0,0,0,0,0,0,0
260855,0,1,1991,17,17,17,17,17,17,17,17,17,17
260855,1,1,1991,0,0,0,0,0,0,0,0,0,0
260855,2,1,1991,0,0,13,0,0,0,0,17,0,0
260856,1,1,1991,15,15,15,15,15,15,15,15,15,15
260857,1,1,1991,0,0,0,0,0,0,0,0,0,0
260857,2,1,1991,0,8,0,0,0,0,7,0,0,22
260858,1,1,1991,12,12,12,12,12,12,12,12,12,12
260859,1,1,1991,0,0,0,0,0,0,0,0,0,0
260859,2,1,1991,0,0,0,0,0,0,0,0,0,0
260860,1,1,1991,15,15,15,15,15,15,15,15,15,15
260861,1,1,1991,0,0,0,11,0,0,0,0,0,23
260861,2,1,1991,0,0,0,0,0,0,0,0,0,0
260862,1,1,1991,27,27,27,27,27,27,27,27,27,27
260863,1,1,1991,4,4,4,4,4,4,4,4,4,4
260864,1,1,1991,10,19,15,9,12,19,6,6,13,0
260865,1,1,1991,0,0,0,0,0,0,0,0,0,0
260866,1,1,1991,11,11,11,11,11,11,11,11,11,11
260867,1,1,1991,0,0,0,0,0,0,0,0,0,0
260868,1,1,1991,26,26,26,26,26,26,26,26,26,26
260868,2,1,1991,6,6,6,6,6,6,6,6,6,6
260869,1,1,1991,0,0,0,0,0,0,0,0,0,0
260869,2,1,1991,0,0,0,0,0,0,0,0,0,0
260870,1,1,1991,23,23,23,23,23,23,23,23,23,23
260870,2,1,1991,1,1,1,1,1,1,1,1,1,1
260871,1,1,1991,0,0,0,0,0,0,0,0,0,0
260871,2,1,1991,0,0,0,0,0,0,0,0,0,0
260872,1,1,1991,0,0,0,0,0,28,0,0,0,0
260872,2,1,1991,0,0,0,0,0,0,0,0,0,0
260873,1,1,1991,41,17,15,21,39,13,35,25,35,21
260874,1,1,1991,0,0,0,0,0,0,0,0,0,0
260875,1,1,1991,0,0,0,0,0,0,0,0,0,0
260875,2,1,1991,0,0,0,0,0,0,0,0,0,0
260876,1,1,1991,0,0,0,0,0,12,0,0,0,0
260876,2,1,1991,0,0,0,0,0,0,0,0,0,0
260877,1,1,1991,27,27,27,27,27,27,27,27,27,27
260878,1,1,1991,10,10,10,10,10,10,10,10,10,10
260878,2,1,1991,0,0,0,0,0,0,0,0,0,0
260879,1,1,1991,0,4,0,0,0,0,0,0,0,0
260880,1,1,1991,0,0,0,0,0,0,0,0,0,0
260880,2,1,1991,0,0,0,0,0,0,0,0,0,11
260881,1,1,1991,26,26,26,26,26,26,26,26,26,26
260881,2,1,1991,0,0,0,0,0,0,0,0,0,0
260881,3,1,1991,0,0,0,0,0,0,0,0,0,0
260882,1,1,1991,14,23,0,0,25,0,12,0,0,15
260883,1,1,1991,26,26,26,26,26,26,26,26,26,26
260884,1,1,1991,10,10,10,10,10,10,10,10,10,10
260885,0,1,1991,25,25,25,25,25,25,25,25,25,25
260885,1,1,1991,0,0,0,0,0,0,0,15,0,0
260886,1,1,1991,10,12,7,29,14,9,0,14,12,0
260887,1,1,1991,0,0,0,0,0,0,0,0,0,0
260887,2,1,1991,0,0,0,0,0,0,0,0,0,3
260888,1,1,1991,6,0,10,6,0,10,16,14,0,0
260888,2,1,1991,20,0,0,25,12,5,14,0,0,0
260889,0,1,1991,0,0,0,0,0,0,0,0,0,0
260889,1,1,1991,0,0,0,0,0,0,0,0,0,0
260890,0,1,1991,0,0,0,0,0,0,0,0,0,0
260890,1,1,1991,0,0,24,0,0,0,11,9,0,0
260891,1,1,1991,3,3,3,3,3,3,3,3,3,3
260891,2,1,1991,0,0,0,0,0,0,0,0,0,0
260892,0,1,1991,0,0,0,0,0,0,0,0,0,0
260892,0,2,1991,0,13,10,25,0,0,0,0,0,0
260892,1,1,1991,0,0,0,0,0,0,0,0,0,0
260893,1,1,1991,25,25,25,25,25,25,25,25,25,25
260894,0,1,1991,10,10,10,10,10,10,10,10,10,10
260894,1,1,1991,9,9,9,9,9,9,9,9,9,9
260895,1,1,1991,0,0,0,0,0,0,0,0,0,0
260895,2,1,1991,0,0,0,0,14,0,0,0,0,0
260896,0,1,1991,0,0,0,0,0,0,0,0,0,0
260896,1,1,1991,0,0,0,0,0,0,0,0,0,0
260897,1,1,1991,0,0,0,0,0,0,0,0,0,0
260898,0,1,1991,0,0,0,0,0,0,0,0,0,0
260898,1,1,1991,0,0,0,0,0,0,0,0,0,0
260899,0,1,1991,0,0,0,0,0,0,0,0,0,0
260899,1,1,1991,0,0,0,0,0,0,0,0,0,0
260900,1,1,1991,0,0,0,0,0,0,0,0,0,0
260900,2,1,1991,0,0,0,0,0,0,0,0,0,0
260901,1,1,1991,0,0,0,0,0,0,0,0,0,0
260902,0,1,1991,0,0,0,0,0,0,0,0,0,0
260902,1,1,1991,0,0,0,0,0,0,0,0,0,0
260903,1,1,1991,0,0,0,0,0,0,0,0,0,10
260904,1,1,1991,13,13,13,13,13,13,13,13,13,13
260905,1,1,1991,24,24,24,24,24,24,24,24,24,24
260906,0,1,1991,0,17,0,0,0,0,10,0,0,0
260906,1,1,1991,0,0,0,0,0,0,0,0,0,0
260907,0,1,1991,45,45,45,45,45,45,45,45,45,45
260907,1,1,1991,0,9,0,0,0,0,0,0,0,0
260908,1,1,1991,25,25,25,25,25,25,25,25,25,25
260909,1,1,1991,0,0,0,0,0,0,0,0,0,0
260909,2,1,1991,0,0,0,0,0,0,0,0,0,0
260910,1,1,1991,8,15,9,19,15,8,18,29,25,19
260911,1,1,1991,0,0,0,0,0,0,19,0,0,0
260911,2,1,1991,0,0,0,0,0,0,0,6,0,0
260912,1,1,1991,0,0,0,0,0,0,18,0,0,0
260912,2,1,1991,0,0,0,0,0,0,0,0,0,0
260913,1,1,1991,15,15,15,15,15,15,15,15,15,15
260914,1,1,1991,0,0,0,0,0,0,0,0,0,0
260914,2,1,1991,0,0,0,0,0,0,0,0,0,0
260915,1,1,1991,0,0,0,0,0,0,0,0,0,0
260916,1,1,1991,0,0,0,0,0,0,0,0,0,0
260916,2,1,1991,0,0,0,0,0,0,0,0,0,0
260917,1,1,1991,0,0,0,0,0,0,0,0,0,0
260917,2,1,1991,0,0,0,0,0,0,0,0,0,0
260918,1,1,1991,22,22,22,22,22,22,22,22,22,22
260919,1,1,1991,21,21,21,21,21,21,21,21,21,21
260920,1,1,1991,0,0,0,0,0,0,0,0,0,0
260921,1,1,1991,13,13,13,13,13,13,13,13,13,13
260921,2,1,1991,3,3,3,3,3,3,3,3,3,3
260922,1,1,1991,18,26,17,15,26,9,22,11,27,14
260922,2,1,1991,0,0,0,0,0,0,0,0,0,0
260923,1,1,1991,3,3,3,3,3,3,3,3,3,3
260923,2,1,1991,0,0,0,0,0,0,0,0,0,0
260924,1,1,1991,23,23,23,23,23,23,23,23,23,23
260925,1,1,1991,0,0,0,0,0,0,0,0,0,0
260925,2,1,1991,0,0,0,0,0,0,0,0,0,0
260926,1,1,1991,0,0,0,0,0,0,0,0,0,0
260926,2,1,1991,0,0,0,0,0,0,0,0,0,0
260927,1,1,1991,0,0,0,0,0,0,0,19,0,0
260927,2,1,1991,0,0,0,0,0,0,0,0,0,0
260928,1,1,1991,28,28,28,28,28,28,28,28,28,28
260929,1,1,1991,0,0,0,0,0,0,0,0,0,0
260929,2,1,1991,0,0,0,0,0,0,0,0,0,0
260930,1,1,1991,9,9,9,9,9,9,9,9,9,9
260931,0,1,1991,0,0,0,0,0,0,0,0,0,0
260931,1,1,1991,6,6,6,6,6,6,6,6,6,6
260932,1,1,1991,0,0,0,0,0,0,0,0,0,0
260932,2,1,1991,0,0,0,0,0,0,0,0,14,0
260933,0,1,1991,0,0,0,0,0,0,0,0,0,0
260933,1,1,1991,9,9,9,9,9,9,9,9,9,9
260934,1,1,1991,16,16,16,16,16,16,16,16,16,16
260935,1,1,1991,13,19,16,14,12,26,14,14,19,0
260936,0,1,1991,0,0,0,0,0,0,0,0,0,0
260936,1,1,1991,0,0,0,0,0,0,0,0,0,0
260937,1,1,1991,0,0,0,0,0,0,0,0,0,0
260937,2,1,1991,0,0,0,0,0,0,0,0,0,0
260938,1,1,1991,0,0,0,0,0,0,0,0,0,0
260938,2,1,1991,0,0,0,0,0,0,0,0,0,0
260939,1,1,1991,25,9,1,31,11,17,9,14,20,19
260940,1,1,1991,0,0,0,0,0,0,0,0,0,0
260940,2,1,1991,0,0,0,0,0,0,0,0,0,0
260941,1,1,1991,0,0,0,11,20,0,0,0,23,0
260942,1,1,1991,9,9,9,9,9,9,9,9,9,9
260942,2,1,1991,0,0,0,0,0,0,0,0,18,0
260943,1,1,1991,20,20,20,20,20,20,20,20,20,20
260943,2,1,1991,0,0,0,0,0,0,0,0,0,0
260944,1,1,1991,0,0,0,0,0,0,0,0,0,0
260944,2,1,1991,0,0,0,0,0,0,9,0,0,0
260945,1,1,1991,0,0,0,0,0,0,0,0,0,0
260945,2,1,1991,0,0,0,0,0,0,0,0,0,0
260945,3,1,1991,0,0,0,0,0,0,0,0,0,0
260945,4,1,1991,0,0,0,0,0,0,0,0,0,0
260946,1,1,1991,0,0,8,0,0,0,16,0,0,0
260946,2,1,1991,0,0,0,0,0,0,0,0,0,0
260947,1,1,1991,0,0,0,0,0,0,0,0,0,0
260947,2,1,1991,0,0,0,0,0,0,0,0,0,0
260947,3,1,1991,0,0,0,0,0,0,0,0,0,0
260947,4,1,1991,0,0,0,0,0,0,0,0,0,0
260948,1,1,1991,0,0,0,0,0,0,0,0,0,0
260949,0,1,1991,8,9,19,23,26,18,37,7,23,30
260949,1,1,1991,0,0,0,0,0,0,0,0,0,0
260950,1,1,1991,0,0,0,0,0,0,0,0,0,0
260950,2,1,1991,0,0,0,0,0,0,0,21,0,0
260951,1,1,1991,0,0,0,0,0,0,0,12,0,0
260952,1,1,1991,23,23,23,23,23,23,23,23,23,23
260953,1,1,1991,0,0,0,0,0,0,0,0,0,0
260953,2,1,1991,0,0,0,0,0,0,0,0,0,0
260954,1,1,1991,0,0,0,0,0,0,0,0,0,0
260954,2,1,1991,0,0,0,0,0,0,0,0,0,0
260955,1,1,1991,16,16,16,16,16,16,16,16,16,16
260956,1,1,1991,14,14,14,14,14,14,14,14,14,14
260956,2,1,1991,23,0,15,14,13,9,9,13,15,18
260957,1,1,1991,7,7,7,7,7,7,7,7,7,7
260957,2,1,1991,13,15,5,13,20,8,26,16,20,10
260958,1,1,1991,14,14,14,14,14,14,14,14,14,14
260959,1,1,1991,1,1,1,1,1,1,1,1,1,1
260960,1,1,1991,28,28,28,28,28,28,28,28,28,28
260960,2,1,1991,9,9,9,9,9,9,9,9,9,9
260961,1,1,1991,28,28,28,28,28,28,28,28,28,28
260962,0,1,1991,0,0,0,0,0,0,0,0,0,0
260962,1,1,1991,0,0,9,0,0,14,7,0,0,0
260963,1,1,1991,0,0,0,0,0,0,0,0,0,0
260964,1,1,1991,11,11,11,11,11,11,11,11,11,11
260964,2,1,1991,29,0,0,0,0,3,5,23,0,6
260965,1,1,1991,18,18,18,18,18,18,18,18,18,18
260966,1,1,1991,0,0,0,0,0,0,9,0,0,0
260967,0,1,1991,0,0,0,0,0,0,0,0,0,0
260967,1,1,1991,0,0,0,0,0,0,0,0,0,0
260968,1,1,1991,0,24,0,0,0,0,0,0,0,0
260969,1,1,1991,0,0,0,0,0,0,0,0,0,0
260970,1,1,1991,12,12,12,12,12,12,12,12,12,12
260970,2,1,1991,22,0,0,4,0,0,27,0,14,0
260971,1,1,1991,0,0,0,0,0,0,0,0,0,0
260971,2,1,1991,0,0,0,0,0,0,0,16,0,0
260972,1,1,1991,0,0,0,0,0,0,0,0,0,0
260972,2,1,1991,0,0,0,0,0,0,0,0,8,0
260973,0,1,1991,13,13,13,13,13,13,13,13,13,13
260973,0,2,1991,12,12,12,12,12,12,12,12,12,12
260973,1,1,1991,0,0,0,0,0,0,0,0,0,0
260974,1,1,1991,15,15,15,15,15,15,15,15,15,15
260974,2,1,1991,0,0,0,0,0,0,0,0,0,0
260975,1,1,1991,3,3,3,3,3,3,3,3,3,3
260976,1,1,1991,0,0,0,0,0,0,0,0,0,0
260976,2,1,1991,0,0,0,0,0,0,0,0,0,0
260977,1,1,1991,12,12,12,12,12,12,12,12,12,12
260977,2,1,1991,0,0,0,0,0,0,0,0,0,0
260978,1,1,1991,27,27,27,27,27,27,27,27,27,27
260978,2,1,1991,0,0,0,0,0,0,0,0,0,0
260979,1,1,1991,0,0,0,0,0,0,0,0,0,0
260979,2,1,1991,0,0,0,0,0,0,0,0,0,10
260980,1,1,1991,0,0,0,0,0,0,0,0,0,0
260980,2,1,1991,0,0,0,0,0,0,0,0,0,0
260980,3,1,1991,0,0,0,0,0,0,0,0,0,0
260980,4,1,1991,0,0,0,0,0,0,0,0,0,0
260981,1,1,1991,0,0,0,0,0,0,0,0,0,0
260981,2,1,1991,0,0,0,0,0,0,0,0,0,0
260982,1,1,1991,0,0,0,0,0,0,0,0,0,0
260982,2,1,1991,0,0,0,0,0,0,0,0,0,0
260983,1,1,1991,23,23,23,23,23,23,23,23,23,23
260984,1,1,1991,7,6,11,15,5,8,10,17,0,6
260984,2,1,1991,18,33,12,0,21,18,17,9,23,9
260985,1,1,1991,19,19,19,19,19,19,19,19,19,19
260986,1,1,1991,7,0,0,9,0,11,12,0,5,10
260987,1,1,1991,21,21,21,21,21,21,21,21,21,21
260988,1,1,1991,0,0,0,0,0,0,0,0,0,0
260989,1,1,1991,28,28,28,28,28,28,28,28,28,28
260989,2,1,1991,0,0,0,0,0,0,0,0,0,0
260989,3,1,1991,0,0,0,0,0,0,0,0,0,0
260990,0,1,1991,21,0,0,0,21,0,0,0,0,22
260990,1,1,1991,18,0,0,0,0,0,0,0,13,0
260991,1,1,1991,0,0,0,0,0,0,11,0,0,0
260991,2,1,1991,0,0,0,0,22,0,34,0,0,10
260992,1,1,1991,31,28,9,11,19,30,7,9,0,17
260992,2,1,1991,0,0,0,0,0,0,0,0,0,0
260993,0,1,1991,0,0,0,0,0,0,0,0,0,0
260993,1,1,1991,0,0,0,0,0,0,0,0,0,0
260994,1,1,1991,26,26,26,26,26,26,26,26,26,26
260995,1,1,1991,0,0,0,0,0,0,0,0,0,0
260995,2,1,1991,0,0,0,0,0,0,0,0,0,0
260996,1,1,1991,0,0,0,0,0,0,0,0,0,0
260996,2,1,1991,0,0,0,0,0,0,0,0,0,0
260996,3,1,1991,0,0,0,0,0,0,0,0,0,0
260997,1,1,1991,0,0,0,0,0,0,0,0,0,0
260997,2,1,1991,4,4,4,4,4,4,4,4,4,4
260998,1,1,1991,7,7,7,7,7,7,7,7,7,7
260999,1,1,1991,0,0,0,0,0,0,0,0,0,0
260999,2,1,1991,0,0,0,0,0,0,0,0,0,0
261000,1,1,1991,0,0,0,0,0,0,0,0,0,0
261000,2,1,1991,0,0,0,0,0,0,0,0,0,0
261001,1,1,1991,21,21,21,21,21,21,21,21,21,21
261002,1,1,1991,0,0,0,0,10,0,0,0,0,0
261002,2,1,1991,0,0,0,0,0,0,0,0,0,0
261003,1,1,1991,0,0,0,0,0,0,0,0,0,0
261004,1,1,1991,0,0,0,0,0,0,0,0,0,0
261005,1,1,1991,0,0,0,0,0,0,0,0,0,0
261005,2,1,1991,0,0,0,0,0,0,11,0,0,0
261006,1,1,1991,13,13,13,13,13,13,13,13,13,13
261006,2,1,1991,0,0,0,0,0,0,0,0,0,0
261007,1,1,1991,0,0,0,0,0,0,0,0,0,0
261007,2,1,1991,0,0,0,0,0,0,0,0,0,0
261007,3,1,1991,0,0,0,0,0,0,0,21,0,0
261008,1,1,1991,22,22,22,22,22,22,22,22,22,22
261009,1,1,1991,0,0,0,0,0,0,0,0,0,0
261010,1,1,1991,0,0,0,0,0,0,0,0,0,0
261011,1,1,1991,0,0,0,0,0,0,0,0,0,0
261012,1,1,1991,0,0,0,0,0,0,0,0,0,0
261013,1,1,1991,0,0,0,0,0,0,0,0,0,0
261013,2,1,1991,0,0,0,0,0,0,0,0,0,0
261014,1,1,1991,20,20,20,20,20,20,20,20,20,20
261014,2,1,1991,0,0,0,0,0,0,0,0,0,0
261015,1,1,1991,0,0,0,0,0,0,0,0,0,0
261015,2,1,1991,0,0,0,0,0,0,0,0,0,0
261016,1,1,1991,0,0,0,0,0,0,0,0,0,0
261016,2,1,1991,0,0,0,0,0,0,0,0,0,0
261017,1,1,1991,0,0,0,0,0,0,0,0,0,0
261018,1,1,1991,0,0,0,0,0,0,0,0,0,0
261018,2,1,1991,0,0,0,0,0,0,0,0,0,0
261019,1,1,1991,0,0,0,0,0,19,0,0,0,0
261020,0,1,1991,8,8,8,8,8,8,8,8,8,8
261020,1,1,1991,26,11,13,0,5,0,7,0,8,9
261021,1,1,1991,0,0,0,0,0,0,0,0,0,0
261021,2,1,1991,0,0,0,0,0,0,0,0,0,0
261022,0,1,1991,23,26,13,23,23,12,34,0,19,33
261022,1,1,1991,0,0,5,0,0,26,0,0,0,6
261023,0,1,1991,32,32,32,32,32,32,32,32,32,32
261023,1,1,1991,8,8,8,8,8,8,8,8,8,8
261024,1,1,1991,12,12,12,12,12,12,12,12,12,12
261025,1,1,1991,18,18,18,18,18,18,18,18,18,18
261026,1,1,1991,0,0,0,0,0,0,0,0,0,0
261027,1,1,1991,26,18,8,22,30,22,26,22,14,23
261028,1,1,1991,0,0,0,0,0,0,0,0,0,0
261028,2,1,1991,0,0,0,0,0,0,0,0,0,0
261029,1,1,1991,0,0,0,0,0,0,0,0,0,0
261029,2,1,1991,8,8,8,8,8,8,8,8,8,8
261030,0,1,1991,21,13,27,4,10,41,6,21,15,0
261030,1,1,1991,3,3,3,3,3,3,3,3,3,3
261031,0,1,1991,0,0,0,0,0,0,0,0,0,0
261031,1,1,1991,0,0,0,0,0,0,0,0,0,0
261032,1,1,1991,21,21,21,21,21,21,21,21,21,21
261033,1,1,1991,11,11,11,11,11,11,11,11,11,11
261034,1,1,1991,7,17,19,27,17,0,17,22,21,0
261035,0,1,1991,1,1,1,1,1,1,1,1,1,1
261035,1,1,1991,9,17,15,4,6,22,0,18,0,0
261036,1,1,1991,0,0,0,0,0,0,0,0,0,0
261036,2,1,1991,0,0,0,0,0,0,0,0,15,0
261037,1,1,1991,0,0,0,0,0,0,0,0,0,0
261038,1,1,1991,0,0,0,0,0,0,0,0,0,0
261038,2,1,1991,0,0,0,0,0,0,0,0,0,0
261039,1,1,1991,28,28,28,28,28,28,28,28,28,28
261040,1,1,1991,0,0,0,0,0,0,0,0,0,0
261040,2,1,1991,0,0,0,0,0,0,0,0,0,0
261041,0,1,1991,0,0,0,0,0,0,0,0,0,13
261041,1,1,1991,0,0,0,0,0,0,0,0,0,0
261042,1,1,1991,0,0,0,0,0,0,0,0,0,0
261042,2,1,1991,0,0,0,0,0,0,0,0,0,0
261043,1,1,1991,5,19,20,12,10,18,7,31,19,24
261043,2,1,1991,15,15,15,15,15,15,15,15,15,15
261044,0,1,1991,27,27,27,27,27,27,27,27,27,27
261044,1,1,1991,13,13,13,13,13,13,13,13,13,13
261045,1,1,1991,19,19,19,19,19,19,19,19,19,19
261046,1,1,1991,12,22,14,16,15,28,9,24,7,0
261046,2,1,1991,0,0,7,9,0,0,22,24,0,0
261046,3,1,1991,0,0,0,17,0,0,0,0,0,0
261047,1,1,1991,0,0,0,0,0,0,0,0,0,0
261047,2,1,1991,0,0,0,0,0,0,0,0,0,0
261048,1,1,1991,14,28,21,25,22,57,20,41,32,17
261048,2,1,1991,0,0,26,0,19,0,0,0,26,0
261049,0,1,1991,33,35,21,0,31,0,7,4,8,19
261049,1,1,1991,13,13,13,13,13,13,13,13,13,13
261050,1,1,1991,15,16,20,3,12,9,4,18,12,13
261051,1,1,1991,4,4,4,4,4,4,4,4,4,4
261051,2,1,1991,0,0,0,0,0,0,0,0,0,0
261051,3,1,1991,0,0,0,0,0,0,0,0,0,0
261052,1,1,1991,17,17,17,17,17,17,17,17,17,17
261053,1,1,1991,10,11,13,9,13,17,20,16,18,18
261054,1,1,1991,21,0,27,16,18,20,24,19,22,10
261055,1,1,1991,0,0,0,0,0,0,0,0,0,0
261055,2,1,1991,0,0,0,0,0,0,0,0,0,0
261056,0,1,1991,0,0,0,0,0,0,0,0,0,0
261056,1,1,1991,0,0,0,0,0,0,0,0,0,0
261057,1,1,1991,25,25,25,25,25,25,25,25,25,25
261057,2,1,1991,0,0,0,0,0,0,0,0,0,0
261058,0,1,1991,16,25,2,19,14,19,29,19,18,32
261058,1,1,1991,0,0,0,0,0,0,0,0,0,0
261059,1,1,1991,0,0,0,0,0,0,0,0,0,0
261059,2,1,1991,0,0,0,0,0,0,0,0,0,0
261060,1,1,1991,0,0,5,20,23,0,0,0,0,18
261061,0,1,1991,0,0,0,0,0,0,0,0,0,0
261061,1,1,1991,4,4,4,4,4,4,4,4,4,4
261062,1,1,1991,0,0,0,0,0,0,0,0,0,0
261062,2,1,1991,0,0,0,0,0,0,0,0,0,0
261062,3,1,1991,14,0,12,17,16,8,0,14,20,20
261062,4,1,1991,0,0,0,0,0,0,0,0,0,0
261062,5,1,1991,0,0,0,0,0,0,0,0,0,0
261062,6,1,1991,0,0,0,0,0,0,0,0,0,0
261063,1,1,1991,26,26,26,26,26,26,26,26,26,26
261064,0,1,1991,24,21,27,0,0,0,16,0,22,22
261064,1,1,1991,0,0,0,0,0,0,15,20,5,0
261065,1,1,1991,10,10,10,10,10,10,10,10,10,10
261065,2,1,1991,22,22,22,22,22,22,22,22,22,22
261065,3,1,1991,0,4,0,0,0,0,0,0,8,0
261066,0,1,1991,30,30,30,30,30,30,30,30,30,30
261066,1,1,1991,6,6,6,6,6,6,6,6,6,6
261067,1,1,1991,16,16,16,16,16,16,16,16,16,16
261068,0,1,1991,45,29,32,21,24,18,25,3,6,16
261068,1,1,1991,0,0,11,0,16,15,8,0,0,0
261069,0,1,1991,0,0,0,0,17,11,0,0,0,0
261070,1,1,1991,19,19,19,19,19,19,19,19,19,19
261071,0,1,1991,0,0,0,0,0,0,0,0,0,0
261071,1,1,1991,0,0,0,0,0,0,0,0,0,0
261072,1,1,1991,0,0,16,16,0,20,0,37,18,18
261073,1,1,1991,36,36,36,36,36,36,36,36,36,36
261074,1,1,1991,0,0,0,0,0,0,0,0,0,0
261074,2,1,1991,0,0,0,0,0,0,0,0,0,0
261075,0,1,1991,35,35,35,35,35,35,35,35,35,35
261075,1,1,1991,11,11,11,11,11,11,11,11,11,11
261076,1,1,1991,16,16,16,16,16,16,16,16,16,16
261076,2,1,1991,0,0,0,0,0,0,0,0,0,0
261077,1,1,1991,0,0,0,0,0,0,0,0,0,0
261077,2,1,1991,0,0,0,0,0,0,0,0,0,0
261078,1,1,1991,0,0,0,0,0,0,0,0,0,0
261078,2,1,1991,0,0,0,0,0,0,0,0,0,0
261079,1,1,1991,20,14,22,14,11,6,23,7,15,18
261080,1,1,1991,29,29,29,29,29,29,29,29,29,29
261080,2,1,1991,0,0,0,0,0,0,0,0,0,0
261081,1,1,1991,25,25,25,25,25,25,25,25,25,25
261082,1,1,1991,30,30,30,30,30,30,30,30,30,30
261083,1,1,1991,21,21,21,21,21,21,21,21,21,21
261083,2,1,1991,0,0,0,0,0,0,0,0,0,0
261085,1,1,1991,0,0,0,0,0,9,0,0,0,0
261085,2,1,1991,0,0,0,0,0,0,0,0,0,0
261086,1,1,1991,18,18,18,18,18,18,18,18,18,18
261087,1,1,1991,0,0,0,0,0,0,0,0,0,0
261087,2,1,1991,0,0,0,0,0,0,0,0,0,0
261087,3,1,1991,0,0,0,0,0,0,0,0,0,0
261087,4,1,1991,0,0,0,0,0,0,0,0,0,8
261088,1,1,1991,0,0,0,0,0,0,0,0,0,0
261089,0,1,1991,0,0,0,0,0,0,0,0,0,0
261089,1,1,1991,0,0,0,0,0,0,0,0,0,0
261090,0,1,1991,0,32,0,0,0,19,0,0,0,0
261090,1,1,1991,0,0,17,0,0,0,0,0,7,0
261091,0,1,1991,23,23,23,23,23,23,23,23,23,23
261091,1,1,1991,0,0,0,0,0,0,0,0,0,0
261092,1,1,1991,23,8,6,21,11,17,19,11,29,19
261092,2,1,1991,0,0,0,0,0,0,0,0,0,0
261093,1,1,1991,0,0,0,0,0,0,0,0,0,0
261093,2,1,1991,1,1,1,1,1,1,1,1,1,1
261094,1,1,1991,0,0,0,0,0,0,0,0,0,0
261095,1,1,1991,22,22,22,22,22,22,22,22,22,22
261095,2,1,1991,0,0,0,0,0,0,0,0,0,0
261096,1,1,1991,1,1,1,1,1,1,1,1,1,1
261097,1,1,1991,0,0,0,0,0,0,0,0,0,0
261097,2,1,1991,0,0,0,0,0,0,7,0,0,0
261098,1,1,1991,0,0,8,0,0,0,0,0,0,0
261098,2,1,1991,0,0,0,0,0,0,0,0,0,0
261099,1,1,1991,0,0,0,0,0,0,0,0,0,0
261099,2,1,1991,0,0,0,0,0,0,0,0,0,0
261100,1,1,1991,0,0,0,13,0,0,0,0,0,0
261100,2,1,1991,0,0,0,0,0,0,0,0,0,0
261101,1,1,1991,0,0,0,0,0,0,0,0,0,0
261101,2,1,1991,0,0,0,0,0,0,0,0,0,0
261101,3,1,1991,0,0,0,0,0,0,0,0,0,0
261102,1,1,1991,23,23,23,23,23,23,23,23,23,23
261103,1,1,1991,9,9,9,9,9,9,9,9,9,9
261103,2,1,1991,1,1,1,1,1,1,1,1,1,1
261104,0,1,1991,0,0,0,6,0,0,0,0,0,0
261104,1,1,1991,0,0,0,0,0,0,0,0,0,0
261105,1,1,1991,0,0,0,0,0,0,0,0,0,0
261105,2,1,1991,0,0,0,0,0,0,0,0,0,0
261107,1,1,1991,0,0,0,0,0,0,0,0,0,0
261108,1,1,1991,0,0,0,0,0,0,0,0,0,0
261108,2,1,1991,0,0,0,0,0,0,0,0,0,0
261109,1,1,1991,0,0,0,0,0,0,0,0,0,0
261109,2,1,1991,0,0,0,0,0,0,0,0,0,0
261110,1,1,1991,0,0,0,0,0,0,0,0,0,0