ST_CASE,VEH_NO,PER_NO,YEAR,P1,P2,P3,P4,P5,P6,P7,P8,P9,P10
261110,2,1,1991,0,0,0,0,0,0,0,0,0,0
261111,1,1,1991,15,0,0,13,0,10,0,0,0,0
261112,1,1,1991,16,16,16,16,16,16,16,16,16,16
261112,2,1,1991,9,9,9,9,9,9,9,9,9,9
261113,1,1,1991,29,29,29,29,29,29,29,29,29,29
261114,0,1,1991,19,19,19,19,19,19,19,19,19,19
261114,1,1,1991,12,20,18,8,0,0,4,5,0,0
261115,1,1,1991,26,16,20,11,13,18,0,31,25,25
261116,1,1,1991,0,0,0,0,0,0,0,0,0,0
261116,2,1,1991,0,0,0,0,0,0,0,0,0,0
261117,1,1,1991,0,0,0,0,0,0,0,0,0,0
261117,2,1,1991,0,0,0,0,0,0,0,0,0,0
261118,1,1,1991,0,0,0,0,0,0,0,0,0,0
261118,2,1,1991,0,0,0,0,0,0,0,0,0,0
261119,1,1,1991,0,0,0,0,23,0,0,0,0,24
261119,2,1,1991,0,9,0,0,0,0,0,0,0,0
261120,1,1,1991,0,0,0,0,0,0,0,0,0,0
261120,2,1,1991,0,0,0,0,0,0,0,0,0,0
261121,0,1,1991,0,0,0,0,0,0,0,0,0,0
261121,1,1,1991,0,0,0,0,0,0,0,0,0,0
261122,1,1,1991,0,0,0,0,0,0,0,0,0,0
261123,0,1,1991,29,29,29,29,29,29,29,29,29,29
261123,1,1,1991,0,0,0,0,0,0,0,0,0,0
261124,1,1,1991,2,2,2,2,2,2,2,2,2,2
261125,1,1,1991,3,3,3,3,3,3,3,3,3,3
261125,2,1,1991,8,18,26,16,8,2,13,11,7,20
261126,1,1,1991,0,0,0,0,0,0,0,0,0,0
261126,2,1,1991,0,0,0,0,0,0,0,0,0,0
261127,1,1,1991,7,7,7,7,7,7,7,7,7,7
261128,1,1,1991,0,0,0,0,0,0,0,0,0,0
261129,1,1,1991,20,20,20,20,20,20,20,20,20,20
261130,1,1,1991,0,14,0,0,0,0,0,0,0,0
261131,1,1,1991,13,7,26,8,4,18,28,20,4,15
261131,2,1,1991,0,0,0,0,10,0,0,0,0,0
261132,1,1,1991,0,0,0,0,0,0,0,0,0,0
261132,2,1,1991,0,0,0,0,0,0,0,0,0,0
261133,0,1,1991,0,0,0,0,0,0,0,0,0,0
261133,0,2,1991,0,0,0,0,0,0,20,0,0,0
261133,1,1,1991,0,0,0,0,0,0,0,0,0,0
261134,1,1,1991,11,21,27,24,26,19,31,38,26,18
261135,1,1,1991,2,2,2,2,2,2,2,2,2,2
261136,1,1,1991,0,0,0,0,0,17,16,0,0,16
261136,2,1,1991,0,0,0,0,0,0,29,0,0,0
261136,3,1,1991,0,0,0,0,0,0,0,0,0,0
261137,1,1,1991,0,0,0,0,0,0,0,0,0,0
261137,2,1,1991,0,0,0,0,0,0,12,0,0,0
261138,1,1,1991,0,0,0,0,0,0,0,0,0,0
261138,2,1,1991,0,0,0,0,0,0,0,0,0,0
261139,1,1,1991,0,0,0,0,0,0,0,0,0,0
261139,2,1,1991,0,0,0,0,0,0,0,0,0,0
261139,3,1,1991,0,0,18,0,0,0,0,0,0,0
261140,0,1,1991,20,0,0,0,0,0,0,0,0,0
261140,1,1,1991,0,0,0,0,0,0,0,0,0,0
261141,1,1,1991,0,0,0,0,0,0,0,0,0,0
261141,2,1,1991,0,19,18,0,0,0,17,0,23,0
261142,1,1,1991,6,6,6,6,6,6,6,6,6,6
261143,0,1,1991,6,6,6,6,6,6,6,6,6,6
261143,1,1,1991,0,0,19,0,0,0,0,0,0,0
261144,1,1,1991,12,12,12,12,12,12,12,12,12,12
261145,0,1,1991,25,25,25,25,25,25,25,25,25,25
261145,0,2,1991,0,20,14,0,27,0,0,10,25,0
261145,1,1,1991,13,13,13,13,13,13,13,13,13,13
261146,0,1,1991,0,0,0,0,0,0,0,0,0,0
261146,1,1,1991,0,0,0,0,0,14,0,15,0,0
261147,0,1,1991,0,0,0,0,0,0,0,0,0,0
261147,1,1,1991,0,0,0,0,0,0,0,0,0,0
261148,0,1,1991,0,0,0,0,0,0,0,0,0,0
261148,1,1,1991,0,0,0,0,0,0,0,0,0,0
261149,1,1,1991,25,25,25,25,25,25,25,25,25,25
261150,1,1,1991,0,0,12,0,0,0,0,0,0,0
261150,2,1,1991,0,0,0,0,0,0,0,0,0,0
261151,1,1,1991,0,0,0,0,0,0,0,0,0,0
261151,2,1,1991,0,0,0,0,0,22,0,0,0,0
261152,1,1,1991,0,0,0,0,15,19,8,0,0,26
261153,1,1,1991,0,0,0,0,0,0,0,0,0,0
261154,1,1,1991,0,0,0,0,0,0,0,0,0,0
261154,2,1,1991,0,0,0,0,0,0,0,0,0,0
261155,1,1,1991,10,10,10,10,10,10,10,10,10,10
261155,2,1,1991,18,18,18,18,18,18,18,18,18,18
261155,3,1,1991,0,0,0,0,0,0,0,0,0,0
261156,1,1,1991,0,0,0,0,0,0,0,0,0,0
261156,2,1,1991,0,0,0,0,0,0,0,0,0,0
261157,1,1,1991,0,0,0,0,0,0,0,0,0,0
261157,2,1,1991,1,1,1,1,1,1,1,1,1,1
261158,1,1,1991,0,0,0,0,0,0,0,0,0,0
261160,1,1,1991,0,0,0,0,0,0,0,0,0,0
261161,0,1,1991,33,0,0,0,0,0,0,0,0,0
261161,1,1,1991,0,0,0,0,0,0,0,0,0,0
261162,0,1,1991,28,28,28,28,28,28,28,28,28,28
261162,1,1,1991,0,0,0,0,0,0,0,0,0,0
261163,1,1,1991,0,0,0,0,0,22,0,0,0,0
261163,2,1,1991,0,0,0,0,0,0,0,0,0,0
261164,1,1,1991,0,0,0,0,0,0,0,0,0,0
261164,2,1,1991,0,0,0,0,0,0,0,0,0,0
261165,1,1,1991,0,0,0,0,0,0,0,0,13,0
261165,2,1,1991,0,0,0,0,0,0,0,0,0,0
261166,1,1,1991,16,16,16,16,16,16,16,16,16,16
261166,2,1,1991,0,0,0,0,0,0,0,0,0,0
261167,0,1,1991,24,24,24,24,24,24,24,24,24,24
261167,1,1,1991,0,0,0,0,0,0,9,0,0,0
261168,1,1,1991,0,0,0,0,0,0,0,0,0,0
261168,2,1,1991,0,0,0,0,0,0,0,0,0,0
261169,0,1,1991,17,0,0,0,0,17,19,0,0,0
261169,1,1,1991,0,0,0,0,0,0,0,0,0,0
261170,0,1,1991,1,1,1,1,1,1,1,1,1,1
261170,1,1,1991,0,0,0,0,0,0,0,0,0,0
261171,1,1,1991,6,6,6,6,6,6,6,6,6,6
261171,2,1,1991,0,0,0,0,0,0,0,0,0,0
261172,1,1,1991,0,0,0,0,0,0,0,0,0,0
261173,1,1,1991,0,0,0,0,0,0,0,0,0,0
261174,1,1,1991,19,4,11,10,18,27,18,12,10,19
261175,0,1,1991,0,0,9,0,0,28,0,0,0,0
261175,1,1,1991,0,0,0,0,0,0,0,0,0,0
261176,1,1,1991,0,0,0,0,0,0,0,0,0,0
261176,2,1,1991,0,0,0,0,0,0,0,0,0,0
261177,0,1,1991,0,0,0,0,0,0,0,0,0,8
261177,1,1,1991,0,0,0,0,0,0,0,0,0,0
261178,1,1,1991,0,0,0,0,0,0,0,0,0,0
261178,2,1,1991,0,19,20,40,9,19,0,24,17,17
261179,1,1,1991,21,21,21,21,21,21,21,21,21,21
261179,2,1,1991,0,0,0,0,0,0,0,0,0,0
261180,1,1,1991,0,0,0,0,0,0,0,0,0,0
261180,2,1,1991,0,0,0,0,0,0,0,0,0,0
261181,0,1,1991,0,21,0,0,0,0,0,12,0,0
261181,1,1,1991,0,0,0,0,0,0,0,0,0,0
261182,1,1,1991,20,20,20,20,20,20,20,20,20,20
261182,2,1,1991,0,0,0,0,0,0,0,0,0,0
261183,1,1,1991,0,0,0,0,4,0,0,0,0,0
261183,2,1,1991,0,0,0,0,0,0,0,0,0,0
261184,1,1,1991,23,23,23,23,23,23,23,23,23,23
261184,2,1,1991,17,0,0,0,0,0,0,0,0,0
261185,1,1,1991,0,0,0,0,0,0,0,0,0,0
261185,2,1,1991,0,0,0,10,0,0,0,0,0,0
261186,0,1,1991,0,0,0,0,0,0,0,0,0,0
261186,1,1,1991,0,0,0,0,0,0,0,0,0,0
261187,1,1,1991,0,0,0,0,0,0,0,0,0,0
261188,0,1,1991,0,0,0,0,0,0,0,0,0,0
261188,1,1,1991,21,21,21,21,21,21,21,21,21,21
261189,1,1,1991,17,22,25,7,13,20,18,20,11,11
261190,0,1,1991,18,11,0,18,5,18,13,18,32,10
261190,1,1,1991,0,0,0,0,0,0,0,0,0,0
261191,0,1,1991,0,0,31,0,0,21,0,0,0,12
261191,1,1,1991,0,0,0,0,0,0,0,0,0,0
261192,1,1,1991,0,0,0,0,0,0,0,0,0,0
261192,2,1,1991,22,13,0,11,6,0,4,0,20,6
261193,1,1,1991,21,21,21,21,21,21,21,21,21,21
261194,1,1,1991,0,0,0,0,0,0,0,0,0,0
261194,2,1,1991,0,0,0,0,0,0,0,0,0,0
261195,0,1,1991,0,0,0,0,0,0,0,0,0,0
261195,1,1,1991,0,0,0,0,0,0,0,0,0,0
261196,1,1,1991,32,32,32,32,32,32,32,32,32,32
261196,2,1,1991,0,0,0,0,17,10,0,28,0,0
261197,0,1,1991,0,0,0,0,0,0,0,0,0,0
261197,1,1,1991,0,0,0,0,0,0,0,0,0,0
261198,1,1,1991,17,17,17,17,17,17,17,17,17,17
261199,1,1,1991,0,0,0,0,0,0,0,0,0,0
261199,2,1,1991,0,0,0,0,0,0,0,0,0,0
261200,1,1,1991,0,0,0,0,0,0,0,0,0,0
261200,2,1,1991,0,0,0,0,0,0,0,0,0,0
261201,1,1,1991,0,0,0,0,0,0,0,0,0,0
261202,1,1,1991,18,18,18,18,18,18,18,18,18,18
261203,1,1,1991,0,0,0,0,0,0,0,0,0,0
261203,2,1,1991,18,0,21,18,0,0,0,0,0,0
261204,1,1,1991,0,0,0,0,0,0,0,0,0,0
261204,2,1,1991,0,0,0,0,0,0,0,0,0,0
261205,1,1,1991,0,0,0,0,0,0,0,0,0,0
261205,2,1,1991,0,0,0,0,0,0,0,0,0,0
261206,1,1,1991,0,0,0,0,0,0,0,0,0,30
261207,0,1,1991,17,0,0,0,0,0,0,0,0,0
261207,1,1,1991,0,0,0,0,0,0,0,16,0,0
261207,2,1,1991,0,0,0,0,0,0,0,0,0,0
261208,1,1,1991,0,0,0,0,0,0,0,0,0,0
261208,2,1,1991,0,0,0,0,14,0,0,0,0,0
261209,1,1,1991,30,24,9,18,0,0,0,8,0,0
261210,1,1,1991,0,0,0,0,0,0,0,0,0,0
261211,1,1,1991,0,0,0,0,0,0,0,0,0,0
261211,2,1,1991,0,0,0,0,0,0,0,0,0,0
261212,0,1,1991,0,25,0,0,0,0,34,0,0,0
261212,1,1,1991,0,0,0,0,0,0,0,0,0,0
261213,0,1,1991,10,0,0,0,0,0,0,0,0,0
261213,1,1,1991,0,0,0,0,0,0,0,0,0,0
261214,1,1,1991,0,0,0,0,0,0,0,0,0,0
261214,2,1,1991,0,0,0,0,0,0,0,0,0,0
261215,1,1,1991,0,0,0,0,0,0,0,0,0,0
261215,2,1,1991,0,0,0,0,0,0,0,0,0,0
261216,1,1,1991,0,0,0,0,0,0,0,0,0,0
261216,2,1,1991,0,0,0,0,0,0,0,0,0,0
261216,3,1,1991,0,0,0,0,0,0,0,0,0,0
261217,1,1,1991,11,11,11,11,11,11,11,11,11,11
261217,2,1,1991,0,0,0,0,0,0,0,0,0,0
261218,1,1,1991,0,0,0,0,0,0,0,0,0,0
261218,2,1,1991,0,0,0,0,0,0,0,0,0,0
261219,1,1,1991,21,21,21,21,21,21,21,21,21,21
261220,1,1,1991,0,0,0,0,0,0,0,0,0,0
261220,2,1,1991,0,0,0,0,0,0,0,0,0,0
261221,1,1,1991,0,0,0,0,0,0,0,0,0,0
261221,2,1,1991,0,0,0,0,0,0,0,0,0,0
261221,3,1,1991,0,0,0,0,0,0,0,0,0,0
261223,0,1,1991,0,0,0,0,0,0,0,0,0,0
261223,1,1,1991,11,11,11,11,11,11,11,11,11,11
261224,1,1,1991,14,14,14,14,14,14,14,14,14,14
261224,2,1,1991,16,16,16,16,16,16,16,16,16,16
261225,1,1,1991,16,0,0,11,16,14,17,8,31,10
261225,2,1,1991,35,16,10,19,16,17,19,25,24,20
261226,1,1,1991,0,0,0,0,0,0,0,0,0,0
261226,2,1,1991,0,0,0,0,0,0,0,0,0,0
261227,1,1,1991,0,0,0,0,0,0,16,0,0,0
261228,1,1,1991,0,0,0,0,0,0,0,0,0,0
261228,2,1,1991,0,0,0,0,0,0,0,0,0,0
261229,1,1,1991,14,14,14,14,14,14,14,14,14,14
261230,1,1,1991,8,8,8,8,8,8,8,8,8,8
261231,0,1,1991,0,0,0,0,0,0,0,0,0,0
261231,1,1,1991,0,0,0,0,0,0,0,0,0,0
261232,1,1,1991,5,5,5,5,5,5,5,5,5,5
261232,2,1,1991,0,0,0,0,0,0,0,0,0,0
261233,1,1,1991,9,9,9,9,9,9,9,9,9,9
261233,2,1,1991,0,0,0,0,0,0,0,0,0,0
261234,0,1,1991,0,25,0,0,0,0,15,0,0,0
261234,1,1,1991,0,0,0,0,0,0,0,0,0,0
261235,1,1,1991,3,3,3,3,3,3,3,3,3,3
261236,1,1,1991,20,18,21,6,18,10,24,11,5,20
261236,2,1,1991,20,20,20,20,20,20,20,20,20,20
261237,0,1,1991,0,0,0,0,0,0,0,0,14,0
261237,1,1,1991,0,0,0,0,0,0,0,0,0,0
261238,1,1,1991,0,0,0,0,0,0,0,0,0,0
261238,2,1,1991,0,0,0,0,0,0,0,0,0,0
261239,1,1,1991,22,22,22,22,22,22,22,22,22,22
261239,2,1,1991,0,0,0,0,0,0,0,0,0,0
261240,1,1,1991,1,1,1,1,1,1,1,1,1,1
261240,2,1,1991,0,0,0,0,0,0,0,0,0,0
261241,1,1,1991,0,0,0,0,12,0,0,0,0,0
261242,0,1,1991,20,20,20,20,20,20,20,20,20,20
261242,1,1,1991,0,0,0,0,0,0,0,0,0,0
261243,1,1,1991,13,6,0,27,0,0,0,0,0,0
261243,2,1,1991,0,0,0,26,0,0,0,0,0,0
261244,1,1,1991,0,0,0,0,0,0,0,0,0,0
261244,2,1,1991,0,0,0,0,0,0,0,11,0,0
261245,1,1,1991,0,0,0,0,0,0,0,0,0,0
261245,2,1,1991,0,0,0,0,0,0,0,0,0,0
261247,1,1,1991,0,0,0,15,17,0,0,0,0,0
261247,2,1,1991,0,0,0,0,0,0,0,0,0,0
261248,1,1,1991,17,17,17,17,17,17,17,17,17,17
261248,2,1,1991,0,0,0,0,0,0,0,0,0,0
261249,1,1,1991,18,18,18,18,18,18,18,18,18,18
261249,2,1,1991,5,5,5,5,5,5,5,5,5,5
261250,0,1,1991,8,21,34,23,25,16,32,11,9,18
261250,1,1,1991,13,15,12,16,11,14,12,18,18,0
261251,0,1,1991,8,24,29,39,29,25,12,21,0,24
261251,1,1,1991,0,0,0,0,0,0,17,0,0,0
261252,1,1,1991,16,0,11,19,0,0,4,33,29,0
261252,2,1,1991,13,12,21,15,22,19,10,31,21,12
261253,1,1,1991,12,29,24,18,21,36,0,19,0,18
261253,2,1,1991,0,0,0,0,0,0,0,0,0,0
261254,1,1,1991,0,0,0,0,0,0,0,0,0,0
261254,2,1,1991,0,0,0,0,0,0,0,0,0,0
261255,0,1,1991,17,26,28,13,45,31,0,16,38,13
261255,1,1,1991,0,0,0,0,9,0,0,0,0,0
261256,0,1,1991,0,17,16,0,12,0,0,26,5,0
261256,1,1,1991,0,0,0,0,0,0,0,0,0,0
261257,0,1,1991,0,0,0,0,0,0,0,0,0,0
261257,1,1,1991,17,17,17,17,17,17,17,17,17,17
261258,1,1,1991,21,4,0,18,0,0,0,0,0,24
261259,1,1,1991,9,11,13,5,9,20,11,7,16,10
261259,2,1,1991,0,0,0,17,0,0,0,0,17,0
261260,1,1,1991,13,13,13,13,13,13,13,13,13,13
261261,0,1,1991,0,0,0,0,0,0,0,0,0,0
261261,1,1,1991,0,0,0,0,0,0,0,0,0,0
261262,1,1,1991,9,6,5,21,5,6,9,13,0,16
261262,2,1,1991,0,31,17,16,10,8,5,16,0,20
261263,1,1,1991,0,0,0,0,0,0,0,0,0,0
261263,2,1,1991,0,0,0,0,0,0,0,0,0,0
261264,0,1,1991,0,0,0,0,0,0,0,0,0,0
261264,1,1,1991,20,20,20,20,20,20,20,20,20,20
261265,0,1,1991,2,2,2,2,2,2,2,2,2,2
261265,1,1,1991,0,15,15,32,29,21,14,15,0,8
261266,1,1,1991,38,38,38,38,38,38,38,38,38,38
261266,2,1,1991,15,15,15,15,15,15,15,15,15,15
261267,0,1,1991,0,0,0,0,0,0,0,0,0,0
261267,1,1,1991,0,0,0,0,0,0,0,0,0,0
261268,1,1,1991,32,32,32,32,32,32,32,32,32,32
261268,2,1,1991,0,0,0,0,0,0,0,0,0,0
261269,0,1,1991,22,14,10,12,18,30,8,3,14,10
261269,1,1,1991,0,36,0,0,0,0,15,15,15,0
261270,1,1,1991,0,0,0,0,0,0,0,0,0,0
261270,2,1,1991,21,8,18,20,14,14,22,0,24,39
261271,1,1,1991,4,4,4,4,4,4,4,4,4,4
261271,2,1,1991,0,0,0,0,0,0,0,0,0,0
261272,1,1,1991,0,0,0,0,0,0,0,0,0,0
261272,2,1,1991,0,0,0,6,0,0,0,0,0,0
261273,1,1,1991,0,0,0,0,0,0,0,0,0,0
261273,2,1,1991,0,0,0,0,0,0,0,0,0,0
261274,1,1,1991,0,0,0,0,0,0,0,0,0,0
261274,2,1,1991,0,0,0,0,0,0,0,0,0,0
261275,1,1,1991,9,10,19,14,11,0,1,22,8,12
261276,1,2,1991,23,24,11,23,49,19,30,33,12,29
261277,1,1,1991,0,0,0,0,0,0,0,0,0,0
261278,1,1,1991,5,0,0,13,8,32,15,11,17,10
261278,2,1,1991,0,0,0,0,0,0,0,0,0,0
261279,1,1,1991,11,11,11,11,11,11,11,11,11,11
261279,2,1,1991,0,0,0,32,0,13,0,37,0,0
261280,1,1,1991,0,0,0,0,0,0,0,0,0,0
261280,2,1,1991,0,0,0,0,0,0,0,0,0,0
261280,3,1,1991,0,0,0,0,0,0,0,0,0,0
261281,1,1,1991,20,20,20,20,20,20,20,20,20,20
261281,2,1,1991,0,0,0,0,0,0,0,0,0,0
261282,1,1,1991,0,0,0,0,0,0,0,0,0,0
261282,2,1,1991,0,0,0,0,0,0,0,0,0,0
261282,3,1,1991,0,0,14,0,0,0,0,0,0,0
261283,1,1,1991,0,0,0,0,0,0,0,0,0,0
261284,1,1,1991,0,0,0,0,0,0,0,0,0,0
261284,2,1,1991,0,0,0,0,0,0,0,0,0,0
261285,1,1,1991,17,28,0,25,16,26,16,28,8,7
261286,0,1,1991,4,0,12,13,28,0,0,0,17,14
261286,1,1,1991,0,0,0,0,0,0,0,0,0,0
261287,1,1,1991,0,0,0,0,0,0,0,0,0,0
261287,2,1,1991,0,0,0,0,0,0,0,0,0,0
261288,1,1,1991,0,0,19,0,0,0,0,0,0,0
261288,2,1,1991,13,0,0,0,0,0,0,0,0,0
261289,1,1,1991,0,0,0,0,0,0,0,0,0,0
261289,2,1,1991,0,0,0,0,0,0,0,0,0,0
261290,1,1,1991,0,0,0,0,0,0,0,0,0,0
261290,2,1,1991,0,0,0,0,0,0,0,0,0,0
261291,1,1,1991,0,0,0,0,0,0,0,0,0,0
261292,1,1,1991,0,0,0,0,0,0,0,0,0,0
261292,2,1,1991,0,0,0,0,22,0,0,7,9,0
261293,0,1,1991,0,0,0,0,0,0,0,0,0,0
261293,1,1,1991,0,0,0,0,0,0,0,0,0,0
261293,2,1,1991,0,0,0,0,0,0,0,0,0,0
261293,3,1,1991,0,0,0,0,0,0,0,0,0,0
261294,1,1,1991,11,9,21,27,21,26,19,28,21,10
261295,0,1,1991,0,20,16,0,0,0,0,0,0,0
261295,1,1,1991,14,0,3,29,15,17,12,0,0,41
261296,1,1,1991,0,0,0,0,0,0,0,0,0,0
261296,2,1,1991,0,0,0,0,0,18,0,0,0,0
261297,1,1,1991,0,0,0,0,0,0,0,0,0,0
261297,2,1,1991,0,11,0,0,0,0,0,0,0,0
261298,1,1,1991,0,0,0,0,0,0,0,0,0,0
261298,2,1,1991,0,0,0,0,0,0,0,0,0,0
261299,1,1,1991,11,30,3,20,6,24,12,20,0,15
261299,2,1,1991,0,0,0,0,0,0,0,0,0,0
261300,1,1,1991,0,0,0,0,0,0,0,0,0,0
261300,2,1,1991,0,0,0,0,0,0,0,0,0,0
270001,1,1,1991,7,7,7,7,7,7,7,7,7,7
270002,1,1,1991,0,0,0,0,0,0,0,0,0,0
270002,2,1,1991,0,0,0,0,0,0,0,0,0,0
270003,1,1,1991,2,2,2,2,2,2,2,2,2,2
270003,2,1,1991,29,29,29,29,29,29,29,29,29,29
270004,0,1,1991,27,0,22,0,0,0,0,27,0,6
270004,1,1,1991,0,0,0,0,0,0,0,0,0,0
270005,1,1,1991,0,0,0,0,0,0,0,0,0,0
270005,2,1,1991,0,0,0,0,0,0,0,0,0,0
270006,1,1,1991,0,0,0,0,0,0,0,0,0,0
270006,2,1,1991,0,0,0,0,0,0,0,0,0,0
270007,1,1,1991,0,0,0,0,0,0,0,0,0,0
270007,2,1,1991,0,0,0,0,0,0,0,0,0,0
270007,3,1,1991,0,0,0,0,0,0,0,0,0,0
270008,1,1,1991,0,0,0,0,0,0,0,0,0,0
270008,2,1,1991,0,0,0,0,0,0,0,0,0,0
270009,1,1,1991,0,0,0,0,0,0,0,0,0,0
270009,2,1,1991,0,0,0,0,0,0,0,0,0,0
270010,1,1,1991,7,7,7,7,7,7,7,7,7,7
270011,1,1,1991,0,0,0,0,0,0,0,0,0,0
270011,2,1,1991,0,0,0,0,0,0,0,0,0,0
270012,1,1,1991,0,0,0,0,0,0,0,0,0,0
270012,2,1,1991,0,0,0,0,0,0,0,0,0,0
270013,1,1,1991,0,0,14,0,0,0,0,9,0,20
270013,2,1,1991,0,0,0,0,6,0,0,11,0,0
270014,1,1,1991,10,8,20,37,7,4,10,10,12,10
270015,1,1,1991,0,0,8,0,0,0,0,0,0,0
270015,2,1,1991,18,18,18,18,18,18,18,18,18,18
270016,1,1,1991,25,25,25,25,25,25,25,25,25,25
270017,1,1,1991,0,0,0,0,0,0,0,0,0,0
270017,2,1,1991,0,0,0,0,0,0,0,0,0,0
270018,0,1,1991,0,0,0,0,0,0,0,0,0,0
270019,1,1,1991,0,0,0,0,0,0,0,0,0,0
270019,2,1,1991,0,0,0,0,0,0,0,0,0,0
270020,1,1,1991,20,20,20,20,20,20,20,20,20,20
270021,1,1,1991,0,0,0,0,0,0,0,0,0,0
270021,2,1,1991,0,0,0,0,0,0,0,0,0,0
270022,0,1,1991,0,0,22,0,0,0,0,0,0,0
270022,1,1,1991,0,0,0,0,0,0,0,0,0,0
270023,1,1,1991,21,21,21,21,21,21,21,21,21,21
270023,2,1,1991,0,0,0,0,0,0,0,0,0,0
270024,1,1,1991,0,0,0,0,0,0,0,0,0,0
270024,2,1,1991,0,0,0,0,0,0,0,0,0,0
270025,1,1,1991,6,6,6,6,6,6,6,6,6,6
270026,1,1,1991,0,0,0,0,0,0,0,0,0,0
270026,2,1,1991,0,0,0,0,0,0,0,0,0,0
270027,1,1,1991,0,0,0,0,0,0,0,0,0,0
270027,2,1,1991,0,0,0,0,0,0,0,0,0,0
270028,1,1,1991,13,13,13,13,13,13,13,13,13,13
270029,1,1,1991,0,0,0,0,0,0,0,0,0,0
270029,2,1,1991,0,0,0,0,0,0,0,0,0,0
270030,1,2,1991,13,16,5,27,9,13,0,12,0,0
270031,1,1,1991,0,0,0,0,0,0,0,0,0,0
270031,2,1,1991,0,0,0,0,0,0,0,0,0,0
270032,1,1,1991,0,0,0,0,0,0,0,0,0,0
270032,2,1,1991,0,0,0,0,0,0,0,0,0,0
270032,3,1,1991,0,0,0,0,0,0,0,0,0,0
270032,4,1,1991,0,0,10,0,0,0,13,0,29,14
270033,1,1,1991,29,29,29,29,29,29,29,29,29,29
270034,1,1,1991,0,0,0,0,0,0,0,0,0,0
270035,1,1,1991,0,0,0,0,0,0,0,0,0,0
270035,2,1,1991,0,0,0,0,0,0,0,0,0,0
270036,1,1,1991,0,0,0,0,0,0,0,0,0,0
270036,2,1,1991,0,0,0,0,0,0,0,0,0,0
270037,1,1,1991,0,0,0,0,0,0,0,0,0,0
270038,0,1,1991,0,0,0,0,0,0,0,0,0,0
270038,0,2,1991,24,0,0,15,0,0,35,11,12,0
270038,1,1,1991,0,0,0,0,0,0,9,0,0,0
270039,1,1,1991,0,0,0,0,0,0,0,0,0,0
270039,2,1,1991,0,0,0,0,0,0,0,0,0,0
270040,1,1,1991,22,22,22,22,22,22,22,22,22,22
270041,1,1,1991,0,0,0,0,0,0,0,0,0,0
270041,2,1,1991,0,0,0,0,0,0,0,0,0,0
270042,1,1,1991,0,0,0,0,13,0,0,0,0,0
270043,0,1,1991,0,0,0,0,0,0,0,0,0,0
270043,2,1,1991,0,0,0,0,0,0,0,0,0,0
270044,1,1,1991,0,0,0,0,0,0,0,0,0,0
270044,2,1,1991,0,0,0,0,0,0,0,0,0,0
270045,1,1,1991,0,14,0,0,4,0,0,0,0,0
270045,2,1,1991,0,0,0,0,0,0,0,0,0,0
270046,1,1,1991,24,24,24,24,24,24,24,24,24,24
270047,1,1,1991,0,0,0,0,0,0,0,0,0,0
270047,2,1,1991,0,12,0,0,0,0,0,0,0,0
270048,1,1,1991,26,26,26,26,26,26,26,26,26,26
270049,1,1,1991,6,6,6,6,6,6,6,6,6,6
270051,1,1,1991,13,13,13,13,13,13,13,13,13,13
270052,1,1,1991,20,20,20,20,20,20,20,20,20,20
270053,1,1,1991,11,11,11,11,11,11,11,11,11,11
270054,1,1,1991,9,0,0,13,5,14,10,0,0,0
270055,0,1,1991,14,14,14,14,14,14,14,14,14,14
270055,1,1,1991,14,0,0,0,16,17,0,28,0,21
270056,1,1,1991,0,0,0,0,0,0,0,0,0,0
270056,2,1,1991,0,0,0,0,0,0,0,0,0,0
270057,0,1,1991,13,13,13,13,13,13,13,13,13,13
270057,1,1,1991,8,8,8,8,8,8,8,8,8,8
270058,1,1,1991,0,0,0,10,0,0,0,0,0,0
270059,1,1,1991,0,0,0,0,0,0,0,0,0,0
270060,1,1,1991,1,1,1,1,1,1,1,1,1,1
270060,2,1,1991,0,0,0,0,0,0,0,0,0,0
270061,1,1,1991,0,0,0,0,0,0,0,0,0,0
270061,2,1,1991,18,18,18,18,18,18,18,18,18,18
270062,1,1,1991,0,7,4,0,0,0,0,0,6,0
270063,1,1,1991,0,0,0,0,0,0,0,0,0,0
270064,1,1,1991,0,0,0,0,0,0,0,0,0,0
270065,1,1,1991,3,3,3,3,3,3,3,3,3,3
270066,1,1,1991,0,0,0,0,0,0,0,0,0,0
270067,1,1,1991,11,11,11,11,11,11,11,11,11,11
270068,1,1,1991,0,0,0,0,0,0,21,0,0,0
270069,1,1,1991,0,0,0,0,0,0,0,0,0,0
270069,2,1,1991,14,14,14,14,14,14,14,14,14,14
270070,0,1,1991,0,0,0,0,0,0,0,0,0,0
270070,1,1,1991,0,0,0,13,0,0,0,0,0,0
270071,1,1,1991,6,6,6,6,6,6,6,6,6,6
270072,1,1,1991,0,0,0,0,0,0,0,0,0,0
270072,2,1,1991,0,0,0,0,0,0,0,0,0,0
270073,1,1,1991,2,22,7,14,4,15,10,11,20,3
270074,1,1,1991,12,8,23,16,25,20,9,7,10,18
270075,1,1,1991,0,0,0,0,0,0,0,0,0,0
270076,1,1,1991,5,5,5,5,5,5,5,5,5,5
270077,1,1,1991,6,6,6,6,6,6,6,6,6,6
270077,2,1,1991,0,0,0,0,0,0,0,0,0,0
270078,0,1,1991,0,0,0,0,0,0,0,0,0,0
270078,1,1,1991,0,6,8,13,17,8,11,20,22,9
270079,1,1,1991,2,2,2,2,2,2,2,2,2,2
270079,2,1,1991,0,0,0,0,0,0,0,0,0,0
270080,1,1,1991,11,11,11,11,11,11,11,11,11,11