ST_CASE,VEH_NO,PER_NO,YEAR,P1,P2,P3,P4,P5,P6,P7,P8,P9,P10
280186,1,1,1991,0,0,0,0,0,0,0,0,0,0
280186,2,1,1991,10,10,10,10,10,10,10,10,10,10
280187,1,1,1991,32,32,32,32,32,32,32,32,32,32
280188,1,1,1991,0,0,0,0,0,0,0,0,0,0
280188,2,1,1991,0,0,0,0,0,0,0,0,0,0
280189,1,1,1991,0,0,0,0,19,0,6,16,0,11
280190,1,1,1991,0,0,0,0,0,0,0,0,0,0
280190,2,1,1991,0,0,0,0,0,0,0,0,0,19
280191,1,1,1991,12,12,12,12,12,12,12,12,12,12
280192,1,1,1991,19,19,19,19,19,19,19,19,19,19
280193,1,1,1991,0,0,0,0,0,0,0,0,0,0
280193,2,1,1991,0,0,0,0,0,0,0,0,0,0
280194,1,1,1991,24,24,24,24,24,24,24,24,24,24
280195,1,1,1991,0,0,0,0,0,0,0,0,0,0
280195,2,1,1991,0,9,0,0,14,0,13,0,0,0
280196,1,1,1991,0,0,0,0,0,0,0,0,0,0
280196,2,1,1991,0,0,0,0,0,0,0,0,0,0
280197,1,1,1991,0,0,0,0,0,0,0,0,0,0
280198,0,1,1991,17,17,17,17,17,17,17,17,17,17
280198,1,1,1991,0,0,0,0,0,0,0,0,0,0
280199,1,1,1991,0,0,15,0,0,0,0,0,0,0
280200,1,1,1991,0,0,0,0,0,0,0,0,0,0
280200,2,1,1991,0,0,0,0,0,0,0,0,0,0
280201,1,1,1991,13,13,13,13,13,13,13,13,13,13
280202,1,1,1991,11,11,11,11,11,11,11,11,11,11
280202,2,1,1991,0,0,0,0,0,0,0,0,0,0
280203,1,1,1991,18,18,18,18,18,18,18,18,18,18
280204,1,1,1991,0,0,0,0,0,0,0,0,0,0
280205,1,1,1991,18,18,18,18,18,18,18,18,18,18
280206,0,1,1991,23,23,23,23,23,23,23,23,23,23
280206,1,1,1991,0,0,5,4,9,19,16,0,0,7
280207,1,1,1991,16,16,16,16,16,16,16,16,16,16
280208,1,1,1991,0,0,0,0,0,0,28,0,0,0
280208,2,1,1991,0,0,0,0,0,0,0,0,0,0
280209,1,1,1991,0,0,0,0,0,0,0,0,0,0
280209,2,1,1991,0,0,0,0,0,0,0,0,0,0
280210,1,1,1991,0,0,0,0,0,0,0,0,0,0
280211,1,1,1991,0,0,0,0,0,0,0,0,0,0
280212,1,1,1991,0,0,0,0,0,0,0,0,0,0
280212,2,1,1991,0,0,0,0,0,0,0,0,0,0
280213,1,1,1991,10,10,10,10,10,10,10,10,10,10
280215,0,1,1991,0,0,0,0,0,0,0,0,0,0
280215,1,1,1991,0,0,0,0,0,0,0,0,0,0
280216,1,1,1991,2,2,2,2,2,2,2,2,2,2
280216,2,1,1991,0,0,0,0,0,0,0,0,0,0
280217,1,1,1991,30,30,30,30,30,30,30,30,30,30
280218,0,1,1991,0,0,0,0,0,0,28,0,0,0
280218,1,1,1991,0,0,0,0,0,0,0,0,0,0
280219,1,1,1991,0,0,0,0,0,0,18,0,0,0
280220,1,1,1991,0,0,0,0,0,0,0,0,0,0
280220,2,1,1991,0,0,0,0,0,0,0,0,0,0
280221,1,1,1991,0,0,0,30,11,0,0,25,0,14
280221,2,1,1991,0,0,0,0,0,0,0,0,0,0
280222,1,1,1991,0,0,0,0,0,0,0,0,0,0
280222,2,1,1991,19,19,19,19,19,19,19,19,19,19
280223,1,1,1991,0,0,0,0,0,0,0,0,0,0
280224,1,1,1991,0,0,0,0,0,14,0,0,0,0
280224,2,1,1991,0,0,0,0,0,0,0,0,0,0
280225,1,1,1991,0,0,0,0,0,0,0,0,0,0
280225,2,1,1991,0,0,0,0,0,0,0,0,0,0
280226,1,1,1991,19,19,19,19,19,19,19,19,19,19
280227,1,1,1991,23,23,23,23,23,23,23,23,23,23
280228,1,1,1991,0,0,0,0,0,0,0,0,0,0
280229,1,1,1991,21,21,21,21,21,21,21,21,21,21
280230,0,1,1991,0,0,0,0,0,0,0,0,0,0
280230,1,1,1991,0,0,6,0,0,0,0,0,0,0
280231,1,1,1991,0,0,0,0,0,0,0,0,0,0
280231,2,1,1991,0,0,0,0,0,0,0,0,0,0
280232,1,1,1991,27,27,27,27,27,27,27,27,27,27
280233,1,1,1991,12,12,12,12,12,12,12,12,12,12
280234,0,1,1991,0,0,0,0,0,0,0,0,0,0
280234,1,1,1991,0,0,0,0,0,0,0,0,0,0
280235,1,1,1991,0,0,0,0,0,0,0,15,0,0
280235,2,1,1991,0,0,0,0,0,0,0,0,0,0
280236,1,1,1991,20,20,20,20,20,20,20,20,20,20
280237,1,1,1991,15,0,0,0,0,0,0,0,0,0
280237,2,1,1991,0,0,18,0,0,0,0,0,0,0
280238,1,1,1991,0,0,0,0,0,0,0,0,0,0
280238,2,1,1991,0,0,0,0,0,0,0,0,0,0
280239,1,1,1991,9,9,9,9,9,9,9,9,9,9
280240,1,1,1991,0,0,0,0,0,0,0,0,0,0
280240,2,1,1991,0,0,0,0,0,0,0,0,0,0
280241,1,1,1991,4,4,4,4,4,4,4,4,4,4
280242,1,1,1991,0,0,0,0,0,0,0,0,0,0
280242,2,1,1991,0,0,0,0,0,0,0,0,0,0
280243,1,1,1991,0,0,0,0,0,0,0,0,3,0
280243,2,1,1991,0,0,0,0,0,0,0,0,0,0
280244,1,1,1991,0,0,0,0,0,0,0,0,0,0
280244,2,1,1991,0,0,0,0,0,0,0,0,0,0
280245,1,1,1991,1,1,1,1,1,1,1,1,1,1
280245,2,1,1991,0,0,0,0,0,0,0,0,0,0
280246,1,1,1991,0,0,0,0,0,0,15,13,0,14
280246,2,1,1991,7,7,7,7,7,7,7,7,7,7
280247,0,1,1991,20,20,20,20,20,20,20,20,20,20
280247,1,1,1991,0,0,0,0,0,0,0,0,0,0
280248,1,1,1991,0,0,11,0,0,0,0,0,0,0
280248,2,1,1991,0,0,0,0,0,0,0,0,0,0
280249,1,1,1991,0,7,0,0,0,0,0,0,0,0
280249,2,1,1991,0,0,0,0,0,0,0,0,0,0
280250,1,1,1991,15,15,15,15,15,15,15,15,15,15
280251,0,1,1991,21,21,21,21,21,21,21,21,21,21
280251,1,1,1991,20,0,0,0,0,0,0,0,0,0
280252,1,1,1991,0,20,0,0,0,0,0,0,0,0
280252,2,1,1991,0,0,0,0,0,0,0,0,0,0
280253,1,1,1991,0,0,0,2,0,0,0,0,0,0
280254,1,1,1991,0,0,0,0,0,0,6,0,0,0
280254,2,1,1991,0,0,0,0,0,0,0,0,0,0
280255,1,1,1991,31,31,31,31,31,31,31,31,31,31
280256,1,1,1991,11,11,11,11,11,11,11,11,11,11
280257,1,1,1991,0,0,0,0,0,0,0,0,0,0
280257,2,1,1991,0,0,0,0,0,0,0,0,0,0
280259,1,1,1991,0,0,0,0,0,0,0,0,0,0
280259,2,1,1991,0,0,0,0,0,0,0,0,0,0
280260,1,1,1991,17,17,17,17,17,17,17,17,17,17
280260,2,1,1991,17,17,17,17,17,17,17,17,17,17
280261,1,1,1991,21,21,21,21,21,21,21,21,21,21
280262,1,1,1991,0,0,0,0,0,0,0,0,0,0
280263,1,1,1991,12,12,12,12,12,12,12,12,12,12
280264,1,1,1991,0,0,0,0,0,0,0,0,0,0
280265,1,1,1991,8,8,8,8,8,8,8,8,8,8
280266,1,1,1991,0,0,0,0,0,0,0,0,0,0
280267,1,1,1991,8,8,8,8,8,8,8,8,8,8
280268,1,1,1991,14,14,14,14,14,14,14,14,14,14
280269,1,1,1991,0,0,0,0,0,0,0,0,0,0
280270,1,1,1991,0,0,0,0,0,0,0,0,0,0
280270,2,1,1991,0,0,0,0,0,0,0,0,0,0
280271,1,1,1991,0,0,0,0,0,0,0,0,0,0
280272,0,1,1991,0,0,0,0,0,0,0,0,0,0
280272,1,1,1991,0,0,0,0,0,0,0,0,0,0
280273,1,1,1991,0,0,0,0,0,0,0,0,0,0
280274,1,1,1991,0,0,0,0,0,0,0,0,0,0
280274,2,1,1991,0,0,0,0,0,0,0,0,0,0
280275,1,1,1991,0,0,0,0,0,0,0,0,0,0
280276,1,1,1991,0,0,0,0,0,0,0,0,0,0
280277,1,1,1991,0,0,0,0,0,0,0,0,0,0
280277,2,1,1991,0,0,0,0,0,0,0,0,0,0
280278,1,1,1991,0,0,12,0,0,0,0,0,12,0
280279,1,1,1991,0,0,11,0,0,0,0,0,0,0
280280,1,1,1991,0,0,0,0,0,0,0,0,0,0
280281,1,1,1991,0,0,0,0,0,15,0,0,11,0
280282,1,1,1991,0,0,0,0,0,0,0,32,0,0
280283,1,1,1991,0,0,0,0,8,0,0,0,0,0
280283,2,1,1991,0,0,0,11,0,0,0,0,7,5
280284,1,1,1991,15,15,15,15,15,15,15,15,15,15
280285,1,1,1991,19,19,19,19,19,19,19,19,19,19
280286,1,1,1991,0,0,0,0,0,0,0,0,0,0
280287,1,1,1991,0,0,0,0,0,0,0,0,0,0
280288,1,1,1991,27,27,27,27,27,27,27,27,27,27
280289,1,1,1991,0,0,0,0,0,0,0,0,0,0
280289,2,1,1991,0,0,0,0,0,0,0,0,0,0
280290,1,1,1991,0,0,0,0,0,0,0,0,0,0
280290,2,1,1991,0,0,0,0,0,0,0,0,0,0
280291,1,1,1991,0,0,0,0,0,0,0,0,0,0
280291,2,1,1991,0,0,0,0,0,0,0,0,0,0
280291,3,1,1991,15,0,0,0,0,0,0,0,17,0
280292,1,1,1991,0,27,0,18,0,0,0,0,0,0
280293,1,1,1991,17,17,17,17,17,17,17,17,17,17
280294,1,1,1991,0,0,0,0,0,0,0,0,0,0
280294,2,1,1991,0,0,0,0,0,0,0,0,0,0
280295,1,1,1991,0,0,0,0,0,0,0,0,0,0
280295,2,1,1991,25,25,25,25,25,25,25,25,25,25
280297,0,1,1991,0,0,14,0,0,0,0,0,0,0
280297,1,1,1991,0,0,0,0,0,0,0,0,0,0
280298,1,1,1991,0,0,0,0,0,0,0,0,0,0
280298,2,1,1991,0,0,0,0,0,0,0,0,0,0
280299,1,1,1991,21,21,21,21,21,21,21,21,21,21
280300,1,1,1991,23,23,23,23,23,23,23,23,23,23
280301,1,1,1991,0,0,0,0,0,0,0,0,0,0
280302,1,1,1991,10,0,0,0,0,0,0,0,0,0
280302,2,1,1991,0,0,0,16,0,0,0,0,0,0
280302,3,1,1991,0,0,0,0,0,0,0,0,0,0
280303,1,1,1991,22,22,22,22,22,22,22,22,22,22
280304,1,1,1991,0,0,0,0,0,0,21,0,0,0
280304,2,1,1991,0,0,0,0,0,0,0,0,0,0
280305,1,1,1991,0,0,0,0,0,0,0,0,0,0
280305,2,1,1991,0,0,0,0,0,0,0,0,0,0
280306,1,1,1991,0,0,0,0,0,0,0,0,0,0
280306,2,1,1991,0,0,0,0,0,0,0,0,0,0
280307,1,1,1991,0,0,0,0,0,0,0,0,0,0
280308,1,1,1991,0,0,0,0,0,0,0,0,0,0
280308,2,1,1991,0,0,0,0,0,0,0,0,0,0
280309,1,1,1991,6,0,0,25,0,13,0,0,0,0
280310,1,1,1991,0,0,0,0,0,0,0,0,0,0
280310,2,1,1991,0,0,0,0,0,0,0,0,0,0
280312,1,1,1991,0,0,0,0,0,0,0,0,0,0
280312,2,1,1991,0,0,0,0,0,7,0,0,0,0
280313,1,1,1991,0,0,0,0,0,0,0,0,0,0
280313,2,1,1991,0,0,0,0,0,0,0,0,0,0
280314,1,1,1991,0,0,0,0,0,0,0,0,0,0
280314,2,1,1991,16,16,16,16,16,16,16,16,16,16
280314,3,1,1991,0,0,0,0,0,0,0,0,0,0
280315,1,1,1991,29,29,29,29,29,29,29,29,29,29
280315,2,1,1991,0,0,0,0,0,0,0,0,0,0
280316,1,1,1991,16,13,0,0,0,0,0,0,0,11
280316,2,1,1991,0,0,0,0,0,0,0,0,0,0
280317,1,1,1991,0,21,20,13,25,25,19,0,12,19
280318,1,1,1991,0,0,0,0,0,0,0,0,0,0
280318,2,1,1991,0,0,0,0,0,0,0,0,0,0
280319,1,1,1991,0,0,0,0,0,0,0,0,0,0
280319,2,1,1991,0,0,0,0,0,0,0,0,0,0
280320,1,1,1991,0,0,0,0,0,0,0,0,0,0
280320,2,1,1991,0,0,0,0,0,0,0,0,0,0
280321,1,1,1991,0,23,35,0,21,0,0,0,0,0
280322,1,1,1991,12,12,12,12,12,12,12,12,12,12
280323,0,1,1991,20,20,20,20,20,20,20,20,20,20
280323,1,1,1991,0,0,0,0,0,0,0,0,0,0
280324,1,1,1991,0,0,0,0,0,0,0,0,0,0
280324,2,1,1991,0,0,0,0,0,0,0,0,0,0
280325,1,1,1991,18,18,18,18,18,18,18,18,18,18
280326,1,1,1991,0,0,0,0,0,0,0,0,0,0
280327,1,1,1991,0,0,0,0,0,0,0,0,0,0
280327,2,1,1991,0,0,0,0,0,0,0,0,0,0
280328,0,1,1991,0,0,0,0,0,0,0,0,0,0
280328,1,1,1991,0,0,0,0,0,0,0,0,0,0
280329,1,1,1991,14,14,14,14,14,14,14,14,14,14
280330,1,1,1991,20,20,20,20,20,20,20,20,20,20
280330,2,1,1991,0,0,0,0,0,0,0,0,0,0
280331,1,1,1991,18,18,18,18,18,18,18,18,18,18
280332,1,1,1991,13,13,13,13,13,13,13,13,13,13
280332,2,1,1991,13,13,13,13,13,13,13,13,13,13
280333,1,1,1991,0,0,0,0,0,0,0,0,0,0
280334,1,1,1991,0,0,0,0,0,0,0,0,0,0
280335,1,1,1991,0,0,0,0,0,0,0,0,0,0
280336,1,1,1991,6,6,6,6,6,6,6,6,6,6
280336,2,1,1991,0,0,0,0,0,0,0,0,0,0
280338,1,1,1991,0,0,0,0,0,0,0,0,0,0
280338,2,1,1991,0,0,0,0,0,0,0,0,0,0
280338,3,1,1991,0,0,0,0,0,0,0,0,0,0
280338,4,1,1991,0,0,0,0,0,0,0,0,0,0
280339,1,1,1991,0,0,0,0,0,0,0,0,0,0
280340,1,1,1991,0,0,0,0,0,0,0,0,0,0
280341,1,1,1991,0,0,0,0,0,0,0,0,0,0
280341,2,1,1991,0,0,0,0,0,0,0,0,0,0
280342,1,1,1991,17,17,17,17,17,17,17,17,17,17
280343,1,1,1991,0,0,0,0,0,0,0,0,0,0
280343,2,1,1991,0,0,0,0,0,0,0,0,0,0
280344,1,1,1991,19,19,19,19,19,19,19,19,19,19
280345,1,1,1991,0,0,0,0,0,0,0,0,0,0
280345,2,1,1991,0,0,0,0,0,0,0,0,0,0
280347,1,1,1991,0,0,0,0,0,0,0,0,0,0
280347,2,1,1991,0,0,0,0,0,0,0,0,0,0
280349,1,1,1991,0,0,0,0,0,0,0,0,0,0
280349,2,1,1991,0,0,0,0,0,0,0,0,0,0
280350,1,1,1991,0,0,0,0,0,0,0,0,0,0
280350,2,1,1991,0,0,0,0,0,0,0,0,0,0
280351,1,1,1991,14,14,14,14,14,14,14,14,14,14
280352,0,1,1991,0,0,0,0,0,0,0,0,0,0
280352,1,1,1991,0,0,0,0,0,0,0,0,0,0
280353,1,1,1991,0,0,0,0,0,0,0,0,0,0
280354,1,1,1991,0,0,0,0,0,0,0,0,0,0
280355,1,1,1991,0,0,0,0,0,0,0,0,0,0
280355,2,1,1991,0,0,0,0,0,0,0,0,0,0
280356,1,1,1991,0,0,0,0,0,0,0,0,0,0
280356,2,1,1991,7,7,7,7,7,7,7,7,7,7
280357,1,1,1991,0,0,0,0,0,0,0,0,0,0
280357,2,1,1991,0,0,0,0,0,0,0,0,0,0
280358,1,1,1991,0,0,0,0,0,0,0,0,0,0
280359,1,1,1991,0,0,0,0,0,0,0,0,0,0
280359,2,1,1991,10,10,10,10,10,10,10,10,10,10
280360,1,1,1991,22,22,22,22,22,22,22,22,22,22
280361,1,1,1991,0,0,0,0,0,0,0,0,0,0
280361,2,1,1991,0,0,0,0,0,0,0,0,0,0
280362,0,1,1991,0,0,0,0,0,0,0,0,0,0
280362,1,1,1991,0,0,0,0,0,0,0,0,0,0
280363,1,1,1991,0,0,0,0,0,0,0,0,0,0
280363,2,1,1991,0,0,0,0,0,0,0,0,0,0
280364,1,1,1991,0,19,0,0,0,0,0,18,0,0
280364,2,1,1991,0,0,0,0,0,0,0,0,0,0
280365,1,1,1991,0,0,0,0,0,0,0,0,0,0
280366,1,1,1991,6,6,6,6,6,6,6,6,6,6
280367,1,1,1991,0,0,0,0,0,0,0,0,0,0
280367,2,1,1991,0,0,0,0,0,0,0,0,0,0
280368,1,1,1991,0,0,0,0,0,0,0,0,0,0
280368,2,1,1991,0,0,0,0,0,0,0,0,0,0
280369,1,1,1991,0,0,0,0,0,0,0,0,0,0
280369,2,1,1991,0,0,0,0,0,0,0,0,0,0
280370,1,1,1991,0,0,0,0,0,0,0,0,0,0
280370,2,1,1991,0,0,0,0,0,0,0,0,0,0
280371,1,1,1991,0,0,0,0,0,0,0,0,0,0
280371,2,1,1991,0,0,0,0,0,0,0,0,0,0
280372,1,1,1991,0,0,0,0,0,0,0,0,0,0
280373,1,1,1991,0,0,0,0,0,0,0,0,0,0
280373,2,1,1991,0,0,0,0,0,0,0,0,0,0
280374,1,1,1991,0,0,0,0,0,0,0,0,0,0
280375,1,1,1991,5,5,5,5,5,5,5,5,5,5
280376,0,1,1991,0,0,0,0,0,0,0,0,0,0
280376,1,1,1991,6,6,6,6,6,6,6,6,6,6
280377,1,1,1991,0,0,0,0,0,0,0,0,0,0
280378,0,1,1991,42,42,42,42,42,42,42,42,42,42
280378,1,1,1991,10,10,10,10,10,10,10,10,10,10
280379,1,1,1991,6,6,6,6,6,6,6,6,6,6
280379,2,1,1991,0,0,0,0,0,0,0,0,0,0
280380,1,1,1991,0,0,0,0,0,0,0,0,0,0
280380,2,1,1991,0,0,0,0,0,0,0,0,0,0
280381,1,1,1991,19,19,19,19,19,19,19,19,19,19
280382,1,1,1991,7,7,7,7,7,7,7,7,7,7
280383,1,1,1991,0,0,0,0,0,0,0,0,0,0
280384,1,1,1991,14,14,14,14,14,14,14,14,14,14
280385,1,1,1991,0,0,0,0,0,0,0,0,0,0
280386,1,1,1991,24,24,24,24,24,24,24,24,24,24
280387,1,1,1991,15,15,15,15,15,15,15,15,15,15
280388,1,1,1991,24,24,24,24,24,24,24,24,24,24
280389,1,1,1991,0,0,0,0,0,0,0,0,0,0
280390,1,1,1991,22,22,22,22,22,22,22,22,22,22
280391,1,1,1991,0,0,0,0,0,0,0,0,0,0
280392,1,1,1991,0,0,0,0,0,0,0,0,0,0
280393,1,1,1991,0,0,0,0,0,0,0,0,0,0
280393,2,1,1991,0,0,0,0,0,0,0,0,0,0
280394,1,1,1991,33,33,33,33,33,33,33,33,33,33
280394,2,1,1991,0,0,0,0,0,0,0,0,0,0
280395,1,1,1991,13,13,13,13,13,13,13,13,13,13
280396,1,1,1991,16,16,16,16,16,16,16,16,16,16
280397,1,1,1991,16,16,16,16,16,16,16,16,16,16
280397,2,1,1991,0,0,0,0,0,0,0,0,0,0
280398,1,1,1991,0,0,0,0,0,0,0,0,0,0
280399,1,1,1991,0,0,0,0,0,0,0,0,0,0
280400,1,1,1991,0,0,0,0,0,0,0,0,0,0
280400,2,1,1991,0,0,0,0,0,0,0,0,0,0
280401,1,1,1991,0,0,0,0,0,0,0,0,0,0
280402,1,1,1991,0,0,0,0,0,0,0,0,0,0
280402,2,1,1991,0,0,0,0,0,0,0,0,0,0
280403,1,1,1991,0,0,0,0,0,0,0,0,0,0
280403,2,1,1991,0,0,0,14,0,0,0,0,0,0
280404,1,1,1991,11,11,11,11,11,11,11,11,11,11
280405,0,1,1991,26,26,26,26,26,26,26,26,26,26
280405,1,1,1991,0,0,0,0,4,0,0,0,0,0
280406,1,1,1991,0,0,0,0,0,0,0,0,0,0
280406,2,1,1991,0,0,0,0,0,0,0,0,0,0
280407,0,1,1991,0,0,0,0,0,0,0,0,0,0
280407,1,1,1991,0,0,0,0,0,0,0,0,0,0
280408,1,1,1991,13,13,13,13,13,13,13,13,13,13
280409,1,1,1991,26,26,26,26,26,26,26,26,26,26
280410,1,1,1991,22,22,22,22,22,22,22,22,22,22
280410,2,1,1991,0,0,0,0,0,0,0,0,0,0
280411,1,1,1991,0,0,0,0,0,0,0,0,0,0
280411,2,1,1991,0,0,0,0,0,0,0,0,0,0
280411,3,1,1991,0,0,0,0,0,0,0,0,0,0
280412,1,1,1991,35,35,35,35,35,35,35,35,35,35
280414,0,1,1991,31,31,31,31,31,31,31,31,31,31
280414,1,1,1991,0,0,0,0,0,0,0,0,0,0
280415,1,1,1991,0,0,0,0,0,0,0,0,0,0
280416,1,1,1991,0,0,0,0,0,0,0,0,0,0
280416,2,1,1991,0,0,0,0,0,0,0,0,0,0
280417,1,1,1991,0,0,0,0,0,0,0,0,0,0
280417,2,1,1991,0,0,0,0,0,0,0,0,0,0
280418,1,1,1991,24,24,24,24,24,24,24,24,24,24
280419,1,1,1991,0,0,0,0,0,0,0,0,0,0
280420,1,1,1991,31,31,31,31,31,31,31,31,31,31
280421,1,1,1991,0,0,0,0,0,0,0,0,0,0
280422,1,1,1991,17,17,17,17,17,17,17,17,17,17
280423,1,1,1991,0,0,0,0,0,0,0,0,0,0
280424,1,1,1991,13,13,13,13,13,13,13,13,13,13
280425,1,1,1991,0,0,0,0,0,0,0,0,0,0
280426,1,1,1991,0,0,0,0,0,0,0,0,0,0
280427,1,1,1991,16,16,16,16,16,16,16,16,16,16
280428,1,1,1991,0,0,0,0,0,0,0,0,0,0
280428,2,1,1991,0,0,0,0,0,0,0,0,0,0
280429,1,1,1991,36,36,36,36,36,36,36,36,36,36
280429,2,1,1991,0,0,0,0,0,0,0,0,0,0
280430,0,1,1991,0,17,0,0,0,0,0,0,0,0
280430,1,1,1991,1,1,1,1,1,1,1,1,1,1
280431,1,1,1991,0,0,0,0,0,0,0,0,0,0
280431,2,1,1991,0,0,0,0,0,0,0,0,0,0
280432,1,1,1991,0,0,0,0,0,0,0,0,0,0
280432,2,1,1991,0,0,0,0,0,0,0,0,0,0
280432,3,1,1991,21,21,21,21,21,21,21,21,21,21
280432,4,1,1991,21,21,21,21,21,21,21,21,21,21
280433,1,1,1991,0,0,0,0,0,0,0,0,0,0
280433,2,1,1991,0,0,0,0,0,0,0,0,0,0
280434,0,1,1991,0,0,0,0,0,0,0,0,0,0
280434,1,1,1991,0,0,0,0,0,0,0,0,0,0
280435,1,1,1991,0,0,0,0,0,0,0,0,0,0
280436,1,1,1991,0,0,0,0,0,0,0,0,0,0
280437,1,1,1991,0,0,0,0,0,0,0,0,0,0
280438,1,1,1991,0,0,0,0,0,0,0,0,0,0
280438,2,1,1991,0,0,0,0,0,0,0,0,0,0
280439,1,1,1991,0,0,0,0,0,0,0,0,0,0
280439,2,1,1991,0,0,0,0,0,0,0,0,0,0
280440,1,1,1991,15,15,15,15,15,15,15,15,15,15
280441,1,1,1991,0,0,0,0,0,0,0,0,0,0
280441,2,1,1991,0,0,0,0,0,0,0,0,0,0
280442,1,1,1991,29,29,29,29,29,29,29,29,29,29
280443,0,1,1991,0,0,0,0,0,0,0,0,0,0
280443,1,1,1991,0,0,0,0,0,0,0,0,0,0
280444,1,1,1991,5,5,5,5,5,5,5,5,5,5
280446,1,1,1991,14,14,14,14,14,14,14,14,14,14
280447,1,1,1991,0,0,0,0,0,0,0,0,0,0
280447,2,1,1991,0,0,0,0,0,0,0,0,0,0
280448,1,1,1991,0,0,0,0,0,0,0,0,0,0
280448,2,1,1991,0,0,0,0,0,0,0,0,0,0
280449,1,1,1991,20,20,20,20,20,20,20,20,20,20
280450,0,1,1991,20,20,20,20,20,20,20,20,20,20
280450,1,1,1991,9,9,9,9,9,9,9,9,9,9
280451,1,1,1991,9,9,9,9,9,9,9,9,9,9
280452,1,1,1991,20,20,20,20,20,20,20,20,20,20
280453,1,1,1991,27,27,27,27,27,27,27,27,27,27
280454,1,1,1991,10,10,10,10,10,10,10,10,10,10
280455,1,1,1991,0,0,0,0,0,0,0,0,0,0
280456,1,1,1991,0,0,0,0,0,0,0,0,0,0
280456,2,1,1991,0,0,0,0,0,0,0,0,0,0
280457,1,1,1991,18,18,18,18,18,18,18,18,18,18
280458,1,1,1991,0,0,0,0,0,0,0,0,0,0
280458,2,1,1991,0,0,0,0,0,0,0,0,0,0
280459,1,1,1991,0,0,0,0,0,0,0,0,0,0
280459,2,1,1991,0,0,0,0,0,0,0,0,0,0
280460,1,1,1991,0,0,0,0,0,0,0,0,0,0
280460,2,1,1991,0,0,0,0,0,0,0,0,0,0
280460,3,1,1991,0,0,0,0,0,0,0,0,0,0
280461,1,1,1991,0,0,0,0,0,0,0,0,0,0
280462,1,1,1991,0,0,0,0,0,0,0,0,0,0
280463,1,1,1991,28,28,28,28,28,28,28,28,28,28
280465,1,1,1991,0,0,0,0,0,0,0,0,0,0
280465,2,1,1991,0,0,0,0,0,0,0,0,0,0
280466,1,1,1991,0,0,0,0,0,0,0,0,0,0
280466,2,1,1991,0,0,0,0,0,0,0,0,0,0
280467,1,1,1991,0,0,0,0,0,0,0,0,0,0
280468,1,1,1991,0,0,0,0,0,0,0,0,0,0
280469,1,1,1991,0,0,0,0,0,0,0,0,0,0
280470,1,1,1991,0,0,0,0,0,0,0,0,0,0
280471,0,1,1991,38,38,38,38,38,38,38,38,38,38
280471,1,1,1991,0,0,0,0,0,0,0,0,0,0
280472,1,1,1991,0,0,0,0,0,0,0,0,0,0
280472,2,1,1991,0,0,0,0,0,0,0,0,0,0
280473,1,1,1991,0,0,0,0,0,0,0,0,0,0
280473,2,1,1991,1,1,1,1,1,1,1,1,1,1
280474,1,1,1991,13,13,13,13,13,13,13,13,13,13
280474,2,1,1991,14,14,14,14,14,14,14,14,14,14
280475,1,1,1991,23,23,23,23,23,23,23,23,23,23
280476,0,1,1991,0,0,0,0,0,0,0,0,0,0
280476,1,1,1991,26,26,26,26,26,26,26,26,26,26
280477,1,1,1991,0,0,0,0,0,0,0,0,0,0
280477,2,1,1991,12,12,12,12,12,12,12,12,12,12
280477,3,1,1991,0,0,0,0,0,0,0,0,0,0
280478,1,1,1991,0,0,0,0,0,0,0,0,0,0
280479,1,1,1991,0,0,0,0,0,0,0,0,0,0
280479,2,1,1991,0,0,0,0,0,0,0,0,0,0
280480,1,1,1991,0,0,0,0,0,0,0,0,0,0
280480,2,1,1991,0,0,0,0,0,0,0,0,0,0
280481,1,1,1991,0,0,0,0,0,0,0,0,0,0
280482,1,1,1991,0,0,0,0,0,0,0,0,0,0
280483,0,1,1991,0,0,0,0,0,0,0,0,0,0
280483,1,1,1991,0,0,0,0,0,0,0,0,0,0
280484,1,1,1991,0,0,0,0,0,0,0,0,0,0
280484,2,1,1991,27,27,27,27,27,27,27,27,27,27
280485,1,1,1991,0,0,0,0,0,0,0,0,0,0
280486,1,1,1991,0,0,0,0,0,0,0,0,0,0
280486,2,1,1991,0,0,0,0,0,0,0,0,0,0
280487,1,1,1991,0,0,0,0,0,0,0,0,0,0
280487,2,1,1991,0,0,0,0,0,0,0,0,0,0
280488,1,1,1991,22,22,22,22,22,22,22,22,22,22
280489,1,1,1991,22,22,22,22,22,22,22,22,22,22
280490,1,1,1991,0,0,0,0,0,0,0,0,0,0
280490,2,1,1991,0,0,0,0,0,0,0,0,0,0
280491,0,1,1991,19,19,19,19,19,19,19,19,19,19
280491,1,1,1991,0,0,0,0,0,0,0,0,0,0
280492,1,1,1991,0,0,0,0,0,0,0,0,0,0
280492,2,1,1991,0,0,0,0,0,0,0,0,0,0
280493,1,1,1991,0,0,0,0,0,0,0,0,0,0
280494,1,1,1991,0,0,0,0,0,0,0,0,0,0
280494,2,1,1991,0,0,0,0,0,0,0,0,0,0
280495,1,1,1991,0,0,0,0,0,0,0,0,0,0
280495,2,1,1991,0,0,0,0,0,0,0,0,0,0
280496,1,1,1991,0,0,0,0,0,0,0,0,0,0
280496,2,1,1991,40,40,40,40,40,40,40,40,40,40
280497,1,1,1991,0,0,0,0,0,0,0,0,0,0
280497,2,1,1991,0,0,0,0,0,0,0,0,0,0
280498,1,1,1991,0,0,0,0,0,0,0,0,0,0