ST_CASE,VEH_NO,PER_NO,YEAR,P1,P2,P3,P4,P5,P6,P7,P8,P9,P10
280498,2,1,1991,0,0,0,0,0,0,0,0,0,0
280499,1,1,1991,0,0,0,0,0,0,0,0,0,0
280499,2,1,1991,0,0,0,0,0,0,0,0,0,0
280500,0,1,1991,0,0,0,0,0,0,0,0,0,0
280500,1,1,1991,0,0,0,0,0,0,0,0,0,0
280501,1,1,1991,27,27,27,27,27,27,27,27,27,27
280502,1,1,1991,30,30,30,30,30,30,30,30,30,30
280503,1,1,1991,0,0,0,0,0,0,0,0,0,0
280504,1,1,1991,0,0,0,0,0,0,0,0,0,0
280504,2,1,1991,0,0,0,0,0,0,0,0,0,0
280504,3,1,1991,0,0,0,0,0,0,0,0,0,0
280505,1,1,1991,0,0,0,0,0,0,0,0,0,0
280506,1,1,1991,0,0,0,0,0,0,0,0,0,0
280506,2,1,1991,0,0,0,0,0,0,0,0,0,0
280507,1,1,1991,0,0,0,0,0,0,0,0,0,0
280507,2,1,1991,0,0,0,0,0,0,0,0,0,0
280508,1,1,1991,5,5,5,5,5,5,5,5,5,5
280509,1,1,1991,35,35,35,35,35,35,35,35,35,35
280510,1,1,1991,0,0,0,0,0,0,0,0,0,0
280510,2,1,1991,0,0,0,0,0,0,0,0,0,0
280511,1,1,1991,0,0,0,0,0,0,0,0,0,0
280511,2,1,1991,19,19,19,19,19,19,19,19,19,19
280512,1,1,1991,0,0,0,0,0,0,0,0,0,0
280513,1,1,1991,0,0,0,0,0,0,0,0,0,0
280513,2,1,1991,0,0,0,0,0,0,0,0,0,0
280513,3,1,1991,0,0,0,0,0,0,0,0,0,0
280514,1,1,1991,3,3,3,3,3,3,3,3,3,3
280514,2,1,1991,0,0,0,0,0,0,0,0,0,0
280515,0,1,1991,10,10,10,10,10,10,10,10,10,10
280515,1,1,1991,0,0,0,0,0,0,0,0,0,0
280516,0,1,1991,0,0,0,0,0,0,0,0,0,0
280516,1,1,1991,0,0,0,0,0,0,0,0,0,0
280517,1,1,1991,8,8,8,8,8,8,8,8,8,8
280517,2,1,1991,8,8,8,8,8,8,8,8,8,8
280518,1,1,1991,0,0,0,0,0,0,0,0,0,0
280518,2,1,1991,0,0,0,0,0,0,0,0,0,0
280519,1,1,1991,0,0,0,0,0,0,0,0,0,0
280520,1,1,1991,0,0,0,0,0,0,0,0,0,0
280521,1,1,1991,8,8,8,8,8,8,8,8,8,8
280522,1,1,1991,0,0,0,0,0,0,0,0,0,0
280523,1,1,1991,0,0,0,0,0,0,0,0,0,0
280523,2,1,1991,0,0,0,0,0,0,0,0,0,0
280524,1,1,1991,0,0,0,0,0,0,0,0,0,0
280524,2,1,1991,0,0,0,0,0,0,0,0,0,0
280525,0,1,1991,0,0,0,0,0,0,0,0,0,0
280525,1,1,1991,0,0,0,0,0,0,0,0,0,0
280526,1,1,1991,0,0,0,0,0,0,0,0,0,0
280526,2,1,1991,0,0,0,0,0,0,0,0,0,0
280527,1,1,1991,0,0,0,0,0,0,0,0,0,0
280528,1,1,1991,0,0,0,0,0,0,0,0,0,0
280529,1,1,1991,5,5,5,5,5,5,5,5,5,5
280529,2,1,1991,0,0,0,0,0,0,0,0,0,0
280530,1,1,1991,21,21,21,21,21,21,21,21,21,21
280531,1,1,1991,0,0,0,0,0,0,0,0,0,0
280532,1,1,1991,31,31,31,31,31,31,31,31,31,31
280532,2,1,1991,19,19,19,19,19,19,19,19,19,19
280533,1,1,1991,0,0,0,0,0,0,0,0,0,0
280534,1,1,1991,0,0,0,0,0,0,0,0,0,0
280535,1,1,1991,0,0,0,0,0,0,0,0,0,0
280536,1,1,1991,0,0,0,0,0,0,0,0,0,0
280537,1,1,1991,0,0,0,0,0,0,0,0,0,0
280537,2,1,1991,0,0,0,0,0,0,0,0,0,0
280538,1,1,1991,0,0,0,0,0,0,0,0,0,0
280539,1,1,1991,0,0,0,0,0,0,0,0,0,0
280540,1,1,1991,22,22,22,22,22,22,22,22,22,22
280541,1,1,1991,0,0,0,0,0,0,0,0,0,0
280542,1,1,1991,12,12,12,12,12,12,12,12,12,12
280542,2,1,1991,22,22,22,22,22,22,22,22,22,22
280543,1,1,1991,0,0,0,0,0,0,0,0,0,0
280543,2,1,1991,0,0,0,0,0,0,0,0,0,0
280544,1,1,1991,0,0,0,0,0,0,0,0,0,0
280544,2,1,1991,0,0,0,0,0,0,0,0,0,0
280545,1,1,1991,0,0,0,0,0,0,0,0,0,0
280545,2,1,1991,0,0,0,0,0,0,0,0,0,0
280546,1,1,1991,0,0,0,0,0,0,0,0,0,0
280546,2,1,1991,0,0,0,0,0,0,0,0,0,0
280547,1,1,1991,0,0,0,0,0,0,0,0,0,0
280548,1,1,1991,0,0,0,0,0,0,0,0,0,0
280548,2,1,1991,0,0,0,0,0,0,0,0,0,0
280549,1,1,1991,8,8,8,8,8,8,8,8,8,8
280550,1,1,1991,0,0,0,0,0,0,0,0,0,0
280550,2,1,1991,9,9,9,9,9,9,9,9,9,9
280551,1,1,1991,0,0,0,0,0,0,0,0,0,0
280551,2,1,1991,0,0,0,0,0,0,0,0,0,0
280552,1,1,1991,0,0,0,0,0,0,0,0,0,0
280553,0,1,1991,0,0,0,0,0,0,0,0,0,0
280553,1,1,1991,0,0,0,0,0,0,0,0,0,0
280554,1,1,1991,0,0,0,0,0,0,0,0,0,0
280554,2,1,1991,0,0,0,0,0,0,0,0,0,0
280555,0,1,1991,24,24,24,24,24,24,24,24,24,24
280555,1,1,1991,0,0,0,0,0,0,0,0,0,0
280556,1,1,1991,0,0,0,0,0,0,0,0,0,0
280556,2,1,1991,0,0,0,0,0,0,0,0,0,0
280557,1,1,1991,0,0,0,0,0,0,0,0,0,0
280558,0,1,1991,20,20,20,20,20,20,20,20,20,20
280558,1,1,1991,0,0,0,0,0,0,0,0,0,0
280559,1,1,1991,0,0,0,0,0,0,0,0,0,0
280560,1,1,1991,0,0,0,0,0,0,0,0,0,0
280561,1,1,1991,0,0,0,0,0,0,0,0,0,0
280562,0,1,1991,0,0,0,0,0,0,0,0,0,0
280562,1,1,1991,0,0,0,0,0,0,0,0,0,0
280563,1,1,1991,0,0,0,0,0,0,0,0,0,0
280563,2,1,1991,0,0,0,0,0,0,0,0,0,0
280564,1,1,1991,12,12,12,12,12,12,12,12,12,12
280564,2,1,1991,0,0,0,0,0,0,0,0,0,0
280565,1,1,1991,18,18,18,18,18,18,18,18,18,18
280566,1,1,1991,0,0,0,0,0,0,0,0,0,0
280567,1,1,1991,0,0,0,0,0,0,0,0,0,0
280568,1,1,1991,0,0,0,0,0,0,0,0,0,0
280568,2,1,1991,0,0,0,0,0,0,0,0,0,0
280569,1,1,1991,0,0,0,0,0,0,0,0,0,0
280570,1,1,1991,0,0,0,0,0,0,0,0,0,0
280571,1,1,1991,0,0,0,0,0,0,0,0,0,0
280571,2,1,1991,0,0,0,0,0,0,0,0,0,0
280572,1,1,1991,0,0,0,0,0,0,0,0,0,0
280572,2,1,1991,0,0,0,0,0,0,0,0,0,0
280573,0,1,1991,0,0,0,0,0,0,0,0,0,0
280573,1,1,1991,0,0,0,0,0,0,0,0,0,0
280574,1,1,1991,0,0,0,0,0,0,0,0,0,0
280574,2,1,1991,0,0,0,0,0,0,0,0,0,0
280575,1,1,1991,0,0,0,0,0,0,0,0,0,0
280575,2,1,1991,0,0,0,0,0,0,0,0,0,0
280575,3,1,1991,0,0,0,0,0,0,0,0,0,0
280577,1,1,1991,0,0,0,0,0,0,0,0,0,0
280577,2,1,1991,0,0,0,0,0,0,0,0,0,0
280578,1,1,1991,28,28,28,28,28,28,28,28,28,28
280579,1,1,1991,0,0,0,0,0,0,0,0,0,0
280579,2,1,1991,0,0,0,0,0,0,0,0,0,0
280580,1,1,1991,22,22,22,22,22,22,22,22,22,22
280581,1,1,1991,0,0,0,0,0,0,0,0,0,0
280581,2,1,1991,0,0,0,0,0,0,0,0,0,0
280581,3,1,1991,0,0,0,0,0,0,0,0,0,0
280582,1,1,1991,13,13,13,13,13,13,13,13,13,13
280582,2,1,1991,0,0,0,0,0,0,0,0,0,0
280583,1,1,1991,0,0,0,0,0,0,0,0,0,0
280583,2,1,1991,0,0,0,0,0,0,0,0,0,0
280583,3,1,1991,0,0,0,0,0,0,0,0,0,0
280584,0,1,1991,0,0,0,0,0,0,0,0,0,0
280584,1,1,1991,0,0,0,0,0,0,0,0,0,0
280585,1,1,1991,19,19,19,19,19,19,19,19,19,19
280586,0,1,1991,0,0,0,0,0,0,0,0,0,0
280586,1,1,1991,0,0,0,0,0,0,0,0,0,0
280587,1,1,1991,0,0,0,0,0,0,0,0,0,0
280588,1,1,1991,28,28,28,28,28,28,28,28,28,28
280588,2,1,1991,0,0,0,0,0,0,0,0,0,0
280589,0,1,1991,0,0,0,0,0,0,0,0,0,0
280589,1,1,1991,0,0,0,0,0,0,0,0,0,0
280590,1,1,1991,22,22,22,22,22,22,22,22,22,22
280590,2,1,1991,0,0,0,0,0,0,0,0,0,0
280590,3,1,1991,0,0,0,0,0,0,0,0,0,0
280591,1,1,1991,0,0,0,0,0,0,0,0,0,0
280591,2,1,1991,0,0,0,0,0,0,0,0,0,0
280592,1,1,1991,0,0,0,0,0,0,0,0,0,0
280592,2,1,1991,0,0,0,0,0,0,0,0,0,0
280593,1,1,1991,0,0,0,0,0,0,0,0,0,0
280593,2,1,1991,0,0,0,0,0,0,0,0,0,0
280594,1,1,1991,0,0,0,0,0,0,0,0,0,0
280594,2,1,1991,0,0,0,0,0,0,0,0,0,0
280595,1,1,1991,0,0,0,0,0,0,0,0,0,0
280595,2,1,1991,0,0,0,0,0,0,0,0,0,0
280596,0,1,1991,0,0,0,0,0,0,0,0,0,0
280596,1,1,1991,0,0,0,0,0,0,0,0,0,0
280597,1,1,1991,0,0,0,0,0,0,0,0,0,0
280598,1,1,1991,0,0,0,0,0,0,0,0,0,0
280598,2,1,1991,24,24,24,24,24,24,24,24,24,24
280599,1,1,1991,0,0,0,0,0,0,0,0,0,0
280600,1,1,1991,0,0,0,0,0,0,0,0,0,0
280600,2,1,1991,0,0,0,0,0,0,0,0,0,0
280601,1,1,1991,0,0,0,0,0,0,0,0,0,0
280602,1,1,1991,0,0,0,0,0,0,0,0,0,0
280602,2,1,1991,0,0,0,0,0,0,0,0,0,0
280603,1,1,1991,0,0,0,0,0,0,0,0,0,0
280604,1,1,1991,0,0,0,0,0,0,0,0,0,0
280605,0,1,1991,0,0,0,0,0,0,0,0,0,0
280605,1,1,1991,0,0,0,0,0,0,0,0,0,0
280606,1,1,1991,0,0,0,0,0,0,0,0,0,0
280606,2,1,1991,0,0,0,0,0,0,0,0,0,0
280607,1,1,1991,0,0,0,0,0,0,0,0,0,0
280607,2,1,1991,18,18,18,18,18,18,18,18,18,18
280608,1,1,1991,0,0,0,0,0,0,0,0,0,0
280608,2,1,1991,15,15,15,15,15,15,15,15,15,15
280609,1,1,1991,0,0,0,0,0,0,0,0,0,0
280610,1,1,1991,0,0,0,0,0,0,0,0,0,0
280610,2,1,1991,0,0,0,0,0,0,0,0,0,0
280611,1,1,1991,0,0,0,0,0,0,0,0,0,0
280612,1,1,1991,0,0,0,0,0,0,0,0,0,0
280613,1,1,1991,0,0,0,0,0,0,0,0,0,0
280613,2,1,1991,0,0,0,0,0,0,0,0,0,0
280614,1,1,1991,16,16,16,16,16,16,16,16,16,16
280615,1,1,1991,0,0,0,0,0,0,0,0,0,0
280616,0,1,1991,0,0,0,0,0,0,0,0,0,0
280616,1,1,1991,0,0,0,0,0,0,0,0,0,0
280617,1,1,1991,0,0,0,0,0,0,0,0,0,0
280619,1,1,1991,0,0,0,0,0,0,0,0,0,0
280620,1,1,1991,0,0,0,0,0,0,0,0,0,0
280621,1,1,1991,0,0,0,0,0,0,0,0,0,0
280622,1,1,1991,0,0,0,0,0,0,0,0,0,0
280623,1,1,1991,0,0,0,0,0,0,0,0,0,0
280624,1,1,1991,0,0,0,0,0,0,0,0,0,0
280624,2,1,1991,0,0,0,0,0,0,0,0,0,0
280624,3,1,1991,0,0,0,0,0,0,0,0,0,0
280624,4,1,1991,0,0,0,0,0,0,0,0,0,0
280625,1,1,1991,0,0,0,0,0,0,0,0,0,0
280626,1,1,1991,0,0,0,0,0,0,0,0,0,0
280627,1,1,1991,0,0,0,0,0,0,0,0,0,0
280627,2,1,1991,0,0,0,0,0,0,0,0,0,0
290001,1,1,1991,21,21,21,21,21,21,21,21,21,21
290002,1,1,1991,17,17,17,17,17,17,17,17,17,17
290003,1,1,1991,0,0,0,0,0,0,0,0,0,0
290003,2,1,1991,27,20,14,5,5,16,27,11,10,9
290004,1,1,1991,0,0,0,0,0,21,3,0,0,0
290004,2,1,1991,0,0,0,0,0,0,0,0,0,0
290005,1,1,1991,23,23,23,23,23,23,23,23,23,23
290006,1,1,1991,0,0,0,13,0,0,12,0,0,0
290006,2,1,1991,0,0,0,0,0,0,0,0,0,0
290007,1,1,1991,0,0,0,11,0,0,0,0,0,0
290007,2,1,1991,0,0,0,0,0,0,0,0,0,0
290008,1,1,1991,0,0,0,0,0,0,0,0,0,0
290008,2,1,1991,0,0,0,7,0,0,0,0,0,0
290008,3,1,1991,0,0,0,0,0,0,0,0,0,13
290009,1,1,1991,0,0,0,0,0,0,0,0,0,0
290010,1,1,1991,0,0,0,19,0,13,0,0,0,0
290010,2,1,1991,0,0,0,0,0,0,0,0,0,0
290011,1,1,1991,17,0,13,0,16,0,0,0,0,0
290011,2,1,1991,0,0,0,0,0,0,0,0,0,0
290012,1,1,1991,0,0,0,0,0,0,0,0,0,0
290012,2,1,1991,0,0,0,0,10,0,0,0,0,0
290013,0,1,1991,0,0,0,0,0,0,0,0,0,0
290013,1,1,1991,0,0,0,0,0,0,0,0,0,0
290014,1,1,1991,0,0,0,0,0,0,0,0,0,0
290015,1,1,1991,0,0,0,0,0,0,0,0,0,0
290015,2,1,1991,0,0,0,0,0,0,0,0,0,0
290015,3,1,1991,0,0,0,0,0,0,0,0,0,0
290015,4,1,1991,0,0,7,0,0,0,0,0,0,0
290015,5,1,1991,0,0,0,0,0,0,0,0,0,0
290016,1,1,1991,23,23,23,23,23,23,23,23,23,23
290016,2,1,1991,0,0,0,0,0,0,0,0,0,0
290016,3,1,1991,0,0,0,0,21,0,0,0,0,0
290017,1,1,1991,0,0,0,0,0,0,0,0,0,0
290018,1,1,1991,0,0,0,0,0,0,0,0,0,0
290019,1,1,1991,0,0,0,0,0,0,0,0,0,0
290019,2,1,1991,0,0,0,0,3,0,0,0,0,21
290020,1,1,1991,5,15,0,0,25,4,11,5,23,8
290021,1,1,1991,0,0,0,0,0,0,0,0,0,0
290021,2,1,1991,0,0,0,30,0,0,0,0,0,0
290022,0,1,1991,0,0,0,0,0,0,0,0,0,0
290022,1,1,1991,0,0,0,0,0,0,0,0,0,0
290023,1,1,1991,0,0,0,0,0,0,0,0,0,0
290023,2,1,1991,0,0,0,0,0,0,0,0,4,0
290024,1,1,1991,0,0,21,20,10,0,0,36,32,20
290025,1,1,1991,0,0,0,0,0,16,0,0,0,0
290026,1,1,1991,26,26,26,26,26,26,26,26,26,26
290027,1,1,1991,0,0,0,0,0,0,0,0,0,0
290027,2,1,1991,0,0,0,0,0,0,16,13,0,0
290028,1,1,1991,0,0,0,0,0,0,0,0,0,0
290029,1,1,1991,0,0,0,0,0,0,0,0,0,0
290029,2,1,1991,0,0,0,0,0,0,0,0,0,0
290030,1,1,1991,0,0,0,0,0,0,0,0,0,0
290031,1,1,1991,0,0,0,0,0,0,0,0,0,0
290032,1,1,1991,0,14,22,18,0,15,11,16,0,0
290033,1,1,1991,0,0,0,0,0,0,0,0,0,0
290033,2,1,1991,0,0,0,0,0,0,0,0,0,0
290034,1,1,1991,12,12,12,12,12,12,12,12,12,12
290035,1,1,1991,0,0,0,0,0,0,0,0,0,0
290035,2,1,1991,0,0,0,0,0,0,0,0,0,0
290035,3,1,1991,0,0,0,0,0,0,0,0,0,15
290036,1,1,1991,0,0,0,0,0,0,0,0,0,0
290036,2,1,1991,0,0,0,0,0,11,0,0,0,0
290037,1,1,1991,0,0,0,0,0,0,0,0,0,0
290038,1,1,1991,24,0,0,24,0,0,0,21,15,17
290038,2,1,1991,0,0,0,0,0,0,0,26,0,0
290039,1,1,1991,0,30,0,0,7,0,0,0,0,0
290039,2,1,1991,0,0,0,0,0,0,0,0,0,0
290040,0,1,1991,0,0,0,0,0,0,0,0,0,0
290040,1,1,1991,0,0,0,0,0,0,0,0,0,0
290041,0,1,1991,0,0,0,0,0,0,0,0,0,0
290041,1,1,1991,7,23,11,0,19,0,0,0,13,15
290042,1,1,1991,0,0,0,10,20,0,0,13,0,0
290042,2,1,1991,12,0,0,18,0,0,0,0,0,0
290043,1,1,1991,13,13,13,13,13,13,13,13,13,13
290044,1,1,1991,0,0,0,0,0,0,0,0,0,0
290044,2,1,1991,0,0,0,0,0,0,0,0,0,0
290045,1,1,1991,0,0,0,0,0,0,0,0,0,0
290045,2,1,1991,0,0,0,0,0,0,0,0,0,0
290046,1,1,1991,0,0,0,0,0,0,0,0,0,0
290046,2,1,1991,0,0,0,0,0,0,0,0,0,0
290047,1,1,1991,23,23,23,23,23,23,23,23,23,23
290048,1,1,1991,14,0,0,0,0,0,0,0,0,0
290049,1,1,1991,0,0,0,0,0,0,0,26,22,0
290050,1,1,1991,32,32,32,32,32,32,32,32,32,32
290051,1,1,1991,0,0,18,0,0,0,0,0,0,0
290052,1,1,1991,11,11,11,11,11,11,11,11,11,11
290052,2,1,1991,0,0,12,0,0,0,0,0,0,21
290053,1,1,1991,0,0,0,0,0,0,0,0,0,0
290053,2,1,1991,0,0,2,0,2,0,0,0,0,0
290053,3,1,1991,0,0,0,0,0,0,0,0,0,0
290054,1,1,1991,0,11,0,0,0,0,0,0,0,0
290055,1,1,1991,0,0,0,0,14,18,21,18,0,0
290055,2,1,1991,0,0,0,0,0,0,0,0,0,0
290055,3,1,1991,23,0,0,0,33,0,0,0,9,0
290056,0,1,1991,27,27,27,27,27,27,27,27,27,27
290056,1,1,1991,10,0,14,15,3,15,25,16,15,11
290057,0,1,1991,29,29,29,29,29,29,29,29,29,29
290057,1,1,1991,2,21,0,11,17,12,24,0,10,9
290058,1,1,1991,22,22,22,22,22,22,22,22,22,22
290059,1,1,1991,7,7,7,7,7,7,7,7,7,7
290060,1,1,1991,0,0,0,0,0,0,0,0,12,0
290061,0,1,1991,0,0,0,0,0,0,0,0,0,0
290061,1,1,1991,0,0,0,0,0,0,0,0,0,0
290062,1,1,1991,0,0,0,0,0,0,0,0,0,0
290063,1,1,1991,27,27,27,27,27,27,27,27,27,27
290064,0,1,1991,21,26,38,17,32,16,0,10,20,7
290064,1,1,1991,0,0,0,0,0,0,0,18,9,0
290065,1,1,1991,18,18,18,18,18,18,18,18,18,18
290067,1,1,1991,0,0,0,0,0,0,29,0,25,0
290067,2,1,1991,0,0,0,0,0,0,0,0,0,0
290068,1,1,1991,25,25,25,25,25,25,25,25,25,25
290069,1,1,1991,16,0,15,31,0,11,0,0,0,0
290070,1,1,1991,25,25,25,25,25,25,25,25,25,25
290071,1,1,1991,27,16,12,16,15,0,22,11,30,13
290072,1,1,1991,11,0,0,0,0,17,0,0,17,26
290073,0,1,1991,25,25,25,25,25,25,25,25,25,25
290073,1,1,1991,0,0,0,0,0,0,0,0,0,0
290074,1,1,1991,0,0,0,0,0,0,0,0,0,0
290074,2,1,1991,0,0,0,0,0,0,0,0,0,0
290075,1,1,1991,0,0,0,13,0,0,12,0,0,0
290075,2,1,1991,22,22,22,22,22,22,22,22,22,22
290076,1,1,1991,0,0,0,27,10,0,0,0,0,0
290076,2,1,1991,0,0,0,0,0,0,0,0,0,0
290077,1,1,1991,0,0,0,0,0,0,0,0,0,0
290078,1,1,1991,0,0,0,0,0,0,0,0,0,0
290078,2,1,1991,0,0,0,0,0,0,0,0,0,0
290079,1,1,1991,0,0,0,0,0,0,0,0,0,0
290079,2,1,1991,0,18,0,0,0,0,0,0,0,0
290080,1,1,1991,0,16,13,0,0,0,0,12,17,0
290080,2,1,1991,0,0,0,0,0,0,0,10,0,0
290081,1,1,1991,33,33,33,33,33,33,33,33,33,33
290081,2,1,1991,22,0,19,0,28,11,22,0,12,0
290082,1,1,1991,38,38,38,38,38,38,38,38,38,38
290083,1,1,1991,0,0,0,0,0,24,0,23,0,0
290084,1,1,1991,21,21,21,21,21,21,21,21,21,21
290085,0,1,1991,0,0,0,0,0,0,0,0,0,0
290085,1,1,1991,0,0,0,0,0,0,0,0,0,0
290085,2,1,1991,0,0,14,0,10,0,0,9,0,0
290085,3,1,1991,0,0,0,0,0,0,0,0,0,0
290086,1,1,1991,2,2,2,2,2,2,2,2,2,2
290087,1,1,1991,0,0,0,0,0,0,0,0,0,0
290088,1,1,1991,0,0,0,0,0,0,0,0,0,0
290088,2,1,1991,0,0,0,0,0,0,0,0,0,0
290089,1,1,1991,27,27,27,27,27,27,27,27,27,27
290090,1,1,1991,29,15,22,22,18,27,19,19,16,13
290091,1,1,1991,0,0,0,0,0,0,0,0,0,0
290091,2,1,1991,0,0,0,0,0,0,0,0,0,0
290092,1,1,1991,0,0,0,0,0,0,0,13,0,0
290093,1,1,1991,10,10,10,10,10,10,10,10,10,10
290093,2,1,1991,0,0,0,0,0,0,0,0,0,0
290094,1,1,1991,0,5,0,0,0,0,15,0,0,0
290095,1,1,1991,0,0,0,0,0,0,0,0,0,0
290095,2,1,1991,0,0,0,0,0,0,0,0,0,0
290095,3,1,1991,0,3,0,0,0,0,0,0,0,0
290096,1,1,1991,16,16,16,16,16,16,16,16,16,16
290097,1,1,1991,11,15,33,38,24,16,21,24,21,27
290098,1,1,1991,0,21,19,15,30,8,0,22,7,22
290098,2,1,1991,0,0,0,0,0,0,0,0,0,0
290099,1,1,1991,39,39,39,39,39,39,39,39,39,39
290100,1,1,1991,7,7,7,7,7,7,7,7,7,7
290100,2,1,1991,0,0,10,0,15,0,0,0,0,12
290101,1,1,1991,13,13,13,13,13,13,13,13,13,13
290102,1,1,1991,0,0,0,0,0,0,0,0,0,0
290102,2,1,1991,0,0,0,0,0,0,0,0,0,0
290103,1,1,1991,29,29,29,29,29,29,29,29,29,29
290103,2,1,1991,0,0,0,0,0,0,0,0,0,0
290104,1,1,1991,0,0,0,0,0,0,0,0,0,0
290104,2,1,1991,0,0,0,0,0,0,0,0,4,0
290105,1,1,1991,0,0,0,0,0,0,0,0,0,0
290106,1,1,1991,1,1,1,1,1,1,1,1,1,1
290107,1,1,1991,0,0,0,0,0,0,0,0,0,0
290107,2,1,1991,20,10,10,5,0,7,13,13,23,5
290108,1,1,1991,0,0,11,20,0,16,0,0,0,0
290108,2,1,1991,0,0,0,0,0,0,0,0,0,0
290109,1,1,1991,13,22,8,11,5,6,9,16,16,10
290110,1,1,1991,6,13,13,22,12,11,4,21,0,13
290111,1,1,1991,6,4,8,4,21,8,5,11,12,6
290111,2,1,1991,0,0,26,0,0,0,10,0,0,0
290112,1,1,1991,19,19,19,19,19,19,19,19,19,19
290113,1,1,1991,0,11,0,0,0,0,0,0,0,0
290114,1,1,1991,3,3,3,3,3,3,3,3,3,3
290114,2,1,1991,0,0,0,0,0,0,0,0,0,0
290114,3,1,1991,0,0,0,0,0,0,0,0,0,0
290115,1,1,1991,0,0,0,0,0,0,10,0,0,0
290116,1,1,1991,0,0,0,0,0,0,0,0,0,0
290117,1,1,1991,27,28,0,20,29,19,30,9,4,21
290118,1,1,1991,0,0,0,0,0,0,0,0,0,0
290119,1,1,1991,7,7,7,7,7,7,7,7,7,7
290120,1,1,1991,0,0,0,0,0,0,13,0,9,0
290120,2,1,1991,19,19,19,19,19,19,19,19,19,19
290121,1,1,1991,0,0,0,0,0,0,0,0,0,0
290121,2,1,1991,0,0,0,0,0,0,0,0,0,0
290122,1,1,1991,18,18,18,18,18,18,18,18,18,18
290123,1,1,1991,25,25,25,25,25,25,25,25,25,25
290123,2,1,1991,0,0,0,0,0,0,0,0,0,0
290124,0,1,1991,0,0,0,0,0,0,0,0,0,0
290124,1,1,1991,0,0,0,0,0,0,11,3,0,0
290125,0,1,1991,0,0,0,0,0,0,0,0,0,0
290125,1,1,1991,0,0,0,0,0,0,0,0,0,0
290126,1,1,1991,0,0,0,0,0,0,0,0,0,0
290126,2,1,1991,0,0,0,0,0,0,0,0,0,0
290127,1,1,1991,0,0,0,0,0,0,0,0,0,0
290127,2,1,1991,0,0,0,0,17,0,0,0,0,0
290128,1,1,1991,14,19,20,18,3,27,20,24,11,14
290128,2,1,1991,21,21,21,21,21,21,21,21,21,21
290129,1,1,1991,19,0,6,16,23,24,0,0,28,19
290130,1,1,1991,0,0,0,0,0,0,0,0,0,0
290130,2,1,1991,0,0,0,0,0,0,0,0,0,0
290131,1,1,1991,0,0,0,0,0,0,0,0,0,0
290132,1,1,1991,0,0,0,0,0,0,0,0,0,0
290132,2,1,1991,0,0,0,0,0,4,0,0,0,0
290132,3,1,1991,0,0,0,0,0,0,0,11,0,0
290133,1,1,1991,0,0,0,0,0,0,0,0,0,0
290133,2,1,1991,0,0,0,0,0,0,0,0,0,0
290134,1,1,1991,9,9,9,9,9,9,9,9,9,9
290135,0,1,1991,0,0,0,0,0,0,0,0,0,0
290135,1,1,1991,0,0,0,0,7,0,0,7,0,0
290136,1,1,1991,11,6,16,7,25,11,13,16,4,13
290137,1,1,1991,8,7,12,13,10,15,32,5,9,6
290138,1,1,1991,0,0,0,0,0,0,0,0,0,0
290139,1,1,1991,0,0,0,0,0,0,0,0,0,0
290139,2,1,1991,0,0,0,0,0,0,0,0,0,0
290139,3,1,1991,0,0,0,10,0,0,0,0,0,0
290140,0,1,1991,20,20,20,20,20,20,20,20,20,20
290140,1,1,1991,0,0,15,0,10,9,7,24,0,0
290141,1,1,1991,0,0,0,0,0,0,0,0,0,0
290142,0,1,1991,24,24,24,24,24,24,24,24,24,24
290142,1,1,1991,0,0,0,0,0,0,0,0,0,0
290143,1,1,1991,10,10,10,10,10,10,10,10,10,10
290144,0,1,1991,5,5,5,5,5,5,5,5,5,5
290144,1,1,1991,5,5,5,5,5,5,5,5,5,5
290145,1,1,1991,0,0,0,0,0,0,0,0,0,0
290145,2,1,1991,0,0,0,0,0,0,0,0,0,0
290145,3,1,1991,0,0,0,0,0,0,0,0,0,0
290146,1,1,1991,0,0,0,16,0,14,0,0,20,0
290146,2,1,1991,0,0,0,0,0,0,0,0,0,0
290147,1,1,1991,0,0,0,0,0,0,0,0,0,0
290148,1,1,1991,17,17,17,17,17,17,17,17,17,17
290149,1,1,1991,0,0,0,0,0,0,0,19,0,0
290149,2,1,1991,0,0,0,0,0,0,0,0,0,0
290149,3,1,1991,7,0,9,0,0,0,0,0,0,7
290150,1,1,1991,0,0,0,0,0,0,0,0,0,0
290151,1,1,1991,0,0,0,0,0,0,0,0,0,0
290152,1,1,1991,20,20,20,20,20,20,20,20,20,20
290152,2,1,1991,0,0,0,0,0,6,0,33,0,0
290153,1,1,1991,0,0,0,0,0,0,0,0,16,0
290154,1,1,1991,7,7,7,7,7,7,7,7,7,7
290156,1,1,1991,0,0,0,0,0,0,0,0,0,0
290156,2,1,1991,0,0,0,0,0,0,0,0,0,0
290157,1,1,1991,0,0,0,0,0,0,0,0,0,0
290157,2,1,1991,0,0,0,0,0,0,0,0,0,0
290158,1,1,1991,0,0,0,0,0,0,0,0,0,0
290158,2,1,1991,0,0,20,0,0,0,10,0,0,0
290159,1,1,1991,0,0,0,0,0,0,0,0,15,0
290160,1,1,1991,0,0,0,0,0,0,0,0,0,0
290160,2,1,1991,0,0,11,0,0,0,0,0,0,0
290161,1,1,1991,0,0,0,0,0,0,0,18,0,0
290161,2,1,1991,0,0,0,0,0,0,0,0,0,0
290161,3,1,1991,0,0,0,0,0,0,0,0,0,0
290162,1,1,1991,23,10,30,6,17,6,16,2,17,19
290162,2,1,1991,0,0,0,0,0,0,0,0,0,0
290163,1,1,1991,11,0,18,14,8,11,0,0,0,0
290164,1,1,1991,0,11,5,19,14,23,10,16,22,15
290165,1,1,1991,27,27,27,27,27,27,27,27,27,27
290166,1,1,1991,31,17,12,26,30,22,25,17,11,12