ST_CASE,VEH_NO,PER_NO,YEAR,P1,P2,P3,P4,P5,P6,P7,P8,P9,P10
290466,2,1,1991,0,0,0,0,0,0,0,0,0,0
290467,1,1,1991,0,0,0,0,0,0,0,0,0,0
290467,2,1,1991,0,0,0,0,0,0,0,0,0,0
290468,1,1,1991,0,17,12,22,21,0,14,39,22,21
290469,1,1,1991,0,0,7,21,0,16,0,24,15,0
290469,2,1,1991,17,0,30,0,21,22,15,20,0,18
290470,1,1,1991,20,20,20,20,20,20,20,20,20,20
290470,2,1,1991,0,0,5,0,0,0,0,0,0,5
290471,1,1,1991,0,0,0,0,0,0,0,0,0,0
290471,2,1,1991,13,0,0,7,0,0,0,11,0,0
290472,1,1,1991,28,17,12,18,7,17,25,7,9,22
290473,0,1,1991,8,8,8,8,8,8,8,8,8,8
290473,1,1,1991,0,0,0,0,0,0,0,0,0,0
290474,1,1,1991,28,28,28,28,28,28,28,28,28,28
290475,1,1,1991,18,14,18,23,12,21,13,5,18,18
290476,0,1,1991,0,0,0,0,0,0,0,0,0,0
290476,1,1,1991,0,0,0,0,7,0,0,0,0,0
290477,1,1,1991,30,30,30,30,30,30,30,30,30,30
290478,1,1,1991,0,0,0,0,0,0,0,0,0,4
290479,1,1,1991,0,0,0,0,0,0,0,0,0,0
290479,2,1,1991,0,0,0,0,0,0,0,0,0,0
290479,3,1,1991,0,0,0,0,0,0,0,0,0,0
290479,4,1,1991,0,0,0,0,0,0,3,0,0,15
290480,1,1,1991,16,16,16,16,16,16,16,16,16,16
290481,1,1,1991,0,0,16,0,0,0,0,0,0,0
290481,2,1,1991,0,0,0,0,0,0,14,0,0,0
290481,3,1,1991,0,0,0,0,0,0,0,0,0,0
290482,1,1,1991,0,0,0,0,0,0,0,0,0,0
290482,2,1,1991,0,0,0,0,0,0,0,0,0,0
290483,1,1,1991,9,9,9,9,9,9,9,9,9,9
290484,1,1,1991,20,20,20,20,20,20,20,20,20,20
290485,1,1,1991,0,26,0,0,0,0,0,0,0,0
290486,1,1,1991,17,14,17,14,16,19,22,8,27,6
290487,1,1,1991,0,0,0,0,0,0,0,0,0,0
290488,1,1,1991,0,0,0,0,0,0,0,0,0,0
290488,2,1,1991,0,0,0,0,0,0,0,0,0,16
290489,1,1,1991,0,0,0,0,0,0,0,0,0,0
290490,1,1,1991,18,18,18,18,18,18,18,18,18,18
290491,1,1,1991,0,0,0,0,0,0,0,0,0,0
290491,2,1,1991,0,0,0,0,0,0,0,0,0,0
290492,1,1,1991,9,0,0,0,0,0,0,0,0,0
290493,1,1,1991,0,0,0,0,0,0,0,0,0,0
290493,2,1,1991,0,0,0,0,0,0,14,15,0,0
290494,1,1,1991,13,13,13,13,13,13,13,13,13,13
290495,1,1,1991,5,5,5,5,5,5,5,5,5,5
290495,2,1,1991,0,0,0,0,0,0,0,0,6,0
290496,1,1,1991,0,0,0,0,0,0,0,0,0,0
290497,1,1,1991,8,8,8,8,8,8,8,8,8,8
290498,1,1,1991,0,0,0,0,0,0,0,0,0,0
290499,1,1,1991,18,18,18,18,18,18,18,18,18,18
290500,1,1,1991,25,25,25,25,25,25,25,25,25,25
290501,1,1,1991,14,17,7,8,19,14,6,15,15,0
290502,1,1,1991,11,11,11,11,11,11,11,11,11,11
290503,1,1,1991,35,35,35,35,35,35,35,35,35,35
290504,1,1,1991,9,9,9,9,9,9,9,9,9,9
290505,1,1,1991,0,0,0,0,12,0,0,0,0,0
290505,2,1,1991,0,0,0,0,0,0,0,0,0,0
290506,1,1,1991,15,15,15,15,15,15,15,15,15,15
290507,1,1,1991,0,0,19,11,25,0,0,0,9,0
290507,2,1,1991,0,0,0,0,0,0,0,0,0,0
290508,1,1,1991,0,0,0,0,0,0,0,0,0,0
290509,1,1,1991,0,0,0,0,0,0,4,0,0,9
290510,1,1,1991,21,21,21,21,21,21,21,21,21,21
290511,1,1,1991,10,0,28,13,11,19,18,29,20,9
290511,2,1,1991,5,0,0,0,0,0,15,0,0,0
290512,1,1,1991,22,12,4,27,9,6,29,23,9,10
290513,1,1,1991,25,22,28,18,11,13,22,11,21,21
290514,0,1,1991,27,7,18,13,13,15,2,0,0,24
290514,0,2,1991,0,0,0,4,0,8,0,17,6,11
290514,0,3,1991,0,0,0,0,0,0,0,0,0,0
290514,1,1,1991,17,10,25,21,8,25,16,15,12,10
290515,1,1,1991,0,0,0,10,0,0,0,0,0,0
290515,2,1,1991,18,18,18,18,18,18,18,18,18,18
290516,1,1,1991,17,17,17,17,17,17,17,17,17,17
290517,1,1,1991,0,0,0,0,0,0,0,0,0,0
290517,2,1,1991,27,27,27,27,27,27,27,27,27,27
290518,1,1,1991,3,3,3,3,3,3,3,3,3,3
290519,1,1,1991,11,17,7,6,5,20,15,3,5,0
290520,1,1,1991,0,24,0,0,0,10,0,0,0,0
290521,1,1,1991,8,7,3,11,11,6,12,4,10,11
290522,1,1,1991,0,0,0,0,0,22,7,0,0,7
290522,2,1,1991,16,0,0,0,5,0,12,0,22,0
290522,3,1,1991,0,0,0,0,13,0,19,0,13,7
290523,1,1,1991,0,0,20,19,29,0,19,24,26,25
290524,1,1,1991,13,13,13,13,13,13,13,13,13,13
290525,1,1,1991,0,0,0,0,0,0,0,0,0,0
290526,1,1,1991,0,0,0,0,0,0,0,0,0,0
290526,2,1,1991,0,0,0,0,0,0,0,0,0,0
290527,1,1,1991,18,18,18,18,18,18,18,18,18,18
290528,1,1,1991,0,0,0,0,0,0,0,0,0,0
290528,2,1,1991,10,10,10,10,10,10,10,10,10,10
290529,1,1,1991,0,0,0,0,0,0,0,0,0,0
290530,1,1,1991,0,0,0,0,0,0,0,0,0,0
290531,1,1,1991,25,25,25,25,25,25,25,25,25,25
290532,1,1,1991,0,0,0,0,0,40,0,0,22,24
290532,2,1,1991,0,0,0,0,0,0,0,0,0,20
290532,3,1,1991,0,5,0,0,0,0,0,0,0,0
290533,1,1,1991,16,16,16,16,16,16,16,16,16,16
290534,1,1,1991,0,0,0,23,0,0,0,0,0,0
290534,2,1,1991,0,0,15,0,0,0,0,0,0,22
290535,0,1,1991,0,31,12,0,0,22,23,0,35,0
290535,1,1,1991,0,0,14,17,0,0,0,0,0,0
290536,0,1,1991,10,10,10,10,10,10,10,10,10,10
290536,1,1,1991,11,0,10,0,0,0,6,0,0,0
290537,1,1,1991,4,4,4,4,4,4,4,4,4,4
290538,1,1,1991,0,0,0,0,0,0,0,0,0,0
290538,2,1,1991,0,0,0,0,0,0,0,0,0,0
290538,3,1,1991,0,0,0,0,0,0,2,0,0,0
290539,1,1,1991,28,28,28,28,28,28,28,28,28,28
290539,2,1,1991,0,0,0,0,0,0,0,0,0,0
290540,1,1,1991,17,6,28,3,22,11,4,18,7,0
290541,1,1,1991,7,7,7,7,7,7,7,7,7,7
290541,2,1,1991,41,0,22,15,16,15,0,0,0,0
290542,1,1,1991,0,0,0,0,0,0,0,0,0,0
290543,1,1,1991,17,17,19,16,10,12,12,16,18,7
290544,1,1,1991,11,11,11,11,11,11,11,11,11,11
290544,2,1,1991,10,12,21,14,22,9,10,17,10,11
290545,1,1,1991,0,0,14,0,0,0,0,0,0,0
290545,2,1,1991,0,0,0,0,0,0,0,0,0,0
290546,1,1,1991,0,0,0,0,0,0,0,0,0,0
290547,1,1,1991,23,23,23,23,23,23,23,23,23,23
290548,1,1,1991,0,0,0,0,0,0,0,0,0,0
290549,1,1,1991,23,9,0,0,0,0,0,18,18,0
290550,1,1,1991,3,25,9,31,17,26,19,16,11,16
290551,1,1,1991,29,29,29,29,29,29,29,29,29,29
290552,0,1,1991,0,0,0,23,0,43,0,5,0,16
290552,1,1,1991,0,0,0,0,0,0,0,0,0,0
290553,1,1,1991,0,0,0,0,0,0,0,0,0,0
290554,1,1,1991,0,0,0,0,0,0,0,0,0,0
290554,2,1,1991,0,0,0,0,0,0,0,0,0,0
290555,1,1,1991,19,0,20,22,43,7,6,20,20,21
290555,2,1,1991,3,0,0,0,0,12,0,0,0,18
290556,1,1,1991,0,0,0,0,0,0,0,0,0,0
290556,2,1,1991,0,0,0,0,0,0,0,0,0,0
290557,0,1,1991,0,0,0,0,0,0,0,0,0,0
290557,1,1,1991,0,0,0,0,0,0,0,0,11,0
290558,1,1,1991,24,10,8,16,15,13,28,20,35,14
290559,1,1,1991,0,0,0,0,0,0,0,0,0,0
290559,2,1,1991,0,0,0,0,0,0,0,0,0,0
290560,1,1,1991,0,0,0,0,0,0,0,0,0,0
290561,1,1,1991,17,17,17,17,17,17,17,17,17,17
290562,1,1,1991,0,0,0,0,0,0,0,0,0,0
290562,2,1,1991,0,0,0,0,0,0,0,0,0,0
290562,3,1,1991,0,0,0,0,0,0,0,0,0,0
290563,1,1,1991,0,0,0,0,0,4,0,3,0,17
290563,2,1,1991,0,0,0,0,0,0,0,0,0,0
290564,1,1,1991,20,20,20,20,20,20,20,20,20,20
290564,2,1,1991,0,0,0,0,0,0,0,0,0,5
290565,1,1,1991,0,0,0,0,0,0,0,0,0,0
290565,2,1,1991,0,0,0,0,0,0,20,0,0,0
290566,1,1,1991,14,14,14,14,14,14,14,14,14,14
290566,2,1,1991,0,0,0,0,0,0,9,0,0,0
290567,1,1,1991,7,28,22,14,21,15,30,18,23,8
290568,1,1,1991,14,14,14,14,14,14,14,14,14,14
290569,1,1,1991,0,0,0,0,0,0,0,0,0,0
290570,1,1,1991,0,0,0,0,0,0,0,0,0,0
290571,1,1,1991,0,0,0,0,0,29,0,0,0,0
290572,1,1,1991,28,12,13,11,10,0,5,13,15,24
290573,1,1,1991,15,12,26,5,9,10,36,6,14,10
290573,2,1,1991,0,0,0,22,0,0,0,0,0,23
290574,1,1,1991,12,0,18,18,11,15,29,25,7,10
290574,2,1,1991,0,0,0,0,0,0,0,0,0,0
290575,1,1,1991,0,17,14,0,9,0,21,11,0,20
290576,1,1,1991,0,0,0,0,0,0,0,0,0,0
290576,2,1,1991,5,0,0,0,6,5,0,0,0,0
290577,1,1,1991,9,0,0,0,0,0,10,0,0,0
290577,2,1,1991,0,0,7,0,0,0,0,0,0,0
290578,1,1,1991,0,0,0,0,0,0,0,0,0,0
290579,1,1,1991,0,0,0,0,0,0,0,0,0,0
290579,2,1,1991,0,0,9,0,0,22,0,5,0,12
290580,1,1,1991,0,0,0,0,0,0,0,0,0,0
290580,2,1,1991,0,0,0,0,0,0,0,0,0,0
290581,1,1,1991,6,0,0,0,0,0,0,0,0,0
290581,2,1,1991,0,0,0,0,0,0,0,0,0,0
290582,1,1,1991,17,0,13,0,0,8,0,7,27,0
290583,1,1,1991,0,0,0,0,0,0,0,0,0,0
290583,2,1,1991,0,0,0,0,0,0,0,0,0,0
290584,1,1,1991,0,0,0,0,0,0,0,0,0,0
290584,2,1,1991,0,0,0,0,0,0,0,0,0,0
290586,1,1,1991,0,0,0,0,0,0,0,0,0,0
290586,2,1,1991,0,0,0,0,0,0,0,0,0,0
290587,1,1,1991,0,0,0,0,0,18,0,0,0,0
290587,2,1,1991,0,0,0,0,0,0,0,0,0,0
290587,3,1,1991,0,0,0,0,0,0,0,0,0,0
290587,4,1,1991,0,0,0,0,0,0,0,0,0,0
290588,1,1,1991,22,30,17,18,19,13,30,18,17,16
290589,1,1,1991,12,20,19,22,20,20,16,10,38,18
290590,1,1,1991,12,0,0,0,28,0,0,12,0,0
290590,2,1,1991,11,11,11,11,11,11,11,11,11,11
290590,3,1,1991,0,8,0,0,0,0,0,0,0,0
290590,4,1,1991,0,0,12,0,7,0,0,0,0,0
290591,1,1,1991,4,4,4,4,4,4,4,4,4,4
290592,0,1,1991,0,0,0,0,0,0,0,0,0,0
290592,1,1,1991,0,9,0,17,0,13,0,0,0,12
290592,2,1,1991,0,0,0,0,0,0,0,0,0,0
290592,3,1,1991,27,0,21,10,13,10,23,13,14,5
290593,1,1,1991,20,26,22,22,22,20,19,16,18,11
290594,1,1,1991,16,16,11,14,29,13,17,17,35,20
290595,1,1,1991,0,0,0,0,0,0,0,0,0,0
290596,1,1,1991,20,20,20,20,20,20,20,20,20,20
290597,1,1,1991,0,0,0,0,0,0,0,0,0,0
290598,1,1,1991,0,0,0,0,0,0,0,0,0,0
290598,2,1,1991,0,0,0,0,0,0,0,0,0,0
290599,1,1,1991,22,22,22,22,22,22,22,22,22,22
290600,1,1,1991,22,22,22,22,22,22,22,22,22,22
290601,1,1,1991,15,15,15,15,15,15,15,15,15,15
290601,2,1,1991,0,0,0,0,0,0,0,0,0,0
290602,1,1,1991,23,23,23,23,23,23,23,23,23,23
290603,1,1,1991,0,0,0,0,0,0,0,0,0,0
290603,2,1,1991,0,0,0,0,0,0,0,0,0,0
290604,1,1,1991,0,0,15,25,0,0,0,0,33,0
290605,1,1,1991,0,0,0,0,0,0,0,0,0,0
290605,2,1,1991,0,0,0,0,0,0,0,0,0,0
290606,1,1,1991,26,26,26,26,26,26,26,26,26,26
290607,1,1,1991,14,16,8,13,5,17,5,7,26,10
290607,2,1,1991,0,0,0,0,0,0,0,0,0,0
290608,1,1,1991,0,0,0,0,0,0,0,8,0,0
290608,2,1,1991,0,0,0,0,0,0,0,0,0,0
290609,1,1,1991,0,0,0,0,0,0,0,0,0,0
290610,1,1,1991,20,20,20,20,20,20,20,20,20,20
290611,1,1,1991,0,0,0,0,0,0,0,0,0,0
290611,2,1,1991,0,0,0,0,0,0,0,0,0,0
290612,1,1,1991,35,35,35,35,35,35,35,35,35,35
290613,0,1,1991,0,0,0,0,0,0,0,0,0,0
290613,1,1,1991,0,0,0,0,0,15,0,16,0,0
290614,1,1,1991,0,34,7,0,25,0,2,12,23,0
290615,1,1,1991,26,26,26,26,26,26,26,26,26,26
290615,2,1,1991,0,0,0,11,6,0,0,0,9,0
290616,1,1,1991,0,0,0,0,0,0,0,0,0,0
290617,1,1,1991,25,25,25,25,25,25,25,25,25,25
290618,1,1,1991,0,0,0,0,0,0,0,0,0,0
290619,1,1,1991,18,15,8,0,0,8,18,13,14,8
290619,2,1,1991,0,0,0,0,0,0,0,0,0,0
290620,1,1,1991,0,0,15,13,0,0,0,0,4,0
290620,2,1,1991,0,0,0,0,0,0,0,0,0,0
290621,0,1,1991,24,10,24,14,0,0,34,0,15,0
290621,1,1,1991,0,0,0,0,0,0,0,0,0,0
290622,0,1,1991,24,24,24,24,24,24,24,24,24,24
290622,1,1,1991,11,3,9,18,7,12,9,12,18,9
290622,2,1,1991,0,0,0,0,0,0,0,0,0,0
290623,1,1,1991,23,15,10,30,0,0,16,0,6,15
290624,1,1,1991,10,17,22,14,23,9,14,21,24,32
290625,1,1,1991,0,0,0,0,0,0,0,0,0,0
290626,1,1,1991,0,0,14,0,0,0,0,0,0,0
290626,2,1,1991,0,0,0,0,0,0,0,0,0,0
290627,1,1,1991,0,0,0,0,0,0,0,0,0,0
290627,2,1,1991,0,0,0,0,0,0,0,0,0,0
290628,1,1,1991,24,8,21,33,39,19,16,28,15,9
290629,1,1,1991,11,17,0,13,28,10,29,18,13,0
290630,1,1,1991,0,0,0,0,0,0,0,0,0,0
290630,2,1,1991,0,0,0,0,0,0,0,0,0,0
290631,0,1,1991,0,0,0,0,0,0,0,0,0,0
290631,1,1,1991,0,0,0,0,0,0,0,0,0,0
290632,1,1,1991,0,0,0,0,9,17,0,0,0,0
290633,1,1,1991,45,45,45,45,45,45,45,45,45,45
290633,2,1,1991,18,0,18,0,0,14,17,0,0,6
290633,3,1,1991,25,0,22,14,0,0,10,0,15,0
290634,1,1,1991,10,0,17,15,20,19,14,4,8,22
290635,1,1,1991,15,15,15,15,15,15,15,15,15,15
290636,1,1,1991,20,20,20,20,20,20,20,20,20,20
290636,2,1,1991,38,26,10,5,15,4,10,5,5,18
290638,1,1,1991,0,0,0,0,0,0,0,0,0,0
290639,1,1,1991,13,30,20,20,18,25,20,11,16,21
290639,2,1,1991,0,0,0,20,0,0,13,0,9,0
290640,1,1,1991,30,12,22,7,17,15,14,11,12,11
290641,1,1,1991,5,7,10,0,11,5,20,9,23,17
290642,1,1,1991,17,17,17,17,17,17,17,17,17,17
290643,1,1,1991,19,0,5,0,20,2,20,14,6,19
290644,0,1,1991,0,0,0,0,0,0,0,0,0,0
290644,1,1,1991,21,32,10,26,15,17,9,23,0,0
290645,1,1,1991,0,13,0,0,0,0,0,0,0,0
290646,1,1,1991,0,0,0,0,0,0,0,0,0,0
290646,2,1,1991,0,0,0,0,0,0,0,0,0,0
290647,1,1,1991,0,12,0,0,0,0,0,0,0,0
290647,2,1,1991,0,0,0,0,0,30,0,0,0,0
290647,3,1,1991,0,0,0,0,0,0,0,0,0,0
290648,1,1,1991,13,11,0,24,31,7,10,18,17,0
290649,1,1,1991,25,25,25,25,25,25,25,25,25,25
290650,1,1,1991,22,22,22,22,22,22,22,22,22,22
290651,1,1,1991,22,22,22,22,22,22,22,22,22,22
290651,2,1,1991,4,0,0,25,17,10,18,27,0,9
290652,1,1,1991,28,21,34,21,0,0,0,16,18,12
290652,2,1,1991,0,0,0,0,0,0,0,0,0,0
290653,0,1,1991,0,0,0,0,0,0,0,0,0,0
290653,1,1,1991,0,0,0,0,0,0,0,0,0,0
290654,1,1,1991,28,28,28,28,28,28,28,28,28,28
290655,0,1,1991,0,0,0,0,0,0,0,0,0,0
290655,1,1,1991,5,5,5,5,5,5,5,5,5,5
290656,1,1,1991,18,18,18,18,18,18,18,18,18,18
290657,1,1,1991,14,14,14,14,14,14,14,14,14,14
290658,1,1,1991,13,0,0,0,0,0,0,0,15,0
290658,2,1,1991,0,0,0,0,0,27,0,14,0,0
290658,3,1,1991,13,0,0,14,27,0,0,0,0,0
290659,1,1,1991,0,0,0,0,0,0,11,0,0,0
290659,2,1,1991,0,0,6,0,8,0,0,0,0,0
290660,1,1,1991,0,0,30,0,0,0,17,24,0,26
290661,1,1,1991,0,0,0,0,0,0,0,0,0,0
290661,2,1,1991,0,0,0,0,0,0,0,0,0,0
290662,0,1,1991,0,0,0,0,0,0,0,0,0,0
290662,1,1,1991,0,0,0,0,0,0,0,0,0,0
290663,1,1,1991,10,21,0,0,10,3,9,6,7,8
290663,2,1,1991,0,0,0,0,0,0,0,0,0,0
290664,1,1,1991,5,5,5,5,5,5,5,5,5,5
290665,1,1,1991,0,0,0,0,0,0,0,0,0,0
290666,1,1,1991,23,23,23,23,23,23,23,23,23,23
290666,2,1,1991,19,16,3,13,0,9,19,0,10,9
290667,1,1,1991,0,0,19,0,0,0,26,0,0,0
290668,1,1,1991,0,0,0,0,0,0,0,0,0,0
290669,1,1,1991,11,11,11,11,11,11,11,11,11,11
290669,2,1,1991,0,0,0,0,0,0,0,0,0,0
290670,1,1,1991,18,18,18,18,18,18,18,18,18,18
290671,1,1,1991,0,0,0,0,0,0,0,0,0,0
290671,2,1,1991,0,0,0,0,0,0,0,0,0,0
290672,1,1,1991,18,18,18,18,18,18,18,18,18,18
290672,2,1,1991,0,0,0,0,0,0,0,0,0,0
290673,1,1,1991,3,3,3,3,3,3,3,3,3,3
290673,2,1,1991,0,0,0,0,0,0,0,0,0,4
290674,1,1,1991,0,0,0,18,0,0,0,0,0,0
290674,2,1,1991,0,0,0,0,0,0,0,0,2,0
290675,0,1,1991,0,0,0,0,0,0,0,0,0,0
290675,1,1,1991,0,0,0,0,0,0,18,0,0,0
290676,1,1,1991,0,0,0,0,0,0,0,0,0,0
290677,1,1,1991,0,0,0,0,0,0,0,0,8,0
290677,2,1,1991,0,0,0,0,0,0,0,0,0,0
290677,3,1,1991,0,0,0,0,0,0,0,0,0,0
290677,4,1,1991,0,0,0,0,8,0,0,0,0,0
290678,1,1,1991,14,0,0,17,10,19,40,25,9,15
290679,1,1,1991,0,0,0,0,0,0,0,0,0,0
290680,1,1,1991,6,6,6,6,6,6,6,6,6,6
290680,2,1,1991,0,0,0,0,0,0,0,0,0,0
290681,1,1,1991,12,13,13,10,9,19,21,20,11,15
290682,0,1,1991,0,0,0,0,0,0,0,0,0,0
290682,1,1,1991,0,0,7,0,0,0,0,0,0,0
290683,0,1,1991,35,35,35,35,35,35,35,35,35,35
290683,1,1,1991,12,12,12,12,12,12,12,12,12,12
290684,0,1,1991,25,25,25,25,25,25,25,25,25,25
290684,1,1,1991,0,21,20,7,8,0,0,0,12,0
290685,1,1,1991,37,37,37,37,37,37,37,37,37,37
290685,2,1,1991,33,33,33,33,33,33,33,33,33,33
290686,0,1,1991,22,22,22,22,22,22,22,22,22,22
290686,1,1,1991,0,18,0,0,0,7,6,0,0,0
290687,1,1,1991,0,9,0,0,0,17,0,0,0,0
290688,1,1,1991,0,0,0,0,0,0,0,0,0,0
290688,2,1,1991,0,0,0,12,0,0,5,0,0,0
290689,1,1,1991,0,0,0,0,0,0,0,0,0,0
290689,2,1,1991,0,0,0,0,0,0,0,0,0,0
290689,3,1,1991,0,0,0,0,0,0,0,0,0,0
290690,1,1,1991,14,23,18,0,0,22,19,0,13,0
290690,2,1,1991,0,0,0,0,0,11,0,0,0,0
290691,1,1,1991,5,5,5,5,5,5,5,5,5,5
290692,1,1,1991,11,0,0,16,0,19,0,0,0,0
290693,0,1,1991,2,2,2,2,2,2,2,2,2,2
290693,0,2,1991,35,17,21,14,7,11,11,0,22,25
290693,0,3,1991,33,26,20,14,0,18,35,28,25,22
290693,0,4,1991,0,0,0,22,16,14,18,31,0,18
290693,0,5,1991,0,31,0,0,0,29,13,0,0,11
290693,0,6,1991,23,0,19,0,0,15,24,27,0,19
290693,0,7,1991,37,43,25,14,23,24,0,14,0,21
290693,1,1,1991,0,0,0,18,20,14,0,0,0,12
290693,3,1,1991,0,0,0,0,0,0,0,2,0,0
290694,1,1,1991,40,40,40,40,40,40,40,40,40,40
290695,1,1,1991,22,0,0,0,15,0,0,16,0,0
290696,1,1,1991,0,0,0,0,0,0,0,0,0,0
290696,2,1,1991,0,0,0,0,0,22,0,0,0,0
290696,3,1,1991,0,0,0,0,0,0,0,0,0,0
290696,4,1,1991,0,0,0,0,0,0,10,0,0,0
290697,1,1,1991,14,14,14,14,14,14,14,14,14,14
290698,1,1,1991,0,0,0,0,0,0,0,0,0,0
290698,2,1,1991,0,0,0,0,0,0,0,0,0,0
290699,1,1,1991,0,0,0,0,0,21,0,0,0,0
290699,2,1,1991,0,0,0,0,0,0,0,0,0,0
290700,1,1,1991,16,16,16,16,16,16,16,16,16,16
290701,1,1,1991,21,21,21,21,21,21,21,21,21,21
290702,1,1,1991,2,2,2,2,2,2,2,2,2,2
290702,2,1,1991,36,12,13,28,15,0,0,14,0,0
290703,1,1,1991,0,0,0,0,0,0,0,0,0,0
290703,2,1,1991,0,0,0,0,0,0,0,0,0,0
290704,1,1,1991,20,20,20,20,20,20,20,20,20,20
290705,1,1,1991,25,25,25,25,25,25,25,25,25,25
290706,1,1,1991,20,20,20,20,20,20,20,20,20,20
290707,1,1,1991,34,34,34,34,34,34,34,34,34,34
290708,1,1,1991,0,0,0,0,0,0,0,0,0,0
290709,1,1,1991,18,0,0,17,21,0,0,0,10,0
290710,1,1,1991,8,23,12,22,15,12,14,6,24,10
290711,1,1,1991,10,9,15,7,10,12,6,0,7,7
290711,2,1,1991,0,0,0,0,0,0,0,0,0,0
290712,1,1,1991,2,2,2,2,2,2,2,2,2,2
290713,1,1,1991,15,29,31,21,17,20,18,38,27,29
290714,1,1,1991,0,0,0,0,0,0,0,0,0,0
290714,2,1,1991,0,0,0,0,0,0,0,0,0,0
290715,1,1,1991,0,0,0,22,9,0,16,0,0,0
290715,2,1,1991,0,0,0,0,0,0,0,25,0,0
290716,1,1,1991,0,0,0,0,0,0,0,0,0,0
290717,1,1,1991,0,0,0,0,0,0,0,0,0,0
290717,2,1,1991,0,0,9,14,0,0,11,0,0,0
290718,1,1,1991,23,23,23,23,23,23,23,23,23,23
290719,0,1,1991,0,0,0,0,0,0,0,0,0,0
290719,1,1,1991,0,0,0,0,0,0,0,0,0,0
290720,1,1,1991,10,10,10,10,10,10,10,10,10,10
290721,1,1,1991,0,0,0,0,0,22,0,0,0,0
290721,2,1,1991,3,0,0,0,0,0,0,7,0,0
290722,1,1,1991,0,0,0,0,5,0,0,0,0,0
290723,1,1,1991,0,0,0,0,0,0,0,0,0,0
290724,1,1,1991,0,0,0,0,0,0,0,0,0,0
290725,0,1,1991,0,0,0,0,0,0,0,0,0,0
290725,1,1,1991,0,0,0,0,0,0,0,0,0,0
290726,1,1,1991,20,27,11,0,16,0,0,0,0,21
290726,2,1,1991,0,0,0,0,0,0,0,0,0,0
290726,3,1,1991,0,0,0,0,0,0,0,0,0,0
290727,1,1,1991,12,12,12,12,12,12,12,12,12,12
290727,2,1,1991,0,16,0,0,0,0,0,0,17,0
290728,1,1,1991,1,1,1,1,1,1,1,1,1,1
290729,1,1,1991,0,0,0,0,0,0,0,0,0,0
290729,2,1,1991,0,0,0,0,0,0,0,0,0,0
290730,1,1,1991,17,17,17,17,17,17,17,17,17,17
290730,2,1,1991,0,0,0,0,0,0,0,0,0,0
290731,1,1,1991,16,16,16,16,16,16,16,16,16,16
290732,1,1,1991,10,10,10,10,10,10,10,10,10,10
290733,1,1,1991,21,9,0,23,0,0,0,0,0,0
290733,2,1,1991,0,0,0,0,0,0,0,0,19,0
290734,1,1,1991,15,20,18,0,10,12,10,16,23,19
290734,2,1,1991,0,0,0,0,0,0,0,0,0,0
290735,1,1,1991,31,31,31,31,31,31,31,31,31,31
290736,0,1,1991,0,47,0,0,0,20,0,0,0,16
290736,0,2,1991,0,0,0,0,0,0,0,0,0,0
290736,1,1,1991,0,0,0,0,0,0,0,0,0,0
290737,1,1,1991,0,0,0,0,0,0,0,0,0,0
290737,2,1,1991,0,0,0,0,0,0,0,0,0,0
290738,1,1,1991,0,0,0,3,0,0,0,0,11,0
290738,2,1,1991,0,0,0,0,0,0,0,0,0,0
290739,1,1,1991,0,0,0,0,0,0,0,0,0,0
290740,1,1,1991,17,17,17,17,17,17,17,17,17,17
290741,1,1,1991,0,0,0,0,0,0,0,0,0,0
290741,2,1,1991,0,0,0,0,0,0,0,0,0,0
290742,1,1,1991,0,17,0,22,0,0,0,0,0,0
290742,2,1,1991,0,0,0,0,0,0,0,0,0,0
290743,1,1,1991,0,4,9,22,18,24,26,0,15,0
290744,1,1,1991,10,10,10,10,10,10,10,10,10,10
290745,1,1,1991,0,0,0,0,0,0,0,0,0,0
290745,2,1,1991,0,0,0,0,0,0,0,0,0,0
290746,1,1,1991,0,0,0,0,0,0,0,0,0,0
290746,2,1,1991,0,0,0,0,0,0,0,0,0,0
290747,1,1,1991,34,34,34,34,34,34,34,34,34,34
290748,1,1,1991,16,3,14,33,5,10,9,6,11,13
290748,2,1,1991,16,16,16,16,16,16,16,16,16,16
290749,1,1,1991,11,17,24,20,23,8,0,23,0,10
290750,1,1,1991,16,16,16,16,16,16,16,16,16,16
290750,2,1,1991,0,0,0,0,0,0,0,0,0,0
290751,0,1,1991,27,27,27,27,27,27,27,27,27,27
290751,1,1,1991,0,0,0,0,0,0,0,0,0,0
290752,1,1,1991,9,9,9,9,9,9,9,9,9,9
290753,1,1,1991,0,0,8,0,0,0,0,0,12,0
290753,2,1,1991,0,0,0,0,0,0,0,0,0,0
290753,3,1,1991,0,0,0,0,0,0,19,0,0,0
290753,4,1,1991,0,0,0,0,0,0,0,0,0,0
290754,1,1,1991,0,0,0,0,0,20,0,0,0,0