ST_CASE,VEH_NO,PER_NO,YEAR,P1,P2,P3,P4,P5,P6,P7,P8,P9,P10
290755,1,1,1991,0,0,0,0,0,0,0,0,0,0
290755,2,1,1991,0,0,0,0,0,0,0,0,0,0
290756,1,1,1991,0,0,0,0,0,0,0,0,0,0
290756,2,1,1991,0,0,0,0,0,0,0,0,0,0
290757,1,1,1991,9,22,0,19,17,8,15,16,31,5
290758,0,1,1991,0,0,0,0,0,0,0,0,0,0
290758,1,1,1991,0,0,0,0,0,16,0,16,0,0
290759,1,1,1991,26,26,26,26,26,26,26,26,26,26
290760,1,1,1991,0,0,0,0,0,0,0,0,0,0
290760,2,1,1991,0,0,0,0,0,0,0,0,0,0
290761,1,1,1991,19,19,19,19,19,19,19,19,19,19
290762,1,1,1991,8,12,20,7,12,0,18,10,0,5
290763,1,1,1991,0,0,0,0,0,0,0,0,0,0
290764,1,1,1991,18,18,18,18,18,18,18,18,18,18
290765,0,1,1991,0,0,0,0,0,0,0,0,0,0
290765,1,1,1991,0,0,0,0,0,0,0,14,0,0
290765,2,1,1991,8,0,29,0,15,20,0,0,27,0
290765,3,1,1991,0,0,0,0,0,0,0,0,0,0
290766,1,1,1991,0,0,0,0,0,0,0,0,0,0
290766,2,1,1991,0,0,0,0,0,0,0,0,0,0
290767,1,1,1991,19,19,19,19,19,19,19,19,19,19
290768,1,1,1991,0,0,0,0,0,0,0,0,0,0
290768,2,1,1991,0,2,0,0,0,0,0,0,0,0
290769,1,1,1991,0,0,0,0,0,0,0,0,0,0
290769,2,1,1991,0,0,0,0,0,0,0,0,0,0
290769,3,1,1991,0,0,0,0,0,0,0,0,0,0
290770,1,1,1991,0,0,0,0,0,0,0,0,0,0
290771,1,1,1991,14,14,14,14,14,14,14,14,14,14
290772,1,1,1991,21,21,21,21,21,21,21,21,21,21
290773,1,1,1991,0,0,0,0,27,0,0,0,21,0
290773,2,1,1991,0,0,0,0,0,0,0,0,0,0
290774,1,1,1991,0,0,0,0,0,0,0,0,0,0
290774,2,1,1991,0,8,0,0,0,0,0,14,0,0
290775,1,1,1991,16,16,16,16,16,16,16,16,16,16
290776,1,1,1991,26,26,26,26,26,26,26,26,26,26
290777,0,1,1991,0,0,0,0,0,0,0,0,0,0
290777,1,1,1991,0,0,0,0,0,0,0,0,0,0
290779,1,1,1991,0,0,0,0,0,0,0,0,0,0
290780,1,1,1991,0,0,0,0,0,0,0,0,0,0
290780,2,1,1991,0,0,0,0,0,0,0,0,0,0
290781,1,1,1991,0,0,0,0,0,0,0,0,0,0
290781,2,1,1991,0,0,0,0,0,0,0,0,0,0
290782,1,1,1991,33,33,33,33,33,33,33,33,33,33
290783,1,1,1991,0,0,0,0,0,0,0,0,0,0
290783,2,1,1991,0,0,0,0,0,0,0,0,0,0
290784,1,1,1991,16,15,12,20,13,22,22,12,13,3
290785,1,1,1991,0,0,0,0,0,0,0,18,0,14
290786,1,1,1991,0,0,0,0,0,0,0,0,0,0
290786,2,1,1991,0,0,0,0,0,0,0,0,0,0
290787,1,1,1991,0,0,0,0,0,0,0,0,0,0
290787,2,1,1991,0,0,0,0,0,0,0,0,0,0
290788,1,1,1991,27,12,20,27,31,34,49,26,28,16
290789,1,1,1991,0,0,0,0,0,0,0,0,0,0
290789,2,1,1991,0,0,0,0,0,0,0,0,0,0
290790,1,1,1991,0,0,0,0,0,0,0,0,0,0
290790,2,1,1991,0,13,17,0,0,0,0,0,0,0
290791,1,1,1991,0,0,0,0,0,0,0,0,0,0
290791,2,1,1991,0,0,0,9,0,0,0,0,0,0
290792,1,1,1991,21,21,21,21,21,21,21,21,21,21
290793,1,1,1991,0,0,0,0,0,0,0,0,0,0
290793,2,1,1991,0,0,0,0,0,0,0,0,0,0
290794,1,1,1991,15,5,9,7,10,17,13,0,2,7
290794,2,1,1991,0,0,0,0,0,0,0,0,0,0
290795,1,1,1991,0,0,0,0,21,0,0,0,0,0
290795,2,1,1991,0,0,0,0,0,0,0,0,0,0
290796,1,1,1991,19,19,19,19,19,19,19,19,19,19
290797,1,1,1991,33,33,33,33,33,33,33,33,33,33
290798,1,1,1991,0,0,0,0,0,0,0,0,0,0
290798,2,1,1991,0,0,14,0,0,9,0,0,0,0
290798,3,1,1991,0,0,0,0,0,0,0,0,0,0
290799,0,1,1991,19,13,17,33,22,15,24,23,7,20
290799,1,1,1991,0,10,3,16,19,16,36,0,16,14
290800,1,1,1991,33,19,30,0,21,20,0,30,11,10
290801,1,1,1991,0,0,0,0,0,0,0,0,0,0
290801,2,1,1991,0,0,0,0,0,0,0,0,0,0
290802,1,1,1991,0,0,0,0,0,0,0,0,0,0
290803,1,1,1991,0,0,0,0,0,0,0,0,0,0
290803,2,1,1991,0,0,0,0,0,0,0,0,0,0
290804,0,1,1991,0,0,0,0,0,0,0,0,0,0
290804,1,1,1991,0,4,0,0,17,16,20,0,0,15
290805,1,1,1991,0,0,0,0,0,0,0,0,0,0
290805,2,1,1991,0,0,0,0,0,0,0,0,0,0
290806,1,1,1991,26,0,17,14,14,11,18,17,19,5
290807,1,1,1991,0,0,0,0,0,0,0,0,0,0
290807,2,1,1991,0,14,13,0,0,0,0,0,0,0
290808,1,1,1991,16,15,10,0,0,26,20,0,2,18
290809,1,1,1991,0,0,0,0,0,0,0,0,0,0
290810,0,1,1991,0,0,0,0,0,0,0,0,0,0
290810,1,1,1991,0,0,0,0,0,0,0,0,0,0
290811,1,1,1991,0,0,0,0,0,0,0,0,0,0
290811,2,1,1991,0,0,0,0,0,0,0,0,0,0
290812,1,1,1991,0,0,0,0,0,0,0,0,0,0
290813,1,1,1991,0,0,3,0,0,0,0,0,0,0
290813,2,1,1991,0,0,0,0,0,0,0,0,0,0
290814,1,1,1991,0,0,0,0,0,0,0,0,0,0
290815,1,1,1991,0,0,0,0,0,0,0,0,0,0
290815,2,1,1991,0,0,0,0,0,0,0,0,0,0
290816,1,1,1991,17,17,17,17,17,17,17,17,17,17
290817,1,1,1991,5,2,32,9,20,21,15,11,15,23
290818,1,1,1991,0,25,0,0,32,0,0,0,0,0
290818,2,1,1991,0,0,0,0,0,0,0,0,5,0
290819,1,1,1991,0,0,0,0,0,0,0,0,0,0
290820,1,1,1991,15,0,0,0,9,0,0,0,12,0
290821,1,1,1991,0,0,0,0,0,0,0,0,0,0
290821,2,1,1991,0,0,0,0,0,0,0,0,0,0
290822,1,1,1991,28,28,28,28,28,28,28,28,28,28
290823,1,1,1991,10,10,10,10,10,10,10,10,10,10
290824,1,1,1991,17,17,17,17,17,17,17,17,17,17
290825,1,1,1991,0,0,0,0,19,0,0,0,0,0
290825,2,1,1991,0,0,0,0,0,0,0,0,0,0
290826,1,1,1991,0,0,0,0,0,0,0,0,0,0
290826,2,1,1991,22,0,0,15,10,0,0,31,17,9
290826,3,1,1991,9,7,19,21,32,17,11,0,33,27
290827,1,1,1991,0,0,0,0,22,0,0,0,0,0
290828,1,1,1991,0,0,0,0,0,0,0,0,0,0
290828,2,1,1991,0,0,0,0,0,0,0,0,0,0
290829,1,1,1991,0,0,0,0,0,0,0,0,0,0
290829,2,1,1991,7,0,0,9,16,20,0,0,0,0
290830,1,1,1991,0,0,0,0,0,0,0,0,0,0
290830,2,1,1991,0,0,0,0,0,0,0,0,0,0
290831,1,1,1991,0,0,0,0,0,0,0,0,0,0
290832,1,1,1991,0,11,0,0,0,0,0,0,8,0
290832,2,1,1991,0,0,0,0,0,0,0,0,0,0
290833,1,1,1991,21,21,21,21,21,21,21,21,21,21
290834,1,1,1991,21,21,21,21,21,21,21,21,21,21
290835,1,1,1991,23,18,0,22,16,21,15,6,22,18
290836,1,1,1991,4,4,4,4,4,4,4,4,4,4
290837,1,1,1991,0,0,7,0,0,0,0,0,0,0
290837,2,1,1991,0,0,0,0,0,0,0,0,0,0
290838,1,1,1991,27,27,27,27,27,27,27,27,27,27
290838,2,1,1991,0,0,0,0,0,0,0,0,0,0
290839,1,1,1991,0,0,0,0,0,0,0,0,0,0
290839,2,1,1991,0,0,0,0,0,0,0,0,0,0
290839,3,1,1991,0,0,0,0,0,0,0,0,0,0
290839,4,1,1991,0,0,0,0,0,0,0,0,0,0
290840,1,1,1991,6,9,27,19,18,11,8,17,22,13
290841,1,1,1991,20,22,33,17,19,13,12,33,25,15
290842,1,1,1991,0,0,0,0,0,0,0,0,0,0
290842,2,1,1991,0,0,0,0,0,0,0,0,0,0
290842,3,1,1991,0,0,0,0,0,0,0,0,0,0
290843,1,1,1991,40,40,40,40,40,40,40,40,40,40
290844,1,1,1991,0,0,0,0,0,0,0,0,0,0
290845,1,1,1991,0,0,0,0,0,0,0,0,0,0
290846,0,1,1991,0,0,0,0,0,0,0,0,0,0
290846,1,1,1991,0,0,0,0,0,0,0,0,0,0
290847,1,1,1991,3,5,23,11,21,27,19,18,0,21
290847,2,1,1991,14,18,0,0,0,0,17,0,7,0
290848,0,1,1991,0,0,0,0,0,0,0,0,0,0
290848,1,1,1991,0,0,0,0,0,0,0,0,0,0
290849,0,1,1991,28,28,28,28,28,28,28,28,28,28
290849,1,1,1991,0,0,0,0,0,0,0,0,0,0
290849,2,1,1991,0,0,0,0,0,0,0,0,22,0
290849,3,1,1991,0,0,0,0,0,0,0,0,0,0
290850,1,1,1991,33,33,33,33,33,33,33,33,33,33
290851,1,1,1991,0,0,0,0,0,0,0,0,0,0
290852,1,1,1991,0,0,0,0,0,4,0,0,0,0
290852,2,1,1991,0,0,0,0,0,0,12,0,0,0
290853,1,1,1991,32,32,32,32,32,32,32,32,32,32
290853,2,1,1991,15,0,0,0,0,19,19,23,0,17
290854,1,1,1991,32,32,32,32,32,32,32,32,32,32
290854,2,1,1991,0,0,0,0,0,0,0,0,0,23
290855,1,1,1991,0,0,0,0,0,0,0,0,0,0
290855,2,1,1991,0,8,0,0,0,0,9,0,0,0
290856,1,1,1991,0,0,0,0,0,0,0,0,0,0
290856,2,1,1991,0,0,0,0,0,0,0,0,0,0
290857,1,1,1991,17,17,17,17,17,17,17,17,17,17
290857,2,1,1991,0,0,0,0,0,0,0,0,0,0
290858,0,1,1991,0,0,0,0,0,0,0,0,0,0
290858,1,1,1991,0,0,0,0,0,0,0,0,0,0
290859,0,1,1991,17,17,17,17,17,17,17,17,17,17
290859,1,1,1991,8,11,0,0,9,0,0,0,0,7
290860,1,1,1991,18,26,14,18,13,13,26,14,19,34
290861,1,1,1991,0,0,0,0,0,0,0,0,9,0
290861,2,1,1991,0,0,0,0,0,0,0,0,0,0
290862,1,1,1991,17,11,22,23,14,7,34,0,0,5
290863,1,1,1991,22,25,17,13,32,0,10,1,0,22
290864,1,1,1991,0,0,0,0,0,0,0,0,0,0
290864,2,1,1991,0,0,0,0,0,0,0,0,0,0
290865,1,1,1991,0,0,0,11,0,0,0,0,0,0
290865,2,1,1991,8,0,15,9,0,0,0,0,0,0
290866,0,1,1991,0,0,0,0,0,0,0,0,0,0
290866,1,1,1991,0,0,0,0,0,0,0,0,0,0
290867,1,1,1991,16,16,16,16,16,16,16,16,16,16
290868,1,1,1991,21,21,21,21,21,21,21,21,21,21
290869,1,1,1991,18,18,18,18,18,18,18,18,18,18
290870,1,1,1991,9,0,0,0,0,0,0,0,0,0
290870,2,1,1991,0,0,0,0,0,0,0,0,0,0
290871,1,1,1991,0,0,0,0,0,0,0,0,16,0
290871,2,1,1991,0,0,0,0,0,0,0,0,0,0
290872,1,1,1991,0,0,0,0,0,0,0,0,0,0
290873,1,1,1991,0,0,0,0,0,0,20,0,0,0
290873,2,1,1991,21,21,21,21,21,21,21,21,21,21
290874,1,1,1991,8,8,8,8,8,8,8,8,8,8
290874,2,1,1991,0,0,0,0,0,0,4,0,0,0
290874,3,1,1991,0,0,22,0,0,0,0,0,0,0
290875,1,1,1991,21,8,34,20,23,20,8,19,39,24
290875,2,1,1991,0,0,0,0,0,0,0,29,0,0
290877,1,1,1991,34,34,34,34,34,34,34,34,34,34
290878,1,1,1991,28,28,28,28,28,28,28,28,28,28
290879,1,1,1991,0,0,0,0,0,0,0,0,0,0
290879,2,1,1991,0,0,0,0,0,0,0,0,0,0
290880,1,1,1991,0,0,0,0,0,0,0,0,0,0
290880,2,1,1991,0,0,0,0,0,0,0,0,0,0
290881,1,1,1991,13,13,13,13,13,13,13,13,13,13
290882,1,1,1991,25,25,25,25,25,25,25,25,25,25
290882,2,1,1991,0,0,19,0,0,23,0,0,0,13
290883,1,1,1991,0,0,0,0,18,0,0,0,0,0
290884,1,1,1991,17,17,17,17,17,17,17,17,17,17
290884,2,1,1991,0,0,0,0,28,0,0,0,0,0
290885,1,1,1991,0,0,0,0,0,0,15,7,0,0
290885,2,1,1991,0,4,0,0,0,0,0,0,0,0
290886,1,1,1991,0,0,0,0,0,0,0,0,0,0
290887,1,1,1991,0,0,0,0,0,0,0,0,0,0
290887,2,1,1991,15,0,7,0,10,13,0,0,0,0
290888,0,1,1991,16,16,12,14,18,0,34,0,7,6
290888,0,2,1991,21,9,13,11,21,28,9,21,30,20
290888,0,3,1991,20,30,44,0,33,34,34,20,22,30
290888,1,1,1991,20,20,20,20,20,20,20,20,20,20
290889,1,1,1991,22,22,22,22,22,22,22,22,22,22
290889,2,1,1991,24,13,19,21,19,12,26,13,41,22
290890,1,1,1991,21,21,21,21,21,21,21,21,21,21
290891,1,1,1991,0,0,0,0,0,0,18,0,0,0
290891,2,1,1991,0,0,0,0,23,0,0,0,4,22
290891,3,1,1991,0,0,0,0,0,0,0,0,0,0
290892,1,1,1991,0,0,0,0,0,0,0,0,0,0
290892,2,1,1991,0,0,0,0,0,0,0,0,0,0
290893,1,1,1991,0,0,0,0,0,0,0,0,0,0
290893,2,1,1991,0,0,0,0,0,0,0,0,0,0
290894,1,1,1991,13,16,27,19,23,22,17,11,19,0
290897,1,1,1991,24,30,41,10,16,17,20,26,22,17
290898,1,1,1991,9,9,9,9,9,9,9,9,9,9
290899,1,1,1991,15,15,15,15,15,15,15,15,15,15
290899,2,1,1991,0,0,0,0,0,0,0,0,0,0
290900,1,1,1991,0,0,45,0,0,0,0,0,0,22
290901,1,1,1991,0,0,0,0,10,0,0,0,0,0
290901,2,1,1991,0,0,0,0,0,0,0,0,0,0
290902,1,1,1991,9,0,8,0,0,24,18,15,0,11
290903,1,1,1991,0,0,0,0,0,0,0,0,0,0
290904,0,1,1991,0,0,0,0,0,0,0,0,0,0
290904,1,1,1991,24,0,13,10,0,0,40,0,0,0
290905,1,1,1991,6,6,6,6,6,6,6,6,6,6
290905,2,1,1991,0,0,0,0,0,0,0,10,0,0
290906,1,1,1991,13,18,16,14,23,20,24,16,20,16
290907,1,1,1991,0,0,0,0,0,0,0,0,0,0
290907,2,1,1991,0,17,0,31,0,0,0,0,0,0
290908,1,1,1991,0,0,0,0,0,0,0,0,0,0
290908,2,1,1991,0,0,0,0,0,0,16,0,0,0
290909,1,1,1991,14,22,26,43,20,21,13,18,30,8
290910,0,1,1991,0,0,0,0,0,0,0,0,0,0
290910,1,1,1991,0,0,0,0,0,0,0,0,0,0
290911,1,1,1991,23,22,0,8,12,0,0,8,0,0
290911,2,1,1991,0,29,7,0,0,0,0,0,0,0
290912,1,1,1991,0,6,0,0,10,0,0,0,0,0
290913,1,1,1991,21,21,21,21,21,21,21,21,21,21
290914,0,1,1991,28,28,28,28,28,28,28,28,28,28
290914,1,1,1991,24,7,12,29,20,12,3,18,7,0
290915,1,1,1991,0,0,0,0,0,0,0,15,11,0
290916,1,1,1991,0,0,0,0,0,0,0,0,0,0
290916,2,1,1991,0,12,0,0,0,0,0,0,0,0
290917,1,1,1991,0,0,0,0,4,0,0,19,0,0
290917,2,1,1991,0,0,0,0,0,0,0,0,0,0
290918,1,1,1991,0,0,0,0,0,0,0,0,0,0
290918,2,1,1991,0,0,0,0,0,0,0,0,0,0
300001,1,1,1991,0,0,0,0,0,0,0,0,0,0
300001,2,1,1991,0,0,0,0,0,0,0,0,0,0
300002,1,1,1991,0,0,0,0,0,0,0,0,0,0
300002,2,1,1991,0,0,0,0,0,0,0,0,0,0
300003,1,1,1991,20,20,20,20,20,20,20,20,20,20
300004,1,1,1991,17,17,17,17,17,17,17,17,17,17
300005,1,1,1991,0,0,0,0,0,0,0,0,0,0
300006,1,1,1991,26,26,26,26,26,26,26,26,26,26
300006,2,1,1991,0,0,0,0,0,0,0,0,0,0
300007,1,1,1991,30,30,30,30,30,30,30,30,30,30
300007,2,1,1991,0,0,0,0,0,0,0,0,0,0
300008,1,1,1991,35,35,35,35,35,35,35,35,35,35
300009,1,1,1991,0,0,0,0,0,0,0,0,0,0
300010,1,1,1991,0,0,0,0,0,0,0,0,0,0
300011,1,1,1991,23,23,23,23,23,23,23,23,23,23
300012,1,1,1991,0,0,0,0,0,0,0,0,0,0
300012,2,1,1991,0,0,0,0,0,0,0,0,0,0
300013,0,1,1991,0,0,0,0,0,0,0,0,0,0
300013,1,1,1991,0,0,0,17,0,0,0,0,0,0
300013,2,1,1991,0,0,0,0,0,0,0,11,5,0
300013,4,1,1991,0,0,0,0,17,0,0,0,0,0
300013,5,1,1991,0,0,0,0,0,0,0,0,0,0
300014,1,1,1991,26,26,26,26,26,26,26,26,26,26
300015,1,1,1991,17,17,17,17,17,17,17,17,17,17
300016,1,1,1991,0,0,0,0,0,0,0,0,0,0
300016,2,1,1991,0,0,0,0,0,0,0,0,0,0
300017,1,1,1991,0,0,0,0,0,0,0,0,0,0
300019,1,1,1991,0,0,0,0,0,0,0,0,0,0
300020,1,1,1991,0,0,0,0,0,0,0,0,0,0
300021,1,1,1991,0,0,0,0,0,0,0,0,0,0
300021,2,1,1991,0,0,0,0,0,0,0,0,0,0
300022,1,1,1991,20,20,20,20,20,20,20,20,20,20
300023,1,1,1991,0,0,0,0,0,0,0,0,0,0
300023,2,1,1991,0,0,0,0,0,0,0,0,0,21
300025,1,1,1991,0,0,0,0,0,0,0,0,0,0
300027,1,1,1991,13,13,13,13,13,13,13,13,13,13
300028,1,1,1991,0,0,0,0,0,0,0,0,0,0
300028,2,1,1991,0,0,0,0,0,0,0,0,0,0
300028,3,1,1991,0,25,0,0,0,0,0,0,0,0
300029,1,1,1991,21,21,21,21,21,21,21,21,21,21
300030,1,1,1991,24,24,24,24,24,24,24,24,24,24
300030,2,1,1991,0,0,0,0,0,0,0,0,0,0
300031,1,1,1991,27,27,27,27,27,27,27,27,27,27
300032,1,1,1991,0,0,0,0,0,0,0,0,0,0
300032,2,1,1991,0,0,0,0,0,0,0,0,0,0
300033,1,1,1991,23,23,23,23,23,23,23,23,23,23
300034,1,1,1991,0,0,0,0,0,0,0,0,0,0
300035,1,1,1991,0,0,0,0,0,0,0,18,0,0
300035,2,1,1991,0,0,0,0,0,0,0,0,0,0
300036,1,1,1991,0,0,0,0,0,0,0,0,0,0
300036,2,1,1991,0,0,0,0,0,0,0,0,0,0
300038,1,1,1991,8,8,8,8,8,8,8,8,8,8
300039,1,1,1991,38,38,38,38,38,38,38,38,38,38
300040,1,1,1991,0,0,0,0,0,0,0,0,0,0
300040,2,1,1991,0,0,0,0,0,0,0,0,0,0
300041,1,1,1991,15,15,15,15,15,15,15,15,15,15
300042,1,1,1991,0,0,0,0,0,0,0,0,0,0
300042,2,1,1991,23,0,0,0,0,0,0,0,0,0
300043,1,1,1991,0,0,0,0,0,0,0,0,0,0
300044,1,1,1991,0,0,0,0,0,0,0,0,0,0
300044,2,1,1991,0,0,0,0,0,0,0,0,0,0
300045,1,1,1991,0,0,0,0,0,0,0,0,0,0
300046,1,1,1991,22,22,22,22,22,22,22,22,22,22
300047,1,1,1991,0,0,0,0,0,0,0,0,0,0
300048,1,1,1991,23,23,23,23,23,23,23,23,23,23
300049,1,1,1991,15,15,15,15,15,15,15,15,15,15
300050,1,1,1991,18,18,18,18,18,18,18,18,18,18
300051,0,1,1991,1,1,1,1,1,1,1,1,1,1
300051,1,1,1991,0,0,0,0,0,0,0,0,0,0
300052,1,1,1991,27,27,27,27,27,27,27,27,27,27
300053,1,1,1991,0,0,0,0,0,0,0,0,0,0
300054,1,1,1991,0,0,0,0,0,0,0,0,0,0
300055,0,1,1991,18,18,18,18,18,18,18,18,18,18
300055,1,1,1991,8,14,4,26,14,4,18,0,15,9
300056,1,1,1991,19,19,19,19,19,19,19,19,19,19
300057,1,1,1991,27,27,27,27,27,27,27,27,27,27
300057,2,1,1991,20,20,20,20,20,20,20,20,20,20
300059,1,1,1991,0,0,0,0,0,0,0,0,0,0
300059,2,1,1991,0,0,0,0,0,0,0,0,0,0
300060,1,1,1991,18,18,18,18,18,18,18,18,18,18
300061,1,1,1991,0,0,0,0,0,0,0,0,0,0
300062,1,1,1991,0,0,0,0,0,0,0,0,0,0
300063,1,1,1991,0,0,0,0,0,0,0,0,0,0
300064,1,1,1991,14,14,14,14,14,14,14,14,14,14
300064,2,1,1991,0,0,0,0,0,0,0,0,0,0
300065,1,1,1991,0,0,0,0,0,0,0,0,0,0
300066,1,1,1991,0,0,0,0,0,0,0,0,0,0
300067,1,1,1991,27,27,27,27,27,27,27,27,27,27
300068,1,1,1991,19,19,19,19,19,19,19,19,19,19
300069,1,1,1991,0,0,0,0,0,0,0,0,0,0
300069,2,1,1991,0,0,0,0,0,0,0,0,0,0
300070,1,1,1991,19,19,19,19,19,19,19,19,19,19
300071,1,1,1991,0,0,0,0,0,0,0,0,0,0
300072,1,2,1991,21,9,11,5,32,12,0,20,4,0
300073,1,1,1991,0,0,0,0,0,0,0,0,0,0
300074,1,1,1991,17,17,17,17,17,17,17,17,17,17
300074,2,1,1991,0,0,0,0,0,0,0,0,0,0
300076,1,1,1991,0,0,0,0,0,0,0,0,0,0
300077,1,1,1991,11,11,11,11,11,11,11,11,11,11
300078,1,1,1991,28,0,9,15,5,0,12,21,13,0
300079,1,1,1991,0,0,0,0,0,0,0,0,0,0
300079,2,1,1991,0,0,0,0,0,0,0,0,0,0
300079,3,1,1991,0,0,0,0,0,0,0,0,0,0
300080,1,1,1991,0,0,0,0,0,0,0,10,0,0
300081,1,1,1991,2,2,2,2,2,2,2,2,2,2
300082,1,1,1991,10,10,10,10,10,10,10,10,10,10
300083,1,1,1991,17,17,17,17,17,17,17,17,17,17
300083,2,1,1991,0,0,0,0,0,0,0,0,0,0
300084,1,1,1991,11,11,11,11,11,11,11,11,11,11
300084,2,1,1991,0,0,0,0,0,0,0,0,0,0
300085,1,1,1991,17,17,17,17,17,17,17,17,17,17
300086,1,1,1991,16,16,16,16,16,16,16,16,16,16
300087,1,1,1991,0,0,0,0,0,0,0,0,0,0
300088,1,1,1991,0,0,6,0,0,0,0,0,0,0
300088,2,1,1991,0,0,0,0,0,0,0,0,0,0
300088,3,1,1991,0,0,0,0,0,0,0,0,0,0
300089,0,1,1991,0,0,0,0,0,0,0,0,0,0
300089,0,2,1991,0,0,0,0,0,0,0,0,0,0
300089,1,1,1991,17,17,17,17,17,17,17,17,17,17
300090,1,1,1991,0,0,0,0,0,0,0,0,0,0
300090,2,1,1991,17,17,17,17,17,17,17,17,17,17
300091,1,1,1991,0,0,0,0,0,0,0,0,0,0
300092,1,1,1991,24,24,24,24,24,24,24,24,24,24
300093,1,1,1991,0,0,0,0,0,0,0,0,0,0
300094,1,1,1991,26,26,26,26,26,26,26,26,26,26
300095,1,1,1991,0,0,0,0,0,0,0,0,0,0
300095,2,1,1991,0,0,0,0,0,0,0,0,0,0
300096,1,1,1991,0,0,9,9,0,13,0,12,0,0
300097,1,1,1991,27,27,27,27,27,27,27,27,27,27
300098,1,1,1991,0,0,0,0,0,0,0,0,0,0
300099,1,1,1991,28,28,28,28,28,28,28,28,28,28
300100,1,1,1991,11,11,11,11,11,11,11,11,11,11
300101,1,1,1991,0,0,0,0,0,0,0,0,0,0
300102,1,2,1991,33,7,12,12,22,21,0,7,0,0
300103,1,1,1991,21,21,21,21,21,21,21,21,21,21
300104,1,1,1991,21,21,21,21,21,21,21,21,21,21
300104,2,1,1991,0,0,0,0,0,0,0,0,0,0
300104,3,1,1991,0,0,0,0,0,0,0,0,0,0
300104,4,1,1991,0,0,0,0,0,0,0,0,0,0
300104,5,1,1991,0,0,0,0,0,0,0,0,0,0
300104,6,1,1991,0,0,0,0,0,0,0,0,0,0
300104,7,1,1991,0,0,0,0,0,0,9,0,0,0
300105,1,1,1991,0,0,0,0,0,0,0,0,0,0
300106,0,1,1991,0,0,0,0,0,0,0,0,0,0
300106,1,1,1991,0,0,0,0,0,0,0,0,0,0
300107,1,1,1991,5,5,5,5,5,5,5,5,5,5
300107,2,1,1991,19,19,19,19,19,19,19,19,19,19
300108,0,1,1991,0,0,0,0,0,0,0,0,0,0
300108,1,1,1991,0,0,0,0,0,0,0,0,0,0
300109,1,1,1991,0,0,0,0,0,0,0,0,0,0
300110,1,1,1991,18,10,29,16,5,21,24,25,13,21
300111,0,1,1991,3,3,3,3,3,3,3,3,3,3
300111,1,1,1991,0,0,0,0,0,0,0,0,0,0
300112,1,1,1991,20,20,20,20,20,20,20,20,20,20
300113,1,1,1991,0,0,0,0,0,0,0,0,0,0
300114,1,1,1991,0,0,0,0,0,0,0,0,0,0
300115,1,1,1991,15,15,15,15,15,15,15,15,15,15
300115,2,1,1991,0,0,0,0,0,0,0,0,0,0
300116,1,1,1991,28,28,28,28,28,28,28,28,28,28
300117,1,1,1991,4,4,4,4,4,4,4,4,4,4
300118,1,1,1991,26,26,26,26,26,26,26,26,26,26
300119,1,1,1991,0,0,0,0,0,0,0,0,0,0
300120,1,1,1991,31,31,31,31,31,31,31,31,31,31
300121,1,1,1991,0,0,0,0,0,0,0,0,0,0
300122,1,1,1991,0,0,0,0,0,0,0,0,0,0
300123,1,1,1991,0,0,0,0,0,0,0,0,0,0
300123,2,1,1991,0,0,0,0,0,0,0,0,0,0
300123,3,1,1991,0,0,0,0,0,0,0,0,0,0
300123,4,1,1991,0,0,0,0,0,0,0,0,0,0
300124,1,1,1991,23,23,23,23,23,23,23,23,23,23
300124,2,1,1991,0,0,0,0,0,0,0,0,0,0
300125,1,1,1991,17,17,17,17,17,17,17,17,17,17
300126,1,1,1991,15,15,15,15,15,15,15,15,15,15
300127,1,1,1991,0,0,0,0,0,0,0,0,0,0
300127,2,1,1991,0,0,0,0,0,0,0,0,0,0
300128,1,1,1991,0,0,0,0,0,0,0,0,0,0
300128,2,1,1991,0,0,0,0,0,0,0,0,0,0
300129,1,1,1991,24,24,24,24,24,24,24,24,24,24
300130,1,1,1991,20,20,20,20,20,20,20,20,20,20
300131,1,1,1991,12,12,12,12,12,12,12,12,12,12
300132,0,1,1991,26,26,26,26,26,26,26,26,26,26
300132,1,1,1991,13,13,13,13,13,13,13,13,13,13
300133,0,1,1991,15,15,15,15,15,15,15,15,15,15
300133,1,1,1991,0,30,0,20,10,0,11,0,4,31
300134,1,1,1991,0,0,0,0,0,0,0,0,0,0
300134,2,1,1991,0,0,0,0,0,0,0,0,0,0
300135,1,1,1991,20,20,20,20,20,20,20,20,20,20
300136,1,1,1991,0,0,0,0,0,0,0,0,0,0
300137,1,1,1991,15,15,15,15,15,15,15,15,15,15
300138,1,1,1991,0,0,0,0,0,0,0,0,0,0
300138,2,1,1991,0,0,0,0,0,0,0,0,0,0
300139,1,1,1991,2,2,2,2,2,2,2,2,2,2
300140,1,1,1991,27,27,27,27,27,27,27,27,27,27
300141,1,1,1991,21,21,21,21,21,21,21,21,21,21