ST_CASE,VEH_NO,PER_NO,YEAR,P1,P2,P3,P4,P5,P6,P7,P8,P9,P10
300142,0,1,1991,0,0,0,0,0,0,0,0,0,0
300142,1,1,1991,0,0,0,0,0,0,0,0,0,0
300143,1,1,1991,19,19,19,19,19,19,19,19,19,19
300144,1,1,1991,0,0,0,0,0,0,0,0,15,0
300145,1,1,1991,0,0,0,0,0,0,0,0,0,0
300146,1,1,1991,0,0,0,0,0,0,0,0,0,0
300146,2,1,1991,4,0,0,0,0,0,0,0,0,0
300146,3,1,1991,0,0,0,0,0,0,0,0,0,0
300147,1,1,1991,0,0,0,0,0,0,0,0,0,0
300148,1,1,1991,0,0,0,0,0,0,0,0,0,0
300149,1,1,1991,0,0,0,0,0,0,0,0,0,0
300150,1,1,1991,0,0,0,0,0,0,0,0,0,0
300152,1,1,1991,2,2,2,2,2,2,2,2,2,2
300153,1,1,1991,0,0,0,0,0,0,0,0,0,0
300154,1,1,1991,0,0,0,0,0,0,0,0,0,0
300155,1,1,1991,0,0,0,0,0,0,0,0,0,0
300155,2,1,1991,0,0,0,0,0,0,0,0,0,0
300156,1,1,1991,0,0,0,0,0,0,0,0,0,0
300156,2,1,1991,10,10,10,10,10,10,10,10,10,10
300157,0,1,1991,11,11,11,11,11,11,11,11,11,11
300157,1,1,1991,0,0,0,0,0,0,0,0,0,0
300158,0,1,1991,0,0,0,0,0,0,0,0,0,0
300158,1,1,1991,0,0,0,0,0,0,0,0,0,0
300159,0,1,1991,19,19,19,19,19,19,19,19,19,19
300159,1,1,1991,17,21,5,0,27,11,0,14,0,23
300160,1,1,1991,0,32,0,6,0,0,0,14,6,18
300161,1,1,1991,20,20,20,20,20,20,20,20,20,20
300162,1,1,1991,35,35,35,35,35,35,35,35,35,35
300163,1,1,1991,13,13,13,13,13,13,13,13,13,13
300164,1,1,1991,14,0,18,18,0,18,10,0,0,0
300165,1,1,1991,26,26,26,26,26,26,26,26,26,26
300165,2,1,1991,0,0,0,0,0,0,0,0,0,0
300166,0,1,1991,0,0,0,0,0,0,0,0,0,0
300166,1,1,1991,22,22,22,22,22,22,22,22,22,22
300167,1,1,1991,21,21,21,21,21,21,21,21,21,21
300168,1,1,1991,25,25,25,25,25,25,25,25,25,25
300169,1,1,1991,0,0,0,0,0,0,0,0,0,0
300169,2,1,1991,0,0,0,0,0,0,0,0,0,0
300170,0,1,1991,0,0,0,0,0,0,0,0,0,0
300170,1,1,1991,10,14,27,23,13,11,0,26,9,10
300171,1,1,1991,0,0,0,0,0,0,0,0,0,0
300171,2,1,1991,0,0,0,0,0,0,0,0,0,0
300172,1,1,1991,18,18,18,18,18,18,18,18,18,18
300173,0,1,1991,36,36,36,36,36,36,36,36,36,36
300173,1,1,1991,10,0,0,21,25,22,25,0,29,0
300174,1,1,1991,0,0,0,0,0,0,0,0,0,0
300174,2,1,1991,0,0,0,0,0,0,0,0,0,0
300175,1,1,1991,16,16,16,16,16,16,16,16,16,16
300176,1,1,1991,1,1,1,1,1,1,1,1,1,1
300176,2,1,1991,0,0,0,0,0,0,0,0,0,0
300177,1,1,1991,26,26,26,26,26,26,26,26,26,26
300178,1,1,1991,0,0,0,0,0,0,0,0,0,0
300178,2,1,1991,12,12,12,12,12,12,12,12,12,12
300179,0,1,1991,10,10,10,10,10,10,10,10,10,10
300179,1,1,1991,0,0,0,0,0,0,0,0,0,0
310001,1,1,1991,0,0,0,0,0,0,0,0,0,0
310002,1,1,1991,25,25,25,25,25,25,25,25,25,25
310003,1,1,1991,0,0,0,0,0,0,0,0,0,0
310003,2,1,1991,0,0,0,0,0,0,0,0,0,0
310004,1,1,1991,0,0,0,0,0,0,0,0,0,0
310005,1,1,1991,12,12,12,12,12,12,12,12,12,12
310006,1,2,1991,0,0,0,0,0,0,0,0,0,0
310007,1,1,1991,0,0,0,0,0,0,0,0,0,0
310007,2,1,1991,0,0,0,0,0,0,0,0,0,0
310008,1,1,1991,0,0,0,0,0,0,0,0,0,0
310008,2,1,1991,25,25,25,25,25,25,25,25,25,25
310009,1,1,1991,0,0,0,0,0,0,0,0,0,0
310010,1,1,1991,0,0,0,0,0,0,0,0,0,0
310011,1,1,1991,0,0,0,0,0,0,0,0,0,0
310011,2,1,1991,0,0,0,0,0,0,0,0,0,0
310012,1,1,1991,0,0,0,0,0,0,0,0,0,0
310012,2,1,1991,0,0,0,0,0,0,0,0,0,0
310013,1,1,1991,20,4,19,25,25,22,28,16,14,5
310014,1,1,1991,14,14,14,14,14,14,14,14,14,14
310015,1,1,1991,0,0,0,0,0,0,0,0,0,0
310016,1,1,1991,0,0,0,0,0,0,0,0,0,0
310016,2,1,1991,0,0,0,0,0,0,0,0,0,0
310017,1,1,1991,10,16,30,18,28,11,11,17,14,19
310018,1,1,1991,8,8,8,8,8,8,8,8,8,8
310019,1,1,1991,0,8,15,19,14,23,26,7,14,17
310020,1,1,1991,0,0,0,0,0,0,0,0,0,0
310020,2,1,1991,0,0,0,0,0,0,0,0,0,0
310020,3,1,1991,0,0,0,0,0,0,0,0,0,0
310021,1,1,1991,16,16,16,16,16,16,16,16,16,16
310022,1,1,1991,0,0,0,0,0,0,0,0,0,0
310023,1,1,1991,4,4,4,4,4,4,4,4,4,4
310023,2,1,1991,0,0,0,0,0,0,0,0,0,0
310024,1,1,1991,18,18,18,18,18,18,18,18,18,18
310026,1,1,1991,0,0,0,0,0,0,0,0,0,0
310028,1,1,1991,0,0,0,0,0,0,0,0,0,9
310028,2,1,1991,0,0,0,0,0,0,0,0,0,0
310029,1,1,1991,0,0,0,0,0,0,0,0,0,0
310030,1,1,1991,0,0,0,0,0,0,0,0,0,0
310032,1,1,1991,12,12,12,12,12,12,12,12,12,12
310033,1,1,1991,27,23,22,9,24,0,15,27,0,0
310033,2,1,1991,0,0,0,0,0,0,0,0,0,0
310035,1,1,1991,0,0,0,0,0,0,0,0,0,0
310035,2,1,1991,0,0,0,0,0,0,0,0,0,0
310035,3,1,1991,0,0,0,0,0,0,0,0,0,0
310036,1,1,1991,7,0,0,0,0,0,0,0,0,0
310036,2,1,1991,0,0,0,0,0,0,0,0,0,0
310036,3,1,1991,0,0,0,0,0,0,0,0,0,0
310037,1,1,1991,22,22,22,22,22,22,22,22,22,22
310038,0,1,1991,22,22,22,22,22,22,22,22,22,22
310038,1,1,1991,0,0,0,0,0,0,0,0,0,0
310039,1,1,1991,21,21,21,21,21,21,21,21,21,21
310040,1,1,1991,0,0,0,0,0,0,0,0,0,0
310040,2,1,1991,0,0,0,0,0,0,0,0,0,0
310041,1,1,1991,0,0,0,0,0,0,0,0,0,0
310042,1,1,1991,0,0,0,0,0,0,0,0,0,0
310042,2,1,1991,0,0,0,0,0,0,0,0,0,0
310043,1,1,1991,2,2,2,2,2,2,2,2,2,2
310044,0,1,1991,0,0,0,0,0,0,0,0,0,0
310044,1,1,1991,0,0,0,0,0,0,0,0,0,0
310045,1,1,1991,0,0,0,0,0,0,0,0,0,0
310045,2,1,1991,15,15,15,15,15,15,15,15,15,15
310046,1,1,1991,3,3,3,3,3,3,3,3,3,3
310046,2,1,1991,0,0,0,0,0,0,0,0,0,0
310047,1,1,1991,0,0,0,0,0,0,0,0,5,0
310047,2,1,1991,0,0,0,0,0,0,0,0,0,0
310048,1,1,1991,19,19,19,19,19,19,19,19,19,19
310049,1,1,1991,19,19,19,19,19,19,19,19,19,19
310050,1,1,1991,0,0,0,0,0,0,0,0,0,0
310050,2,1,1991,0,0,0,0,0,0,0,0,0,0
310051,1,1,1991,12,12,12,12,12,12,12,12,12,12
310052,1,1,1991,0,0,0,0,0,0,0,0,0,0
310052,2,1,1991,0,0,0,0,0,0,0,0,0,0
310052,3,1,1991,0,0,0,0,0,0,0,0,0,0
310053,1,1,1991,0,0,0,0,0,0,0,0,0,0
310054,1,1,1991,20,20,20,20,20,20,20,20,20,20
310055,1,1,1991,21,21,21,21,21,21,21,21,21,21
310056,1,1,1991,0,0,0,0,0,0,0,0,0,0
310056,2,1,1991,0,0,0,0,0,0,0,0,0,0
310057,1,1,1991,0,0,0,0,0,0,0,0,0,0
310057,2,1,1991,0,0,0,0,0,0,0,0,0,0
310058,1,1,1991,0,0,0,0,0,0,0,0,0,0
310058,2,1,1991,0,0,0,0,0,0,0,0,0,0
310059,1,1,1991,0,0,0,0,0,0,0,0,0,0
310059,2,1,1991,0,0,0,0,0,0,0,0,0,0
310060,1,1,1991,29,29,29,29,29,29,29,29,29,29
310060,2,1,1991,0,0,0,0,0,0,0,0,0,0
310061,1,1,1991,0,0,0,0,0,0,0,0,0,0
310061,2,1,1991,0,0,0,0,0,0,0,0,0,0
310062,1,1,1991,9,9,9,9,9,9,9,9,9,9
310062,2,1,1991,0,0,0,0,0,0,0,0,0,0
310063,1,1,1991,0,0,0,0,0,0,0,0,0,0
310063,2,1,1991,0,0,0,0,0,0,0,0,0,0
310064,1,1,1991,0,0,0,0,0,0,0,0,0,0
310064,2,1,1991,0,0,0,0,0,0,0,0,0,0
310065,1,1,1991,0,0,0,0,0,0,0,0,0,0
310065,2,1,1991,13,13,13,13,13,13,13,13,13,13
310066,1,1,1991,0,0,0,0,0,0,0,0,0,0
310067,1,1,1991,0,0,0,0,0,0,0,0,0,0
310067,2,1,1991,0,0,0,0,0,0,0,0,0,0
310068,1,1,1991,0,0,0,0,0,0,0,0,0,0
310068,2,1,1991,0,0,0,0,0,0,0,0,0,0
310069,1,1,1991,0,0,0,0,0,0,0,0,0,0
310070,1,1,1991,14,14,14,14,14,14,14,14,14,14
310071,0,1,1991,24,12,12,20,0,36,0,36,50,42
310071,1,1,1991,10,10,15,20,18,2,17,18,13,4
310072,1,1,1991,0,0,0,0,0,0,0,0,0,0
310072,2,1,1991,0,0,0,0,0,0,0,0,0,0
310073,0,1,1991,4,4,4,4,4,4,4,4,4,4
310073,0,2,1991,0,0,24,17,0,18,29,21,19,16
310073,0,3,1991,0,0,0,0,0,0,0,0,0,0
310073,1,1,1991,4,4,4,4,4,4,4,4,4,4
310074,1,1,1991,0,0,0,0,0,0,0,0,0,0
310076,1,1,1991,0,0,0,0,0,0,0,0,0,0
310076,2,1,1991,14,14,14,14,14,14,14,14,14,14
310077,1,1,1991,13,25,25,24,26,25,16,17,14,20
310078,1,1,1991,0,0,0,0,0,0,0,0,0,0
310079,1,1,1991,0,0,0,0,0,0,0,0,0,0
310079,2,1,1991,0,0,0,0,0,0,0,0,0,0
310080,1,1,1991,0,0,0,0,0,0,0,0,0,0
310080,2,1,1991,0,0,0,0,0,0,0,0,0,0
310081,0,1,1991,21,21,21,21,21,21,21,21,21,21
310081,1,1,1991,9,6,11,4,23,0,7,10,0,0
310082,1,1,1991,24,24,24,24,24,24,24,24,24,24
310083,1,1,1991,0,0,0,0,0,0,0,0,0,0
310083,2,1,1991,12,12,12,12,12,12,12,12,12,12
310084,1,1,1991,0,0,0,0,0,0,0,0,0,0
310084,2,1,1991,0,0,0,0,0,0,0,0,0,0
310085,1,1,1991,13,13,13,13,13,13,13,13,13,13
310086,1,1,1991,0,0,0,0,0,0,0,0,0,0
310088,1,1,1991,9,9,9,9,9,9,9,9,9,9
310088,2,1,1991,0,0,0,0,0,0,0,0,0,0
310089,1,1,1991,17,17,17,17,17,17,17,17,17,17
310090,1,1,1991,37,6,11,16,34,13,7,8,14,29
310091,1,1,1991,0,0,0,0,0,0,0,0,0,0
310091,2,1,1991,0,0,0,0,0,0,0,0,0,0
310092,1,1,1991,0,0,0,0,0,0,0,0,0,0
310092,2,1,1991,0,0,0,0,0,0,0,0,0,0
310092,3,1,1991,0,0,0,0,0,0,0,0,0,0
310092,4,1,1991,0,0,0,0,0,0,0,0,0,0
310093,1,1,1991,0,0,0,0,0,0,0,0,0,0
310093,2,1,1991,0,0,0,0,0,0,0,0,0,0
310093,3,1,1991,0,0,0,0,0,0,0,0,0,0
310094,1,1,1991,0,0,0,0,0,0,0,0,5,0
310095,0,1,1991,0,0,0,0,0,0,0,0,0,0
310095,2,1,1991,0,0,0,0,0,0,0,0,0,0
310096,1,1,1991,0,0,0,0,0,0,0,0,0,0
310097,1,1,1991,0,32,29,0,0,0,0,0,0,0
310098,1,1,1991,0,0,0,0,0,0,0,0,0,0
310098,2,1,1991,0,0,0,0,0,0,0,0,0,0
310099,1,1,1991,0,0,0,0,0,0,0,0,0,0
310099,2,1,1991,0,0,0,0,0,0,0,0,0,0
310100,1,1,1991,44,44,44,44,44,44,44,44,44,44
310101,1,1,1991,0,0,0,0,0,0,0,0,0,0
310101,2,1,1991,0,0,0,0,0,0,0,0,0,0
310102,1,1,1991,0,0,0,0,0,0,0,0,0,0
310103,1,1,1991,16,16,16,16,16,16,16,16,16,16
310103,2,1,1991,0,0,0,0,0,0,0,0,0,0
310104,1,1,1991,0,0,0,0,0,0,0,0,0,0
310104,2,1,1991,0,0,0,0,0,0,0,0,0,0
310105,1,1,1991,0,0,0,0,0,0,0,0,0,0
310105,2,1,1991,0,0,0,0,0,0,0,0,0,0
310107,1,1,1991,0,0,0,0,0,0,0,0,0,0
310108,1,1,1991,16,16,16,16,16,16,16,16,16,16
310109,1,1,1991,6,6,6,6,6,6,6,6,6,6
310110,1,1,1991,34,34,34,34,34,34,34,34,34,34
310111,0,1,1991,0,0,0,0,0,0,0,0,0,0
310111,1,1,1991,17,0,13,0,0,0,19,2,15,0
310112,1,1,1991,22,22,22,22,22,22,22,22,22,22
310113,0,1,1991,25,25,25,25,25,25,25,25,25,25
310113,1,1,1991,0,0,0,0,0,0,0,0,0,0
310114,1,1,1991,3,3,3,3,3,3,3,3,3,3
310115,1,1,1991,15,15,15,15,15,15,15,15,15,15
310116,1,1,1991,0,0,0,0,0,0,0,0,0,0
310116,2,1,1991,0,0,0,0,0,0,0,0,0,0
310117,1,1,1991,0,0,0,6,0,0,0,27,0,0
310117,2,1,1991,0,0,0,0,0,0,0,0,0,0
310118,0,1,1991,0,0,0,0,0,0,0,0,0,0
310118,1,1,1991,0,0,0,0,0,0,0,0,0,0
310119,1,1,1991,7,7,7,7,7,7,7,7,7,7
310119,2,1,1991,0,0,0,0,0,0,0,0,0,0
310120,1,1,1991,13,11,27,39,11,12,12,10,21,21
310121,1,1,1991,16,16,16,16,16,16,16,16,16,16
310122,1,1,1991,0,0,0,0,0,8,0,0,7,0
310123,1,1,1991,0,0,0,0,0,0,0,0,0,0
310123,2,1,1991,0,0,0,0,0,0,0,0,0,0
310124,0,1,1991,0,0,0,0,0,0,0,0,0,0
310124,1,1,1991,0,0,0,0,0,0,0,0,0,0
310125,1,1,1991,18,18,18,18,18,18,18,18,18,18
310126,1,1,1991,0,0,0,0,0,0,0,0,0,0
310126,2,1,1991,16,16,16,16,16,16,16,16,16,16
310127,1,1,1991,0,0,0,0,0,0,0,0,0,0
310127,2,1,1991,1,1,1,1,1,1,1,1,1,1
310128,1,1,1991,0,0,0,0,0,0,0,0,0,0
310129,1,1,1991,0,0,19,0,15,0,2,0,0,10
310129,2,1,1991,0,0,0,0,0,0,0,0,0,0
310130,1,1,1991,0,0,0,0,0,0,0,0,0,0
310130,2,1,1991,6,7,15,17,0,15,28,19,18,6
310131,1,1,1991,0,0,0,0,0,0,0,0,0,0
310131,2,1,1991,0,0,0,0,0,0,0,0,0,0
310132,1,1,1991,1,1,1,1,1,1,1,1,1,1
310133,1,1,1991,0,0,0,0,0,0,0,0,0,0
310134,1,1,1991,2,2,2,2,2,2,2,2,2,2
310134,2,1,1991,0,0,0,0,0,0,0,0,0,0
310135,0,1,1991,0,0,0,0,0,0,0,0,0,0
310135,1,1,1991,0,0,0,0,0,0,0,0,0,0
310136,1,1,1991,6,6,6,6,6,6,6,6,6,6
310137,1,1,1991,2,2,2,2,2,2,2,2,2,2
310137,2,1,1991,0,0,0,0,0,0,0,0,0,0
310138,1,1,1991,28,23,5,26,8,22,20,13,12,18
310139,1,1,1991,0,0,0,0,0,0,0,0,0,0
310139,2,1,1991,0,0,0,0,0,0,0,0,0,0
310140,1,1,1991,0,0,0,0,0,0,0,0,0,0
310141,1,1,1991,30,30,30,30,30,30,30,30,30,30
310142,1,1,1991,0,0,0,0,0,0,0,0,0,0
310143,0,1,1991,0,0,0,0,0,0,0,0,0,0
310143,1,1,1991,0,0,0,0,0,0,0,0,0,0
310144,1,1,1991,0,0,0,0,0,0,0,0,0,0
310145,1,1,1991,5,5,5,5,5,5,5,5,5,5
310145,2,1,1991,0,0,0,0,0,0,0,0,0,0
310146,1,1,1991,29,21,8,9,11,9,21,17,19,7
310147,0,1,1991,0,0,0,0,0,0,0,0,0,0
310147,1,1,1991,0,0,0,0,0,0,0,0,0,0
310148,1,1,1991,0,0,0,0,0,10,0,24,0,0
310149,1,1,1991,18,16,21,8,7,0,10,29,19,10
310149,2,1,1991,0,0,5,0,26,0,14,0,4,7
310150,1,1,1991,0,0,0,0,0,0,0,0,0,0
310150,2,1,1991,0,0,0,0,0,0,0,0,0,0
310151,1,1,1991,16,16,16,16,16,16,16,16,16,16
310152,1,1,1991,0,0,0,0,0,0,0,0,0,0
310152,2,1,1991,0,0,0,0,0,0,0,0,0,0
310153,1,1,1991,18,19,0,0,6,0,5,6,0,23
310154,1,1,1991,1,1,1,1,1,1,1,1,1,1
310154,2,1,1991,0,0,0,0,0,0,0,0,0,0
310155,1,1,1991,21,12,18,11,15,16,8,18,15,10
310155,2,1,1991,0,0,0,0,0,0,0,0,0,0
310156,1,1,1991,0,0,0,0,0,0,0,0,0,0
310156,2,1,1991,0,0,0,0,0,0,0,0,0,0
310157,1,1,1991,23,24,18,0,14,12,13,18,0,17
310158,1,1,1991,0,0,19,0,0,0,10,0,10,0
310159,1,1,1991,0,0,0,0,0,0,0,0,0,0
310159,2,1,1991,0,0,0,0,0,0,0,0,0,0
310160,1,1,1991,13,13,13,13,13,13,13,13,13,13
310161,1,1,1991,0,0,0,0,0,0,0,0,0,0
310161,2,1,1991,0,0,0,0,0,0,0,0,0,0
310162,1,1,1991,23,14,0,0,5,11,5,0,13,4
310162,2,1,1991,0,0,0,0,0,0,0,0,0,0
310164,1,1,1991,0,0,0,0,0,0,0,0,0,0
310165,0,1,1991,1,1,1,1,1,1,1,1,1,1
310165,0,2,1991,0,0,0,0,0,0,0,0,0,0
310165,1,1,1991,0,0,0,0,0,0,0,0,0,0
310166,1,1,1991,0,0,0,0,0,0,0,0,0,0
310166,2,1,1991,15,0,12,8,0,12,0,0,0,0
310167,1,1,1991,0,0,0,0,0,0,0,0,0,0
310167,2,1,1991,0,0,0,0,0,0,0,0,0,0
310168,0,1,1991,14,14,14,14,14,14,14,14,14,14
310168,1,1,1991,14,14,14,14,14,14,14,14,14,14
310169,1,1,1991,10,10,10,10,10,10,10,10,10,10
310169,2,1,1991,0,0,0,0,0,0,0,0,0,0
310170,1,1,1991,18,18,18,18,18,18,18,18,18,18
310172,1,1,1991,0,0,0,0,0,0,0,0,0,0
310173,1,1,1991,22,22,22,22,22,22,22,22,22,22
310174,1,1,1991,0,0,0,0,0,0,0,0,0,0
310174,2,1,1991,0,0,0,0,0,0,0,0,0,0
310175,1,1,1991,0,0,0,0,0,0,0,0,0,0
310175,2,1,1991,0,0,4,0,0,0,0,0,0,0
310176,1,1,1991,0,0,0,0,0,0,0,0,0,0
310176,2,1,1991,0,0,0,0,0,0,0,0,0,0
310177,1,1,1991,12,12,12,12,12,12,12,12,12,12
310178,1,1,1991,5,5,5,5,5,5,5,5,5,5
310179,0,1,1991,22,22,22,22,22,22,22,22,22,22
310179,1,1,1991,12,7,0,20,0,23,8,0,0,0
310180,1,1,1991,12,12,12,12,12,12,12,12,12,12
310181,1,1,1991,0,0,0,0,0,0,0,26,0,0
310181,2,1,1991,23,23,23,23,23,23,23,23,23,23
310182,1,1,1991,0,0,0,0,0,0,0,0,0,0
310182,2,1,1991,0,0,0,0,0,0,0,0,0,0
310183,1,1,1991,28,28,28,28,28,28,28,28,28,28
310184,1,1,1991,0,0,0,0,0,0,0,0,0,0
310185,0,1,1991,30,30,30,30,30,30,30,30,30,30
310185,1,1,1991,0,0,0,0,0,0,0,0,0,0
310186,1,1,1991,18,18,18,18,18,18,18,18,18,18
310187,1,1,1991,0,0,0,0,0,0,0,0,0,0
310187,2,1,1991,0,0,0,0,0,0,0,0,0,0
310188,1,1,1991,0,0,0,0,0,0,0,0,0,0
310188,2,1,1991,0,0,0,0,0,0,14,0,0,0
310189,1,1,1991,0,0,0,0,0,0,0,0,0,0
310189,2,1,1991,1,1,1,1,1,1,1,1,1,1
310190,0,1,1991,26,26,26,26,26,26,26,26,26,26
310190,1,1,1991,1,1,1,1,1,1,1,1,1,1
310191,1,1,1991,0,0,0,0,0,0,0,0,0,0
310191,2,1,1991,0,0,0,0,0,0,0,0,0,0
310192,1,1,1991,0,0,0,0,0,0,0,0,0,0
310192,2,1,1991,0,0,0,0,0,0,0,0,0,0
310193,1,1,1991,0,0,0,0,0,0,0,0,0,0
310194,1,1,1991,15,15,15,15,15,15,15,15,15,15
310195,0,1,1991,28,28,28,28,28,28,28,28,28,28
310195,1,1,1991,6,6,8,8,6,17,3,14,16,15
310196,1,1,1991,5,5,5,5,5,5,5,5,5,5
310196,2,1,1991,12,12,12,12,12,12,12,12,12,12
310197,0,1,1991,0,0,0,0,0,0,0,0,0,0
310197,0,2,1991,0,0,0,0,0,0,0,0,0,0
310197,1,1,1991,0,0,0,0,0,0,0,0,0,0
310198,1,1,1991,22,22,22,22,22,22,22,22,22,22
310199,1,1,1991,0,0,0,0,0,0,0,0,0,0
310199,2,1,1991,0,0,0,0,0,0,0,0,0,0
310200,1,1,1991,0,0,0,0,0,0,0,0,0,0
310201,1,1,1991,0,0,0,0,0,0,0,0,0,0
310201,2,1,1991,1,1,1,1,1,1,1,1,1,1
310202,1,1,1991,0,0,0,0,0,0,0,0,0,0
310202,2,1,1991,0,0,0,4,0,0,0,0,0,0
310203,1,1,1991,0,0,0,0,0,0,0,0,0,0
310204,1,1,1991,0,0,0,0,0,0,0,0,0,0
310204,2,1,1991,0,0,0,0,0,0,0,0,0,0
310205,1,1,1991,8,8,8,8,8,8,8,8,8,8
310206,1,1,1991,0,0,0,0,0,0,0,0,0,0
310207,1,1,1991,0,0,0,0,0,0,0,0,0,0
310207,2,1,1991,33,33,12,16,31,11,34,0,29,11
310208,1,1,1991,0,0,0,0,0,0,0,0,0,0
310208,2,1,1991,0,0,0,0,0,0,0,0,0,0
310209,1,1,1991,23,23,23,23,23,23,23,23,23,23
310209,2,1,1991,0,0,0,0,0,0,0,0,0,0
310210,1,1,1991,0,0,0,0,0,0,0,0,0,0
310210,2,1,1991,0,0,0,0,0,0,0,0,0,0
310211,1,1,1991,0,0,0,0,0,0,0,0,0,0
310212,1,1,1991,31,31,31,31,31,31,31,31,31,31
310214,0,1,1991,0,0,0,0,0,0,0,0,0,0
310214,1,1,1991,0,17,0,0,0,0,0,0,14,0
310214,2,1,1991,0,0,0,0,0,0,0,0,0,0
310215,1,1,1991,0,0,0,0,0,0,0,0,0,0
310215,2,1,1991,0,0,0,0,0,0,0,0,0,0
310216,1,1,1991,16,0,0,0,0,0,0,0,0,0
310217,1,1,1991,25,0,0,0,0,24,0,0,5,0
310218,1,1,1991,0,0,0,0,0,0,0,0,0,0
310218,2,1,1991,0,0,0,0,0,0,0,0,0,0
310219,1,1,1991,0,0,0,0,0,0,0,0,0,0
310219,2,1,1991,0,0,0,0,0,0,0,0,0,0
310219,3,1,1991,0,0,0,0,0,0,0,0,0,0
310220,1,1,1991,19,0,42,30,0,32,16,24,20,0
310221,1,1,1991,0,0,0,0,0,0,0,0,0,0
310222,1,1,1991,0,0,0,0,0,0,0,0,0,0
310223,1,1,1991,0,0,0,0,0,0,0,0,0,0
310223,2,1,1991,0,0,0,0,0,0,0,0,0,0
310223,3,1,1991,0,0,0,0,0,0,0,0,0,0
310224,1,1,1991,0,0,0,0,0,0,0,0,0,0
310224,2,1,1991,0,0,0,0,0,0,0,0,0,0
310225,1,1,1991,0,0,0,0,0,0,0,0,0,0
310225,2,1,1991,0,0,0,0,0,0,0,0,0,0
310226,1,1,1991,0,0,0,0,0,0,0,0,0,0
310226,2,1,1991,0,5,0,0,28,34,11,0,0,0
310227,0,1,1991,0,0,0,0,0,0,0,0,0,0
310228,1,1,1991,0,0,0,0,0,0,0,0,0,0
310228,2,1,1991,0,0,9,25,0,18,0,0,0,0
310228,3,1,1991,0,0,0,0,0,0,0,0,0,0
310229,1,1,1991,14,13,34,16,9,20,11,13,21,7
310230,1,1,1991,3,3,3,3,3,3,3,3,3,3
310230,2,1,1991,8,8,8,8,8,8,8,8,8,8
310231,1,1,1991,0,0,0,0,0,0,0,0,0,0
310232,1,1,1991,32,32,32,32,32,32,32,32,32,32
310233,1,1,1991,0,0,0,0,0,0,0,0,0,0
310233,2,1,1991,0,0,0,0,0,0,0,0,0,0
310234,1,1,1991,0,0,0,0,0,0,0,0,0,0
310235,1,1,1991,0,0,0,0,0,0,0,0,0,0
310235,2,1,1991,0,0,0,0,0,0,0,0,0,0
310236,1,1,1991,0,0,0,0,0,0,0,0,0,0
310237,1,1,1991,0,0,0,0,0,0,0,0,0,0
310237,2,1,1991,0,0,0,0,0,0,0,0,0,0
310238,2,1,1991,0,0,0,24,14,0,0,0,0,0
310239,1,1,1991,0,0,0,0,0,0,0,0,0,0
310240,1,1,1991,14,14,14,14,14,14,14,14,14,14
310241,1,1,1991,0,0,0,0,0,0,0,0,0,0
310242,1,1,1991,14,14,14,14,14,14,14,14,14,14
310243,1,1,1991,14,14,14,14,14,14,14,14,14,14
310244,1,1,1991,0,0,0,0,0,0,0,0,0,0
310246,1,1,1991,0,0,0,0,0,0,0,0,0,0
310246,2,1,1991,0,0,0,0,0,0,0,0,0,0
310247,1,1,1991,0,0,0,0,0,0,0,0,0,0
310247,2,1,1991,0,0,0,0,0,0,0,0,0,0
310247,3,1,1991,0,0,0,0,0,0,0,0,0,0
310247,4,1,1991,0,0,0,0,0,0,0,0,0,0
310248,1,1,1991,0,0,0,0,0,0,0,0,0,0
310249,1,1,1991,0,0,0,0,0,0,0,0,0,0
310249,2,1,1991,0,0,0,0,0,0,0,0,0,0
310250,1,1,1991,0,0,0,0,0,0,0,0,0,0
310251,1,1,1991,18,18,18,18,18,18,18,18,18,18
310251,2,1,1991,0,0,0,0,0,0,0,0,0,0
310252,1,1,1991,0,0,0,0,0,0,0,0,0,0
310253,1,1,1991,18,18,18,18,18,18,18,18,18,18
320001,1,1,1991,0,0,0,0,0,0,0,0,0,0
320001,2,1,1991,4,28,6,7,0,0,0,0,5,28
320002,2,1,1991,0,0,0,0,0,0,0,0,0,0
320003,1,1,1991,2,2,2,2,2,2,2,2,2,2
320004,1,1,1991,3,3,3,3,3,3,3,3,3,3
320005,0,1,1991,19,19,19,19,19,19,19,19,19,19
320005,1,1,1991,0,0,0,0,0,0,0,0,0,0
320006,1,1,1991,0,0,0,0,0,0,0,0,0,0
320007,1,1,1991,17,0,0,0,16,0,4,12,23,9
320008,1,1,1991,15,15,15,15,15,15,15,15,15,15
320009,1,1,1991,17,17,17,17,17,17,17,17,17,17
320009,2,1,1991,0,0,0,0,0,0,0,0,0,0
320010,1,1,1991,11,11,11,11,11,11,11,11,11,11
320011,1,1,1991,0,0,0,0,0,0,0,0,0,0
320012,1,1,1991,22,22,22,22,22,22,22,22,22,22
320013,1,1,1991,25,25,25,25,25,25,25,25,25,25
320014,1,1,1991,0,0,0,0,0,0,0,0,0,0
320014,2,1,1991,0,0,0,0,0,0,0,0,0,0
320014,3,1,1991,0,0,0,0,0,0,9,0,0,9
320014,4,1,1991,0,0,0,0,0,0,0,0,0,0
320015,1,1,1991,20,20,20,20,20,20,20,20,20,20
320015,2,1,1991,0,0,0,0,0,0,0,0,0,0
320016,1,1,1991,8,8,8,8,8,8,8,8,8,8
320017,1,1,1991,0,0,0,0,0,0,0,0,0,0