ST_CASE,VEH_NO,PER_NO,YEAR,P1,P2,P3,P4,P5,P6,P7,P8,P9,P10
320017,2,1,1991,0,0,0,0,0,0,0,0,0,0
320018,1,1,1991,18,18,18,18,18,18,18,18,18,18
320018,2,1,1991,0,0,0,0,0,0,0,0,0,0
320019,1,1,1991,0,16,0,0,0,0,0,0,0,0
320019,2,1,1991,0,0,0,0,0,0,0,0,0,0
320020,1,1,1991,0,0,0,0,0,0,0,0,0,0
320020,2,1,1991,0,0,0,0,0,0,0,0,0,0
320020,3,1,1991,0,0,0,0,0,0,0,0,0,0
320020,4,1,1991,0,0,0,0,0,0,0,0,0,0
320021,0,1,1991,0,0,0,0,0,0,0,0,0,0
320021,0,2,1991,0,0,10,0,0,8,12,0,0,0
320021,1,1,1991,0,0,0,0,0,0,0,0,0,0
320022,0,1,1991,0,0,0,0,0,0,0,0,0,0
320022,1,1,1991,0,0,0,0,0,0,0,0,0,0
320023,1,1,1991,0,0,0,0,0,0,0,0,0,0
320023,2,1,1991,0,0,0,0,0,0,0,0,0,0
320024,1,1,1991,0,0,0,0,0,0,0,0,0,0
320024,2,1,1991,0,0,0,0,0,0,0,0,0,0
320024,3,1,1991,0,0,0,0,0,0,0,0,0,0
320025,1,1,1991,27,27,27,27,27,27,27,27,27,27
320026,0,1,1991,0,0,0,0,0,0,0,0,0,0
320026,1,1,1991,0,0,0,0,0,0,0,0,0,0
320027,1,1,1991,11,11,11,11,11,11,11,11,11,11
320028,0,1,1991,0,0,0,0,0,0,0,0,0,0
320028,1,1,1991,0,0,0,0,0,0,0,0,0,0
320029,1,1,1991,0,0,0,0,0,12,0,5,0,15
320029,2,1,1991,0,0,0,0,0,0,0,0,0,0
320029,3,1,1991,0,0,0,0,0,28,0,0,0,0
320030,1,1,1991,0,0,0,0,0,0,0,0,0,0
320031,1,1,1991,14,14,14,14,14,14,14,14,14,14
320032,1,1,1991,17,17,17,17,17,17,17,17,17,17
320033,0,1,1991,0,0,0,0,0,0,0,0,0,0
320033,1,1,1991,13,13,13,13,13,13,13,13,13,13
320034,0,1,1991,0,0,0,0,0,0,0,0,0,0
320034,1,1,1991,0,0,0,0,0,0,0,0,0,0
320035,1,1,1991,0,0,0,0,0,0,0,0,0,0
320036,1,1,1991,0,0,0,0,0,0,0,0,0,0
320037,1,1,1991,0,0,0,0,0,0,0,0,0,0
320038,0,1,1991,21,21,21,21,21,21,21,21,21,21
320038,1,1,1991,0,0,0,0,0,0,0,0,0,0
320038,2,1,1991,0,0,0,0,0,0,0,0,0,0
320039,1,1,1991,31,31,31,31,31,31,31,31,31,31
320039,2,1,1991,0,0,0,0,0,0,0,0,0,0
320039,3,1,1991,0,0,0,0,0,0,0,0,0,0
320040,1,1,1991,0,0,0,0,0,0,0,0,0,0
320041,0,1,1991,16,16,16,16,16,16,16,16,16,16
320041,1,1,1991,0,5,0,0,0,0,0,0,0,0
320042,1,1,1991,13,13,13,13,13,13,13,13,13,13
320043,1,1,1991,0,0,0,0,0,0,0,0,0,0
320044,1,1,1991,27,27,27,27,27,27,27,27,27,27
320045,0,1,1991,27,27,27,27,27,27,27,27,27,27
320045,1,1,1991,0,0,0,0,0,0,0,0,0,0
320046,1,1,1991,18,18,18,18,18,18,18,18,18,18
320047,1,1,1991,9,9,9,9,9,9,9,9,9,9
320048,1,1,1991,0,0,0,0,0,0,0,0,0,0
320049,1,1,1991,25,25,25,25,25,25,25,25,25,25
320050,1,1,1991,14,0,0,0,16,2,38,0,0,10
320051,1,1,1991,0,0,0,0,0,0,0,0,0,0
320052,1,1,1991,16,16,16,16,16,16,16,16,16,16
320052,2,1,1991,0,0,0,0,0,0,0,0,0,0
320053,1,1,1991,20,20,20,20,20,20,20,20,20,20
320054,1,1,1991,15,15,15,15,15,15,15,15,15,15
320055,1,1,1991,0,0,0,0,0,0,0,0,0,0
320055,2,1,1991,0,0,0,0,9,0,0,0,0,0
320056,1,1,1991,0,0,0,0,0,0,0,0,0,0
320056,2,1,1991,0,0,0,0,16,0,0,0,0,0
320057,1,1,1991,0,0,0,0,0,0,0,0,0,0
320058,0,1,1991,0,0,0,0,0,0,0,0,0,0
320058,1,1,1991,0,9,20,14,0,6,0,17,0,15
320059,0,1,1991,0,0,0,0,0,0,0,0,0,0
320059,1,1,1991,0,0,0,0,0,0,0,0,5,10
320060,0,1,1991,0,0,0,0,0,0,0,0,0,0
320060,1,1,1991,0,15,5,6,0,0,0,0,13,0
320060,2,1,1991,0,0,0,0,0,0,0,0,0,0
320061,1,1,1991,0,0,11,18,0,0,20,0,27,0
320062,1,1,1991,11,11,11,11,11,11,11,11,11,11
320062,2,1,1991,18,18,18,18,18,18,18,18,18,18
320063,1,1,1991,0,0,0,0,0,0,0,0,0,0
320064,1,1,1991,11,11,11,11,11,11,11,11,11,11
320065,1,1,1991,17,17,17,17,17,17,17,17,17,17
320066,1,1,1991,9,9,9,9,9,9,9,9,9,9
320067,1,1,1991,0,0,0,0,0,0,0,0,9,0
320068,1,1,1991,0,0,0,0,0,0,0,0,0,0
320069,1,1,1991,12,12,12,12,12,12,12,12,12,12
320070,1,1,1991,17,17,17,17,17,17,17,17,17,17
320071,1,1,1991,21,21,21,21,21,21,21,21,21,21
320071,2,1,1991,0,0,0,0,0,0,0,0,0,0
320072,1,1,1991,3,3,3,3,3,3,3,3,3,3
320073,1,1,1991,0,0,0,0,0,0,0,0,0,0
320074,1,1,1991,17,17,17,17,17,17,17,17,17,17
320076,1,1,1991,15,20,26,14,25,25,32,21,14,20
320077,1,1,1991,19,19,19,19,19,19,19,19,19,19
320078,1,1,1991,30,30,30,30,30,30,30,30,30,30
320078,2,1,1991,0,0,0,0,0,0,0,0,0,0
320078,3,1,1991,0,0,0,0,12,5,8,0,0,0
320079,1,1,1991,0,0,0,0,0,0,0,0,0,0
320079,2,1,1991,15,15,15,15,15,15,15,15,15,15
320079,3,1,1991,0,0,0,0,0,0,0,0,0,0
320079,4,1,1991,0,8,0,0,0,0,23,0,0,0
320080,0,1,1991,0,0,0,0,0,0,0,0,0,0
320080,1,1,1991,0,0,0,0,0,0,0,0,0,0
320081,0,1,1991,0,0,0,0,0,0,0,0,0,0
320081,1,1,1991,0,0,0,0,0,0,0,0,0,0
320082,0,1,1991,0,0,0,0,0,0,0,0,0,0
320082,1,1,1991,0,0,0,0,0,0,0,0,0,0
320082,2,1,1991,0,0,0,11,0,0,0,0,7,0
320083,0,1,1991,0,0,0,0,0,0,0,0,0,0
320083,1,1,1991,0,0,0,0,0,0,0,0,0,0
320084,1,1,1991,5,5,5,5,5,5,5,5,5,5
320085,1,1,1991,0,0,0,0,0,0,0,0,0,0
320086,1,1,1991,16,16,16,16,16,16,16,16,16,16
320086,2,1,1991,0,0,0,0,0,0,0,0,0,0
320087,1,1,1991,21,21,21,21,21,21,21,21,21,21
320088,1,1,1991,0,0,0,0,8,0,0,0,0,0
320088,2,1,1991,0,0,0,0,0,0,0,0,0,0
320088,3,1,1991,10,0,17,0,0,0,0,18,17,0
320089,1,1,1991,4,9,0,0,11,0,2,0,7,4
320090,1,1,1991,0,0,0,0,0,0,0,0,0,0
320091,1,1,1991,0,16,0,12,0,0,16,16,0,0
320092,1,1,1991,9,9,9,9,9,9,9,9,9,9
320092,2,1,1991,0,0,0,0,0,0,0,0,0,0
320093,0,1,1991,0,0,0,0,0,0,0,0,0,0
320093,1,1,1991,0,0,0,0,0,0,0,0,0,0
320094,1,1,1991,0,0,0,0,0,0,0,0,0,0
320094,2,1,1991,0,0,0,0,0,0,0,0,0,0
320095,1,1,1991,0,0,0,0,0,0,0,0,0,0
320095,2,1,1991,0,0,0,0,0,0,0,0,0,0
320096,1,1,1991,23,0,0,0,10,0,0,0,0,0
320096,2,1,1991,23,23,23,23,23,23,23,23,23,23
320097,1,1,1991,10,10,10,10,10,10,10,10,10,10
320097,2,1,1991,0,0,0,0,0,0,0,0,0,0
320098,0,1,1991,0,0,0,0,0,0,0,0,0,0
320098,1,1,1991,0,0,0,0,0,0,0,0,0,0
320099,1,1,1991,0,0,0,0,0,0,0,0,0,0
320100,1,1,1991,18,18,18,18,18,18,18,18,18,18
320101,1,1,1991,16,16,16,16,16,16,16,16,16,16
320102,1,1,1991,18,18,18,18,18,18,18,18,18,18
320102,2,1,1991,0,0,0,0,0,0,0,0,0,0
320103,1,1,1991,20,20,20,20,20,20,20,20,20,20
320104,1,1,1991,0,0,0,11,0,0,0,0,0,0
320104,2,1,1991,27,0,0,0,0,0,0,0,0,0
320105,1,1,1991,18,18,18,18,18,18,18,18,18,18
320106,1,1,1991,0,27,0,19,26,0,15,0,0,38
320107,1,1,1991,0,0,0,0,0,0,0,0,0,0
320107,2,1,1991,0,0,0,0,0,0,0,0,0,0
320108,1,1,1991,0,0,0,0,0,0,0,0,0,0
320108,2,1,1991,0,0,0,0,0,0,0,0,0,0
320109,1,1,1991,0,0,0,0,0,0,0,0,0,0
320109,2,1,1991,0,0,0,0,0,0,0,0,0,0
320110,1,1,1991,23,23,23,23,23,23,23,23,23,23
320111,1,1,1991,24,24,24,24,24,24,24,24,24,24
320111,2,1,1991,5,5,5,5,5,5,5,5,5,5
320111,3,1,1991,4,4,4,4,4,4,4,4,4,4
320112,1,1,1991,0,0,0,0,0,0,0,0,0,17
320112,2,1,1991,0,0,0,0,0,25,0,0,0,0
320113,1,1,1991,26,0,0,0,0,0,18,0,0,0
320114,1,1,1991,0,0,0,0,0,0,0,0,0,0
320114,2,1,1991,0,0,0,0,0,0,0,0,0,0
320115,1,1,1991,29,17,12,23,0,0,29,16,17,13
320116,0,1,1991,10,10,10,10,10,10,10,10,10,10
320116,1,1,1991,0,0,0,0,0,0,0,0,0,0
320117,0,1,1991,29,29,29,29,29,29,29,29,29,29
320117,1,1,1991,0,16,0,0,0,0,0,0,0,0
320118,1,1,1991,0,0,0,0,0,0,0,0,0,0
320119,1,1,1991,3,3,3,3,3,3,3,3,3,3
320120,1,1,1991,22,22,22,22,22,22,22,22,22,22
320121,1,1,1991,25,25,25,25,25,25,25,25,25,25
320122,1,1,1991,35,35,35,35,35,35,35,35,35,35
320122,2,1,1991,0,0,0,0,0,0,0,0,0,0
320123,1,1,1991,0,0,0,0,0,0,0,0,0,0
320124,1,1,1991,20,20,20,20,20,20,20,20,20,20
320125,1,1,1991,23,23,23,23,23,23,23,23,23,23
320126,1,1,1991,0,10,26,0,0,10,0,0,0,11
320127,1,1,1991,18,18,18,18,18,18,18,18,18,18
320127,2,1,1991,0,0,0,0,0,0,0,0,0,0
320128,1,1,1991,24,24,24,24,24,24,24,24,24,24
320129,1,1,1991,14,14,14,14,14,14,14,14,14,14
320130,1,1,1991,0,0,0,0,0,0,0,0,0,0
320131,0,1,1991,25,25,25,25,25,25,25,25,25,25
320131,1,1,1991,8,0,0,35,0,0,0,0,11,8
320132,1,1,1991,0,0,0,0,0,0,0,0,0,0
320132,2,1,1991,0,0,0,0,0,0,0,0,0,0
320133,1,1,1991,11,0,0,0,0,0,0,0,11,0
320134,1,1,1991,12,12,12,12,12,12,12,12,12,12
320135,1,1,1991,12,12,12,12,12,12,12,12,12,12
320136,1,1,1991,0,0,0,0,0,0,0,0,0,0
320137,1,1,1991,0,10,25,18,22,0,13,0,0,0
320137,2,1,1991,0,0,5,11,0,0,15,6,0,6
320138,1,1,1991,0,0,6,0,0,0,0,0,0,0
320139,1,1,1991,0,0,0,0,0,0,0,0,0,0
320140,1,1,1991,0,0,0,0,0,0,0,0,0,0
320141,1,1,1991,0,0,0,0,0,0,0,0,0,0
320142,1,1,1991,0,0,0,0,0,0,33,0,0,0
320143,1,1,1991,0,0,0,0,0,0,0,0,0,0
320143,2,1,1991,0,0,0,0,0,0,0,0,0,0
320144,1,1,1991,0,0,0,0,0,0,0,0,0,0
320145,1,1,1991,0,0,0,0,0,0,0,0,0,0
320146,1,1,1991,0,0,0,0,0,0,0,0,0,0
320146,2,1,1991,7,0,0,0,0,0,0,0,0,0
320147,1,1,1991,19,19,19,19,19,19,19,19,19,19
320148,1,1,1991,26,26,26,26,26,26,26,26,26,26
320149,1,1,1991,0,0,0,0,0,0,0,21,0,0
320149,2,1,1991,0,0,17,0,0,12,16,0,0,0
320149,3,1,1991,0,0,0,0,10,0,0,0,0,0
320149,4,1,1991,11,0,0,0,12,0,0,0,0,20
320150,0,1,1991,0,0,0,0,0,0,0,0,0,0
320150,1,1,1991,0,0,0,0,0,0,0,0,0,0
320151,0,1,1991,23,23,23,23,23,23,23,23,23,23
320151,0,2,1991,42,26,25,17,32,26,0,0,29,14
320151,1,1,1991,12,12,12,12,12,12,12,12,12,12
320152,1,1,1991,0,0,0,0,0,0,0,0,0,0
320153,1,1,1991,21,21,21,21,21,21,21,21,21,21
320154,1,1,1991,12,12,12,12,12,12,12,12,12,12
320155,1,1,1991,17,17,17,17,17,17,17,17,17,17
320155,2,1,1991,0,0,0,0,0,0,0,0,0,0
320155,3,1,1991,0,0,0,0,0,0,0,0,0,0
320156,1,1,1991,18,18,18,18,18,18,18,18,18,18
320157,1,1,1991,25,25,25,25,25,25,25,25,25,25
320158,1,1,1991,2,2,2,2,2,2,2,2,2,2
320158,2,1,1991,0,0,0,0,0,0,0,0,0,0
320159,1,1,1991,30,30,30,30,30,30,30,30,30,30
320159,2,1,1991,15,15,15,15,15,15,15,15,15,15
320160,1,1,1991,0,0,0,0,0,0,0,0,0,0
320161,1,1,1991,0,0,0,0,0,0,0,0,0,0
320162,1,1,1991,20,15,7,9,19,12,12,10,13,19
320163,1,1,1991,0,0,24,0,15,0,0,20,0,0
320164,1,1,1991,0,0,0,0,0,0,0,0,0,0
320165,1,1,1991,0,0,0,0,0,0,0,0,0,0
320165,2,1,1991,0,0,0,0,0,0,0,0,0,0
320165,3,1,1991,0,11,0,0,0,0,14,0,0,0
320166,1,1,1991,0,0,0,0,0,12,0,21,0,0
320166,2,1,1991,0,0,6,11,0,10,21,8,0,0
320167,1,1,1991,0,0,0,0,0,0,0,0,0,0
320168,1,1,1991,0,0,0,0,0,0,0,0,0,0
320169,1,1,1991,0,0,0,0,0,0,0,0,0,0
320169,2,1,1991,14,0,0,0,0,0,24,0,0,0
320170,1,1,1991,10,23,17,0,21,0,16,22,21,19
320171,1,1,1991,0,0,0,0,0,0,0,0,0,0
320172,1,1,1991,0,0,0,0,0,0,0,0,7,0
320172,2,1,1991,14,0,0,0,0,0,0,0,0,0
320173,1,1,1991,0,0,0,0,0,0,0,0,0,0
320173,2,1,1991,13,0,0,0,0,8,14,0,13,0
320174,1,1,1991,0,0,0,0,0,0,0,0,0,0
320175,1,1,1991,0,0,0,0,0,0,0,2,0,0
320176,1,1,1991,0,0,0,0,0,0,0,0,0,0
320177,1,1,1991,1,1,1,1,1,1,1,1,1,1
320178,1,1,1991,18,18,18,18,18,18,18,18,18,18
320179,1,1,1991,14,14,14,14,14,14,14,14,14,14
320180,1,1,1991,25,25,25,25,25,25,25,25,25,25
320180,2,1,1991,0,0,0,0,0,0,12,0,0,0
320181,1,1,1991,0,0,0,0,15,0,0,0,0,0
320182,1,1,1991,18,18,18,18,18,18,18,18,18,18
320182,2,1,1991,0,0,0,0,0,0,0,36,0,0
320183,1,1,1991,0,0,0,0,0,0,0,0,0,0
320184,1,1,1991,0,0,0,0,0,0,0,0,0,0
320184,2,1,1991,0,0,0,0,0,0,0,0,0,0
320185,1,1,1991,12,12,12,12,12,12,12,12,12,12
320186,1,1,1991,0,0,0,0,0,0,0,0,0,0
320186,2,1,1991,0,0,0,0,0,0,0,15,0,0
320186,3,1,1991,0,28,0,0,31,0,6,0,0,0
320187,0,1,1991,0,0,0,0,0,0,0,0,0,0
320187,1,1,1991,9,9,9,9,9,9,9,9,9,9
320188,1,1,1991,0,0,0,0,0,0,0,0,0,0
320189,1,1,1991,0,0,19,0,0,0,0,0,0,0
320189,2,1,1991,0,0,0,0,0,0,0,0,0,0
320190,1,1,1991,26,26,26,26,26,26,26,26,26,26
320190,2,1,1991,17,20,11,20,18,13,18,0,11,15
320191,1,1,1991,0,0,0,28,0,0,0,0,0,17
320191,2,1,1991,0,0,0,0,0,0,0,0,0,0
320191,3,1,1991,0,0,0,0,0,0,6,0,0,0
320192,1,1,1991,17,17,17,17,17,17,17,17,17,17
320193,1,1,1991,0,0,0,0,6,0,0,0,0,0
320193,2,1,1991,15,15,15,15,15,15,15,15,15,15
320194,0,1,1991,0,21,0,0,0,0,0,0,0,0
320194,1,1,1991,0,0,0,0,0,0,0,0,0,0
320195,1,1,1991,2,2,2,2,2,2,2,2,2,2
320196,1,1,1991,0,0,0,0,0,0,0,0,0,0
320197,1,1,1991,0,0,0,0,0,0,0,0,0,0
320197,2,1,1991,0,0,11,0,0,0,0,0,0,0
320197,3,1,1991,0,0,0,0,0,0,0,0,0,0
320198,0,1,1991,0,9,28,26,8,0,10,18,0,0
320198,1,1,1991,26,18,8,14,0,0,0,0,0,0
320199,1,1,1991,0,0,0,0,0,0,0,0,0,0
320200,1,1,1991,0,0,0,0,0,0,0,0,0,0
320201,1,1,1991,0,0,0,0,0,0,0,0,0,0
320201,2,1,1991,5,5,5,5,5,5,5,5,5,5
320202,1,1,1991,22,22,22,22,22,22,22,22,22,22
320203,1,1,1991,21,21,21,21,21,21,21,21,21,21
320204,1,1,1991,0,0,0,0,0,0,0,0,0,0
320205,1,1,1991,7,7,7,7,7,7,7,7,7,7
320206,1,1,1991,0,0,0,0,0,0,0,0,0,0
320207,1,1,1991,0,0,0,0,0,0,0,0,0,0
320207,2,1,1991,0,0,0,0,0,0,0,0,0,0
320208,0,1,1991,0,0,0,0,0,0,0,0,0,0
320208,1,1,1991,13,0,3,0,0,0,0,0,0,0
320209,1,1,1991,24,24,24,24,24,24,24,24,24,24
320209,2,1,1991,0,0,0,0,0,0,0,0,0,0
320210,1,1,1991,0,0,0,0,0,0,0,0,0,0
320211,1,1,1991,0,0,0,0,0,0,0,0,0,0
320212,1,1,1991,0,0,0,0,0,0,0,0,0,0
320212,2,1,1991,0,5,0,0,0,0,0,0,0,0
320213,1,1,1991,20,20,20,20,20,20,20,20,20,20
320213,2,1,1991,0,0,0,0,0,0,0,0,0,0
320214,0,1,1991,0,0,0,0,0,0,0,0,0,0
320214,1,1,1991,6,6,6,6,6,6,6,6,6,6
320215,1,1,1991,10,10,10,10,10,10,10,10,10,10
320216,0,1,1991,0,0,0,0,0,0,0,0,0,0
320216,1,1,1991,0,0,0,0,0,0,0,0,9,0
320217,1,1,1991,0,0,0,0,0,0,0,0,0,0
320217,2,1,1991,16,16,16,16,16,16,16,16,16,16
320218,1,1,1991,36,36,36,36,36,36,36,36,36,36
320219,1,1,1991,15,15,15,15,15,15,15,15,15,15
320221,0,1,1991,1,1,1,1,1,1,1,1,1,1
320221,1,1,1991,0,0,0,0,0,18,0,0,0,0
320222,0,1,1991,0,0,0,0,0,0,0,0,0,0
320222,1,1,1991,0,9,0,0,0,0,7,0,0,0
320223,1,1,1991,43,43,43,43,43,43,43,43,43,43
320224,1,1,1991,0,0,0,0,0,0,0,0,0,0
320224,2,1,1991,0,0,21,0,0,0,0,0,0,0
320225,1,1,1991,1,1,1,1,1,1,1,1,1,1
320226,1,1,1991,0,0,0,0,0,0,0,0,0,0
320226,2,1,1991,0,0,0,0,0,0,0,0,0,0
320227,1,1,1991,0,0,0,0,0,0,0,0,0,0
320228,1,1,1991,0,0,0,0,0,0,0,0,0,0
320228,2,1,1991,4,4,4,4,4,4,4,4,4,4
320228,3,1,1991,0,0,0,0,0,0,0,0,0,0
320229,0,1,1991,0,0,0,0,0,0,0,0,0,0
320229,1,1,1991,0,0,0,0,0,0,0,0,0,0
320230,1,1,1991,19,19,19,19,19,19,19,19,19,19
320231,1,1,1991,11,11,11,11,11,11,11,11,11,11
320232,0,1,1991,23,23,23,23,23,23,23,23,23,23
320232,1,1,1991,0,0,0,0,0,0,0,0,0,0
320232,2,1,1991,0,0,0,9,0,0,0,0,0,0
320232,3,1,1991,10,0,2,0,0,0,0,0,0,0
320233,0,1,1991,35,35,35,35,35,35,35,35,35,35
320233,1,1,1991,0,0,0,0,0,0,0,0,0,0
320233,2,1,1991,0,0,0,0,0,0,0,0,0,0
320234,0,1,1991,0,0,0,0,0,0,0,0,0,0
320234,1,1,1991,19,19,19,19,19,19,19,19,19,19
320235,0,1,1991,25,25,25,25,25,25,25,25,25,25
320235,1,1,1991,0,0,0,0,0,0,0,0,0,0
320236,1,1,1991,0,0,0,0,0,0,0,0,0,0
320237,1,1,1991,17,17,17,17,17,17,17,17,17,17
320238,1,1,1991,4,4,4,4,4,4,4,4,4,4
320239,1,1,1991,0,0,0,0,0,0,0,0,0,0
320240,0,1,1991,22,22,22,22,22,22,22,22,22,22
320240,1,1,1991,18,0,0,0,0,0,0,0,0,0
320240,2,1,1991,0,0,0,0,0,0,0,0,0,0
320241,1,1,1991,12,12,12,12,12,12,12,12,12,12
320241,2,1,1991,0,0,0,0,0,0,0,0,0,0
320241,3,1,1991,0,0,0,0,0,0,0,0,0,0
320242,1,1,1991,0,0,0,0,0,0,0,0,0,0
320242,2,1,1991,27,10,0,0,15,0,0,0,0,0
320242,3,1,1991,0,0,0,0,0,0,0,0,0,0
320242,4,1,1991,0,0,0,0,0,0,0,0,0,0
320242,5,1,1991,0,0,0,0,0,0,0,0,0,0
320243,1,1,1991,26,26,26,26,26,26,26,26,26,26
320244,0,1,1991,0,0,0,0,0,0,0,0,0,0
320244,1,1,1991,0,0,0,0,0,0,0,0,0,0
320245,0,1,1991,29,29,29,29,29,29,29,29,29,29
320245,1,1,1991,21,0,0,18,0,0,0,0,0,0
320246,1,1,1991,17,17,17,17,17,17,17,17,17,17
320246,2,1,1991,21,21,21,21,21,21,21,21,21,21
320247,1,1,1991,48,48,48,48,48,48,48,48,48,48
320248,1,1,1991,0,0,0,0,0,0,0,0,0,0
320249,1,1,1991,0,0,0,0,0,0,0,0,0,0
320250,1,1,1991,0,0,0,0,0,0,0,0,0,0
320250,2,1,1991,0,0,0,0,0,0,0,0,0,0
320251,1,1,1991,19,19,19,19,19,19,19,19,19,19
320252,1,1,1991,0,0,0,0,0,0,0,0,0,0
320252,2,1,1991,0,0,0,0,0,0,0,0,0,0
320253,1,1,1991,0,0,0,0,0,0,0,0,0,0
320254,1,1,1991,29,29,29,29,29,29,29,29,29,29
320255,0,1,1991,9,9,9,9,9,9,9,9,9,9
320255,1,1,1991,0,0,0,0,0,0,0,0,0,0
320256,1,1,1991,15,15,15,15,15,15,15,15,15,15
320257,1,1,1991,0,0,0,0,0,0,0,0,0,0
320258,1,1,1991,0,0,0,0,0,0,0,0,0,0
320258,2,1,1991,0,0,0,0,0,0,0,0,0,0
320258,3,1,1991,0,0,0,0,0,0,0,0,0,0
320258,4,1,1991,0,0,0,0,0,0,0,0,0,0
320259,1,1,1991,8,8,8,8,8,8,8,8,8,8
320260,0,1,1991,0,0,32,0,0,0,4,0,0,26
320260,1,1,1991,6,0,4,6,4,0,0,0,0,4
320261,1,1,1991,0,4,14,23,15,19,18,0,9,0
320261,2,1,1991,0,0,0,22,0,0,8,0,13,0
320262,0,1,1991,5,5,5,5,5,5,5,5,5,5
320262,1,1,1991,0,0,0,0,0,0,0,0,0,0
320263,1,1,1991,31,31,31,31,31,31,31,31,31,31
330001,1,1,1991,0,0,0,0,0,0,0,0,0,0
330002,1,1,1991,0,2,0,20,0,0,0,0,0,0
330002,2,1,1991,26,26,26,26,26,26,26,26,26,26
330002,3,1,1991,0,0,0,0,0,0,0,0,0,0
330003,1,1,1991,0,0,0,0,0,0,0,0,0,0
330004,1,1,1991,0,0,0,0,0,0,0,0,0,0
330004,2,1,1991,0,0,0,0,0,0,0,0,0,0
330004,3,1,1991,0,0,0,0,0,0,0,0,0,0
330005,1,1,1991,0,0,0,0,0,0,0,0,0,0
330005,2,1,1991,10,10,10,10,10,10,10,10,10,10
330006,0,1,1991,0,0,0,0,0,0,0,0,0,0
330006,1,1,1991,0,0,0,0,0,0,0,0,0,0
330007,1,1,1991,17,16,2,38,58,33,6,21,8,10
330008,1,1,1991,0,0,0,0,0,0,0,0,0,0
330008,2,1,1991,0,0,0,0,0,0,0,0,0,0
330009,1,1,1991,18,18,18,18,18,18,18,18,18,18
330010,1,1,1991,0,0,0,0,0,0,0,0,0,0
330010,2,1,1991,0,0,0,0,0,0,0,0,0,0
330010,3,1,1991,28,28,28,28,28,28,28,28,28,28
330011,0,1,1991,2,2,2,2,2,2,2,2,2,2
330011,1,1,1991,15,15,15,15,15,15,15,15,15,15
330012,1,1,1991,0,0,0,0,0,0,5,8,17,24
330012,2,1,1991,26,0,20,0,0,0,0,0,0,0
330013,1,1,1991,15,13,17,0,12,0,0,0,0,26
330013,2,1,1991,0,0,0,0,0,0,0,0,0,0
330014,1,1,1991,0,0,0,0,0,0,0,0,0,0
330014,2,1,1991,0,0,0,0,0,0,0,0,0,0
330014,3,1,1991,0,0,0,0,0,0,0,0,0,0
330015,1,1,1991,15,15,15,15,15,15,15,15,15,15
330016,1,1,1991,15,15,15,15,15,15,15,15,15,15
330017,1,1,1991,8,0,0,0,25,0,0,0,0,0
330017,2,1,1991,0,0,12,0,0,0,0,20,18,0
330018,1,1,1991,8,8,8,8,8,8,8,8,8,8
330019,1,1,1991,0,0,0,0,0,0,0,0,0,0
330020,1,1,1991,10,10,10,10,10,10,10,10,10,10
330021,1,1,1991,0,24,15,0,0,0,0,0,0,0
330022,1,1,1991,0,0,0,0,0,0,0,0,0,0
330023,1,1,1991,0,0,0,0,0,0,0,18,0,22
330024,1,1,1991,17,17,17,17,17,17,17,17,17,17
330025,1,1,1991,13,13,13,13,13,13,13,13,13,13
330026,1,1,1991,28,28,28,28,28,28,28,28,28,28
330027,1,1,1991,18,18,18,18,18,18,18,18,18,18
330028,1,1,1991,0,0,0,0,0,0,0,0,0,0
330029,1,1,1991,22,22,22,22,22,22,22,22,22,22
330030,1,1,1991,0,0,0,0,0,0,0,0,0,0
330030,2,1,1991,0,0,0,0,0,0,0,0,0,0
330031,1,1,1991,10,10,10,10,10,10,10,10,10,10
330032,1,1,1991,18,18,18,18,18,18,18,18,18,18
330032,2,1,1991,0,0,0,0,0,0,0,0,0,0
330033,1,1,1991,0,0,22,0,0,0,0,17,0,0
330034,1,1,1991,0,0,0,0,12,0,22,0,0,0
330035,1,1,1991,0,0,0,0,0,0,0,0,0,0
330036,1,1,1991,0,0,0,0,0,0,0,0,0,16
330037,1,1,1991,0,0,0,0,0,0,0,0,0,0
330037,2,1,1991,7,7,7,7,7,7,7,7,7,7
330038,1,1,1991,0,0,0,0,0,0,0,0,0,0
330038,2,1,1991,0,0,0,0,0,0,0,0,0,17
330039,1,1,1991,8,8,8,8,8,8,8,8,8,8
330040,1,1,1991,9,7,5,0,9,13,6,14,26,5
330041,1,1,1991,25,25,25,25,25,25,25,25,25,25
330042,1,1,1991,12,12,12,12,12,12,12,12,12,12
330043,1,1,1991,0,0,0,0,0,0,0,0,0,0
330044,1,1,1991,14,14,14,14,14,14,14,14,14,14
330045,1,1,1991,0,0,0,0,0,0,0,0,0,0
330045,2,1,1991,0,0,0,0,0,0,0,0,0,0
330045,3,1,1991,0,0,0,0,0,0,0,0,0,0
330046,1,1,1991,0,29,0,0,0,0,0,0,0,0
330046,2,1,1991,0,0,0,0,0,0,0,0,0,0
330047,1,1,1991,0,0,0,0,0,0,0,0,0,0