ST_CASE,VEH_NO,PER_NO,YEAR,P1,P2,P3,P4,P5,P6,P7,P8,P9,P10
330048,0,1,1991,32,32,32,32,32,32,32,32,32,32
330048,1,1,1991,0,0,0,0,0,0,0,0,0,0
330049,1,1,1991,0,0,0,0,0,0,0,0,0,0
330049,2,1,1991,0,0,0,0,0,0,0,0,0,0
330050,1,1,1991,0,0,0,0,0,0,0,0,0,0
330051,1,1,1991,11,11,11,11,11,11,11,11,11,11
330052,1,1,1991,0,0,0,0,0,0,0,0,0,0
330053,0,1,1991,0,0,0,0,0,0,0,0,0,0
330053,1,1,1991,0,0,0,0,0,0,0,0,0,0
330054,1,1,1991,0,0,0,0,0,0,0,0,0,0
330054,2,1,1991,7,0,0,0,12,0,0,0,0,0
330055,0,1,1991,0,0,0,0,0,0,0,0,0,0
330055,1,1,1991,0,0,26,0,0,0,0,0,0,8
330056,1,1,1991,7,0,25,18,0,0,0,11,10,0
330057,1,1,1991,41,25,14,5,21,0,0,13,14,23
330058,1,1,1991,0,0,0,0,0,0,0,0,0,0
330058,2,1,1991,0,0,0,0,0,0,0,0,0,0
330059,1,1,1991,0,0,0,0,0,0,0,0,0,0
330060,1,1,1991,21,21,21,21,21,21,21,21,21,21
330060,2,1,1991,0,0,0,0,0,0,0,0,0,0
330061,1,1,1991,8,8,8,8,8,8,8,8,8,8
330062,1,1,1991,0,0,0,0,0,0,0,0,0,0
330064,1,1,1991,0,0,0,0,0,0,0,0,0,0
330064,2,1,1991,0,0,0,0,0,0,0,0,0,0
330065,1,1,1991,0,0,0,0,0,0,0,0,0,0
330065,2,1,1991,0,0,0,0,0,0,0,0,0,0
330066,1,1,1991,23,27,23,8,12,17,23,15,15,16
330066,2,1,1991,0,0,0,0,0,0,0,0,0,0
330068,1,1,1991,14,14,14,14,14,14,14,14,14,14
330068,2,1,1991,11,11,11,11,11,11,11,11,11,11
330069,1,1,1991,28,28,28,28,28,28,28,28,28,28
330070,1,1,1991,0,0,0,0,0,0,0,0,0,0
330070,2,1,1991,0,0,0,0,0,0,0,0,0,0
330071,1,1,1991,19,19,19,19,19,19,19,19,19,19
330071,2,1,1991,0,0,0,6,0,0,0,0,0,0
330072,1,1,1991,0,0,0,0,0,0,0,0,0,0
330073,1,1,1991,8,8,8,8,8,8,8,8,8,8
330074,1,1,1991,20,20,20,20,20,20,20,20,20,20
330075,1,1,1991,20,20,20,20,20,20,20,20,20,20
330076,1,1,1991,0,0,0,0,0,0,0,0,0,0
330076,2,1,1991,0,0,0,0,0,0,0,0,0,0
330077,1,1,1991,18,18,18,18,18,18,18,18,18,18
330078,0,1,1991,0,0,0,0,0,0,0,0,0,0
330078,1,1,1991,0,0,0,0,0,0,0,0,0,0
330080,0,1,1991,0,0,0,0,0,0,0,0,0,0
330080,1,1,1991,0,0,0,0,0,0,0,0,0,0
330081,1,1,1991,7,7,7,7,7,7,7,7,7,7
330082,1,1,1991,21,21,21,21,21,21,21,21,21,21
330082,2,1,1991,0,0,0,0,0,0,0,0,0,0
330083,1,1,1991,16,22,17,21,23,21,18,17,18,3
330084,1,1,1991,0,0,0,0,0,0,0,0,0,0
330085,1,1,1991,0,13,0,0,0,0,0,0,0,0
330086,1,1,1991,0,0,0,0,7,0,0,0,0,0
330088,1,1,1991,6,6,6,6,6,6,6,6,6,6
330089,1,1,1991,0,0,0,0,0,0,0,0,0,0
330089,2,1,1991,0,0,0,0,14,0,25,0,0,0
330090,1,1,1991,0,0,0,0,0,0,0,0,0,0
330091,1,1,1991,0,0,0,0,0,0,0,0,0,0
330091,2,1,1991,0,0,0,0,0,0,0,0,0,0
330092,1,1,1991,0,0,0,0,0,0,0,0,0,0
330092,2,1,1991,0,0,0,0,0,0,0,0,0,0
330093,1,1,1991,0,0,0,0,0,0,0,0,0,0
330094,1,1,1991,21,21,21,21,21,21,21,21,21,21
330096,1,1,1991,0,0,0,0,0,0,0,0,0,0
330097,1,1,1991,0,0,0,0,29,0,0,0,0,0
330098,1,1,1991,16,0,16,0,20,15,0,11,14,10
330098,2,1,1991,0,0,0,0,0,0,0,0,0,0
330099,1,1,1991,0,0,0,0,0,0,0,0,0,0
330099,2,1,1991,20,20,20,20,20,20,20,20,20,20
330100,1,1,1991,21,21,21,21,21,21,21,21,21,21
330101,1,1,1991,0,0,0,0,0,0,0,0,0,0
330101,2,1,1991,0,0,0,0,0,0,0,0,0,0
330102,1,1,1991,0,0,0,0,0,0,0,0,0,0
330102,2,1,1991,0,0,0,0,0,0,0,0,0,0
330102,3,1,1991,0,0,0,0,0,0,0,0,0,0
330104,0,1,1991,0,0,0,33,23,0,25,0,0,18
330104,1,1,1991,0,0,0,0,0,0,0,0,0,0
330105,1,1,1991,0,0,0,0,0,0,0,0,0,0
330105,2,1,1991,0,0,0,0,0,0,0,0,0,0
330106,1,1,1991,0,0,0,0,0,12,0,20,0,23
330107,1,1,1991,0,0,0,0,0,0,0,0,0,0
330107,2,1,1991,0,0,0,0,0,0,0,0,0,0
330108,0,1,1991,5,5,5,5,5,5,5,5,5,5
330108,1,1,1991,0,0,0,0,0,0,0,0,0,0
330109,1,1,1991,15,15,15,15,15,15,15,15,15,15
330110,1,1,1991,0,0,0,0,0,0,0,0,0,0
330110,2,1,1991,0,0,0,0,0,0,0,0,0,0
330111,1,1,1991,0,0,0,0,0,0,0,0,0,0
330111,2,1,1991,0,0,0,0,0,0,0,0,0,0
330112,1,1,1991,0,0,0,0,0,0,0,0,0,0
330112,2,1,1991,0,0,0,0,0,0,0,0,0,0
330113,1,1,1991,0,0,0,0,0,0,0,0,0,0
330113,2,1,1991,0,0,0,0,0,0,0,0,0,0
330114,1,1,1991,0,0,0,0,0,0,0,0,0,0
330114,2,1,1991,0,0,0,0,7,0,11,0,0,0
330115,1,1,1991,0,0,0,0,0,0,0,0,0,0
330116,1,1,1991,0,0,0,0,7,0,0,0,0,0
330116,2,1,1991,0,0,0,0,0,0,0,0,0,0
330116,3,1,1991,0,0,0,0,0,0,0,0,0,0
330117,1,1,1991,0,0,0,0,0,0,0,0,0,0
330117,2,1,1991,0,0,0,0,0,0,0,0,0,0
330118,1,1,1991,0,0,0,0,0,0,0,0,0,0
330119,1,1,1991,0,0,0,0,0,0,0,0,0,0
330119,2,1,1991,0,0,0,0,0,0,0,0,0,0
330120,1,1,1991,26,26,26,26,26,26,26,26,26,26
330121,1,1,1991,0,0,0,0,0,0,0,6,0,0
330122,1,1,1991,0,0,0,0,0,0,0,0,0,0
330123,0,1,1991,23,23,23,23,23,23,23,23,23,23
330123,1,1,1991,0,0,0,0,0,0,0,0,0,0
330124,1,1,1991,22,0,0,0,0,0,0,0,0,0
330125,1,1,1991,22,22,22,22,22,22,22,22,22,22
330126,1,1,1991,0,0,0,0,0,0,0,0,0,0
330126,2,1,1991,0,0,0,0,0,0,0,0,0,0
330127,1,1,1991,0,0,0,0,0,0,0,0,0,0
330128,1,1,1991,0,0,5,8,0,0,19,0,0,6
330129,1,1,1991,0,0,0,0,4,0,12,0,0,0
330130,0,1,1991,24,24,24,24,24,24,24,24,24,24
330130,1,1,1991,0,0,0,0,0,0,0,0,0,0
330131,1,1,1991,0,0,0,0,0,0,0,13,0,0
330132,0,1,1991,26,26,26,26,26,26,26,26,26,26
330132,1,1,1991,0,0,0,0,0,0,0,0,0,0
330133,1,1,1991,9,9,9,9,9,9,9,9,9,9
330134,1,1,1991,29,29,29,29,29,29,29,29,29,29
330135,0,1,1991,34,34,34,34,34,34,34,34,34,34
330135,1,1,1991,12,0,0,0,14,0,0,0,0,0
330136,0,1,1991,0,17,0,16,0,0,0,0,19,20
330136,0,2,1991,0,0,0,0,0,0,0,0,0,0
330136,1,1,1991,0,0,0,0,0,0,0,0,0,0
330137,1,1,1991,0,0,0,0,0,0,0,0,0,0
330138,1,1,1991,0,0,0,0,0,0,0,0,0,0
330139,1,1,1991,0,0,0,0,0,0,0,0,0,0
330139,2,1,1991,0,0,0,0,0,0,0,0,0,0
330140,1,1,1991,0,0,0,0,0,0,0,0,0,0
330140,2,1,1991,0,0,0,0,0,0,0,0,0,0
330141,1,1,1991,0,0,0,0,0,0,0,0,0,0
330141,2,1,1991,0,0,0,0,0,0,0,0,0,0
330141,3,1,1991,0,0,0,0,0,0,0,0,0,0
340001,0,1,1991,15,15,15,15,15,15,15,15,15,15
340001,1,1,1991,4,0,0,0,0,0,22,0,0,0
340001,2,1,1991,0,0,0,0,0,0,0,0,0,0
340001,3,1,1991,0,0,0,0,0,0,0,0,0,0
340002,0,1,1991,27,27,27,27,27,27,27,27,27,27
340002,1,1,1991,0,0,0,0,0,0,0,0,0,0
340003,0,1,1991,0,0,0,0,0,0,0,0,0,0
340003,1,1,1991,4,4,4,4,4,4,4,4,4,4
340004,1,1,1991,0,0,0,0,0,0,0,0,0,0
340005,1,1,1991,0,27,0,0,8,0,0,0,0,0
340007,1,1,1991,10,10,10,10,10,10,10,10,10,10
340008,0,1,1991,7,0,0,0,0,48,0,0,0,9
340008,1,1,1991,0,0,0,0,0,0,0,0,0,0
340009,1,1,1991,0,0,0,0,0,0,0,0,0,0
340010,0,1,1991,25,0,16,0,28,22,0,0,0,0
340010,1,1,1991,0,0,0,0,0,0,0,0,0,0
340011,1,1,1991,0,0,0,0,0,0,0,0,0,0
340011,2,1,1991,0,0,0,0,0,0,0,0,0,0
340013,1,1,1991,0,0,0,0,0,0,0,0,0,0
340013,2,1,1991,0,0,0,0,0,0,0,0,0,0
340014,1,1,1991,19,19,19,19,19,19,19,19,19,19
340016,1,1,1991,0,0,0,0,0,0,0,0,0,0
340017,1,1,1991,10,10,10,10,10,10,10,10,10,10
340018,1,1,1991,0,0,0,0,0,0,0,0,0,0
340018,2,1,1991,0,0,0,0,0,0,0,0,0,0
340019,1,1,1991,0,0,0,0,0,0,0,0,0,0
340020,0,1,1991,0,0,0,0,0,0,0,0,0,0
340020,1,1,1991,8,8,8,8,8,8,8,8,8,8
340021,0,1,1991,14,14,14,14,14,14,14,14,14,14
340021,1,1,1991,18,44,18,9,18,11,15,19,33,0
340022,1,1,1991,0,0,0,0,0,0,0,0,0,0
340023,1,1,1991,0,0,0,0,0,0,0,0,0,0
340024,1,1,1991,0,0,0,0,0,0,0,0,0,0
340024,2,1,1991,0,0,0,0,0,0,0,0,0,0
340025,1,1,1991,0,0,0,0,0,0,0,0,0,0
340025,2,1,1991,0,0,0,0,0,0,0,0,0,0
340025,3,1,1991,0,0,0,0,0,0,0,0,0,0
340026,1,1,1991,0,0,0,0,0,0,0,0,0,0
340026,2,1,1991,0,0,0,0,0,0,0,0,0,0
340027,1,1,1991,16,16,16,16,16,16,16,16,16,16
340028,1,1,1991,1,1,1,1,1,1,1,1,1,1
340028,2,1,1991,0,0,0,0,0,0,0,0,0,0
340029,1,1,1991,0,0,0,0,0,0,0,0,0,0
340029,2,1,1991,0,0,0,0,0,0,0,0,0,0
340029,3,1,1991,0,0,0,0,0,0,0,0,0,0
340030,1,1,1991,0,0,0,0,0,0,0,0,0,0
340030,2,1,1991,0,0,0,0,0,0,0,0,0,0
340032,1,1,1991,0,0,0,0,0,0,0,0,0,0
340032,2,1,1991,0,0,0,0,0,0,0,0,0,0
340033,1,1,1991,0,0,0,0,0,0,0,0,0,0
340034,1,1,1991,0,0,0,0,0,0,0,0,0,0
340034,2,1,1991,0,0,0,0,0,0,0,0,0,0
340035,1,1,1991,16,0,0,0,0,0,0,0,0,0
340036,1,1,1991,8,8,8,8,8,8,8,8,8,8
340036,2,1,1991,0,0,0,0,0,0,0,0,0,0
340037,1,1,1991,0,0,0,0,0,0,0,0,0,0
340038,1,1,1991,0,0,0,0,0,0,0,0,0,0
340039,0,1,1991,0,0,0,0,0,0,0,0,0,0
340039,1,1,1991,0,0,0,0,0,0,0,0,0,0
340040,1,1,1991,0,0,0,0,0,0,0,0,0,0
340040,2,1,1991,0,0,0,0,0,0,0,0,0,0
340040,3,1,1991,12,12,12,12,12,12,12,12,12,12
340041,0,1,1991,0,0,0,0,0,0,0,0,0,0
340041,1,1,1991,0,0,0,0,0,0,0,0,0,0
340042,1,1,1991,0,0,0,0,0,0,0,0,13,0
340042,2,1,1991,19,0,0,0,0,0,0,0,0,0
340043,0,1,1991,0,0,0,0,0,0,0,0,0,0
340043,1,1,1991,9,0,13,0,0,0,19,23,6,0
340044,0,1,1991,0,0,0,0,0,0,0,0,0,0
340044,1,1,1991,0,0,16,0,0,0,0,0,0,0
340045,1,1,1991,0,0,0,0,0,0,0,0,0,0
340046,1,1,1991,17,17,17,17,17,17,17,17,17,17
340047,1,1,1991,0,0,0,0,0,0,0,0,0,0
340047,2,1,1991,0,0,0,0,0,0,0,0,0,0
340048,1,1,1991,0,0,0,0,0,0,0,0,0,0
340048,2,1,1991,0,0,0,0,0,0,0,0,0,0
340049,1,1,1991,0,0,0,0,17,0,0,3,0,0
340050,1,1,1991,0,0,0,0,0,0,0,0,0,0
340050,2,1,1991,0,0,0,0,0,0,0,0,0,0
340051,1,1,1991,22,22,22,22,22,22,22,22,22,22
340052,1,1,1991,0,0,0,0,0,0,0,0,0,0
340052,2,1,1991,0,0,0,0,0,0,0,0,0,0
340053,1,1,1991,0,0,0,0,0,0,0,4,0,0
340054,1,1,1991,0,0,0,0,0,0,0,0,0,0
340054,2,1,1991,0,0,0,0,0,0,0,0,0,0
340055,1,1,1991,0,0,0,0,0,0,0,0,0,0
340055,2,1,1991,0,0,0,31,0,0,0,0,0,0
340056,1,1,1991,0,0,0,0,0,0,0,0,0,0
340057,0,1,1991,0,0,0,8,0,0,0,21,0,0
340057,1,1,1991,20,20,20,20,20,20,20,20,20,20
340059,1,1,1991,24,24,24,24,24,24,24,24,24,24
340060,0,1,1991,35,35,35,35,35,35,35,35,35,35
340060,1,1,1991,0,0,0,0,0,0,0,0,0,0
340061,1,1,1991,0,0,0,0,15,0,0,9,0,0
340061,2,1,1991,0,0,0,0,0,0,0,0,0,0
340062,1,1,1991,22,0,0,0,13,0,0,0,0,0
340063,1,1,1991,0,0,0,0,0,0,0,0,0,0
340063,2,1,1991,0,0,0,0,0,0,0,0,0,0
340063,3,1,1991,0,0,0,0,0,0,0,15,0,0
340064,0,1,1991,23,23,23,23,23,23,23,23,23,23
340064,1,1,1991,0,0,0,0,23,0,0,0,0,0
340064,2,1,1991,0,10,23,0,17,19,0,0,0,0
340065,1,1,1991,0,0,0,0,0,0,0,0,0,0
340066,0,1,1991,0,0,0,0,0,0,0,0,0,0
340066,1,1,1991,0,0,0,0,0,0,0,0,0,0
340067,1,1,1991,15,15,15,15,15,15,15,15,15,15
340068,0,1,1991,0,0,0,0,0,0,0,0,0,0
340068,1,1,1991,0,0,0,0,0,0,0,0,0,0
340069,1,1,1991,0,0,0,0,0,0,0,0,0,0
340070,1,1,1991,24,24,24,24,24,24,24,24,24,24
340071,1,1,1991,0,0,0,0,0,0,0,0,0,0
340071,2,1,1991,0,0,0,0,0,0,0,0,0,0
340072,1,1,1991,0,0,0,0,0,0,0,0,0,0
340073,1,1,1991,0,0,0,0,0,0,0,0,0,0
340073,2,1,1991,0,0,0,0,0,0,0,0,0,0
340074,0,1,1991,0,0,0,0,10,0,0,0,0,0
340074,1,1,1991,0,0,0,0,0,0,0,0,0,0
340075,0,1,1991,18,18,18,18,18,18,18,18,18,18
340075,1,1,1991,0,0,0,0,9,6,0,15,0,0
340075,2,1,1991,0,0,0,3,0,0,6,21,0,0
340076,0,1,1991,0,0,0,0,0,0,0,0,0,0
340076,1,1,1991,0,0,0,0,0,0,0,0,0,0
340077,0,1,1991,0,0,0,0,0,0,0,0,0,0
340077,1,1,1991,0,0,0,0,0,0,0,0,0,0
340078,1,1,1991,21,14,17,9,17,0,15,9,17,16
340080,1,1,1991,0,0,0,0,0,0,0,0,0,0
340080,2,1,1991,0,0,0,0,0,0,0,0,0,0
340081,1,1,1991,0,0,0,0,0,0,0,0,0,0
340081,2,1,1991,0,0,0,0,0,0,0,0,0,0
340081,3,1,1991,0,0,0,0,0,0,0,0,0,0
340082,0,1,1991,0,0,0,0,0,0,0,0,0,0
340082,1,1,1991,0,0,0,0,0,0,0,0,0,0
340083,1,1,1991,0,0,0,18,0,0,0,0,0,0
340085,1,1,1991,0,6,10,0,0,0,17,0,0,0
340085,2,1,1991,0,11,0,0,6,0,9,0,0,0
340085,3,1,1991,0,0,0,0,0,0,0,0,0,0
340086,1,1,1991,14,14,14,14,14,14,14,14,14,14
340087,0,1,1991,0,0,0,0,0,0,0,0,0,0
340087,1,1,1991,0,2,0,0,0,0,7,0,0,0
340089,1,1,1991,10,10,10,10,10,10,10,10,10,10
340090,0,1,1991,0,0,0,0,0,0,0,0,0,0
340090,1,1,1991,0,0,0,0,0,0,0,0,0,0
340091,1,1,1991,20,20,20,20,20,20,20,20,20,20
340091,2,1,1991,0,0,14,16,12,11,0,0,0,25
340092,0,1,1991,29,29,29,29,29,29,29,29,29,29
340092,1,1,1991,0,0,0,0,0,0,0,0,0,0
340093,1,1,1991,0,0,0,0,0,0,0,0,0,0
340093,2,1,1991,0,0,0,0,0,0,0,0,0,0
340095,1,1,1991,14,14,14,14,14,14,14,14,14,14
340095,2,1,1991,0,0,0,0,0,0,0,0,0,0
340096,1,1,1991,0,0,0,0,0,0,6,0,0,0
340096,2,1,1991,0,14,15,0,0,0,27,0,10,0
340097,0,1,1991,0,0,0,0,0,0,0,0,0,0
340097,1,1,1991,0,0,0,0,0,0,0,0,0,0
340098,1,1,1991,0,0,0,0,0,0,0,0,0,0
340098,2,1,1991,0,0,0,0,0,0,0,0,0,0
340099,1,1,1991,0,0,0,0,0,0,0,0,0,0
340100,0,1,1991,0,0,0,0,0,0,0,0,0,0
340100,1,1,1991,0,0,0,0,0,0,0,0,0,0
340101,1,1,1991,14,14,14,14,14,14,14,14,14,14
340101,2,1,1991,0,0,0,0,0,0,0,0,0,0
340102,1,1,1991,0,0,0,0,0,0,0,0,0,0
340102,2,1,1991,0,0,0,0,0,0,0,0,0,0
340103,1,1,1991,5,5,5,5,5,5,5,5,5,5
340104,1,1,1991,0,0,0,0,0,0,0,0,0,0
340104,2,1,1991,0,0,0,0,0,0,0,0,0,0
340105,1,1,1991,0,0,0,0,0,0,0,0,0,0
340105,2,1,1991,0,0,0,0,0,0,0,0,0,0
340105,3,1,1991,0,0,0,0,0,0,0,0,0,0
340106,1,1,1991,0,0,0,0,0,0,0,0,0,0
340107,0,1,1991,15,15,15,15,15,15,15,15,15,15
340107,1,1,1991,0,0,0,0,0,0,0,0,0,0
340108,1,1,1991,0,0,0,0,0,0,0,0,0,0
340108,2,1,1991,0,0,0,0,0,0,0,0,0,0
340109,0,1,1991,0,0,0,0,0,0,0,0,0,0
340109,1,1,1991,0,0,0,0,0,0,0,0,0,0
340110,0,1,1991,0,9,0,0,18,18,0,0,0,0
340110,1,1,1991,0,23,0,0,0,5,0,0,0,0
340111,0,1,1991,0,0,0,0,0,0,0,0,0,0
340111,1,1,1991,0,0,0,15,0,0,0,0,0,0
340112,1,1,1991,16,16,16,16,16,16,16,16,16,16
340114,0,1,1991,0,0,0,0,0,0,0,0,0,0
340114,1,1,1991,0,0,0,0,0,0,0,0,0,0
340115,1,1,1991,0,0,0,0,0,0,0,0,0,0
340116,1,1,1991,0,10,0,0,11,16,0,11,0,0
340117,1,1,1991,6,6,6,6,6,6,6,6,6,6
340117,2,1,1991,0,0,0,0,0,0,0,0,0,0
340118,1,1,1991,20,0,0,0,0,0,0,0,0,0
340118,2,1,1991,0,10,0,0,0,0,0,0,0,0
340119,1,1,1991,2,2,2,2,2,2,2,2,2,2
340120,1,1,1991,0,0,0,0,0,0,0,0,0,0
340120,2,1,1991,29,29,29,29,29,29,29,29,29,29
340121,1,1,1991,0,0,0,0,0,0,0,0,0,0
340121,2,1,1991,0,0,0,0,0,0,0,0,0,0
340122,1,1,1991,11,11,11,11,11,11,11,11,11,11
340122,2,1,1991,18,18,18,18,18,18,18,18,18,18
340123,1,1,1991,14,14,14,14,14,14,14,14,14,14
340123,2,1,1991,0,0,0,0,0,0,0,0,0,0
340124,0,1,1991,0,6,20,0,37,28,35,9,31,13
340124,1,1,1991,0,0,0,0,0,0,0,0,0,0
340124,2,1,1991,0,0,0,0,0,0,0,0,0,8
340125,1,1,1991,8,8,8,8,8,8,8,8,8,8
340126,0,1,1991,3,3,3,3,3,3,3,3,3,3
340126,1,1,1991,0,0,0,0,0,0,0,0,0,0
340127,1,1,1991,0,12,0,0,33,17,0,0,0,0
340127,2,1,1991,0,0,15,18,25,13,35,0,22,0
340128,1,1,1991,0,0,0,0,0,0,0,0,0,0
340128,2,1,1991,0,0,0,0,0,0,0,0,0,0
340128,3,1,1991,0,0,0,0,0,0,0,0,0,0
340129,1,1,1991,27,27,27,27,27,27,27,27,27,27
340129,2,1,1991,0,0,0,0,0,0,0,0,0,0
340129,3,1,1991,18,0,0,0,0,0,0,0,0,0
340130,1,1,1991,0,0,0,0,20,34,0,0,0,7
340131,1,1,1991,24,24,24,24,24,24,24,24,24,24
340132,0,1,1991,0,0,0,0,0,0,0,0,0,0
340132,1,1,1991,0,0,0,0,0,0,0,0,0,0
340133,1,1,1991,0,0,0,0,0,0,0,0,0,0
340134,1,1,1991,0,0,0,0,0,0,0,0,0,0
340134,2,1,1991,22,0,13,0,27,0,7,0,8,0
340135,0,1,1991,0,0,0,0,0,0,0,0,0,0
340135,1,1,1991,0,0,0,0,0,0,0,0,0,0
340136,0,2,1991,0,0,13,0,17,10,20,0,24,0
340136,0,3,1991,15,0,17,15,12,20,5,19,10,22
340136,1,1,1991,0,0,0,0,0,0,0,0,0,0
340137,1,1,1991,0,0,0,0,0,0,0,0,0,0
340137,2,1,1991,0,0,0,6,9,0,10,0,0,0
340138,1,1,1991,0,13,0,0,0,0,0,0,0,0
340138,2,1,1991,0,0,35,0,0,0,6,0,0,0
340139,1,1,1991,0,0,0,0,0,0,0,0,0,0
340139,2,1,1991,0,0,0,0,0,15,0,0,0,0
340140,0,1,1991,0,0,0,0,0,0,0,0,0,0
340140,1,1,1991,0,0,0,0,0,0,0,0,0,0
340141,1,1,1991,0,0,0,0,0,0,0,0,0,0
340141,2,1,1991,0,0,0,0,0,0,0,0,0,0
340142,1,1,1991,21,20,9,18,21,19,21,9,19,30
340143,1,1,1991,0,0,0,0,0,0,0,0,0,0
340144,0,1,1991,0,0,0,16,0,0,0,0,0,0
340144,1,1,1991,0,0,0,0,0,0,0,0,0,0
340145,1,1,1991,0,0,0,0,0,0,0,0,0,0
340145,2,1,1991,0,0,0,0,0,0,0,0,0,0
340145,3,1,1991,6,0,0,8,0,0,0,0,0,0
340145,4,1,1991,9,0,0,0,0,0,0,0,0,0
340146,1,1,1991,26,26,26,26,26,26,26,26,26,26
340146,2,1,1991,0,0,0,0,0,0,0,0,0,0
340147,1,1,1991,0,0,0,0,0,0,0,0,0,0
340148,1,1,1991,0,0,0,0,0,0,0,0,0,0
340148,2,1,1991,0,0,0,0,0,0,0,0,0,0
340149,0,1,1991,0,0,0,0,0,0,0,0,0,0
340149,1,1,1991,0,0,0,0,0,0,0,0,0,0
340150,0,1,1991,0,0,19,18,0,0,0,0,0,0
340150,1,1,1991,0,0,0,0,0,0,0,0,0,0
340151,0,1,1991,44,24,25,10,0,19,21,23,7,37
340151,1,1,1991,0,17,0,0,0,0,0,0,0,0
340152,1,1,1991,19,19,19,19,19,19,19,19,19,19
340153,1,1,1991,0,0,0,0,0,0,0,0,0,0
340154,1,1,1991,0,0,0,0,0,0,0,0,0,0
340154,2,1,1991,14,0,0,0,0,0,0,0,0,0
340155,1,1,1991,16,16,16,16,16,16,16,16,16,16
340155,2,1,1991,0,0,0,0,0,0,0,0,0,0
340156,1,1,1991,19,0,15,0,7,6,0,0,0,0
340157,1,1,1991,0,0,0,0,0,0,0,0,0,0
340158,1,1,1991,0,0,0,18,16,0,0,7,0,6
340158,2,1,1991,0,0,0,0,12,0,0,0,0,0
340159,1,1,1991,18,18,18,18,18,18,18,18,18,18
340159,2,1,1991,9,9,9,9,9,9,9,9,9,9
340159,3,1,1991,0,26,0,0,12,16,0,23,24,0
340160,1,1,1991,29,34,0,10,7,30,17,9,8,24
340161,1,1,1991,14,14,14,14,14,14,14,14,14,14
340162,0,1,1991,9,9,9,9,9,9,9,9,9,9
340162,1,1,1991,0,0,0,0,0,0,0,0,0,0
340163,1,1,1991,25,0,0,0,0,0,13,27,14,0
340164,1,1,1991,0,0,0,0,0,0,0,0,0,0
340165,1,1,1991,8,12,22,10,16,13,35,32,9,25
340166,0,1,1991,0,0,0,0,0,0,9,0,0,0
340166,1,1,1991,0,3,0,0,0,0,0,0,0,0
340167,0,1,1991,0,0,0,0,0,0,30,0,0,0
340167,1,1,1991,0,7,0,0,0,0,0,0,0,0
340167,2,1,1991,0,0,0,0,0,0,0,0,0,0
340168,1,1,1991,19,0,10,20,7,23,21,0,0,8
340168,2,1,1991,0,0,0,0,0,0,0,0,0,0
340169,0,1,1991,34,23,22,28,13,22,8,23,12,31
340169,1,1,1991,0,0,0,0,6,0,0,0,0,0
340170,1,1,1991,0,0,19,21,0,14,0,0,0,0
340171,0,1,1991,0,0,0,0,0,7,15,0,33,0
340171,1,1,1991,16,0,2,0,23,0,0,10,0,10
340172,0,1,1991,0,0,0,0,0,0,0,0,0,0
340172,1,1,1991,0,0,0,0,0,0,0,0,0,0
340173,1,1,1991,21,21,21,21,21,21,21,21,21,21
340174,0,1,1991,28,28,28,28,28,28,28,28,28,28
340174,1,1,1991,0,0,0,0,0,0,0,0,0,0
340175,1,1,1991,0,0,0,0,0,0,0,0,0,0
340176,1,1,1991,0,0,0,0,0,0,0,0,0,0
340176,2,1,1991,0,10,0,0,0,0,13,6,0,0
340177,1,1,1991,0,9,0,0,0,0,21,0,23,0
340178,1,1,1991,26,18,14,19,27,42,20,23,11,12
340178,2,1,1991,0,0,0,0,0,0,21,0,0,0
340178,3,1,1991,0,0,0,0,0,0,0,0,0,0
340179,1,1,1991,0,0,0,0,0,0,0,0,0,0
340179,2,1,1991,0,0,0,0,0,0,0,0,0,0
340180,1,1,1991,0,0,0,0,0,0,0,0,0,0
340181,1,1,1991,0,0,0,0,0,0,0,0,0,0
340181,2,1,1991,0,0,0,0,0,0,0,0,0,0
340182,1,1,1991,0,0,0,0,0,0,0,0,0,0
340182,2,1,1991,0,0,0,0,0,0,0,0,0,0
340183,1,1,1991,5,5,5,5,5,5,5,5,5,5
340183,2,1,1991,10,10,10,10,10,10,10,10,10,10
340184,1,1,1991,21,9,21,20,22,19,26,24,14,23
340185,1,1,1991,0,0,0,0,0,0,0,0,0,0
340185,2,1,1991,0,0,0,0,0,0,0,0,0,0
340186,1,1,1991,0,0,0,0,0,0,0,0,5,0
340187,1,1,1991,36,10,18,22,6,0,21,0,20,8
340189,1,1,1991,21,21,21,21,21,21,21,21,21,21
340190,1,1,1991,0,0,0,0,0,0,0,0,0,0
340190,2,1,1991,0,0,0,0,0,0,0,0,0,13
340191,0,1,1991,19,19,19,19,19,19,19,19,19,19
340191,1,1,1991,0,0,0,0,0,0,30,0,0,0
340192,1,1,1991,15,0,0,0,0,0,0,0,0,0
340192,2,1,1991,0,0,0,0,0,0,0,0,0,0
340193,0,1,1991,0,0,0,0,0,0,0,0,0,0
340193,1,1,1991,0,0,0,0,0,0,4,0,0,0
340194,0,1,1991,0,0,0,0,0,0,0,0,0,0
340194,1,1,1991,20,13,13,14,14,19,14,10,13,14
340194,2,1,1991,0,12,0,0,0,0,0,0,0,14
340195,1,1,1991,13,13,13,13,13,13,13,13,13,13
340196,1,1,1991,0,0,0,0,0,0,0,0,0,0
340196,2,1,1991,0,19,0,0,0,0,0,0,0,0
340197,1,1,1991,32,32,32,32,32,32,32,32,32,32
340197,2,1,1991,0,0,0,0,0,19,13,0,0,0
340198,0,1,1991,0,0,0,0,0,0,0,0,0,0
340198,1,1,1991,0,0,0,0,0,0,0,0,0,0
340199,1,1,1991,0,0,0,0,0,0,0,0,0,0
340199,2,1,1991,15,27,13,15,4,21,16,23,20,26
340200,1,1,1991,31,11,13,0,12,19,38,26,17,21
340201,1,1,1991,0,0,0,0,0,0,0,0,0,0