ST_CASE,VEH_NO,PER_NO,YEAR,P1,P2,P3,P4,P5,P6,P7,P8,P9,P10
340201,2,1,1991,0,0,0,0,0,0,0,0,0,0
340202,1,1,1991,0,0,0,0,0,0,0,0,0,0
340203,1,1,1991,0,0,0,0,0,0,0,0,0,0
340204,0,1,1991,24,24,24,24,24,24,24,24,24,24
340204,1,1,1991,0,0,0,0,0,0,0,0,0,0
340204,2,1,1991,0,0,0,0,0,0,0,0,0,0
340205,1,1,1991,15,29,0,8,27,20,0,0,9,21
340206,1,1,1991,0,0,30,0,12,0,0,0,0,0
340207,1,1,1991,0,0,0,0,0,0,0,0,0,0
340207,2,1,1991,0,0,0,0,0,0,0,0,0,0
340208,1,1,1991,1,1,1,1,1,1,1,1,1,1
340209,1,1,1991,0,0,0,0,0,0,0,0,0,0
340209,2,1,1991,0,0,0,0,0,0,0,0,0,0
340209,3,1,1991,0,0,0,0,0,0,0,0,0,0
340210,0,1,1991,15,15,15,15,15,15,15,15,15,15
340210,1,1,1991,0,0,0,0,0,0,0,0,0,0
340211,1,1,1991,0,8,0,0,0,0,14,18,0,0
340212,1,1,1991,0,0,0,0,0,0,0,0,0,0
340212,2,1,1991,0,0,0,0,0,0,0,0,0,0
340213,1,1,1991,0,0,0,0,0,0,0,0,0,0
340213,2,1,1991,0,0,0,0,0,0,0,0,0,0
340214,1,1,1991,0,0,0,0,0,0,0,0,0,0
340214,2,1,1991,0,0,0,0,0,0,0,0,0,0
340214,3,1,1991,0,0,0,0,0,0,0,0,0,0
340215,1,1,1991,0,0,0,0,0,0,0,0,0,0
340215,2,1,1991,0,0,0,0,0,0,0,0,0,0
340216,0,1,1991,4,4,4,4,4,4,4,4,4,4
340216,0,2,1991,0,0,0,0,0,0,0,0,0,0
340216,1,1,1991,10,10,10,10,10,10,10,10,10,10
340217,1,1,1991,0,0,0,0,0,0,0,0,0,0
340217,2,1,1991,0,0,0,0,0,0,0,0,0,0
340217,3,1,1991,0,0,0,0,0,0,0,0,0,0
340217,4,1,1991,0,0,0,0,0,0,0,0,12,0
340218,1,1,1991,0,0,0,0,0,0,0,0,0,0
340219,1,1,1991,0,0,0,0,0,0,0,0,0,0
340219,2,1,1991,0,0,0,0,0,0,0,0,0,0
340220,1,1,1991,0,0,0,0,0,0,0,0,0,0
340220,2,1,1991,27,0,0,0,0,0,0,0,0,0
340222,1,1,1991,0,0,0,0,0,0,0,0,0,0
340222,2,1,1991,0,0,0,0,0,0,0,0,0,0
340223,1,1,1991,29,29,29,29,29,29,29,29,29,29
340224,1,1,1991,16,16,16,16,16,16,16,16,16,16
340224,2,1,1991,0,0,0,0,0,0,0,0,0,0
340224,3,1,1991,0,0,0,0,0,0,0,0,0,0
340224,4,1,1991,0,0,0,0,0,0,0,0,0,0
340225,1,1,1991,0,0,0,0,0,0,0,0,0,0
340225,2,1,1991,0,0,0,0,0,0,0,0,0,0
340226,1,1,1991,22,22,22,22,22,22,22,22,22,22
340227,1,1,1991,0,0,0,0,0,0,0,0,0,0
340227,2,1,1991,0,0,0,0,0,0,0,0,0,0
340228,1,1,1991,13,13,13,13,13,13,13,13,13,13
340228,2,1,1991,0,0,0,0,0,0,10,0,0,0
340230,1,1,1991,0,0,0,0,0,0,0,0,0,0
340231,0,1,1991,0,0,0,0,0,0,0,0,0,0
340232,1,1,1991,0,0,0,0,0,0,0,0,0,0
340232,2,1,1991,0,0,0,0,0,0,0,0,0,0
340233,1,1,1991,0,0,0,0,0,0,0,0,0,0
340233,2,1,1991,14,14,14,14,14,14,14,14,14,14
340234,1,1,1991,0,0,0,0,10,0,0,0,0,0
340234,2,1,1991,0,0,0,0,0,0,0,0,0,0
340236,1,1,1991,0,0,0,0,0,0,0,0,0,0
340236,2,1,1991,0,0,0,0,0,0,0,0,0,0
340237,0,1,1991,20,14,0,10,28,0,15,24,37,17
340237,1,1,1991,0,0,0,0,0,0,0,0,0,0
340238,1,1,1991,0,0,0,0,0,0,0,0,0,0
340238,2,1,1991,0,24,0,0,0,0,0,0,0,0
340238,3,1,1991,0,0,0,0,0,0,0,0,0,0
340238,4,1,1991,8,19,15,0,8,7,0,15,15,20
340238,5,1,1991,0,0,0,0,0,0,0,0,0,57
340239,1,1,1991,0,0,0,0,0,0,0,0,0,0
340239,2,1,1991,0,0,0,0,0,0,0,0,0,0
340240,0,1,1991,1,1,1,1,1,1,1,1,1,1
340240,1,1,1991,0,0,0,0,0,0,0,0,0,0
340241,0,1,1991,2,2,2,2,2,2,2,2,2,2
340241,1,1,1991,0,0,0,0,0,0,0,0,0,0
340242,0,1,1991,0,0,0,0,0,0,0,0,0,0
340242,1,1,1991,0,0,0,0,0,0,0,0,0,0
340242,2,1,1991,0,0,0,10,0,0,0,0,0,0
340244,1,1,1991,0,0,0,0,0,0,0,0,0,0
340244,2,1,1991,0,0,0,0,0,0,0,0,0,0
340245,1,1,1991,0,0,0,0,0,0,0,0,0,0
340245,2,1,1991,0,0,0,0,0,0,0,0,0,0
340246,1,1,1991,14,14,14,14,14,14,14,14,14,14
340247,1,1,1991,0,0,0,0,0,0,0,0,0,0
340248,1,1,1991,16,16,16,16,16,16,16,16,16,16
340249,1,1,1991,0,0,0,0,0,0,0,0,0,0
340250,1,1,1991,0,0,0,0,0,0,0,0,0,0
340250,2,1,1991,0,0,0,0,0,0,0,0,0,0
340251,0,1,1991,0,0,0,0,0,0,0,0,0,0
340251,1,1,1991,30,0,0,0,0,0,0,0,0,0
340252,1,1,1991,0,0,0,0,0,0,0,0,0,0
340252,2,1,1991,0,0,0,0,0,0,0,0,0,0
340253,1,1,1991,0,0,0,0,0,0,0,0,0,0
340253,2,1,1991,10,9,17,10,16,4,12,15,25,14
340254,0,1,1991,0,0,0,0,0,0,0,0,0,34
340254,1,1,1991,0,0,0,0,0,0,0,0,0,0
340255,1,1,1991,0,0,0,0,0,0,0,0,0,0
340255,2,1,1991,0,0,0,0,12,0,0,0,0,0
340255,3,1,1991,0,0,0,0,0,0,0,0,0,0
340257,1,1,1991,0,0,0,0,0,0,0,0,0,0
340258,1,1,1991,29,29,29,29,29,29,29,29,29,29
340258,2,1,1991,0,0,0,0,0,0,9,0,0,0
340260,1,1,1991,0,0,0,0,0,0,0,0,0,0
340260,2,1,1991,0,0,0,0,0,0,0,0,0,0
340261,1,1,1991,0,0,0,0,0,0,0,0,0,0
340262,1,1,1991,0,18,0,0,0,0,0,0,0,0
340262,2,1,1991,0,0,0,0,0,0,0,0,0,0
340263,1,1,1991,18,13,20,30,13,26,22,16,11,21
340264,1,1,1991,6,6,6,6,6,6,6,6,6,6
340265,1,1,1991,21,21,21,21,21,21,21,21,21,21
340265,2,1,1991,0,0,0,0,0,0,0,0,0,0
340266,1,1,1991,0,0,0,0,0,0,0,0,0,0
340266,2,1,1991,0,0,0,0,0,0,0,0,0,0
340267,1,1,1991,0,0,0,0,0,0,0,0,0,20
340267,2,1,1991,0,15,28,22,0,0,0,0,0,0
340268,1,1,1991,4,4,4,4,4,4,4,4,4,4
340268,2,1,1991,0,0,0,0,0,0,0,0,0,0
340269,1,1,1991,0,0,0,0,0,0,0,0,0,0
340270,1,1,1991,15,15,15,15,15,15,15,15,15,15
340271,1,1,1991,15,15,15,15,15,15,15,15,15,15
340273,0,1,1991,0,0,0,0,0,0,0,0,0,0
340273,1,1,1991,0,0,0,20,0,0,7,0,0,0
340274,1,1,1991,0,0,26,0,0,0,0,0,0,32
340275,1,1,1991,20,20,20,20,20,20,20,20,20,20
340277,1,1,1991,0,0,0,0,0,0,0,0,0,0
340278,1,1,1991,30,19,29,10,19,28,15,22,15,29
340279,1,1,1991,13,13,13,13,13,13,13,13,13,13
340280,0,1,1991,0,0,0,9,0,0,0,0,0,0
340280,1,1,1991,19,17,13,14,0,16,0,16,0,0
340281,1,1,1991,0,0,0,0,0,0,0,0,0,0
340281,2,1,1991,0,0,0,0,0,0,0,0,0,0
340282,1,1,1991,0,0,0,0,0,0,0,0,0,0
340282,2,1,1991,0,0,0,16,0,10,14,0,0,0
340283,1,1,1991,0,0,0,0,0,0,0,0,0,0
340283,2,1,1991,0,0,0,0,0,0,0,0,0,0
340284,1,1,1991,5,14,0,6,0,12,19,23,2,5
340285,1,1,1991,0,0,0,0,0,0,0,0,0,0
340286,1,1,1991,0,0,0,0,0,0,0,0,0,0
340286,2,1,1991,0,0,0,0,0,0,0,0,0,0
340287,1,1,1991,0,0,0,0,0,0,0,0,0,0
340288,1,1,1991,23,23,23,23,23,23,23,23,23,23
340289,1,1,1991,0,0,0,0,0,0,0,0,0,0
340289,2,1,1991,0,0,0,0,0,0,0,0,0,0
340290,1,1,1991,0,0,0,0,0,0,0,0,0,0
340290,2,1,1991,0,0,0,0,0,0,0,3,0,0
340291,1,1,1991,23,23,23,23,23,23,23,23,23,23
340292,1,1,1991,0,0,0,0,0,0,0,0,0,0
340293,0,1,1991,0,18,0,0,0,0,0,0,0,0
340293,1,1,1991,9,9,9,9,9,9,9,9,9,9
340294,1,1,1991,0,0,0,0,0,0,0,0,0,0
340294,2,1,1991,0,0,0,0,0,0,0,0,0,0
340295,1,1,1991,6,7,16,17,14,30,11,17,8,5
340296,1,1,1991,0,0,0,0,0,0,0,0,0,0
340297,1,1,1991,0,0,0,0,0,0,0,0,0,0
340297,2,1,1991,28,30,20,0,19,18,5,16,0,8
340298,1,1,1991,0,0,0,0,0,0,0,0,0,0
340299,1,1,1991,0,0,0,0,0,0,9,0,0,0
340300,1,1,1991,0,0,0,0,0,0,0,0,0,0
340301,1,1,1991,0,0,0,0,0,0,0,0,0,0
340303,0,1,1991,0,16,0,0,0,0,0,0,0,0
340303,0,2,1991,0,0,0,0,0,0,0,0,0,0
340303,0,3,1991,0,0,0,0,0,0,0,0,0,0
340303,1,1,1991,0,18,0,23,26,0,0,16,0,0
340304,0,1,1991,0,0,0,0,0,0,0,0,0,0
340304,1,1,1991,6,12,17,11,0,6,0,0,12,0
340305,1,1,1991,0,0,0,0,0,0,0,0,0,0
340305,2,1,1991,0,0,0,0,0,0,0,0,0,0
340306,1,1,1991,0,0,0,0,0,0,0,0,0,0
340307,0,1,1991,0,0,0,0,0,0,0,0,0,0
340307,1,1,1991,16,16,16,16,16,16,16,16,16,16
340308,1,1,1991,22,22,22,22,22,22,22,22,22,22
340309,0,1,1991,0,0,0,0,0,0,0,0,0,0
340309,1,1,1991,0,0,0,0,0,0,0,0,0,0
340311,1,1,1991,0,0,0,3,0,9,0,0,0,13
340312,1,1,1991,16,16,16,16,16,16,16,16,16,16
340312,2,1,1991,0,0,0,0,0,0,0,0,0,0
340313,1,1,1991,0,0,0,0,0,0,0,0,0,0
340313,2,1,1991,0,0,0,0,0,0,0,0,0,0
340315,1,1,1991,0,0,6,0,0,0,0,0,0,0
340318,1,1,1991,0,0,0,0,0,0,0,0,0,0
340319,1,1,1991,0,0,0,0,0,3,0,0,0,0
340319,2,1,1991,0,0,0,0,0,0,0,0,0,0
340320,1,1,1991,10,10,10,10,10,10,10,10,10,10
340321,0,1,1991,0,0,0,0,0,0,0,0,0,0
340321,1,1,1991,1,1,1,1,1,1,1,1,1,1
340322,1,1,1991,0,0,0,0,0,0,0,0,0,0
340322,2,1,1991,0,0,0,0,0,0,0,0,0,0
340323,1,1,1991,0,0,0,0,0,0,0,0,0,0
340323,2,1,1991,0,0,0,0,0,0,0,0,0,0
340325,1,1,1991,0,0,0,0,0,0,0,0,0,0
340326,1,1,1991,0,0,0,0,0,0,0,0,0,0
340326,2,1,1991,0,0,0,0,0,0,0,0,0,0
340327,1,1,1991,15,15,15,15,15,15,15,15,15,15
340328,1,1,1991,0,0,0,0,0,0,0,0,0,0
340329,1,1,1991,0,0,0,0,0,0,0,0,0,0
340329,2,1,1991,0,0,0,0,0,0,0,0,0,0
340330,1,1,1991,5,5,5,5,5,5,5,5,5,5
340330,2,1,1991,0,0,0,0,0,0,0,0,0,0
340331,1,1,1991,0,0,0,0,0,0,0,0,0,0
340331,2,1,1991,0,0,0,0,0,0,0,0,0,0
340332,1,1,1991,0,0,0,0,0,0,0,0,0,0
340333,1,1,1991,0,0,0,0,0,0,0,0,0,0
340333,2,1,1991,0,0,0,0,0,0,0,0,0,0
340334,1,1,1991,27,27,27,27,27,27,27,27,27,27
340334,2,1,1991,0,0,0,0,0,0,0,0,0,0
340335,1,1,1991,4,4,4,4,4,4,4,4,4,4
340336,0,1,1991,4,20,10,0,32,0,0,0,7,0
340336,1,1,1991,0,0,0,0,0,0,0,0,14,0
340337,0,1,1991,0,0,0,0,0,0,0,0,0,0
340337,1,1,1991,0,0,0,0,0,0,0,0,0,0
340338,1,1,1991,0,0,0,0,7,0,0,0,0,0
340338,2,1,1991,0,0,0,0,0,0,0,0,0,0
340340,0,1,1991,0,0,0,0,0,0,0,0,0,0
340340,1,1,1991,0,0,0,0,0,0,0,0,0,0
340341,0,1,1991,0,0,0,0,0,0,0,0,0,0
340341,1,1,1991,0,0,0,0,0,0,0,0,0,0
340342,1,1,1991,10,10,10,10,10,10,10,10,10,10
340343,1,1,1991,0,8,0,0,17,0,0,0,0,18
340344,1,1,1991,0,0,0,0,0,0,0,0,0,0
340344,2,1,1991,0,0,0,0,0,0,0,0,0,0
340345,1,1,1991,22,22,22,22,22,22,22,22,22,22
340345,2,1,1991,0,0,0,0,0,0,0,0,0,0
340346,0,1,1991,0,0,0,0,0,0,0,0,0,0
340346,1,1,1991,24,14,4,15,14,11,13,23,12,29
340347,1,1,1991,0,0,0,0,0,0,0,0,0,0
340347,2,1,1991,0,0,0,0,0,0,0,0,0,0
340347,3,1,1991,28,0,0,31,0,0,0,25,0,29
340347,4,1,1991,0,0,0,0,0,0,0,0,0,0
340348,0,1,1991,19,19,19,19,19,19,19,19,19,19
340348,1,1,1991,0,0,0,0,0,0,0,0,0,0
340349,1,1,1991,0,0,0,0,0,0,6,0,0,0
340350,1,1,1991,0,0,0,0,0,0,0,0,0,0
340350,2,1,1991,0,0,0,0,0,0,0,0,0,0
340351,1,1,1991,0,0,0,0,0,0,0,0,0,0
340351,2,1,1991,22,0,35,0,0,0,28,20,32,0
340352,1,1,1991,0,0,0,0,0,0,0,0,0,0
340353,0,1,1991,0,0,8,0,0,0,0,0,5,0
340353,0,2,1991,0,19,0,0,0,10,0,0,0,0
340353,1,1,1991,25,0,33,0,11,0,5,9,0,17
340355,0,1,1991,0,0,0,0,0,0,0,0,0,0
340355,1,1,1991,21,0,0,0,0,0,0,0,0,0
340356,0,1,1991,2,2,2,2,2,2,2,2,2,2
340356,1,1,1991,0,0,0,0,0,0,0,0,0,0
340357,1,1,1991,17,17,17,17,17,17,17,17,17,17
340357,2,1,1991,0,13,9,0,0,0,0,0,0,0
340358,1,1,1991,0,0,0,0,0,0,0,0,0,0
340359,1,1,1991,0,0,0,0,0,0,0,0,0,0
340359,2,1,1991,0,0,0,0,0,0,0,0,0,0
340360,1,1,1991,13,13,13,13,13,13,13,13,13,13
340361,0,1,1991,0,0,0,0,0,0,0,0,0,0
340361,0,2,1991,0,0,0,0,0,0,0,0,0,0
340361,1,1,1991,0,0,0,0,0,0,0,0,0,0
340362,1,1,1991,0,0,0,0,0,0,0,0,0,0
340363,1,1,1991,0,0,0,0,0,0,0,0,0,0
340364,1,1,1991,0,0,0,0,0,0,0,0,0,0
340365,0,1,1991,0,0,22,23,0,40,0,0,8,0
340365,1,1,1991,0,0,0,0,0,0,0,0,0,0
340366,1,1,1991,0,0,0,0,0,0,0,0,0,0
340366,2,1,1991,11,11,11,11,11,11,11,11,11,11
340367,1,1,1991,0,0,0,0,0,0,0,0,0,0
340368,1,1,1991,15,15,15,15,15,15,15,15,15,15
340369,0,1,1991,0,0,0,0,0,0,0,0,0,0
340369,1,1,1991,21,0,0,28,0,28,0,11,9,0
340370,1,1,1991,0,0,0,0,0,0,0,0,0,0
340371,1,1,1991,0,0,0,0,0,0,0,0,0,0
340372,1,1,1991,10,10,10,10,10,10,10,10,10,10
340372,2,1,1991,17,0,0,15,0,0,23,0,17,0
340373,1,1,1991,23,23,23,23,23,23,23,23,23,23
340374,1,1,1991,0,0,0,0,0,0,0,0,0,0
340375,1,1,1991,0,0,0,0,0,0,0,0,0,0
340375,2,1,1991,0,0,0,0,0,0,0,0,0,0
340377,1,1,1991,14,14,14,14,14,14,14,14,14,14
340379,0,1,1991,0,0,0,0,0,0,0,0,0,0
340379,1,1,1991,0,0,0,0,0,18,0,0,0,0
340380,1,1,1991,0,5,0,0,0,0,0,17,0,20
340381,1,4,1991,0,0,0,0,0,0,0,0,0,0
340382,1,1,1991,0,0,0,0,0,0,0,0,0,0
340382,2,1,1991,0,0,0,0,0,0,0,0,0,0
340382,3,1,1991,0,0,0,0,0,0,0,0,0,0
340383,1,1,1991,0,0,0,0,0,0,0,0,0,0
340383,2,1,1991,0,0,0,0,0,0,0,0,0,0
340384,1,1,1991,0,0,0,0,0,0,0,0,0,0
340384,2,1,1991,18,0,0,0,0,0,0,0,0,0
340385,1,1,1991,0,0,0,0,13,0,0,0,0,0
340386,0,1,1991,0,0,0,24,0,18,14,0,0,0
340386,1,1,1991,0,0,0,0,0,0,0,0,0,0
340387,1,1,1991,8,12,14,12,20,20,24,11,19,8
340388,1,1,1991,0,0,0,0,0,0,0,14,0,0
340389,1,1,1991,35,35,35,35,35,35,35,35,35,35
340390,1,1,1991,3,3,3,3,3,3,3,3,3,3
340391,1,1,1991,22,22,22,22,22,22,22,22,22,22
340392,1,1,1991,0,0,0,0,0,0,0,0,0,0
340392,2,1,1991,0,0,0,0,0,0,0,0,0,0
340392,3,1,1991,0,0,0,0,0,0,0,0,0,0
340392,4,1,1991,0,0,0,0,0,0,0,0,0,0
340392,5,1,1991,0,0,0,0,0,0,0,0,0,0
340392,6,1,1991,0,0,0,0,0,0,0,0,0,0
340393,0,1,1991,0,0,0,0,0,0,0,18,0,0
340393,1,1,1991,0,0,0,0,16,0,0,0,0,17
340394,0,1,1991,7,7,7,7,7,7,7,7,7,7
340394,1,1,1991,0,0,0,0,0,0,0,0,0,0
340395,1,1,1991,0,0,0,0,0,0,0,0,0,0
340396,1,1,1991,0,0,0,0,0,0,0,0,0,0
340397,1,1,1991,32,32,32,32,32,32,32,32,32,32
340398,0,1,1991,4,4,4,4,4,4,4,4,4,4
340398,1,1,1991,0,0,0,0,0,0,0,0,0,0
340399,1,1,1991,0,0,0,0,0,0,0,0,0,0
340399,2,1,1991,20,20,20,20,20,20,20,20,20,20
340400,1,1,1991,14,14,14,14,14,14,14,14,14,14
340401,1,1,1991,3,3,3,3,3,3,3,3,3,3
340401,2,1,1991,0,0,0,0,0,0,0,0,0,0
340402,1,1,1991,13,13,13,13,13,13,13,13,13,13
340403,1,1,1991,0,0,0,0,0,0,0,0,0,0
340404,1,1,1991,21,21,21,21,21,21,21,21,21,21
340406,1,1,1991,0,0,0,0,0,0,0,0,0,0
340406,2,1,1991,0,0,0,0,0,35,0,0,0,10
340406,3,1,1991,0,19,0,0,0,0,0,0,0,0
340407,1,1,1991,14,14,14,14,14,14,14,14,14,14
340408,1,1,1991,14,14,14,14,14,14,14,14,14,14
340409,1,1,1991,0,0,0,0,0,0,0,0,0,13
340410,1,1,1991,3,3,3,3,3,3,3,3,3,3
340410,2,1,1991,0,0,0,0,0,0,0,0,0,0
340413,0,1,1991,16,16,16,16,16,16,16,16,16,16
340413,1,1,1991,0,0,0,0,0,0,0,0,0,0
340414,1,1,1991,0,0,0,0,0,0,0,0,0,0
340414,2,1,1991,0,0,0,0,0,0,0,0,0,0
340415,1,1,1991,0,0,0,0,0,0,0,0,0,0
340415,2,1,1991,0,0,0,0,0,0,0,0,0,0
340416,1,1,1991,2,2,2,2,2,2,2,2,2,2
340416,2,1,1991,0,0,0,0,0,0,0,0,0,0
340417,1,1,1991,21,21,21,21,21,21,21,21,21,21
340418,1,1,1991,0,0,0,0,0,0,0,0,0,0
340418,2,1,1991,0,0,0,0,0,0,0,0,0,0
340419,0,1,1991,0,0,0,0,0,0,0,0,0,0
340419,1,1,1991,0,0,5,0,0,0,0,0,0,0
340420,1,1,1991,0,0,0,0,0,0,0,0,0,0
340420,2,1,1991,0,0,0,0,0,0,0,0,0,0
340421,1,1,1991,0,0,0,0,0,0,0,0,0,0
340422,1,1,1991,0,0,0,0,0,0,0,0,16,0
340424,0,1,1991,22,22,22,22,22,22,22,22,22,22
340424,1,1,1991,0,0,0,0,0,0,0,0,0,0
340425,1,1,1991,0,0,0,0,21,0,0,0,0,0
340426,1,1,1991,0,0,0,0,0,0,0,0,0,0
340426,2,1,1991,0,0,0,0,0,0,0,0,0,0
340427,1,1,1991,0,0,0,0,0,0,0,0,0,0
340428,1,1,1991,0,0,0,0,0,0,0,0,0,0
340428,2,1,1991,0,0,0,0,0,0,0,0,0,0
340429,1,1,1991,2,2,2,2,2,2,2,2,2,2
340430,1,1,1991,0,0,0,0,0,0,0,0,0,0
340430,2,1,1991,17,17,17,17,17,17,17,17,17,17
340431,1,1,1991,0,0,0,0,0,0,0,0,0,0
340432,1,1,1991,0,0,0,0,14,0,0,0,0,0
340432,2,1,1991,0,0,0,0,0,0,0,0,0,0
340432,3,1,1991,0,0,0,0,0,0,0,0,0,0
340433,1,1,1991,0,0,0,0,0,0,0,0,0,0
340434,0,1,1991,0,0,0,0,0,0,0,0,0,0
340434,1,1,1991,0,0,0,0,0,0,0,0,0,11
340435,1,1,1991,10,10,10,10,10,10,10,10,10,10
340436,1,1,1991,16,16,16,16,16,16,16,16,16,16
340437,1,1,1991,0,0,0,0,0,0,0,0,0,0
340437,2,1,1991,0,0,0,0,0,0,0,0,0,0
340438,0,1,1991,28,28,28,28,28,28,28,28,28,28
340438,1,1,1991,17,17,17,17,17,17,17,17,17,17
340439,1,1,1991,0,0,0,0,0,0,0,0,0,0
340440,1,1,1991,0,0,0,0,22,0,25,12,0,0
340441,1,1,1991,0,0,0,0,0,0,0,0,0,0
340442,1,1,1991,0,0,0,0,0,0,0,0,0,0
340442,2,1,1991,0,0,0,0,0,0,0,0,0,0
340443,0,1,1991,0,0,0,0,8,0,0,0,0,0
340443,1,1,1991,0,0,0,0,0,0,0,0,0,0
340444,1,1,1991,0,10,0,0,0,0,12,0,0,0
340445,1,1,1991,0,0,0,0,0,0,0,0,0,0
340445,2,1,1991,0,0,0,0,0,0,0,0,0,0
340446,1,1,1991,0,0,0,0,0,0,0,8,0,0
340446,2,1,1991,0,0,0,0,0,0,0,0,4,0
340446,3,1,1991,0,0,0,0,0,0,0,0,0,0
340447,0,1,1991,0,0,0,0,0,0,0,0,0,0
340447,1,1,1991,0,0,0,0,0,0,0,0,0,0
340448,1,1,1991,0,0,0,0,0,0,0,0,0,0
340448,2,1,1991,0,0,0,0,0,0,0,0,0,0
340449,1,1,1991,0,0,0,0,0,38,0,0,0,0
340449,2,1,1991,0,0,0,0,0,0,0,0,0,0
340450,1,1,1991,16,16,16,16,16,16,16,16,16,16
340451,1,1,1991,0,0,0,17,0,0,0,0,0,0
340451,2,1,1991,0,0,0,0,0,0,0,0,0,0
340451,3,1,1991,0,0,0,0,0,0,0,0,0,0
340452,1,1,1991,0,0,0,0,0,0,0,0,0,0
340452,2,1,1991,2,2,2,2,2,2,2,2,2,2
340453,0,1,1991,0,0,0,0,0,0,0,0,0,0
340453,1,1,1991,0,0,0,0,0,0,0,18,0,0
340454,1,1,1991,0,0,0,0,25,0,0,0,0,0
340454,2,1,1991,0,0,0,0,0,0,0,0,0,0
340455,1,1,1991,0,0,0,0,0,0,0,0,0,0
340455,2,1,1991,0,0,0,0,0,0,9,0,0,0
340456,1,1,1991,18,19,0,26,17,0,21,0,20,33
340457,1,1,1991,0,0,0,0,0,0,0,0,0,0
340458,0,1,1991,19,19,19,19,19,19,19,19,19,19
340458,1,1,1991,0,0,0,0,0,0,0,0,0,0
340459,1,1,1991,25,25,25,25,25,25,25,25,25,25
340460,1,1,1991,0,0,0,0,0,0,0,0,0,0
340461,1,1,1991,17,17,17,17,17,17,17,17,17,17
340461,2,1,1991,11,11,11,11,11,11,11,11,11,11
340462,1,1,1991,13,13,13,13,13,13,13,13,13,13
340462,2,1,1991,9,9,9,9,9,9,9,9,9,9
340463,1,1,1991,0,0,0,0,0,0,0,0,0,0
340464,0,1,1991,0,0,0,0,0,0,0,0,0,0
340464,1,1,1991,0,0,0,0,0,0,0,0,0,0
340466,1,1,1991,0,0,0,0,0,0,0,0,0,0
340466,2,1,1991,0,0,0,0,0,0,0,0,0,0
340467,1,1,1991,0,0,0,0,0,0,20,0,0,0
340467,2,1,1991,0,0,0,0,0,0,0,0,0,0
340467,3,1,1991,0,0,0,0,0,0,0,0,0,0
340468,0,1,1991,15,0,0,0,0,0,0,0,0,0
340468,1,1,1991,0,0,0,0,0,0,0,0,0,0
340469,1,1,1991,0,0,0,0,0,0,0,0,0,0
340469,2,1,1991,0,0,0,0,0,0,0,0,0,0
340470,1,1,1991,10,10,10,10,10,10,10,10,10,10
340471,1,1,1991,15,15,15,15,15,15,15,15,15,15
340472,1,1,1991,0,0,0,0,0,0,0,0,0,0
340472,2,1,1991,0,25,0,0,0,0,0,0,0,0
340473,1,1,1991,11,11,11,11,11,11,11,11,11,11
340474,1,1,1991,0,0,0,0,0,0,0,0,0,0
340475,1,1,1991,22,22,22,22,22,22,22,22,22,22
340476,1,1,1991,0,0,0,0,0,0,0,0,0,0
340476,2,1,1991,0,0,0,0,0,0,0,0,0,0
340477,1,1,1991,0,0,0,0,0,0,0,0,0,0
340478,1,1,1991,23,23,23,23,23,23,23,23,23,23
340479,1,1,1991,0,2,22,11,11,13,8,22,8,23
340479,2,1,1991,7,14,18,31,13,15,16,9,18,13
340480,1,1,1991,0,50,14,0,0,18,0,32,0,0
340480,2,1,1991,0,0,0,0,0,0,0,0,0,0
340481,0,1,1991,0,0,0,0,0,0,0,0,0,0
340481,1,1,1991,0,0,0,0,0,0,12,0,0,0
340482,1,1,1991,13,13,13,13,13,13,13,13,13,13
340483,1,1,1991,27,0,0,0,0,0,0,0,0,0
340483,2,1,1991,0,0,0,0,0,0,0,0,0,0
340484,1,1,1991,14,14,14,14,14,14,14,14,14,14
340484,2,1,1991,0,12,0,0,0,0,0,0,0,0
340485,1,1,1991,2,2,2,2,2,2,2,2,2,2
340486,1,1,1991,0,0,16,0,0,0,0,0,0,0
340486,2,1,1991,0,0,0,0,0,0,0,0,0,0
340487,1,1,1991,0,0,0,0,0,0,0,0,0,0
340488,1,1,1991,22,22,22,22,22,22,22,22,22,22
340489,1,1,1991,18,18,18,18,18,18,18,18,18,18
340489,2,1,1991,0,0,0,0,0,0,0,0,0,0
340489,3,1,1991,23,0,0,0,17,0,0,0,0,0
340490,0,1,1991,0,0,0,0,0,12,0,0,0,0
340490,1,1,1991,0,0,0,0,0,0,0,0,0,0
340491,0,1,1991,0,0,22,0,25,0,0,0,0,23
340491,1,1,1991,0,0,0,0,0,0,0,0,0,0
340492,0,1,1991,0,0,0,0,0,0,0,0,0,0
340492,1,1,1991,0,0,0,22,0,0,0,0,0,15
340493,0,1,1991,1,1,1,1,1,1,1,1,1,1
340493,1,1,1991,0,0,0,0,0,0,0,0,0,0
340494,1,1,1991,7,7,7,7,7,7,7,7,7,7
340495,1,1,1991,0,0,0,0,0,0,0,0,0,0
340495,2,1,1991,0,0,0,0,0,0,0,0,0,0
340496,1,1,1991,0,0,0,0,0,0,0,0,0,0
340497,1,1,1991,0,0,0,0,0,0,0,0,0,0
340497,2,1,1991,0,0,0,0,0,0,0,0,0,0
340499,1,1,1991,0,0,11,0,0,24,0,0,0,24
340500,0,1,1991,10,10,10,10,10,10,10,10,10,10
340500,1,1,1991,0,0,0,0,0,20,0,10,2,0
340501,1,1,1991,35,35,35,35,35,35,35,35,35,35
340502,0,1,1991,0,0,0,0,0,0,0,0,0,0
340502,1,1,1991,18,18,18,18,18,18,18,18,18,18
340503,1,1,1991,0,0,0,0,0,0,0,0,0,0
340503,2,1,1991,0,0,0,0,0,0,0,0,0,0
340505,1,1,1991,3,3,3,3,3,3,3,3,3,3
340505,2,1,1991,0,0,0,0,0,0,0,0,14,0
340506,1,1,1991,7,24,0,0,0,10,19,0,0,0