ST_CASE,VEH_NO,PER_NO,YEAR,P1,P2,P3,P4,P5,P6,P7,P8,P9,P10
340506,2,1,1991,0,0,0,0,0,0,0,0,0,0
340507,0,1,1991,0,0,0,0,0,0,0,0,0,0
340507,1,1,1991,0,0,0,0,0,0,0,0,0,0
340508,1,1,1991,0,0,0,0,0,0,0,0,0,0
340508,2,1,1991,0,0,0,0,0,0,0,0,0,0
340509,1,1,1991,0,0,0,0,0,0,0,0,0,0
340509,2,1,1991,0,0,0,0,0,0,0,0,0,0
340510,1,1,1991,11,11,11,11,11,11,11,11,11,11
340512,0,1,1991,5,5,5,5,5,5,5,5,5,5
340512,1,1,1991,10,21,21,12,19,16,0,11,30,20
340514,0,1,1991,19,19,19,19,19,19,19,19,19,19
340514,1,1,1991,0,0,0,0,0,0,0,0,0,0
340515,1,1,1991,15,15,15,15,15,15,15,15,15,15
340516,1,1,1991,0,0,0,0,0,0,0,0,0,0
340517,0,1,1991,21,0,0,0,0,0,0,0,0,0
340517,1,1,1991,0,0,0,0,0,0,0,0,0,0
340518,0,1,1991,12,12,12,12,12,12,12,12,12,12
340518,1,1,1991,16,16,16,16,16,16,16,16,16,16
340521,0,1,1991,0,0,0,0,0,0,0,0,0,0
340521,1,1,1991,0,0,0,0,0,0,0,0,0,0
340522,1,1,1991,0,0,0,0,0,0,0,0,0,0
340522,2,1,1991,0,0,0,0,0,0,0,0,0,0
340523,1,1,1991,0,0,0,0,0,0,0,0,0,0
340524,1,1,1991,13,13,13,13,13,13,13,13,13,13
340525,1,1,1991,0,0,0,0,0,0,0,0,0,0
340525,2,1,1991,0,0,0,0,0,0,0,0,0,0
340527,0,1,1991,8,0,0,0,0,0,0,13,0,0
340527,1,1,1991,24,24,24,24,24,24,24,24,24,24
340528,1,1,1991,0,0,0,36,0,0,0,12,22,0
340528,2,1,1991,0,0,0,0,8,0,0,0,0,0
340528,3,1,1991,0,0,0,0,23,26,0,0,8,0
340528,4,1,1991,0,0,6,0,0,0,0,0,0,0
340529,1,1,1991,22,22,22,22,22,22,22,22,22,22
340530,1,1,1991,0,0,0,0,0,0,0,0,0,0
340530,2,1,1991,0,0,0,0,0,0,0,0,0,0
340531,0,1,1991,14,14,14,14,14,14,14,14,14,14
340531,1,1,1991,0,0,0,0,0,0,0,0,0,0
340532,1,1,1991,25,25,25,25,25,25,25,25,25,25
340534,1,1,1991,0,0,0,0,0,0,0,0,0,0
340534,2,1,1991,0,0,0,0,0,0,0,0,0,0
340535,1,1,1991,0,0,0,0,0,0,0,0,0,0
340536,0,1,1991,0,0,0,0,0,0,0,0,0,0
340536,1,1,1991,0,0,0,0,0,0,0,0,0,0
340537,1,1,1991,0,0,0,0,0,0,0,6,0,0
340537,2,1,1991,0,0,0,0,0,0,0,0,0,0
340538,1,1,1991,40,0,0,14,0,0,0,0,0,0
340539,1,1,1991,17,17,17,17,17,17,17,17,17,17
340539,2,1,1991,0,3,0,0,0,0,0,0,0,4
340539,3,1,1991,0,0,0,0,0,0,0,0,0,0
340540,1,1,1991,0,0,0,0,0,0,0,0,0,0
340540,2,1,1991,0,0,0,0,0,0,0,0,0,0
340541,1,1,1991,0,0,0,0,0,0,0,0,0,0
340542,1,1,1991,24,24,24,24,24,24,24,24,24,24
340543,0,1,1991,0,0,0,0,0,0,0,0,0,0
340543,1,1,1991,0,0,0,0,14,0,0,46,0,0
340544,1,1,1991,0,0,0,0,7,0,0,0,0,0
340544,2,1,1991,0,0,0,0,18,0,0,0,0,0
340545,0,1,1991,3,3,3,3,3,3,3,3,3,3
340545,1,1,1991,0,0,0,0,0,0,0,0,0,0
340546,1,1,1991,15,15,15,15,15,15,15,15,15,15
340547,1,1,1991,0,0,0,0,0,0,0,0,0,0
340548,1,1,1991,0,0,0,0,0,0,0,0,0,0
340548,2,1,1991,29,29,29,29,29,29,29,29,29,29
340549,0,1,1991,40,40,40,40,40,40,40,40,40,40
340549,1,1,1991,4,20,0,0,21,0,0,17,0,0
340550,1,1,1991,0,0,0,0,0,0,0,0,0,0
340551,0,1,1991,0,0,0,0,0,0,0,0,0,0
340551,1,1,1991,0,0,0,0,0,0,0,0,0,0
340552,1,1,1991,0,0,0,0,0,0,0,4,0,0
340552,2,1,1991,0,0,0,0,0,0,0,0,0,0
340554,0,1,1991,0,0,0,0,0,0,0,0,0,0
340554,1,1,1991,0,0,0,0,0,0,0,0,0,0
340555,0,1,1991,0,0,0,0,0,0,0,0,0,0
340555,1,1,1991,0,0,0,0,19,0,0,0,0,0
340556,0,1,1991,0,0,0,0,0,0,0,0,0,0
340556,1,1,1991,0,0,0,0,0,0,0,0,0,0
340557,1,1,1991,25,25,25,25,25,25,25,25,25,25
340558,1,1,1991,0,0,0,0,0,0,0,0,0,0
340558,2,1,1991,0,0,0,0,0,0,17,0,0,0
340559,0,1,1991,0,0,0,0,0,0,0,0,0,0
340559,0,2,1991,13,27,18,23,31,13,34,36,0,20
340559,1,1,1991,12,12,12,12,12,12,12,12,12,12
340560,0,1,1991,19,19,19,19,19,19,19,19,19,19
340560,1,1,1991,0,0,0,0,0,0,0,0,0,0
340561,1,1,1991,22,22,22,22,22,22,22,22,22,22
340562,1,1,1991,19,19,19,19,19,19,19,19,19,19
340563,1,1,1991,0,0,0,0,0,0,0,0,0,0
340564,0,1,1991,29,29,29,29,29,29,29,29,29,29
340564,1,1,1991,0,0,0,0,0,0,0,0,0,0
340565,1,1,1991,0,0,0,0,0,0,0,0,0,0
340565,2,1,1991,0,0,0,0,0,0,0,0,0,0
340566,1,1,1991,15,0,0,0,0,0,0,0,0,0
340566,2,1,1991,11,11,11,11,11,11,11,11,11,11
340567,0,1,1991,0,0,0,0,0,0,0,0,0,0
340567,1,1,1991,0,0,0,0,0,0,0,0,0,0
340568,0,1,1991,0,0,0,0,0,0,0,0,0,0
340568,1,1,1991,0,0,0,0,0,0,0,0,0,0
340569,1,1,1991,0,0,0,0,0,0,0,0,0,0
340570,1,1,1991,18,18,18,18,18,18,18,18,18,18
340571,1,1,1991,0,0,0,0,0,0,0,0,0,0
340571,2,1,1991,0,0,0,0,0,0,0,0,0,0
340572,0,1,1991,0,0,0,0,0,0,0,0,0,0
340572,1,1,1991,0,0,0,0,0,0,23,0,0,0
340573,1,1,1991,9,9,9,9,9,9,9,9,9,9
340574,1,1,1991,0,0,0,0,0,0,0,0,0,0
340576,1,1,1991,0,0,0,0,0,0,0,0,0,0
340576,2,1,1991,0,0,0,0,0,0,0,0,0,0
340577,0,1,1991,0,0,0,0,0,0,0,0,0,0
340577,1,1,1991,4,4,4,4,4,4,4,4,4,4
340578,1,1,1991,0,0,0,0,0,0,0,0,0,0
340579,1,1,1991,9,9,9,9,9,9,9,9,9,9
340580,1,1,1991,9,9,9,9,9,9,9,9,9,9
340581,0,1,1991,0,0,0,0,0,0,0,0,0,0
340581,1,1,1991,0,0,0,0,12,0,0,0,0,0
340582,1,1,1991,0,0,16,0,0,0,0,0,0,0
340583,0,1,1991,0,0,0,0,0,0,0,0,0,0
340583,1,1,1991,0,14,0,0,0,0,0,0,0,0
340584,1,1,1991,12,12,12,12,12,12,12,12,12,12
340585,1,1,1991,0,0,0,0,0,0,0,0,0,0
340585,2,1,1991,0,0,0,0,0,0,0,0,0,0
340586,1,1,1991,0,0,20,0,0,0,0,0,0,0
340586,2,1,1991,0,0,0,0,0,0,0,0,0,0
340586,3,1,1991,0,0,0,0,0,0,0,0,0,0
340587,1,1,1991,0,0,0,0,0,0,0,0,0,0
340587,2,1,1991,0,0,0,0,0,0,0,0,0,0
340588,1,1,1991,0,0,0,0,0,0,0,0,0,0
340588,2,1,1991,0,0,0,0,0,0,0,0,0,0
340588,3,1,1991,0,0,0,0,0,0,0,0,0,0
340588,4,1,1991,0,0,0,0,0,0,0,0,0,0
340589,1,1,1991,28,28,28,28,28,28,28,28,28,28
340590,0,1,1991,0,0,0,0,0,0,0,0,0,0
340590,1,1,1991,0,0,0,0,0,0,0,0,0,0
340591,1,1,1991,0,0,0,0,0,0,0,0,0,0
340591,2,1,1991,0,0,0,0,0,0,0,0,0,0
340592,1,1,1991,0,0,0,0,0,0,0,0,0,0
340592,2,1,1991,0,0,0,0,0,0,0,0,0,0
340593,1,1,1991,0,0,0,0,0,0,0,0,0,0
340594,0,1,1991,0,0,0,0,0,0,0,0,0,0
340594,0,2,1991,0,0,17,10,0,0,0,6,0,0
340594,1,1,1991,9,6,0,0,11,0,0,0,0,0
340595,1,1,1991,23,23,23,23,23,23,23,23,23,23
340596,1,1,1991,0,0,15,0,0,0,0,0,0,0
340597,0,1,1991,0,0,0,0,0,0,0,0,0,0
340597,1,1,1991,0,0,0,0,0,16,0,0,0,0
340598,1,1,1991,0,0,0,0,0,0,0,0,0,0
340598,2,1,1991,0,0,0,0,0,0,0,0,0,0
340598,3,1,1991,0,0,0,0,0,0,0,0,0,0
340599,1,1,1991,0,0,0,0,0,0,0,0,0,0
340599,2,1,1991,6,6,6,6,6,6,6,6,6,6
340600,1,1,1991,12,12,12,12,12,12,12,12,12,12
340601,1,1,1991,0,0,0,0,0,0,0,0,0,0
340601,2,1,1991,0,0,0,0,0,0,0,0,0,0
340602,1,1,1991,0,0,0,0,0,0,0,0,0,0
340602,2,1,1991,0,0,0,0,0,0,0,0,0,0
340603,0,1,1991,33,33,33,33,33,33,33,33,33,33
340603,1,1,1991,0,0,0,0,0,0,0,0,0,0
340604,1,1,1991,22,22,22,22,22,22,22,22,22,22
340605,0,1,1991,0,0,0,0,0,0,0,0,0,0
340605,1,1,1991,0,0,0,0,0,0,0,0,0,5
340606,0,1,1991,0,0,0,0,0,0,0,0,0,0
340606,1,1,1991,0,0,12,0,0,0,25,0,0,0
340607,0,1,1991,0,0,0,0,0,0,0,0,0,0
340607,1,1,1991,0,0,0,0,0,0,0,0,0,0
340608,1,1,1991,11,11,11,11,11,11,11,11,11,11
340608,2,1,1991,0,0,0,0,0,0,0,0,0,0
340609,1,1,1991,0,0,0,0,0,0,0,0,0,0
340610,1,1,1991,0,0,0,0,0,0,0,0,0,0
340610,2,1,1991,0,0,0,0,0,12,0,0,0,0
340611,1,1,1991,0,0,0,0,0,0,0,0,0,0
340611,2,1,1991,0,0,0,0,0,0,0,0,0,0
340611,3,1,1991,0,0,0,0,0,0,0,0,0,0
340611,4,1,1991,0,0,0,0,0,0,0,0,0,0
340611,5,1,1991,0,0,0,0,0,0,0,0,0,0
340612,1,1,1991,26,26,26,26,26,26,26,26,26,26
340612,2,1,1991,30,19,22,17,14,0,11,29,0,11
340613,1,1,1991,0,0,0,0,5,0,0,0,0,0
340613,2,1,1991,0,0,0,0,0,0,0,0,0,0
340613,3,1,1991,0,0,0,0,0,0,0,0,0,0
340615,1,1,1991,0,0,0,17,0,0,0,0,0,0
340615,2,1,1991,0,0,0,14,6,0,0,20,0,0
340616,1,1,1991,0,0,0,0,0,0,0,0,0,0
340616,2,1,1991,0,0,0,0,0,0,0,0,0,0
340617,1,1,1991,0,0,0,0,0,0,0,0,0,0
340617,2,1,1991,0,0,0,0,0,0,0,0,0,0
340618,1,1,1991,24,24,24,24,24,24,24,24,24,24
340619,1,1,1991,0,0,0,0,0,0,0,0,0,0
340619,2,1,1991,0,0,0,0,15,0,0,0,0,0
340620,1,1,1991,3,3,3,3,3,3,3,3,3,3
340620,2,1,1991,6,6,6,6,6,6,6,6,6,6
340621,1,1,1991,0,0,0,0,0,0,0,0,0,0
340621,2,1,1991,0,0,0,0,0,0,0,0,0,0
340621,3,1,1991,0,0,0,0,0,0,0,0,0,0
340622,1,1,1991,0,0,0,0,0,0,0,17,0,0
340623,0,1,1991,0,0,0,0,0,0,0,0,0,0
340623,2,1,1991,0,0,0,0,0,0,0,0,0,0
340623,3,1,1991,0,0,0,0,0,0,0,0,0,0
340624,1,1,1991,0,0,0,4,0,0,0,0,0,0
340624,2,1,1991,0,0,0,0,0,0,0,0,0,0
340625,0,1,1991,0,0,0,0,0,0,0,0,0,0
340625,1,1,1991,0,0,12,0,0,0,7,0,0,0
340626,1,1,1991,15,15,15,15,15,15,15,15,15,15
340626,2,1,1991,0,0,0,0,0,0,0,0,0,0
340628,1,1,1991,0,0,0,0,0,0,0,0,0,0
340628,2,1,1991,0,0,0,0,0,0,0,0,0,0
340629,1,1,1991,0,0,0,0,0,0,0,0,0,0
340629,2,1,1991,0,0,0,0,0,0,0,0,0,0
340630,0,1,1991,20,20,20,20,20,20,20,20,20,20
340630,1,1,1991,27,0,19,15,15,21,24,12,0,8
340631,0,1,1991,0,0,0,0,0,0,0,0,0,0
340631,1,1,1991,0,0,0,0,0,0,0,0,0,0
340632,1,1,1991,0,0,0,0,0,0,0,0,0,0
340632,2,1,1991,0,0,0,0,0,8,0,0,0,0
340633,1,1,1991,0,0,0,0,0,0,0,0,0,0
340633,2,1,1991,0,0,0,0,0,0,0,0,0,0
340634,0,1,1991,0,0,0,0,0,0,0,0,0,0
340634,1,1,1991,0,0,0,0,0,0,0,0,0,0
340635,1,1,1991,0,0,0,0,0,0,0,0,0,0
340635,2,1,1991,0,0,0,0,0,0,0,0,0,0
340636,0,1,1991,0,0,0,0,0,0,0,0,0,0
340636,1,1,1991,0,0,0,0,0,0,0,0,0,0
340637,1,1,1991,0,0,0,8,0,0,0,0,0,0
340637,2,1,1991,0,0,0,0,0,0,0,0,0,0
340637,3,1,1991,0,0,0,0,0,0,0,0,0,0
340638,1,1,1991,0,0,0,0,0,11,0,0,0,0
340638,2,1,1991,0,0,0,0,0,0,0,0,0,0
340640,0,1,1991,0,0,0,0,0,0,0,0,0,0
340640,0,2,1991,0,0,0,0,0,0,0,0,0,0
340640,1,1,1991,0,0,0,0,0,0,0,0,0,0
340641,1,1,1991,0,0,0,0,0,0,0,0,0,0
340641,2,1,1991,9,9,9,9,9,9,9,9,9,9
340643,1,1,1991,6,6,6,6,6,6,6,6,6,6
340643,2,1,1991,0,0,0,0,27,0,0,0,0,0
340643,3,1,1991,0,0,0,0,0,0,0,0,0,0
340644,1,1,1991,0,0,0,0,22,0,0,19,0,0
340644,2,1,1991,0,0,0,0,0,0,0,0,0,0
340645,1,1,1991,13,13,13,13,13,13,13,13,13,13
340645,2,1,1991,39,0,0,0,0,18,9,28,0,0
340646,0,1,1991,33,33,33,33,33,33,33,33,33,33
340646,1,1,1991,0,0,0,0,0,0,0,0,0,0
340647,1,1,1991,23,23,23,23,23,23,23,23,23,23
340648,1,1,1991,0,0,0,0,0,0,0,0,0,0
340649,0,1,1991,0,0,0,0,0,0,0,0,0,0
340649,1,1,1991,0,0,0,0,0,0,0,0,0,0
340650,1,1,1991,0,0,0,0,0,0,0,0,0,0
340650,2,1,1991,0,0,0,0,0,13,0,0,0,0
340651,0,1,1991,27,27,27,27,27,27,27,27,27,27
340651,1,1,1991,0,0,0,0,33,0,0,0,0,0
340653,0,1,1991,0,0,0,0,0,0,0,0,0,0
340653,1,1,1991,0,0,0,0,0,0,0,0,0,0
340654,1,1,1991,0,0,0,0,0,0,0,0,0,0
340654,2,1,1991,0,0,0,0,0,0,0,0,0,0
340656,1,1,1991,6,6,6,6,6,6,6,6,6,6
340657,1,1,1991,23,23,23,23,23,23,23,23,23,23
340658,1,1,1991,27,27,27,27,27,27,27,27,27,27
340658,2,1,1991,0,0,0,0,0,0,0,0,0,0
340659,1,1,1991,10,10,10,10,10,10,10,10,10,10
340662,1,1,1991,0,0,0,0,0,0,0,0,0,0
340662,2,1,1991,0,0,0,0,0,0,0,0,0,0
340663,1,1,1991,0,0,0,0,0,0,0,0,0,0
340663,2,1,1991,23,23,23,23,23,23,23,23,23,23
340664,1,1,1991,0,0,0,0,0,0,0,0,0,0
340665,0,1,1991,0,0,0,0,0,0,0,0,0,0
340665,1,1,1991,0,0,0,0,0,14,0,15,0,0
340666,1,1,1991,0,0,0,0,0,0,0,0,24,0
340667,0,1,1991,0,0,0,0,16,8,0,7,26,13
340667,0,2,1991,0,14,15,15,0,0,0,0,0,0
340667,1,1,1991,0,0,0,0,0,0,0,0,0,0
340668,0,1,1991,0,0,0,0,0,0,0,0,0,0
340668,0,2,1991,0,0,0,0,0,0,0,0,0,0
340668,1,1,1991,0,0,7,0,0,0,0,0,0,0
340668,2,1,1991,0,0,0,8,0,22,3,11,0,18
340669,1,1,1991,0,0,0,0,0,0,0,0,0,0
340669,2,1,1991,0,0,0,0,0,0,0,0,0,0
340670,1,1,1991,0,0,0,0,0,0,0,0,0,0
340670,2,1,1991,0,0,0,0,0,0,0,0,0,0
340671,1,1,1991,0,0,0,0,0,0,0,0,0,0
340671,2,1,1991,0,0,0,0,0,7,0,0,0,0
340672,0,1,1991,0,0,0,0,0,0,0,0,0,0
340672,1,1,1991,0,0,0,0,0,0,0,0,0,0
340673,0,1,1991,0,0,0,0,28,0,19,0,0,0
340673,1,1,1991,0,0,0,0,0,0,0,0,0,0
340674,1,1,1991,0,0,0,0,0,0,0,0,0,0
340675,0,1,1991,0,0,0,0,0,0,0,0,0,0
340675,1,1,1991,12,12,12,12,12,12,12,12,12,12
340676,0,1,1991,0,0,0,0,0,0,0,0,0,0
340676,1,1,1991,32,13,0,0,0,0,12,18,0,27
340677,0,1,1991,34,34,34,34,34,34,34,34,34,34
340677,1,1,1991,0,0,0,0,0,8,0,0,0,0
340677,2,1,1991,0,0,0,0,0,0,0,0,0,0
340678,0,1,1991,0,0,0,0,0,0,0,31,0,0
340678,1,1,1991,17,0,0,0,0,0,10,9,0,5
340679,0,1,1991,0,0,0,0,0,0,0,0,0,0
340679,1,1,1991,0,0,0,0,0,0,0,0,0,0
340680,0,1,1991,20,20,20,20,20,20,20,20,20,20
340680,1,1,1991,0,23,0,0,0,0,0,0,0,0
340681,0,1,1991,0,0,0,0,0,0,0,0,0,0
340681,1,1,1991,0,0,0,0,0,0,0,0,0,0
340683,0,1,1991,17,17,17,17,17,17,17,17,17,17
340683,1,1,1991,0,0,4,0,0,0,0,0,0,0
340684,0,1,1991,1,1,1,1,1,1,1,1,1,1
340684,1,1,1991,0,0,0,0,0,0,0,0,0,0
340685,1,1,1991,0,0,0,0,24,0,19,0,0,0
340685,2,1,1991,0,0,24,0,0,0,0,0,11,0
340686,1,1,1991,21,21,21,21,21,21,21,21,21,21
340687,1,1,1991,0,0,0,0,0,0,0,0,0,0
340688,1,1,1991,22,22,22,22,22,22,22,22,22,22
340688,2,1,1991,0,0,0,0,0,0,0,0,0,0
340689,0,1,1991,0,0,0,0,0,0,0,0,0,0
340689,1,1,1991,0,0,0,0,0,0,0,0,0,0
340690,1,1,1991,23,23,23,23,23,23,23,23,23,23
340690,2,1,1991,0,0,0,0,0,0,22,0,0,8
340691,1,1,1991,12,12,12,12,12,12,12,12,12,12
340692,0,1,1991,0,0,0,0,0,0,0,0,0,0
340692,1,1,1991,2,2,2,2,2,2,2,2,2,2
340693,0,1,1991,0,0,0,0,0,0,0,0,0,0
340693,1,1,1991,0,0,0,0,0,0,19,0,0,0
340694,0,1,1991,0,0,0,0,0,0,0,0,0,0
340694,1,1,1991,0,0,0,0,0,0,0,0,0,0
340695,1,1,1991,23,23,23,23,23,23,23,23,23,23
340695,2,1,1991,0,0,0,0,0,0,0,0,0,0
340696,1,1,1991,0,0,0,0,0,0,0,0,0,0
340696,2,1,1991,0,0,0,0,0,0,0,0,0,0
340697,1,1,1991,0,0,0,23,0,24,0,0,0,0
340698,0,1,1991,0,0,0,0,0,0,0,0,0,0
340698,1,1,1991,0,0,0,0,0,0,0,0,0,0
340699,1,1,1991,0,0,0,0,0,0,0,0,0,0
340699,2,1,1991,0,0,0,0,0,0,0,0,0,0
340700,0,1,1991,0,0,0,0,0,0,0,0,0,0
340700,1,1,1991,0,0,0,0,0,0,0,0,0,0
340701,1,1,1991,0,0,0,0,0,0,0,0,0,0
340702,0,1,1991,0,0,0,0,0,0,0,0,0,0
340702,1,1,1991,14,14,14,14,14,14,14,14,14,14
340703,1,1,1991,0,0,0,0,0,0,0,0,0,0
340703,2,1,1991,0,0,0,0,0,0,0,0,0,0
340703,3,1,1991,0,0,0,0,0,0,0,0,0,0
340703,4,1,1991,0,0,0,0,0,0,0,0,0,0
340704,1,1,1991,0,0,0,0,0,0,0,0,0,0
340704,2,1,1991,0,0,0,0,0,0,0,0,0,0
340705,1,1,1991,19,19,19,19,19,19,19,19,19,19
340706,0,1,1991,0,0,0,0,0,0,0,0,0,0
340706,1,1,1991,0,0,0,0,0,0,0,0,0,0
340707,1,1,1991,16,33,4,0,0,12,0,0,10,19
340708,0,1,1991,0,0,0,0,0,0,0,0,0,0
340708,1,1,1991,0,0,0,0,0,0,0,0,0,0
340709,1,1,1991,0,0,0,0,0,0,0,0,0,0
340709,2,1,1991,0,0,0,0,0,0,0,0,0,0
340710,1,1,1991,0,0,0,0,0,0,0,0,0,0
340710,2,1,1991,0,0,0,0,0,0,0,0,0,0
340711,1,1,1991,7,7,7,7,7,7,7,7,7,7
340712,1,1,1991,0,0,0,0,0,0,0,0,0,0
340712,2,1,1991,0,0,0,0,0,0,0,0,0,21
340713,1,1,1991,0,0,0,0,0,0,0,0,0,0
340713,2,1,1991,6,0,0,0,0,0,0,0,0,0
340713,3,1,1991,19,0,0,0,0,0,0,0,0,0
340713,4,1,1991,0,0,0,0,0,0,0,0,0,0
340714,0,1,1991,0,0,0,0,0,0,0,0,0,0
340714,0,2,1991,0,0,0,0,0,0,0,0,0,0
340714,1,1,1991,0,0,0,0,0,0,0,0,0,0
340714,2,1,1991,0,0,0,0,0,0,0,0,0,0
340715,1,1,1991,0,0,0,0,0,0,0,0,0,0
340715,2,1,1991,0,8,0,0,0,0,0,0,0,0
340716,1,1,1991,0,0,0,0,0,0,0,0,0,0
340716,2,1,1991,0,0,0,0,0,0,0,0,0,0
340717,0,1,1991,19,19,19,19,19,19,19,19,19,19
340717,1,1,1991,0,0,0,0,0,0,0,0,0,0
340717,2,1,1991,0,0,0,0,0,0,0,0,0,0
340718,1,1,1991,0,0,0,0,0,0,0,0,0,0
340718,2,1,1991,0,0,0,0,0,0,0,0,0,0
340719,1,1,1991,0,0,0,0,0,0,0,0,0,0
340719,2,1,1991,0,0,0,0,0,0,0,0,0,0
340720,1,1,1991,0,0,0,0,0,0,0,0,0,0
340720,2,1,1991,21,21,21,21,21,21,21,21,21,21
340721,0,1,1991,0,0,0,0,0,0,0,0,0,0
340721,1,1,1991,0,0,0,0,0,0,0,0,0,0
340721,2,1,1991,0,0,0,0,0,0,0,0,0,0
340721,3,1,1991,0,0,0,0,0,0,0,0,0,0
340722,0,1,1991,0,0,0,0,0,0,0,0,0,0
340722,1,1,1991,0,0,0,0,0,0,0,0,0,0
340723,1,1,1991,0,13,0,0,24,6,0,0,0,18
340724,0,1,1991,0,0,0,0,0,0,0,0,0,0
340724,1,1,1991,0,0,0,0,0,0,0,0,0,0
340725,1,1,1991,23,23,23,23,23,23,23,23,23,23
340726,1,1,1991,0,0,0,0,0,0,0,0,0,0
340726,2,1,1991,0,0,0,0,0,0,0,0,0,0
340727,0,1,1991,18,18,18,18,18,18,18,18,18,18
340727,1,1,1991,0,0,0,0,0,0,0,0,0,0
340728,1,1,1991,0,0,0,0,0,0,0,0,0,0
340728,2,1,1991,0,0,0,0,0,0,0,0,0,0
340729,1,1,1991,0,0,0,0,0,0,0,0,0,0
340730,1,1,1991,0,0,6,0,0,0,0,0,0,0
340731,0,1,1991,0,0,0,0,0,0,0,0,0,0
340731,1,1,1991,9,9,9,9,9,9,9,9,9,9
340732,1,1,1991,0,0,0,0,0,0,0,0,0,0
340733,0,1,1991,31,31,31,31,31,31,31,31,31,31
340733,1,1,1991,0,0,0,0,0,0,0,0,0,0
340733,2,1,1991,0,0,0,0,0,0,0,0,0,0
340734,1,1,1991,0,0,0,0,0,0,0,0,0,0
340735,1,1,1991,20,20,20,20,20,20,20,20,20,20
340736,1,1,1991,3,3,3,3,3,3,3,3,3,3
340737,0,1,1991,24,24,24,24,24,24,24,24,24,24
340737,1,1,1991,0,0,16,0,0,0,0,6,0,7
340737,2,1,1991,0,0,0,0,0,0,0,0,0,0
340737,3,1,1991,0,0,0,0,0,0,0,0,0,0
340737,4,1,1991,10,0,0,0,0,0,0,0,0,0
340738,0,1,1991,0,0,0,0,0,0,0,0,0,0
340738,1,1,1991,0,0,0,0,0,0,0,0,0,0
340739,1,1,1991,0,0,0,0,0,0,0,0,0,0
340739,2,1,1991,0,0,0,0,0,0,0,0,0,0
340740,1,1,1991,0,0,0,0,0,0,0,0,0,0
340741,0,1,1991,0,0,0,0,0,0,0,0,0,0
340741,1,1,1991,0,0,0,0,0,0,0,0,0,0
340743,1,1,1991,0,0,0,0,0,0,0,0,0,0
340743,2,1,1991,0,0,0,0,0,0,0,0,0,0
340744,1,1,1991,19,19,19,19,19,19,19,19,19,19
340744,2,1,1991,0,0,0,0,0,0,0,0,0,0
340745,0,1,1991,0,0,0,0,0,0,0,0,0,0
340745,1,1,1991,0,0,0,0,0,0,0,0,0,0
340746,0,1,1991,0,0,0,0,0,0,0,0,0,0
340746,1,1,1991,0,0,0,0,0,0,0,0,0,0
340746,2,1,1991,8,0,0,0,0,0,0,0,0,0
340747,1,1,1991,18,0,0,0,0,0,0,0,0,0
340747,2,1,1991,0,0,0,0,0,0,0,0,0,0
340748,1,1,1991,0,0,0,0,0,0,0,0,0,0
340748,2,1,1991,0,0,0,0,0,0,0,0,0,0
340749,0,1,1991,0,0,24,8,19,8,0,10,19,22
340749,0,2,1991,0,0,0,0,0,0,0,0,0,0
340749,1,1,1991,8,0,0,0,0,0,0,0,0,12
340750,1,1,1991,0,0,0,0,0,0,0,0,0,0
340750,2,1,1991,0,0,0,0,0,0,0,0,10,0
340751,1,1,1991,0,0,0,0,0,0,0,0,0,0
340751,2,1,1991,0,0,0,0,0,0,0,0,0,0
340752,1,1,1991,0,0,0,0,0,0,0,0,0,0
340752,2,1,1991,0,0,0,0,0,0,0,0,0,0
340753,0,1,1991,0,0,0,0,0,0,0,0,0,0
340753,1,1,1991,0,0,0,0,0,0,0,0,0,0
340754,1,1,1991,0,0,0,0,0,0,0,0,0,0
340755,1,1,1991,29,29,29,29,29,29,29,29,29,29
340756,1,1,1991,15,15,15,15,15,15,15,15,15,15
340757,1,1,1991,0,0,0,0,0,0,0,0,0,0
340757,2,1,1991,0,0,0,0,0,0,0,0,0,0
340758,0,1,1991,19,19,19,19,19,19,19,19,19,19
340758,1,1,1991,0,0,0,0,0,0,0,0,0,0
340759,1,1,1991,3,3,3,3,3,3,3,3,3,3
340759,2,1,1991,0,0,0,0,0,0,0,0,0,0
340760,1,1,1991,10,10,10,10,10,10,10,10,10,10
340760,2,1,1991,0,0,0,0,0,0,0,0,0,0
340760,3,1,1991,0,0,0,0,18,0,0,0,0,0
340760,4,1,1991,0,0,0,0,0,0,0,0,0,0
340761,1,1,1991,0,0,0,0,0,0,0,0,0,0
340761,2,1,1991,0,0,0,0,0,0,0,0,0,0
340761,3,1,1991,0,0,0,0,0,0,0,0,0,0
340762,0,1,1991,0,0,0,0,0,10,0,0,0,0
340762,0,2,1991,31,0,0,0,0,0,0,0,0,0
340762,1,1,1991,0,0,0,0,0,0,0,0,0,0
340763,0,1,1991,0,0,0,0,0,0,0,0,0,0
340763,1,1,1991,0,0,0,0,0,0,0,0,0,0
340765,1,1,1991,0,0,0,0,0,0,0,0,0,0
340765,2,1,1991,0,0,0,0,0,0,0,0,0,0
340766,0,1,1991,0,0,0,0,0,0,0,0,0,0
340766,1,1,1991,12,0,0,0,0,0,0,0,0,0
340767,0,1,1991,23,23,23,23,23,23,23,23,23,23
340767,1,1,1991,0,0,13,0,0,0,0,0,0,0
340768,1,1,1991,26,0,0,0,0,0,19,0,0,0
340770,1,1,1991,0,0,0,0,0,0,0,0,0,0
340771,0,1,1991,0,0,0,0,0,0,0,0,0,0
340771,1,1,1991,0,0,0,0,0,0,0,0,0,0
340772,1,1,1991,0,0,0,0,0,0,0,0,0,0
340772,2,1,1991,0,0,0,0,0,0,0,0,0,0
340773,1,1,1991,0,0,0,0,0,0,0,0,0,0
340773,2,1,1991,0,0,0,0,0,0,0,0,0,0
340774,1,1,1991,4,4,4,4,4,4,4,4,4,4
340775,0,1,1991,0,0,0,0,0,0,0,0,0,0
340775,1,1,1991,0,0,0,0,0,0,0,0,0,0
340775,2,1,1991,0,0,0,0,0,0,0,0,0,0