ST_CASE,VEH_NO,PER_NO,YEAR,P1,P2,P3,P4,P5,P6,P7,P8,P9,P10
340776,1,1,1991,0,0,0,0,0,0,0,0,0,0
340776,2,1,1991,0,0,0,0,0,0,0,0,0,0
340778,1,1,1991,0,0,0,0,0,0,0,0,0,0
340778,2,1,1991,0,0,0,0,0,0,0,0,0,0
340779,1,1,1991,0,0,0,0,0,0,0,0,0,0
340779,2,1,1991,0,0,0,0,0,0,0,0,0,0
340780,0,1,1991,11,0,21,0,0,0,0,26,25,0
340780,1,1,1991,0,0,0,0,0,0,0,0,0,0
340781,1,1,1991,0,0,0,19,0,0,0,0,0,0
340782,1,1,1991,0,0,0,0,0,0,0,0,0,0
340782,2,1,1991,0,0,0,0,0,0,0,0,0,0
340783,1,1,1991,0,0,0,0,0,0,0,0,0,0
340784,0,1,1991,0,0,0,0,0,12,0,0,0,0
340784,1,1,1991,0,0,0,0,0,0,0,0,0,0
340785,0,1,1991,0,0,0,0,0,0,0,0,0,0
340785,1,1,1991,0,0,0,0,0,0,0,0,0,0
340786,0,1,1991,2,2,2,2,2,2,2,2,2,2
340786,1,1,1991,26,13,11,2,0,0,0,0,7,5
340787,0,1,1991,16,16,16,16,16,16,16,16,16,16
340787,1,1,1991,0,0,0,0,0,0,0,0,0,0
340788,1,1,1991,0,0,15,18,0,11,11,0,0,9
340788,2,1,1991,31,32,0,0,2,18,11,30,0,11
340789,1,1,1991,0,0,0,0,0,0,0,0,0,0
340790,1,1,1991,0,0,0,0,0,0,0,0,0,0
340790,2,1,1991,16,16,16,16,16,16,16,16,16,16
340790,3,1,1991,0,0,16,0,0,0,0,0,0,0
340790,4,1,1991,0,0,15,0,0,0,0,0,0,0
340790,5,1,1991,0,0,0,0,5,0,0,0,0,0
340791,0,1,1991,0,0,0,0,0,0,0,0,0,0
340791,1,1,1991,0,0,0,0,0,0,0,0,0,0
340792,1,1,1991,0,0,0,0,0,0,0,0,0,0
340792,2,1,1991,23,23,23,23,23,23,23,23,23,23
340793,0,1,1991,4,30,0,0,24,11,18,15,0,10
340793,1,1,1991,0,0,0,0,0,0,0,0,0,0
340793,2,1,1991,0,0,12,0,0,0,0,0,0,0
340794,1,1,1991,23,23,23,23,23,23,23,23,23,23
350001,1,1,1991,0,0,0,0,0,0,0,0,0,0
350001,2,1,1991,21,21,21,21,21,21,21,21,21,21
350002,1,1,1991,2,2,2,2,2,2,2,2,2,2
350003,0,1,1991,33,33,33,33,33,33,33,33,33,33
350003,1,1,1991,0,0,0,0,0,0,0,0,0,0
350004,0,1,1991,27,20,18,0,15,0,0,21,0,0
350004,1,1,1991,0,0,0,0,0,0,0,0,0,0
350005,1,1,1991,30,30,30,30,30,30,30,30,30,30
350005,2,1,1991,0,0,0,0,0,0,0,0,0,0
350006,1,1,1991,0,0,0,0,0,0,0,0,0,0
350006,2,1,1991,0,0,0,0,0,0,0,0,0,0
350007,1,1,1991,0,0,0,0,0,0,0,0,0,0
350008,1,1,1991,0,0,0,0,0,0,0,0,0,0
350008,2,1,1991,0,0,0,0,0,0,0,0,0,0
350009,1,1,1991,0,0,0,0,0,0,0,0,0,0
350009,2,1,1991,0,0,0,0,0,0,0,0,0,0
350010,1,1,1991,15,15,15,15,15,15,15,15,15,15
350010,2,1,1991,2,2,2,2,2,2,2,2,2,2
350011,0,1,1991,0,0,0,0,0,0,0,0,0,0
350011,1,1,1991,0,0,0,0,0,0,0,0,0,0
350012,1,1,1991,0,0,0,0,13,0,16,0,0,0
350012,2,1,1991,10,10,10,10,10,10,10,10,10,10
350013,1,1,1991,0,0,0,0,0,0,0,0,0,0
350013,2,1,1991,17,17,17,17,17,17,17,17,17,17
350014,1,1,1991,19,19,19,19,19,19,19,19,19,19
350014,2,1,1991,13,13,13,13,13,13,13,13,13,13
350015,1,1,1991,0,0,0,0,0,0,0,0,0,0
350015,2,1,1991,0,0,0,0,0,0,0,0,0,0
350015,3,1,1991,0,0,0,0,0,0,0,0,0,0
350015,4,1,1991,0,0,0,0,0,0,0,0,0,0
350016,0,1,1991,0,0,0,0,0,0,0,0,0,0
350016,1,1,1991,0,0,0,0,0,0,0,0,0,0
350017,1,1,1991,6,6,6,6,6,6,6,6,6,6
350018,1,1,1991,0,0,0,0,0,0,0,0,0,0
350018,2,1,1991,0,0,0,0,0,0,0,0,0,0
350019,0,1,1991,23,23,23,23,23,23,23,23,23,23
350019,1,1,1991,24,24,24,24,24,24,24,24,24,24
350020,1,1,1991,19,19,19,19,19,19,19,19,19,19
350021,1,1,1991,35,35,35,35,35,35,35,35,35,35
350022,1,1,1991,0,4,0,0,0,0,0,0,0,0
350022,2,1,1991,0,0,0,0,0,0,0,0,0,0
350023,0,1,1991,0,0,0,0,0,0,0,0,0,0
350023,1,1,1991,0,0,0,0,0,0,0,0,0,0
350024,0,1,1991,0,0,0,0,0,0,0,0,0,0
350024,0,2,1991,0,0,0,0,0,0,0,0,0,0
350024,1,1,1991,14,14,14,14,14,14,14,14,14,14
350025,1,1,1991,36,36,36,36,36,36,36,36,36,36
350026,1,1,1991,14,14,14,14,14,14,14,14,14,14
350027,1,1,1991,21,21,21,21,21,21,21,21,21,21
350028,1,1,1991,13,13,13,13,13,13,13,13,13,13
350029,0,1,1991,38,38,38,38,38,38,38,38,38,38
350029,1,1,1991,20,0,0,0,0,0,0,0,0,0
350030,0,1,1991,29,29,29,29,29,29,29,29,29,29
350030,1,1,1991,0,0,0,0,0,0,0,0,0,0
350031,1,1,1991,13,13,13,13,13,13,13,13,13,13
350032,1,1,1991,0,0,0,0,0,0,0,0,0,0
350032,2,1,1991,0,0,0,0,0,0,0,0,0,0
350033,1,1,1991,0,11,8,0,6,0,0,0,0,21
350034,1,1,1991,0,0,0,0,0,0,0,0,0,0
350034,2,1,1991,0,0,0,0,0,0,0,0,0,0
350034,3,1,1991,0,0,0,0,0,0,0,0,0,0
350035,0,1,1991,30,30,30,30,30,30,30,30,30,30
350035,1,1,1991,0,5,0,0,0,0,0,0,0,0
350035,2,1,1991,9,9,9,9,9,9,9,9,9,9
350036,1,1,1991,0,0,0,0,0,0,0,0,0,0
350037,1,1,1991,0,0,0,0,0,0,0,0,0,0
350038,1,1,1991,0,0,0,0,18,0,0,0,0,0
350039,1,1,1991,10,10,10,10,10,10,10,10,10,10
350040,1,1,1991,0,0,0,0,0,0,0,0,0,0
350040,2,1,1991,0,0,0,0,0,0,0,0,0,0
350040,3,1,1991,0,25,0,0,0,19,0,28,0,0
350040,4,1,1991,0,0,0,0,0,0,0,0,0,0
350041,0,1,1991,24,24,24,24,24,24,24,24,24,24
350041,1,1,1991,0,0,0,0,0,0,0,0,0,0
350042,1,1,1991,0,0,0,0,0,0,0,0,0,0
350043,1,1,1991,17,17,17,17,17,17,17,17,17,17
350044,1,1,1991,0,0,0,0,0,18,0,0,0,0
350044,2,1,1991,0,0,0,0,0,0,0,0,0,0
350045,1,1,1991,0,10,0,0,0,0,0,0,0,0
350045,2,1,1991,14,14,14,14,14,14,14,14,14,14
350046,1,1,1991,0,0,0,0,0,0,0,0,0,0
350046,2,1,1991,0,0,0,0,0,0,0,0,0,0
350047,0,1,1991,12,12,12,12,12,12,12,12,12,12
350047,1,1,1991,0,0,0,0,0,0,0,0,0,0
350048,1,1,1991,32,32,32,32,32,32,32,32,32,32
350049,1,1,1991,15,15,15,15,15,15,15,15,15,15
350050,0,1,1991,24,24,24,24,24,24,24,24,24,24
350050,1,1,1991,0,0,0,0,0,0,0,0,0,0
350051,1,1,1991,27,27,27,27,27,27,27,27,27,27
350052,1,1,1991,0,0,0,0,0,0,0,0,0,0
350053,1,1,1991,0,0,0,0,0,0,0,0,0,0
350054,1,1,1991,22,22,22,22,22,22,22,22,22,22
350055,0,1,1991,5,5,5,5,5,5,5,5,5,5
350055,1,1,1991,0,0,0,0,0,0,0,0,0,0
350056,1,1,1991,0,0,0,0,0,0,0,0,0,0
350057,0,1,1991,26,26,26,26,26,26,26,26,26,26
350057,1,1,1991,0,0,0,0,0,0,0,0,0,0
350057,2,1,1991,24,0,0,0,0,0,0,0,0,0
350058,1,1,1991,23,23,23,23,23,23,23,23,23,23
350060,1,1,1991,17,0,0,0,0,23,0,15,17,20
350061,1,1,1991,0,0,0,0,0,0,0,0,0,0
350061,2,1,1991,0,0,0,0,0,0,0,0,0,0
350062,1,1,1991,0,0,0,0,0,0,0,0,0,0
350062,2,1,1991,12,12,12,12,12,12,12,12,12,12
350063,0,1,1991,0,0,0,0,0,0,0,0,0,0
350063,1,1,1991,0,0,0,0,0,0,0,0,0,0
350064,1,1,1991,15,15,15,15,15,15,15,15,15,15
350065,1,1,1991,0,0,0,0,0,0,0,0,0,0
350065,2,1,1991,0,17,0,0,0,0,0,0,0,0
350066,1,1,1991,24,16,0,9,21,13,35,28,8,22
350067,1,1,1991,0,0,0,0,0,0,0,0,0,0
350067,2,1,1991,13,13,13,13,13,13,13,13,13,13
350068,0,1,1991,36,36,36,36,36,36,36,36,36,36
350068,1,1,1991,0,0,0,0,0,0,0,0,0,0
350069,1,1,1991,23,23,23,23,23,23,23,23,23,23
350070,0,1,1991,34,34,34,34,34,34,34,34,34,34
350070,1,1,1991,0,0,0,0,0,0,0,0,0,0
350071,0,1,1991,0,0,0,0,0,0,0,0,0,0
350071,1,1,1991,0,0,0,0,0,0,0,0,0,0
350072,1,1,1991,0,0,0,0,0,0,0,0,0,0
350073,1,1,1991,0,0,0,0,0,0,0,0,0,0
350074,1,1,1991,0,0,0,0,0,0,0,0,0,0
350074,2,1,1991,0,0,0,0,0,0,0,0,0,0
350075,0,1,1991,25,25,25,25,25,25,25,25,25,25
350075,1,1,1991,7,0,0,0,0,0,0,0,0,0
350076,0,1,1991,30,30,30,30,30,30,30,30,30,30
350076,1,1,1991,0,0,0,0,0,0,0,0,0,0
350077,0,1,1991,14,14,14,14,14,14,14,14,14,14
350077,1,1,1991,0,0,0,0,15,14,0,0,10,0
350077,2,1,1991,8,0,17,0,0,0,17,16,0,0
350078,1,1,1991,0,0,0,0,0,0,0,0,0,0
350079,1,1,1991,0,0,0,0,0,0,0,0,0,0
350080,1,1,1991,0,0,0,0,0,0,0,0,0,0
350081,1,1,1991,5,5,5,5,5,5,5,5,5,5
350082,1,1,1991,0,0,0,0,0,0,0,0,0,0
350083,1,1,1991,20,20,20,20,20,20,20,20,20,20
350084,1,1,1991,17,17,17,17,17,17,17,17,17,17
350085,0,1,1991,16,16,16,16,16,16,16,16,16,16
350085,1,1,1991,15,15,15,15,15,15,15,15,15,15
350086,1,1,1991,0,0,0,0,0,16,0,0,0,0
350087,1,1,1991,20,20,20,20,20,20,20,20,20,20
350088,1,1,1991,2,2,2,2,2,2,2,2,2,2
350088,2,1,1991,15,15,15,15,15,15,15,15,15,15
350089,1,1,1991,0,0,0,0,0,0,0,0,0,0
350089,2,1,1991,24,24,24,24,24,24,24,24,24,24
350090,0,1,1991,7,7,7,7,7,7,7,7,7,7
350090,1,1,1991,0,0,0,0,0,10,0,0,0,0
350091,1,1,1991,9,9,9,9,9,9,9,9,9,9
350092,1,1,1991,20,20,20,20,20,20,20,20,20,20
350093,1,1,1991,0,0,0,0,0,0,0,0,0,0
350093,2,1,1991,18,18,18,18,18,18,18,18,18,18
350094,1,1,1991,0,11,0,18,16,20,7,9,6,0
350095,1,1,1991,13,14,0,0,0,0,0,9,0,0
350096,1,1,1991,29,29,29,29,29,29,29,29,29,29
350097,1,1,1991,24,24,24,24,24,24,24,24,24,24
350098,1,1,1991,0,0,0,0,0,0,0,0,0,0
350099,1,1,1991,19,19,19,19,19,19,19,19,19,19
350100,1,1,1991,13,0,4,15,18,9,23,15,0,4
350101,1,1,1991,0,0,0,0,0,0,0,0,0,0
350102,1,1,1991,21,21,21,21,21,21,21,21,21,21
350103,1,1,1991,0,0,0,0,0,0,0,13,0,0
350103,2,1,1991,14,14,14,14,14,14,14,14,14,14
350104,1,1,1991,0,0,0,0,0,0,0,0,0,0
350105,0,1,1991,0,0,0,0,0,0,0,0,0,0
350105,1,1,1991,2,0,0,0,12,0,0,24,0,15
350106,1,1,1991,26,21,0,23,0,0,0,30,0,31
350107,1,1,1991,21,21,21,21,21,21,21,21,21,21
350108,1,1,1991,0,34,0,0,0,9,0,0,0,0
350109,1,1,1991,0,0,0,0,0,0,0,0,0,0
350110,1,1,1991,0,0,0,0,0,0,0,0,0,0
350110,2,1,1991,13,13,13,13,13,13,13,13,13,13
350111,1,1,1991,0,0,0,0,0,0,0,0,0,0
350111,2,1,1991,0,0,0,0,0,0,0,0,0,0
350111,3,1,1991,11,11,11,11,11,11,11,11,11,11
350112,0,1,1991,26,26,26,26,26,26,26,26,26,26
350112,1,1,1991,21,21,21,21,21,21,21,21,21,21
350113,1,1,1991,0,0,0,0,0,0,0,0,0,0
350113,2,1,1991,0,0,0,0,0,0,0,0,0,0
350113,3,1,1991,0,0,0,0,0,0,0,0,0,0
350114,1,1,1991,24,26,14,16,14,10,13,15,15,14
350115,1,1,1991,18,18,18,18,18,18,18,18,18,18
350116,1,1,1991,0,12,0,0,0,0,0,0,0,0
350116,2,1,1991,0,0,0,0,0,0,0,0,0,0
350117,0,1,1991,26,26,26,26,26,26,26,26,26,26
350117,1,1,1991,0,0,0,0,0,0,0,0,0,0
350118,1,1,1991,23,23,23,23,23,23,23,23,23,23
350119,1,1,1991,29,29,29,29,29,29,29,29,29,29
350120,0,1,1991,20,20,20,20,20,20,20,20,20,20
350120,1,1,1991,0,0,0,0,0,0,0,0,0,0
350121,1,1,1991,0,0,0,0,0,0,0,0,0,0
350122,1,1,1991,16,16,16,16,16,16,16,16,16,16
350123,1,1,1991,24,24,24,24,24,24,24,24,24,24
350123,2,1,1991,11,23,7,20,11,0,0,31,8,34
350124,1,1,1991,22,22,22,22,22,22,22,22,22,22
350125,1,1,1991,0,0,0,0,0,0,0,0,0,0
350125,2,1,1991,0,0,0,0,0,0,0,0,0,0
350126,1,1,1991,21,21,21,21,21,21,21,21,21,21
350127,0,1,1991,29,29,29,29,29,29,29,29,29,29
350127,1,1,1991,0,0,0,0,0,0,0,0,0,0
350128,1,1,1991,0,0,0,0,0,0,0,0,0,0
350129,1,1,1991,0,0,0,0,0,0,0,0,0,0
350129,2,1,1991,0,0,0,0,0,0,0,0,0,0
350130,1,1,1991,0,0,0,0,0,0,0,0,0,0
350131,1,1,1991,0,0,0,0,0,0,0,0,0,0
350132,1,1,1991,0,0,0,0,0,0,0,0,0,0
350133,0,1,1991,19,19,19,19,19,19,19,19,19,19
350133,1,1,1991,0,0,0,0,0,0,0,0,0,0
350134,1,1,1991,0,0,0,0,0,0,0,0,0,0
350135,1,1,1991,25,25,25,25,25,25,25,25,25,25
350136,1,1,1991,0,0,0,0,0,0,0,0,0,0
350136,2,1,1991,0,0,0,0,0,0,0,0,0,0
350137,1,1,1991,0,0,0,0,0,0,0,0,0,0
350137,2,1,1991,0,0,0,0,0,0,0,0,0,0
350138,1,1,1991,0,13,0,0,24,34,0,19,0,16
350139,1,1,1991,20,20,20,20,20,20,20,20,20,20
350140,1,1,1991,25,25,25,25,25,25,25,25,25,25
350141,1,1,1991,0,0,0,0,0,0,0,0,0,2
350141,2,1,1991,0,0,0,0,0,0,0,0,0,0
350143,1,1,1991,0,0,0,0,0,0,0,0,0,0
350143,2,1,1991,0,0,0,0,0,0,0,0,0,0
350144,1,1,1991,13,13,13,13,13,13,13,13,13,13
350145,0,1,1991,0,0,0,0,0,0,0,0,0,0
350145,1,1,1991,0,0,0,0,0,0,0,0,0,0
350146,0,1,1991,14,14,14,14,14,14,14,14,14,14
350146,1,1,1991,0,0,0,0,0,0,0,0,0,13
350147,1,1,1991,0,0,0,0,0,0,0,0,0,0
350148,1,1,1991,0,0,0,0,0,25,0,0,0,0
350148,2,1,1991,19,19,19,19,19,19,19,19,19,19
350149,1,1,1991,0,0,0,0,0,0,0,0,0,0
350150,1,1,1991,0,0,0,0,0,0,0,0,0,0
350151,1,1,1991,11,11,11,11,11,11,11,11,11,11
350152,1,1,1991,19,19,19,19,19,19,19,19,19,19
350153,1,1,1991,0,0,0,0,0,0,0,0,0,0
350154,1,1,1991,0,0,0,0,0,0,0,0,0,0
350155,1,1,1991,0,0,0,0,0,0,0,0,0,0
350156,0,1,1991,0,0,0,0,0,0,0,0,0,0
350156,1,1,1991,0,0,0,0,0,0,0,0,0,0
350157,1,1,1991,0,0,0,0,0,0,0,0,0,0
350158,1,1,1991,0,0,0,0,0,0,0,0,0,0
350159,1,1,1991,25,25,25,25,25,25,25,25,25,25
350160,1,1,1991,0,0,0,0,0,0,0,0,0,0
350160,2,1,1991,0,0,0,0,0,0,0,0,0,0
350161,1,1,1991,0,0,0,0,0,0,0,0,0,0
350162,1,1,1991,21,21,21,21,21,21,21,21,21,21
350163,1,1,1991,16,16,16,16,16,16,16,16,16,16
350164,1,1,1991,0,7,3,17,4,27,13,0,15,14
350164,2,1,1991,0,0,0,0,0,0,0,0,0,0
350165,1,1,1991,0,0,0,0,0,0,0,0,0,0
350166,1,1,1991,0,0,0,0,0,0,0,0,0,0
350167,1,1,1991,0,0,0,0,0,0,0,0,0,0
350167,2,1,1991,23,23,23,23,23,23,23,23,23,23
350168,1,1,1991,9,9,9,9,9,9,9,9,9,9
350169,1,1,1991,19,19,19,19,19,19,19,19,19,19
350170,0,1,1991,27,27,27,27,27,27,27,27,27,27
350170,1,1,1991,23,4,0,0,0,0,17,0,0,0
350171,0,1,1991,31,31,31,31,31,31,31,31,31,31
350171,1,1,1991,0,0,13,0,13,12,8,22,0,9
350172,1,1,1991,16,0,0,8,0,0,0,21,0,0
350173,1,1,1991,20,20,20,20,20,20,20,20,20,20
350174,1,1,1991,26,26,26,26,26,26,26,26,26,26
350175,1,1,1991,15,15,15,15,15,15,15,15,15,15
350176,1,1,1991,18,18,18,18,18,18,18,18,18,18
350177,1,1,1991,0,0,0,0,0,0,0,0,0,0
350178,1,1,1991,13,13,13,13,13,13,13,13,13,13
350179,1,1,1991,0,0,0,21,0,0,0,0,0,0
350180,1,1,1991,14,14,14,14,14,14,14,14,14,14
350181,1,1,1991,8,8,8,8,8,8,8,8,8,8
350182,1,1,1991,16,16,16,16,16,16,16,16,16,16
350183,1,1,1991,8,8,8,8,8,8,8,8,8,8
350183,2,1,1991,0,0,0,0,0,0,0,0,0,0
350184,1,1,1991,14,14,14,14,14,14,14,14,14,14
350184,2,1,1991,0,0,0,0,0,0,0,0,0,0
350185,1,1,1991,2,2,2,2,2,2,2,2,2,2
350185,2,1,1991,0,0,0,0,0,0,0,0,0,0
350186,1,1,1991,32,0,6,15,25,18,23,0,8,12
350186,2,1,1991,12,6,14,9,5,17,7,16,16,0
350187,1,1,1991,0,0,0,0,0,0,0,0,0,0
350187,2,1,1991,0,0,0,0,0,0,0,0,0,0
350188,1,1,1991,0,0,6,0,0,0,0,0,0,0
350189,0,1,1991,0,0,0,0,0,0,0,0,0,0
350189,0,2,1991,0,0,0,0,0,0,0,0,0,0
350189,1,1,1991,32,32,32,32,32,32,32,32,32,32
350190,1,1,1991,9,0,0,0,0,0,0,0,0,0
350191,1,1,1991,17,17,17,17,17,17,17,17,17,17
350192,0,1,1991,0,0,0,0,0,0,0,0,0,0
350192,1,1,1991,17,0,0,0,0,0,0,10,21,0
350193,1,1,1991,9,9,13,15,32,21,12,17,18,13
350194,1,1,1991,0,0,0,0,0,0,0,0,0,0
350194,2,1,1991,9,9,9,9,9,9,9,9,9,9
350195,1,1,1991,24,24,24,24,24,24,24,24,24,24
350196,1,1,1991,19,19,19,19,19,19,19,19,19,19
350197,1,1,1991,30,30,30,30,30,30,30,30,30,30
350198,1,1,1991,29,29,29,29,29,29,29,29,29,29
350199,1,1,1991,19,0,0,0,0,0,0,0,0,0
350199,2,1,1991,25,25,25,25,25,25,25,25,25,25
350200,1,1,1991,23,0,11,0,17,14,15,0,0,16
350200,2,1,1991,0,0,0,9,0,0,0,0,0,0
350201,0,1,1991,0,0,0,0,0,0,0,0,0,0
350201,1,1,1991,0,0,0,0,0,0,0,0,0,0
350202,1,1,1991,0,0,0,0,0,0,0,0,0,0
350202,2,1,1991,15,0,14,13,25,10,0,9,13,22
350202,3,1,1991,10,10,10,10,10,10,10,10,10,10
350203,1,1,1991,8,8,8,8,8,8,8,8,8,8
350204,1,1,1991,20,20,20,20,20,20,20,20,20,20
350205,1,1,1991,0,0,0,0,0,24,0,0,0,0
350205,2,1,1991,7,7,7,7,7,7,7,7,7,7
350206,1,1,1991,0,0,0,0,0,0,0,0,0,0
350206,2,1,1991,0,0,0,0,0,0,0,0,0,0
350207,1,1,1991,0,0,0,0,0,0,7,0,0,0
350207,2,1,1991,19,19,19,19,19,19,19,19,19,19
350208,1,1,1991,17,17,17,17,17,17,17,17,17,17
350209,0,1,1991,14,14,14,14,14,14,14,14,14,14
350209,1,1,1991,0,0,0,0,11,15,0,16,32,20
350210,1,1,1991,20,20,20,20,20,20,20,20,20,20
350211,1,1,1991,25,13,9,10,14,30,24,21,19,21
350211,2,1,1991,0,0,0,0,0,0,0,0,0,0
350212,1,1,1991,13,0,0,0,0,0,0,0,5,0
350213,1,1,1991,17,17,17,17,17,17,17,17,17,17
350214,0,1,1991,19,19,19,19,19,19,19,19,19,19
350214,1,1,1991,0,0,0,0,0,0,0,0,0,0
350215,1,1,1991,0,0,0,0,0,0,0,0,0,0
350215,2,1,1991,0,0,0,0,0,0,0,0,0,0
350216,1,1,1991,0,0,0,0,0,0,0,0,0,0
350217,1,1,1991,0,0,22,0,0,0,0,20,0,0
350218,1,1,1991,20,20,20,20,20,20,20,20,20,20
350218,2,1,1991,0,0,0,0,0,0,0,0,0,0
350219,1,1,1991,0,0,0,0,16,0,0,0,0,0
350220,1,1,1991,0,0,12,0,12,0,0,0,0,0
350221,0,1,1991,0,0,0,0,0,0,0,0,0,0
350221,1,1,1991,0,0,0,0,0,0,0,0,0,0
350222,1,1,1991,8,0,13,29,16,11,17,4,0,20
350223,1,1,1991,0,0,0,0,0,0,0,26,0,0
350223,2,1,1991,27,27,27,27,27,27,27,27,27,27
350224,0,1,1991,0,0,0,0,0,0,0,0,0,0
350224,1,1,1991,6,0,0,16,13,17,0,9,27,20
350225,0,1,1991,0,0,0,0,0,0,0,0,0,0
350226,1,1,1991,0,0,0,0,0,0,0,0,0,0
350227,0,1,1991,0,0,0,0,0,0,0,0,0,0
350227,0,2,1991,0,0,0,0,0,0,0,0,0,0
350227,1,1,1991,0,0,0,0,0,0,0,0,0,0
350228,1,1,1991,0,0,0,0,0,0,0,0,0,0
350228,2,1,1991,19,19,19,19,19,19,19,19,19,19
350229,1,1,1991,0,0,0,0,0,0,0,0,0,0
350229,2,1,1991,0,0,0,0,0,0,0,0,0,0
350230,2,1,1991,3,13,23,3,11,2,8,8,17,7
350231,1,1,1991,15,15,15,15,15,15,15,15,15,15
350231,2,1,1991,0,0,0,0,0,0,0,0,0,0
350232,1,1,1991,0,0,0,0,0,0,0,0,0,0
350233,1,1,1991,0,0,0,0,0,0,0,0,0,0
350233,2,1,1991,0,0,0,0,0,0,0,0,0,0
350234,0,1,1991,33,33,33,33,33,33,33,33,33,33
350234,1,1,1991,0,0,8,0,0,0,0,0,0,0
350235,1,1,1991,0,0,0,0,0,0,0,0,0,0
350236,0,1,1991,0,0,23,0,0,0,0,0,0,0
350236,1,1,1991,0,11,0,17,0,0,0,11,19,0
350237,0,1,1991,6,6,6,6,6,6,6,6,6,6
350237,1,1,1991,26,0,0,0,0,0,0,0,0,0
350238,1,1,1991,16,16,16,16,16,16,16,16,16,16
350238,2,1,1991,0,0,0,0,0,0,0,0,0,0
350239,1,1,1991,0,0,0,0,0,0,0,0,0,5
350240,1,1,1991,24,24,24,24,24,24,24,24,24,24
350241,1,1,1991,18,18,18,18,18,18,18,18,18,18
350242,1,1,1991,0,0,0,0,0,2,0,0,0,0
350242,2,1,1991,0,0,0,0,0,0,0,0,0,0
350243,1,1,1991,0,0,13,13,15,0,0,0,0,0
350244,1,1,1991,10,10,10,10,10,10,10,10,10,10
350246,1,1,1991,8,8,8,8,8,8,8,8,8,8
350247,1,1,1991,0,0,0,0,0,0,0,0,0,0
350248,1,1,1991,17,17,17,17,17,17,17,17,17,17
350248,2,1,1991,0,0,0,0,0,9,0,0,0,6
350249,1,1,1991,0,0,0,0,0,0,0,0,0,0
350249,2,1,1991,0,0,0,0,0,0,0,0,0,0
350249,3,1,1991,0,0,0,0,0,0,0,0,0,0
350250,0,1,1991,0,0,0,0,0,19,12,0,27,8
350250,1,1,1991,11,5,0,0,21,0,16,0,12,11
350251,0,1,1991,29,29,29,29,29,29,29,29,29,29
350251,1,1,1991,0,6,0,14,0,0,0,0,0,0
350252,0,1,1991,29,29,29,29,29,29,29,29,29,29
350252,1,1,1991,12,12,16,0,17,11,0,11,0,3
350253,1,1,1991,0,0,0,0,0,0,0,0,0,0
350254,1,1,1991,0,0,0,0,0,0,0,0,0,0
350255,1,1,1991,0,0,0,0,0,0,0,0,0,0
350256,0,1,1991,0,0,0,0,0,0,0,0,0,0
350256,1,1,1991,0,0,0,0,0,0,0,0,0,0
350257,0,1,1991,17,17,17,17,17,17,17,17,17,17
350257,1,1,1991,0,0,0,0,0,0,0,0,0,0
350258,0,1,1991,0,0,0,0,0,0,0,0,0,0
350258,1,1,1991,0,0,0,0,0,0,0,0,0,0
350259,1,1,1991,28,28,28,28,28,28,28,28,28,28
350260,1,1,1991,16,16,16,16,16,16,16,16,16,16
350261,0,1,1991,4,4,4,4,4,4,4,4,4,4
350261,1,1,1991,0,0,0,0,0,0,0,0,0,0
350262,1,1,1991,24,24,24,24,24,24,24,24,24,24
350262,2,1,1991,9,7,16,20,0,0,3,18,20,5
350263,0,1,1991,30,30,30,30,30,30,30,30,30,30
350263,1,1,1991,24,24,24,24,24,24,24,24,24,24
350264,1,1,1991,24,24,24,24,24,24,24,24,24,24
350265,1,1,1991,20,20,20,20,20,20,20,20,20,20
350266,1,1,1991,0,0,0,0,0,0,0,0,0,0
350267,1,1,1991,0,0,0,0,0,0,0,0,0,0
350268,1,1,1991,0,0,0,0,0,0,0,18,0,0
350268,2,1,1991,0,0,0,0,0,0,0,0,0,0
350269,1,1,1991,13,13,13,13,13,13,13,13,13,13
350270,1,1,1991,0,0,0,0,0,0,0,0,0,0
350270,2,1,1991,0,0,0,0,0,11,0,0,0,0
350271,1,1,1991,0,0,0,0,0,0,0,0,0,0
350272,1,1,1991,14,14,14,14,14,14,14,14,14,14
350273,0,1,1991,18,18,18,18,18,18,18,18,18,18
350273,1,1,1991,0,0,0,0,0,0,0,0,0,0
350274,1,1,1991,0,0,0,0,6,0,0,0,0,0
350274,2,1,1991,0,0,0,0,0,0,0,0,0,0
350275,0,1,1991,36,15,5,14,13,23,10,22,23,31
350275,1,1,1991,16,22,0,0,7,0,14,0,24,0
350276,1,1,1991,0,0,0,0,0,0,0,0,0,0
350276,2,1,1991,6,6,6,6,6,6,6,6,6,6
350277,1,1,1991,17,17,17,17,17,17,17,17,17,17