ST_CASE,VEH_NO,PER_NO,YEAR,P1,P2,P3,P4,P5,P6,P7,P8,P9,P10
350278,1,1,1991,0,0,0,0,0,0,0,0,0,0
350278,2,1,1991,0,0,0,0,0,0,0,0,0,0
350279,1,1,1991,0,0,0,0,0,0,0,0,0,0
350280,1,1,1991,0,0,0,0,0,0,0,0,0,0
350281,0,1,1991,24,24,24,24,24,24,24,24,24,24
350281,1,1,1991,0,0,0,0,0,0,0,0,0,0
350282,0,1,1991,31,31,31,31,31,31,31,31,31,31
350282,1,1,1991,0,0,0,0,0,0,0,0,0,0
350283,1,1,1991,35,9,10,16,0,12,11,17,10,20
350284,1,1,1991,0,0,0,0,0,0,0,0,0,0
350285,1,1,1991,27,27,27,27,27,27,27,27,27,27
350285,2,1,1991,0,0,0,0,0,0,0,0,0,0
350286,1,1,1991,24,12,19,18,18,12,33,20,25,11
350287,1,1,1991,0,0,0,0,0,0,0,0,0,0
350287,2,1,1991,0,0,0,0,0,0,0,0,0,0
350287,3,1,1991,0,0,0,0,0,0,0,0,0,0
350287,4,1,1991,0,0,0,0,0,0,0,0,0,0
350287,5,1,1991,0,0,0,0,0,0,0,0,0,0
350287,6,1,1991,20,0,0,0,0,19,0,0,0,0
350288,1,1,1991,0,5,0,9,0,0,0,0,0,0
350289,0,1,1991,35,35,35,35,35,35,35,35,35,35
350289,1,1,1991,0,0,0,0,0,0,0,0,7,0
350290,0,1,1991,17,17,17,17,17,17,17,17,17,17
350290,1,1,1991,0,0,14,0,0,0,0,0,21,7
350291,1,1,1991,14,9,0,0,12,0,15,8,8,24
350291,2,1,1991,0,0,0,0,0,0,0,0,0,0
350292,1,1,1991,0,0,0,0,0,0,0,0,0,0
350292,2,1,1991,14,14,14,14,14,14,14,14,14,14
350293,1,1,1991,28,28,28,28,28,28,28,28,28,28
350293,2,1,1991,0,0,0,0,0,0,0,0,0,0
350294,1,1,1991,21,21,21,21,21,21,21,21,21,21
350295,0,1,1991,23,23,23,23,23,23,23,23,23,23
350295,1,1,1991,0,0,0,0,0,0,0,0,0,0
350296,1,1,1991,20,20,20,20,20,20,20,20,20,20
350297,0,1,1991,0,0,0,0,0,0,0,0,0,0
350297,1,1,1991,23,16,11,10,8,16,11,12,33,24
350298,1,1,1991,0,0,0,0,0,0,0,0,0,0
350299,1,3,1991,21,0,0,0,13,0,0,16,0,12
350300,1,1,1991,7,7,7,7,7,7,7,7,7,7
350301,1,1,1991,0,0,0,0,0,0,0,0,0,0
350301,2,1,1991,0,0,0,0,0,0,0,0,0,0
350302,0,1,1991,18,18,18,18,18,18,18,18,18,18
350302,1,1,1991,0,0,0,0,0,0,0,0,0,0
350303,1,1,1991,0,0,0,0,0,0,0,0,0,0
350304,1,1,1991,12,12,12,12,12,12,12,12,12,12
350305,1,1,1991,20,35,31,0,26,0,18,27,0,24
350306,0,1,1991,42,42,42,42,42,42,42,42,42,42
350306,1,1,1991,0,0,0,0,0,0,0,0,0,0
350307,1,1,1991,0,0,0,0,0,0,0,0,0,0
350308,1,1,1991,0,0,0,0,0,0,0,0,0,0
350309,1,1,1991,0,0,0,0,0,0,0,0,0,0
350310,1,1,1991,9,9,9,9,9,9,9,9,9,9
350311,1,1,1991,0,0,0,16,0,0,0,0,0,0
350312,1,1,1991,0,0,26,14,0,0,19,13,10,21
350313,1,1,1991,17,17,17,17,17,17,17,17,17,17
350314,1,1,1991,33,33,33,33,33,33,33,33,33,33
350315,1,1,1991,35,35,35,35,35,35,35,35,35,35
350316,1,1,1991,21,21,21,21,21,21,21,21,21,21
350317,0,1,1991,0,0,0,0,0,0,0,0,0,0
350317,1,1,1991,0,7,0,0,0,0,0,0,0,12
350318,1,1,1991,0,0,0,0,0,0,0,0,0,0
350319,1,1,1991,0,0,0,0,0,0,0,0,0,0
350319,2,1,1991,9,27,17,13,37,10,18,22,25,34
350320,0,1,1991,28,28,28,28,28,28,28,28,28,28
350320,1,1,1991,0,0,0,10,0,0,0,0,0,6
350321,1,1,1991,0,0,0,0,0,0,0,0,0,0
350322,1,1,1991,0,0,0,0,0,0,0,0,0,0
350322,2,1,1991,0,0,0,0,0,0,0,0,0,0
350323,1,1,1991,0,0,0,0,0,0,0,0,0,0
350323,2,1,1991,11,11,11,11,11,11,11,11,11,11
350324,1,1,1991,0,0,0,0,0,0,0,0,0,0
350325,1,1,1991,0,0,0,0,0,0,0,0,5,0
350326,1,1,1991,0,0,0,0,0,0,0,0,0,0
350326,2,1,1991,0,0,0,0,0,0,0,0,0,0
350326,3,1,1991,0,0,0,0,0,0,0,0,0,0
350327,1,1,1991,0,0,0,0,0,0,0,0,0,0
350327,2,1,1991,0,0,0,0,0,0,0,0,0,0
350328,1,1,1991,0,0,0,0,0,0,0,0,0,0
350328,2,1,1991,18,18,18,18,18,18,18,18,18,18
350329,0,1,1991,0,0,20,23,0,0,0,18,40,16
350329,1,1,1991,0,0,0,0,0,0,0,0,0,0
350330,1,1,1991,0,0,0,0,0,0,0,0,0,0
350331,0,1,1991,20,20,20,20,20,20,20,20,20,20
350331,1,1,1991,0,0,0,0,0,0,0,0,0,0
350332,0,1,1991,18,18,18,18,18,18,18,18,18,18
350332,1,1,1991,24,14,20,13,5,10,0,0,15,0
350333,1,1,1991,8,8,8,8,8,8,8,8,8,8
350334,0,1,1991,19,19,19,19,19,19,19,19,19,19
350334,1,1,1991,0,0,0,0,0,0,0,0,0,0
350335,1,1,1991,0,0,0,0,0,0,0,0,0,0
350336,1,1,1991,0,0,0,0,0,0,0,0,0,0
350337,1,1,1991,31,31,31,31,31,31,31,31,31,31
350337,2,1,1991,0,0,0,0,0,0,0,0,0,0
350338,0,1,1991,0,0,0,0,0,0,0,0,0,0
350338,1,1,1991,0,0,0,0,0,0,0,0,0,0
350339,1,1,1991,0,0,0,0,0,0,0,0,0,0
350339,2,1,1991,0,0,0,0,0,0,0,0,0,0
350340,0,1,1991,24,24,24,24,24,24,24,24,24,24
350340,1,1,1991,0,0,0,0,0,0,0,0,0,0
350340,2,1,1991,0,0,0,0,0,0,0,7,0,0
350340,3,1,1991,0,0,0,0,0,0,0,0,0,0
350341,1,1,1991,17,17,17,17,17,17,17,17,17,17
350341,2,1,1991,0,0,0,0,0,0,0,0,0,0
350342,1,1,1991,0,0,0,0,0,0,0,0,0,0
350342,2,1,1991,0,0,0,0,0,0,0,0,0,0
350343,0,1,1991,3,3,3,3,3,3,3,3,3,3
350343,1,1,1991,0,0,0,0,0,0,0,0,0,0
350344,1,1,1991,15,15,15,15,15,15,15,15,15,15
350345,1,1,1991,0,0,0,0,0,0,0,0,0,0
350345,2,1,1991,0,0,0,0,0,0,0,0,0,0
350346,0,1,1991,21,21,21,21,21,21,21,21,21,21
350346,1,1,1991,24,20,9,0,0,0,0,0,0,0
350347,1,1,1991,0,0,0,0,0,0,0,0,0,0
350347,2,1,1991,0,0,0,0,0,0,0,0,0,0
350348,1,1,1991,32,32,32,32,32,32,32,32,32,32
350349,1,1,1991,18,18,18,18,18,18,18,18,18,18
350350,1,1,1991,16,16,16,16,16,16,16,16,16,16
350351,1,1,1991,0,0,0,0,0,0,0,0,0,0
350351,2,1,1991,0,0,0,0,0,0,0,0,0,6
350352,1,1,1991,13,13,13,13,13,13,13,13,13,13
350352,2,1,1991,10,10,10,10,10,10,10,10,10,10
350353,1,1,1991,19,19,19,19,19,19,19,19,19,19
350354,1,1,1991,0,0,0,0,0,0,0,0,0,0
350354,2,1,1991,0,0,0,0,0,0,0,0,0,0
350355,0,1,1991,22,22,22,22,22,22,22,22,22,22
350355,1,1,1991,15,28,23,16,9,22,8,31,5,19
350356,1,1,1991,17,14,22,14,10,17,20,24,6,30
350356,2,1,1991,0,0,0,0,0,0,0,0,0,0
350357,1,1,1991,0,0,0,0,0,0,0,0,0,0
350358,0,1,1991,0,0,0,0,0,0,0,0,0,0
350358,0,2,1991,0,0,0,0,0,0,0,0,0,0
350358,0,3,1991,0,0,0,0,0,0,0,0,0,0
350358,0,4,1991,0,0,0,0,0,0,0,0,15,0
350358,0,5,1991,0,0,0,0,0,0,0,0,0,0
350358,1,1,1991,0,0,0,0,0,0,0,0,0,0
350359,1,1,1991,16,16,16,16,16,16,16,16,16,16
350360,1,3,1991,18,0,15,14,22,21,25,28,16,14
350361,0,1,1991,0,0,0,0,13,36,0,0,0,0
350361,1,1,1991,0,0,0,0,0,0,0,0,0,0
350361,2,1,1991,0,0,0,0,0,0,0,11,0,7
350362,0,1,1991,12,12,12,12,12,12,12,12,12,12
350362,0,2,1991,15,15,15,15,15,15,15,15,15,15
350362,1,1,1991,0,28,0,0,17,0,10,27,28,19
350363,1,1,1991,0,21,0,0,0,0,0,0,0,0
350364,1,1,1991,17,17,17,17,17,17,17,17,17,17
350364,2,1,1991,0,0,0,0,0,0,0,0,0,0
350365,1,1,1991,0,0,0,0,0,0,0,0,0,0
350365,2,1,1991,0,0,0,0,0,0,0,0,0,0
350366,1,1,1991,0,0,0,0,0,0,0,0,0,0
350366,2,1,1991,0,0,0,0,0,0,0,0,0,0
350367,0,1,1991,0,0,0,0,0,0,0,0,0,0
350367,1,1,1991,0,22,0,18,0,0,0,0,0,0
350367,2,1,1991,0,0,0,0,0,0,0,18,7,0
350368,1,1,1991,0,0,0,0,0,0,0,0,0,0
350369,1,1,1991,24,24,24,24,24,24,24,24,24,24
350369,2,1,1991,0,0,0,0,0,0,0,0,0,0
350370,1,1,1991,7,7,7,7,7,7,7,7,7,7
350370,2,1,1991,0,0,0,0,0,0,0,0,0,0
350371,0,1,1991,0,0,0,0,0,0,0,0,0,0
350371,1,1,1991,0,0,0,0,0,0,0,0,0,0
350372,1,1,1991,0,0,0,0,0,0,0,0,0,0
350372,2,1,1991,0,0,0,0,0,0,0,0,0,0
350373,1,1,1991,0,0,0,0,0,0,0,0,0,0
350374,1,1,1991,0,0,0,0,0,0,0,0,0,0
350374,2,1,1991,0,0,0,0,0,0,0,0,0,0
350374,3,1,1991,0,0,0,0,0,0,0,0,0,0
350375,1,1,1991,0,0,0,0,0,0,0,0,0,0
350376,1,1,1991,0,0,0,0,0,0,0,0,0,0
350376,2,1,1991,0,0,0,0,0,0,0,0,0,0
350377,0,1,1991,0,0,0,0,0,0,0,0,0,0
350377,1,1,1991,0,0,0,0,0,0,0,0,0,0
350378,0,1,1991,29,29,29,29,29,29,29,29,29,29
350378,1,1,1991,0,0,0,0,0,0,0,0,0,0
350379,1,1,1991,0,0,0,0,0,0,0,0,0,0
350379,2,1,1991,34,34,34,34,34,34,34,34,34,34
350380,1,1,1991,19,19,19,19,19,19,19,19,19,19
350380,2,1,1991,0,0,0,0,0,0,0,0,0,0
350381,1,1,1991,31,31,31,31,31,31,31,31,31,31
350382,1,1,1991,13,13,13,13,13,13,13,13,13,13
350383,0,1,1991,0,0,0,0,0,0,0,0,0,0
350383,1,1,1991,0,0,0,0,0,0,0,0,0,0
350384,1,1,1991,29,29,29,29,29,29,29,29,29,29
350385,1,1,1991,9,9,9,9,9,9,9,9,9,9
350386,1,1,1991,0,0,0,0,0,0,0,0,0,0
350386,2,1,1991,0,0,0,0,0,0,0,0,0,0
350387,0,1,1991,0,0,0,0,0,0,0,0,0,0
350387,1,1,1991,0,0,0,0,0,0,0,0,0,0
350388,1,1,1991,15,15,15,15,15,15,15,15,15,15
350389,1,1,1991,0,0,0,0,0,0,0,0,0,0
350390,1,1,1991,0,0,0,0,0,0,0,0,0,0
350391,1,1,1991,0,0,0,0,0,0,0,0,0,0
350391,2,1,1991,0,0,0,0,0,0,0,0,0,0
350392,1,1,1991,0,0,0,0,0,0,0,0,0,0
350392,2,1,1991,0,0,0,0,0,0,29,0,0,0
350394,1,1,1991,0,0,0,0,15,0,0,0,0,0
350394,2,1,1991,0,0,0,0,0,0,0,0,0,0
350395,1,1,1991,0,0,0,0,0,13,0,15,0,0
350396,1,1,1991,0,0,0,0,0,0,0,0,0,0
350396,2,1,1991,0,0,0,15,0,0,0,0,0,0
350397,1,1,1991,0,0,0,0,0,0,0,0,0,0
350397,2,1,1991,4,4,4,4,4,4,4,4,4,4
350398,1,1,1991,4,4,4,4,4,4,4,4,4,4
350399,0,1,1991,0,0,0,0,0,0,0,0,0,0
350399,1,1,1991,0,0,0,0,0,0,0,0,0,0
350400,1,1,1991,0,0,0,0,0,0,0,0,0,0
350400,2,1,1991,0,0,0,0,0,0,0,0,0,0
350401,1,1,1991,25,25,25,25,25,25,25,25,25,25
350401,2,1,1991,0,0,0,0,0,0,0,0,13,0
350402,1,1,1991,0,0,6,0,0,0,0,0,0,7
350402,2,1,1991,12,12,12,12,12,12,12,12,12,12
350403,1,1,1991,0,0,0,0,0,0,0,0,0,0
350403,2,1,1991,0,0,0,11,0,0,0,0,0,0
350403,3,1,1991,0,0,0,0,0,0,0,0,0,0
350404,1,1,1991,20,20,20,20,20,20,20,20,20,20
350405,1,1,1991,0,0,0,0,0,0,0,0,0,0
350405,2,1,1991,0,0,0,0,0,0,0,0,0,0
350406,1,1,1991,0,0,0,0,0,0,0,0,0,0
350406,2,1,1991,0,0,0,0,0,0,0,0,0,0
350407,0,1,1991,0,0,0,16,0,22,13,25,0,0
350407,1,1,1991,0,0,0,0,0,0,0,0,0,0
350408,1,1,1991,14,0,0,0,0,0,0,0,0,0
350409,1,1,1991,0,0,0,0,0,0,0,0,0,0
350410,1,1,1991,6,6,6,6,6,6,6,6,6,6
350411,1,1,1991,0,0,0,0,10,0,0,15,9,22
350411,2,1,1991,0,0,0,0,0,0,0,0,0,0
350412,1,1,1991,10,10,10,10,10,10,10,10,10,10
350413,1,1,1991,17,17,17,17,17,17,17,17,17,17
350414,0,1,1991,9,9,9,9,9,9,9,9,9,9
350414,1,1,1991,0,0,0,0,13,0,11,0,12,0
350415,1,1,1991,0,0,0,0,0,0,0,0,0,0
350416,1,1,1991,0,0,0,0,0,0,0,0,0,0
350417,1,1,1991,19,19,19,19,19,19,19,19,19,19
350418,1,3,1991,14,33,16,20,0,0,14,19,10,0
350419,1,1,1991,27,27,27,27,27,27,27,27,27,27
350420,0,1,1991,0,0,0,0,0,0,0,0,0,0
350420,1,1,1991,0,0,0,0,0,0,0,0,0,0
350421,1,1,1991,0,0,0,0,0,15,0,0,0,0
350421,2,1,1991,21,0,0,0,0,0,7,0,0,0
350423,1,1,1991,0,0,0,0,0,0,0,0,0,0
350424,0,1,1991,36,36,36,36,36,36,36,36,36,36
350424,1,1,1991,16,16,16,16,16,16,16,16,16,16
350425,0,1,1991,11,23,6,11,30,32,20,20,6,20
350425,1,1,1991,17,0,11,0,0,0,0,8,15,19
350426,0,1,1991,37,37,37,37,37,37,37,37,37,37
350426,1,1,1991,0,0,0,0,0,0,0,0,0,0
350427,0,1,1991,25,25,25,25,25,25,25,25,25,25
350427,1,1,1991,0,0,0,0,0,0,0,0,10,0
360001,0,1,1991,0,0,0,0,0,0,0,0,0,0
360001,1,1,1991,0,0,0,0,0,0,15,0,0,0
360001,2,1,1991,0,25,0,31,15,0,16,0,0,0
360001,3,1,1991,0,0,0,0,0,0,24,0,16,0
360001,4,1,1991,0,0,0,0,0,0,0,0,0,0
360002,1,1,1991,23,11,16,9,10,8,17,5,17,23
360003,1,1,1991,0,23,0,0,0,11,19,18,0,11
360004,1,1,1991,2,2,2,2,2,2,2,2,2,2
360005,1,1,1991,0,0,0,0,0,0,0,0,0,0
360005,2,1,1991,0,0,0,0,0,0,0,0,0,0
360006,1,1,1991,31,31,31,31,31,31,31,31,31,31
360006,2,1,1991,0,0,0,0,0,0,0,0,0,0
360007,0,1,1991,0,0,0,0,0,0,0,0,0,0
360007,1,1,1991,0,0,0,0,0,0,0,0,0,0
360008,1,1,1991,0,0,0,0,0,0,0,0,0,0
360008,2,1,1991,0,0,0,0,0,0,0,0,0,0
360009,1,1,1991,0,0,0,0,0,0,0,0,0,0
360009,2,1,1991,0,0,0,0,0,0,0,0,0,0
360010,1,1,1991,0,0,0,0,0,0,0,0,0,0
360010,2,1,1991,0,5,0,22,0,0,0,0,0,0
360011,1,1,1991,10,10,10,10,10,10,10,10,10,10
360012,1,1,1991,0,0,0,0,0,0,0,0,0,0
360013,0,1,1991,24,24,24,24,24,24,24,24,24,24
360013,1,1,1991,0,0,0,0,0,0,0,0,0,0
360014,0,1,1991,16,16,16,16,16,16,16,16,16,16
360014,1,1,1991,0,0,0,0,0,0,0,0,0,0
360015,1,1,1991,0,0,0,7,0,0,0,0,0,0
360016,1,1,1991,0,0,0,0,0,0,0,0,0,0
360016,2,1,1991,0,0,0,0,0,0,0,0,0,0
360017,0,1,1991,0,0,0,0,0,0,0,0,0,0
360017,1,1,1991,0,20,0,0,0,0,0,0,0,0
360018,1,1,1991,0,0,0,0,0,0,0,0,0,0
360018,2,1,1991,0,0,0,0,0,0,0,0,0,0
360019,1,1,1991,0,0,0,0,0,0,0,0,0,0
360019,2,1,1991,6,6,6,6,6,6,6,6,6,6
360020,0,1,1991,14,0,0,0,0,0,0,0,0,0
360020,1,1,1991,0,0,0,0,0,0,0,0,0,0
360021,1,1,1991,0,0,0,0,0,0,0,0,0,0
360022,1,1,1991,0,0,0,0,0,0,0,0,0,0
360022,2,1,1991,0,0,0,0,0,0,0,0,0,3
360023,1,1,1991,0,0,0,0,0,0,0,0,0,0
360023,2,1,1991,0,0,0,0,0,0,0,0,0,0
360024,1,1,1991,0,0,0,0,0,0,0,0,0,0
360025,1,1,1991,0,0,0,0,0,0,0,0,0,0
360026,1,1,1991,0,0,0,0,0,0,0,0,0,0
360026,2,1,1991,0,0,0,0,0,0,0,0,0,0
360027,1,1,1991,0,0,0,0,0,0,0,0,0,0
360027,2,1,1991,0,0,0,0,0,0,0,0,0,0
360028,1,1,1991,11,11,11,11,11,11,11,11,11,11
360029,1,1,1991,0,0,0,0,0,0,0,0,0,0
360029,2,1,1991,0,0,0,0,0,0,0,0,0,0
360031,1,1,1991,0,0,0,0,0,0,0,0,0,0
360031,2,1,1991,10,10,10,10,10,10,10,10,10,10
360032,1,1,1991,0,0,0,0,0,0,0,0,0,0
360032,2,1,1991,0,0,0,0,0,0,0,17,0,0
360033,1,1,1991,0,0,0,15,0,0,0,0,0,0
360033,2,1,1991,0,0,0,0,0,0,0,0,0,0
360034,0,1,1991,0,0,0,0,0,0,0,0,0,0
360034,1,1,1991,0,0,0,0,8,0,0,6,0,13
360035,1,1,1991,21,10,14,7,0,16,11,22,15,4
360035,2,1,1991,0,0,0,0,0,0,0,0,0,0
360036,0,1,1991,0,0,0,0,0,0,0,0,0,0
360036,1,1,1991,21,19,34,10,9,12,18,19,15,30
360037,1,1,1991,2,2,2,2,2,2,2,2,2,2
360038,1,1,1991,0,0,0,0,0,0,0,0,0,0
360038,2,1,1991,0,0,0,0,0,0,0,0,0,0
360039,1,1,1991,0,0,0,0,0,0,0,0,0,0
360040,1,1,1991,0,0,0,0,0,0,0,0,0,0
360040,2,1,1991,17,17,17,17,17,17,17,17,17,17
360041,1,1,1991,0,9,14,16,6,18,15,23,20,13
360042,0,1,1991,0,0,0,0,0,0,0,0,0,0
360042,1,1,1991,0,0,0,0,0,0,0,0,0,0
360043,1,1,1991,24,24,24,24,24,24,24,24,24,24
360044,1,1,1991,0,0,0,0,0,12,0,0,0,0
360044,2,1,1991,0,0,0,0,0,0,0,0,0,0
360045,1,1,1991,0,0,0,0,0,0,0,0,0,0
360045,2,1,1991,0,0,0,0,0,0,0,0,0,0
360046,1,1,1991,8,13,30,25,11,3,12,3,18,7
360047,1,1,1991,0,0,0,0,0,0,0,0,0,0
360047,2,1,1991,0,21,0,0,0,0,0,0,0,0
360048,1,1,1991,0,24,0,0,0,0,0,0,0,0
360048,2,1,1991,3,3,3,3,3,3,3,3,3,3
360049,1,1,1991,0,0,0,0,0,0,0,0,0,0
360050,1,1,1991,18,18,18,18,18,18,18,18,18,18
360051,1,1,1991,0,0,0,0,0,0,0,0,0,0
360051,2,1,1991,0,0,0,0,0,0,0,0,0,0
360052,0,1,1991,0,0,0,0,0,0,0,0,0,0
360052,1,1,1991,0,0,0,0,0,0,0,0,0,0
360053,1,1,1991,28,28,28,28,28,28,28,28,28,28
360054,0,1,1991,18,18,18,18,18,18,18,18,18,18
360054,1,1,1991,11,6,19,4,16,9,5,11,0,12
360055,1,1,1991,0,0,0,0,0,0,0,0,0,0
360055,2,1,1991,0,0,0,0,0,0,0,0,0,0
360056,1,1,1991,0,0,0,0,0,0,0,0,0,0
360057,1,1,1991,12,0,0,7,19,0,17,28,13,15
360058,1,1,1991,0,0,0,0,0,0,0,0,0,0
360058,2,1,1991,0,0,0,0,0,0,0,0,0,0
360059,1,1,1991,34,34,34,34,34,34,34,34,34,34
360059,2,1,1991,0,0,0,0,0,0,0,0,0,0
360059,3,1,1991,0,0,0,0,0,0,0,0,0,0
360060,1,1,1991,0,0,0,0,0,0,0,0,0,0
360061,1,1,1991,19,19,19,19,19,19,19,19,19,19
360062,1,1,1991,24,24,24,24,24,24,24,24,24,24
360063,2,1,1991,0,0,0,0,0,0,0,0,0,0
360064,0,1,1991,0,0,0,0,0,0,0,0,0,0
360064,1,1,1991,0,0,0,0,0,0,0,0,0,0
360065,0,1,1991,0,0,0,0,0,0,0,0,0,0
360065,1,1,1991,0,0,0,0,0,0,0,0,0,0
360066,1,1,1991,15,0,0,0,0,0,0,0,0,0
360066,2,1,1991,0,0,0,0,0,0,0,0,0,0
360067,1,1,1991,0,0,10,0,0,0,0,0,0,0
360067,2,1,1991,0,0,0,0,0,0,0,0,0,0
360068,1,1,1991,26,26,26,26,26,26,26,26,26,26
360068,2,1,1991,0,0,0,0,0,11,0,0,0,0
360069,1,1,1991,0,0,0,0,0,0,0,0,0,0
360070,0,1,1991,0,0,0,0,0,0,0,0,0,0
360070,1,1,1991,0,0,0,0,0,0,0,0,0,0
360071,1,1,1991,0,0,0,0,0,0,0,0,0,0
360071,2,1,1991,0,0,24,0,0,0,0,0,0,0
360072,1,1,1991,0,0,0,0,0,0,0,0,0,0
360073,1,1,1991,0,0,0,0,0,0,0,9,0,0
360073,2,1,1991,0,0,0,0,0,0,0,0,0,0
360074,0,1,1991,0,0,0,0,19,0,0,0,0,0
360074,1,1,1991,0,0,0,0,0,0,0,0,0,0
360075,1,1,1991,27,0,0,0,4,19,4,19,12,0
360076,1,1,1991,0,0,0,0,0,0,0,0,0,0
360077,1,1,1991,0,0,0,0,0,0,0,11,0,0
360077,2,1,1991,0,0,0,0,0,0,0,0,0,0
360078,1,1,1991,0,0,0,0,0,0,0,0,0,0
360078,2,1,1991,0,0,0,0,0,0,0,0,0,0
360079,1,1,1991,16,21,14,18,10,13,0,0,8,18
360080,1,1,1991,0,0,0,0,0,0,0,0,0,0
360081,1,1,1991,0,0,0,0,0,0,0,0,10,0
360082,1,1,1991,0,0,0,0,0,0,0,0,0,0
360082,2,1,1991,0,0,0,0,0,0,0,0,0,0
360083,1,1,1991,22,22,22,22,22,22,22,22,22,22
360084,1,1,1991,0,0,0,0,0,0,46,0,0,0
360084,2,1,1991,11,11,11,11,11,11,11,11,11,11
360085,0,1,1991,0,0,0,0,0,13,0,0,0,18
360085,1,1,1991,0,0,0,0,0,0,0,0,0,0
360086,1,1,1991,22,22,22,22,22,22,22,22,22,22
360087,1,1,1991,0,0,0,0,18,0,0,0,9,0
360087,2,1,1991,0,0,0,0,0,0,0,0,0,0
360088,1,1,1991,25,25,25,25,25,25,25,25,25,25
360089,1,1,1991,14,8,9,4,10,24,29,13,2,11
360090,1,1,1991,4,22,5,23,6,7,13,6,7,14
360090,2,1,1991,0,0,0,0,0,0,0,0,0,0
360091,1,1,1991,0,0,0,0,0,0,0,0,0,0
360091,2,1,1991,6,4,9,12,11,22,11,19,4,3
360092,1,1,1991,29,0,24,0,0,28,0,0,0,0
360093,1,1,1991,0,0,0,0,0,0,0,0,0,0
360094,1,1,1991,9,11,0,14,15,8,19,17,14,4
360095,1,1,1991,0,0,0,0,0,0,0,0,0,0
360095,2,1,1991,22,22,22,22,22,22,22,22,22,22
360096,1,1,1991,0,0,0,0,0,0,0,0,0,0
360097,1,1,1991,0,0,0,0,0,0,0,0,0,0
360097,2,1,1991,0,0,0,0,0,0,0,0,0,0
360098,1,1,1991,0,0,0,0,0,0,0,0,0,0
360098,2,1,1991,0,0,0,0,0,0,0,0,0,0
360098,3,1,1991,0,0,0,0,0,0,0,0,0,0
360099,1,1,1991,13,6,12,7,6,8,26,7,17,20
360100,1,1,1991,0,0,0,0,0,0,0,0,0,0
360101,1,1,1991,0,0,0,0,0,0,0,0,0,0
360101,2,1,1991,14,14,14,14,14,14,14,14,14,14
360102,1,1,1991,16,16,16,16,16,16,16,16,16,16
360103,1,1,1991,0,0,0,0,0,0,0,0,0,0
360104,0,1,1991,0,0,0,0,0,0,0,0,0,0
360104,1,1,1991,0,0,0,0,0,0,0,0,0,0
360105,1,1,1991,0,0,0,0,0,0,0,0,0,0
360105,2,1,1991,0,0,0,0,0,0,0,0,0,0
360106,1,1,1991,0,0,0,0,0,0,0,0,0,0
360106,2,1,1991,17,17,17,17,17,17,17,17,17,17
360107,1,1,1991,0,0,0,0,0,0,0,0,0,0
360107,2,1,1991,0,0,0,0,0,0,0,0,0,0
360108,1,1,1991,21,20,21,28,26,8,13,17,20,22
360109,1,1,1991,0,0,0,7,0,0,0,19,0,0
360110,1,1,1991,0,0,0,0,0,0,0,0,0,0
360110,2,1,1991,0,0,0,0,0,0,0,0,0,0
360111,1,1,1991,0,0,0,0,0,0,0,0,0,0
360112,1,1,1991,0,0,0,0,0,0,10,0,0,0
360112,2,1,1991,0,0,0,0,0,0,0,0,0,0
360113,1,1,1991,0,0,0,13,0,0,0,0,0,0
360113,2,1,1991,19,19,19,19,19,19,19,19,19,19
360114,1,1,1991,0,0,0,0,0,0,0,0,0,0
360114,2,1,1991,0,0,0,0,0,0,0,0,0,0
360115,1,1,1991,20,20,20,20,20,20,20,20,20,20
360116,1,1,1991,0,0,0,0,0,0,19,0,0,0
360116,2,1,1991,0,0,0,0,0,0,0,0,0,0
360117,0,1,1991,0,0,0,0,0,0,0,0,0,0
360117,1,1,1991,0,0,0,0,0,0,0,0,0,0
360118,1,1,1991,0,0,0,0,0,0,0,0,0,0
360118,2,1,1991,0,0,0,0,0,0,0,0,18,0
360119,1,1,1991,0,0,0,0,0,0,0,0,0,0
360119,2,1,1991,0,0,0,0,0,0,0,0,0,0
360120,1,1,1991,12,12,12,12,12,12,12,12,12,12
360121,1,1,1991,14,0,0,0,0,0,0,0,0,0
360121,2,1,1991,16,16,16,16,16,16,16,16,16,16
360122,1,1,1991,0,15,0,0,0,0,0,0,26,0
360123,1,1,1991,0,0,0,0,0,0,0,0,0,0
360123,2,1,1991,0,0,0,0,0,0,18,0,0,0
360124,1,1,1991,12,12,12,12,12,12,12,12,12,12
360125,1,1,1991,20,0,17,21,9,0,0,24,19,28
360127,0,1,1991,0,0,0,0,0,0,0,0,0,0
360127,1,1,1991,0,0,17,7,0,0,0,0,0,0
360128,0,1,1991,0,0,0,0,0,0,0,0,0,0
360128,1,1,1991,0,0,0,0,0,0,0,0,0,0
360129,0,1,1991,0,0,0,0,0,0,0,0,0,0
360129,1,1,1991,0,0,0,0,0,0,0,0,0,0
360131,0,1,1991,8,8,8,8,8,8,8,8,8,8
360131,1,1,1991,17,3,0,0,7,12,0,0,0,0
360132,0,1,1991,10,10,10,10,10,10,10,10,10,10
360132,1,1,1991,0,0,0,0,0,30,0,0,0,0
360132,2,1,1991,0,0,0,0,0,0,0,0,0,0
360133,1,1,1991,0,0,0,0,0,0,0,0,0,0
360133,2,1,1991,0,0,0,0,0,0,0,0,0,0
360134,0,1,1991,0,0,0,0,0,0,0,0,0,0
360134,1,1,1991,0,0,0,0,0,25,0,0,0,0