ST_CASE,VEH_NO,PER_NO,YEAR,P1,P2,P3,P4,P5,P6,P7,P8,P9,P10
360429,1,1,1991,0,0,0,0,0,0,0,0,0,0
360429,2,1,1991,0,0,0,0,0,0,0,0,0,0
360430,1,1,1991,0,29,17,0,0,17,0,0,0,7
360431,0,1,1991,0,0,0,0,0,0,0,0,0,0
360431,1,1,1991,0,0,0,0,0,0,0,0,0,0
360432,1,1,1991,0,0,0,0,0,0,0,0,0,0
360432,2,1,1991,0,0,0,0,0,0,0,0,0,0
360432,3,1,1991,0,0,0,0,0,0,0,0,0,0
360432,4,1,1991,0,0,0,0,0,0,0,0,0,0
360433,0,1,1991,0,0,0,0,0,0,0,0,0,0
360433,1,1,1991,0,0,12,0,0,0,0,0,0,0
360434,1,1,1991,0,0,0,0,12,0,0,0,0,0
360434,2,1,1991,0,0,0,0,0,0,0,0,0,0
360435,1,1,1991,8,8,8,8,8,8,8,8,8,8
360436,1,1,1991,0,0,0,0,0,0,0,0,0,0
360436,2,1,1991,0,0,0,0,0,0,0,0,0,0
360437,1,1,1991,0,0,0,0,0,0,0,0,0,0
360437,2,1,1991,0,0,0,0,0,0,0,0,0,0
360438,1,1,1991,0,0,0,0,0,0,0,0,0,0
360438,2,1,1991,0,0,0,0,0,0,0,0,0,0
360439,1,1,1991,0,0,0,0,0,0,0,0,0,0
360439,2,1,1991,0,0,0,0,0,0,0,0,0,0
360440,1,1,1991,0,0,0,0,0,0,0,0,0,0
360441,1,1,1991,0,0,0,0,0,0,0,0,0,0
360441,2,1,1991,0,0,0,0,0,0,0,0,0,0
360442,1,1,1991,0,0,0,0,0,0,0,0,0,0
360443,1,1,1991,0,0,0,0,0,0,0,0,0,0
360443,2,1,1991,11,0,6,0,28,9,9,5,0,0
360444,1,1,1991,8,13,6,19,5,7,13,15,17,13
360445,1,1,1991,0,0,0,0,0,0,0,9,0,0
360446,1,1,1991,0,0,0,0,0,0,0,0,0,0
360446,2,1,1991,0,0,0,0,0,0,0,0,0,0
360447,1,1,1991,0,0,0,0,0,0,0,0,0,0
360447,2,1,1991,0,0,0,0,27,0,0,0,0,0
360447,3,1,1991,0,0,0,0,0,0,0,0,0,0
360448,0,1,1991,0,0,0,0,0,0,0,0,0,0
360448,1,1,1991,0,0,0,0,0,0,0,0,0,0
360449,1,1,1991,0,0,0,0,0,0,0,0,0,0
360450,1,1,1991,0,0,0,0,0,0,0,0,0,0
360450,2,1,1991,0,0,0,0,0,0,0,0,0,0
360451,1,1,1991,0,0,0,0,0,0,0,0,0,0
360451,2,1,1991,0,0,0,0,0,0,0,0,0,0
360451,3,1,1991,0,0,0,0,0,0,0,0,0,0
360452,1,1,1991,10,10,10,10,10,10,10,10,10,10
360453,0,1,1991,28,28,28,28,28,28,28,28,28,28
360453,1,1,1991,0,0,0,0,9,0,0,0,0,0
360454,0,1,1991,0,0,0,0,0,0,0,0,0,0
360454,1,1,1991,0,0,0,0,0,0,0,0,0,0
360455,1,1,1991,15,17,16,14,11,6,15,11,20,13
360456,1,1,1991,5,30,28,12,0,0,12,10,14,24
360457,0,1,1991,0,0,0,0,0,0,0,0,0,0
360457,0,2,1991,0,0,0,0,0,0,0,0,0,0
360457,1,1,1991,0,0,0,0,0,0,0,0,0,0
360458,1,1,1991,17,17,17,17,17,17,17,17,17,17
360460,1,1,1991,24,19,27,24,10,13,15,0,7,21
360461,0,1,1991,0,0,0,0,0,0,0,0,0,0
360461,1,1,1991,0,0,0,0,0,0,0,0,0,0
360462,1,1,1991,0,0,21,15,0,7,0,19,0,0
360463,1,1,1991,44,44,44,44,44,44,44,44,44,44
360464,1,1,1991,3,21,20,6,0,0,0,0,0,0
360465,0,1,1991,0,0,0,0,19,22,0,0,0,17
360465,1,1,1991,0,0,0,0,10,0,0,0,0,0
360465,2,1,1991,0,0,0,0,0,0,0,0,0,0
360466,1,1,1991,0,0,0,0,0,0,0,0,0,0
360467,1,1,1991,0,0,0,0,0,0,0,0,0,0
360467,2,1,1991,0,0,0,0,0,0,0,0,0,0
360468,1,1,1991,17,17,17,17,17,17,17,17,17,17
360469,0,1,1991,0,0,0,0,0,0,0,0,0,0
360469,1,1,1991,0,8,0,0,0,0,0,3,0,0
360470,0,1,1991,0,0,0,0,0,0,0,0,0,0
360470,1,1,1991,0,0,0,0,0,5,10,0,10,0
360471,0,1,1991,0,0,0,0,0,0,0,0,0,0
360471,1,1,1991,0,0,0,0,0,0,0,0,0,0
360472,1,1,1991,0,0,0,0,0,0,0,17,0,0
360473,1,1,1991,15,15,15,15,15,15,15,15,15,15
360474,0,1,1991,1,1,1,1,1,1,1,1,1,1
360474,1,1,1991,0,0,0,13,13,0,0,0,11,0
360475,1,1,1991,0,0,0,0,0,15,0,0,0,0
360475,2,1,1991,31,0,0,0,0,0,0,0,0,0
360475,3,1,1991,0,0,0,0,0,0,0,0,0,0
360476,1,1,1991,0,0,0,13,0,0,0,0,0,15
360478,0,1,1991,0,0,0,0,0,0,0,16,0,0
360478,0,2,1991,0,0,0,0,0,0,0,0,0,0
360478,1,1,1991,0,0,0,0,0,0,0,0,0,0
360479,1,1,1991,0,0,0,0,0,0,0,0,0,0
360479,2,1,1991,0,19,0,0,0,0,0,0,0,0
360480,1,1,1991,0,0,0,0,0,0,0,0,0,0
360481,0,1,1991,0,0,0,0,0,0,0,0,0,0
360481,1,1,1991,0,0,0,0,0,0,0,0,0,0
360482,0,1,1991,0,0,0,0,0,0,0,0,0,0
360482,1,1,1991,0,0,0,0,0,0,0,0,0,0
360483,1,1,1991,0,0,0,0,0,0,0,0,0,0
360483,2,1,1991,0,0,0,0,0,0,0,0,23,0
360484,1,1,1991,0,0,0,0,0,0,0,0,0,0
360484,2,1,1991,0,0,0,0,0,0,0,0,0,0
360485,0,1,1991,0,0,0,0,0,0,24,0,0,0
360485,1,1,1991,0,0,0,0,0,0,0,0,0,0
360486,1,1,1991,16,16,16,16,16,16,16,16,16,16
360486,2,1,1991,0,4,0,19,0,0,0,0,0,0
360486,3,1,1991,0,0,0,0,0,11,0,0,0,0
360487,1,1,1991,0,0,0,0,0,26,0,0,0,0
360487,2,1,1991,0,0,0,0,0,0,0,0,0,0
360487,3,1,1991,0,0,0,0,0,0,0,0,0,0
360488,0,1,1991,0,0,0,0,0,0,0,0,0,0
360488,1,1,1991,0,0,0,0,0,0,0,0,0,0
360488,2,1,1991,0,0,0,0,0,0,0,0,0,0
360489,1,1,1991,0,16,21,27,3,0,0,23,0,23
360490,1,1,1991,0,0,0,0,0,0,0,14,0,0
360490,2,1,1991,0,0,0,0,0,0,0,0,0,0
360491,0,1,1991,0,0,0,0,0,0,0,0,0,0
360491,1,1,1991,0,0,0,0,0,0,0,0,0,0
360492,1,1,1991,27,27,27,27,27,27,27,27,27,27
360493,1,1,1991,0,0,0,0,0,0,0,0,0,0
360493,2,1,1991,0,0,0,0,0,0,0,0,0,0
360494,1,1,1991,4,4,4,4,4,4,4,4,4,4
360495,1,1,1991,0,0,0,0,0,0,0,0,0,0
360495,2,1,1991,0,0,0,0,0,0,0,0,0,0
360496,0,1,1991,2,2,2,2,2,2,2,2,2,2
360496,1,1,1991,0,0,0,0,0,0,0,45,0,0
360497,1,1,1991,0,0,0,0,0,0,0,0,0,0
360497,2,1,1991,0,0,0,0,0,0,0,0,0,0
360497,3,1,1991,0,0,0,0,0,0,0,0,0,0
360498,1,1,1991,0,0,0,0,0,0,0,0,0,0
360498,2,1,1991,0,0,0,0,0,0,0,0,0,0
360500,0,1,1991,0,0,0,0,0,0,0,0,0,0
360500,1,1,1991,0,0,23,0,0,0,0,0,0,11
360501,0,1,1991,1,1,1,1,1,1,1,1,1,1
360501,1,1,1991,0,0,0,0,0,0,0,0,0,0
360502,0,1,1991,0,0,0,0,0,0,0,0,0,0
360502,1,1,1991,0,0,0,0,0,0,0,0,0,0
360503,1,1,1991,0,0,0,0,0,0,0,0,0,0
360503,2,1,1991,0,0,0,0,0,0,0,0,0,0
360504,1,1,1991,25,25,25,25,25,25,25,25,25,25
360505,0,1,1991,0,0,0,0,0,0,0,0,0,0
360505,1,1,1991,0,0,0,0,0,0,0,0,0,0
360506,1,1,1991,0,0,0,0,0,0,0,0,0,7
360506,2,1,1991,0,0,0,0,0,0,0,0,0,0
360507,1,1,1991,0,0,0,0,0,0,0,0,0,0
360508,1,1,1991,13,13,13,13,13,13,13,13,13,13
360509,1,1,1991,0,0,23,0,30,31,0,0,12,24
360510,1,1,1991,8,8,8,8,8,8,8,8,8,8
360510,2,1,1991,0,0,0,0,0,0,0,0,0,12
360511,1,1,1991,0,0,0,0,0,0,0,0,0,0
360512,1,1,1991,0,18,0,6,0,0,0,0,0,0
360512,2,1,1991,0,0,0,0,0,0,0,0,0,0
360513,1,1,1991,0,0,9,0,0,0,0,0,15,0
360513,2,1,1991,0,0,14,0,0,0,0,0,0,10
360513,3,1,1991,0,0,0,0,0,0,0,0,0,0
360514,1,1,1991,24,24,24,24,24,24,24,24,24,24
360515,0,1,1991,0,0,0,0,0,0,0,0,0,0
360515,1,1,1991,0,0,0,0,0,0,0,0,0,0
360516,0,1,1991,0,0,0,0,0,0,0,0,0,0
360516,1,1,1991,0,0,14,0,0,0,0,0,0,0
360517,1,1,1991,0,0,0,0,0,0,0,0,0,0
360517,2,1,1991,0,0,0,0,0,0,0,0,0,0
360518,0,1,1991,0,0,0,0,0,0,0,0,0,0
360518,1,1,1991,3,0,0,0,0,0,0,0,0,0
360519,0,1,1991,20,20,20,20,20,20,20,20,20,20
360519,1,1,1991,7,7,7,7,7,7,7,7,7,7
360520,0,1,1991,0,0,0,0,0,0,0,0,0,0
360520,1,1,1991,6,0,11,0,0,0,17,14,0,0
360521,0,1,1991,1,1,1,1,1,1,1,1,1,1
360521,1,1,1991,0,0,0,0,0,0,0,0,0,0
360522,1,1,1991,0,0,0,0,0,0,0,0,0,0
360523,1,1,1991,0,0,0,0,0,0,0,0,0,0
360523,2,1,1991,0,0,0,0,0,0,0,18,0,0
360524,0,1,1991,0,0,0,0,0,0,0,0,0,0
360524,1,1,1991,0,0,0,0,0,0,0,0,0,0
360525,1,1,1991,0,30,0,0,0,0,0,0,0,0
360526,0,1,1991,42,42,42,42,42,42,42,42,42,42
360526,0,2,1991,14,14,14,14,14,14,14,14,14,14
360526,1,1,1991,0,0,0,0,0,0,0,0,0,0
360527,1,1,1991,0,0,0,0,0,0,0,0,0,0
360527,2,1,1991,0,0,0,0,0,0,0,0,0,0
360528,1,1,1991,19,19,19,19,19,19,19,19,19,19
360529,0,1,1991,0,0,0,0,0,0,0,0,0,0
360529,1,1,1991,0,0,0,0,0,0,0,0,0,0
360530,1,1,1991,0,0,0,0,0,0,0,0,0,0
360531,1,1,1991,20,20,20,20,20,20,20,20,20,20
360532,0,1,1991,0,9,0,0,0,12,0,0,17,0
360532,1,1,1991,0,0,0,0,0,0,0,0,0,0
360533,0,1,1991,0,0,0,0,0,0,0,0,0,0
360533,1,1,1991,0,0,0,0,0,0,0,0,0,0
360534,1,1,1991,0,0,0,0,0,0,0,0,0,0
360535,1,1,1991,0,0,0,15,0,0,0,0,0,0
360535,2,1,1991,11,11,11,11,11,11,11,11,11,11
360536,1,1,1991,0,27,0,7,0,0,0,0,0,0
360537,1,1,1991,0,0,0,0,0,0,0,0,0,0
360537,2,1,1991,0,0,0,0,0,0,0,0,0,0
360538,1,1,1991,1,1,1,1,1,1,1,1,1,1
360538,2,1,1991,38,16,8,9,0,23,14,19,23,21
360539,1,1,1991,23,23,23,23,23,23,23,23,23,23
360540,1,1,1991,0,0,0,0,0,0,0,0,0,0
360541,1,1,1991,0,0,0,0,0,0,17,10,0,0
360541,2,1,1991,0,0,0,7,0,18,0,0,0,0
360542,1,1,1991,0,0,0,0,0,0,0,0,0,0
360542,2,1,1991,0,0,0,0,0,0,0,0,0,0
360543,0,1,1991,0,0,0,0,0,0,0,0,0,0
360543,1,1,1991,0,0,0,0,0,0,0,0,0,0
360544,1,1,1991,0,0,9,0,0,0,0,0,0,0
360544,2,1,1991,0,0,0,0,0,0,0,0,0,0
360545,1,1,1991,0,0,0,0,0,0,0,0,0,0
360545,2,1,1991,0,0,0,0,0,0,0,0,0,0
360546,0,1,1991,0,0,0,0,0,0,0,0,0,0
360546,1,1,1991,0,0,0,0,0,0,0,0,0,0
360547,1,1,1991,0,0,0,0,0,0,0,0,0,0
360548,1,1,1991,12,12,12,12,12,12,12,12,12,12
360549,0,1,1991,0,0,0,0,0,0,0,0,0,0
360549,0,2,1991,0,0,0,0,0,0,0,0,0,0
360549,0,3,1991,0,29,0,0,0,0,22,0,0,9
360550,1,1,1991,0,0,0,0,0,0,0,0,0,0
360551,0,1,1991,24,24,24,24,24,24,24,24,24,24
360551,1,1,1991,0,0,0,0,0,0,6,0,0,0
360552,0,1,1991,0,0,0,0,0,0,0,0,0,0
360552,1,1,1991,20,0,15,0,0,0,0,8,0,0
360553,0,1,1991,30,42,0,29,0,26,0,22,0,0
360553,1,1,1991,16,16,16,16,16,16,16,16,16,16
360554,1,1,1991,0,0,0,0,0,0,0,0,0,0
360555,0,1,1991,0,0,0,0,0,0,0,0,0,0
360555,1,1,1991,0,0,0,0,0,0,0,0,0,0
360556,1,1,1991,20,20,20,20,20,20,20,20,20,20
360557,1,1,1991,0,0,0,0,0,0,0,0,0,0
360557,2,1,1991,0,0,0,0,0,0,0,0,0,0
360558,1,1,1991,13,13,13,13,13,13,13,13,13,13
360559,0,1,1991,3,3,3,3,3,3,3,3,3,3
360559,1,1,1991,0,0,0,0,0,0,0,0,0,0
360560,1,1,1991,0,0,0,0,0,0,0,0,0,0
360561,1,1,1991,17,17,17,17,17,17,17,17,17,17
360562,0,1,1991,28,28,28,28,28,28,28,28,28,28
360562,1,1,1991,8,8,0,11,13,0,13,9,12,14
360563,1,1,1991,0,0,0,32,0,0,0,0,0,0
360563,2,1,1991,0,0,0,0,0,0,0,0,0,0
360564,1,1,1991,14,14,14,14,14,14,14,14,14,14
360565,0,1,1991,19,19,19,19,19,19,19,19,19,19
360565,1,1,1991,5,5,5,5,5,5,5,5,5,5
360566,1,1,1991,0,0,0,0,0,0,0,0,0,0
360566,2,1,1991,0,0,0,0,0,0,0,0,0,0
360567,1,1,1991,0,0,0,0,0,0,0,0,0,0
360568,1,1,1991,29,29,29,29,29,29,29,29,29,29
360569,1,1,1991,0,0,0,0,0,0,0,0,0,0
360569,2,1,1991,5,5,5,5,5,5,5,5,5,5
360570,1,1,1991,21,21,21,21,21,21,21,21,21,21
360571,1,1,1991,0,0,0,0,0,0,0,0,0,0
360572,1,1,1991,0,0,0,0,0,0,0,0,0,0
360572,2,1,1991,0,0,0,0,0,0,0,0,0,0
360573,1,1,1991,5,6,15,12,0,0,14,27,19,9
360574,1,1,1991,7,12,13,3,11,17,15,5,12,22
360575,1,1,1991,11,11,11,11,11,11,11,11,11,11
360576,1,1,1991,0,0,0,0,0,0,0,0,0,0
360576,2,1,1991,0,0,0,0,0,0,0,0,0,0
360577,1,1,1991,0,0,0,0,0,0,0,0,0,0
360577,2,1,1991,0,0,0,0,0,0,0,0,0,0
360578,1,1,1991,0,0,0,0,0,0,0,0,0,0
360578,2,1,1991,0,0,0,0,0,0,0,0,0,19
360578,3,1,1991,0,0,0,0,0,0,0,0,0,0
360579,1,1,1991,0,0,0,0,0,0,0,0,0,0
360579,2,1,1991,0,0,0,0,0,0,0,0,0,0
360580,1,1,1991,0,0,0,0,0,0,0,0,0,0
360581,0,1,1991,0,0,0,0,0,0,0,0,0,0
360581,1,1,1991,0,15,0,0,0,0,0,0,0,0
360582,1,1,1991,0,0,0,0,0,0,0,0,0,0
360582,2,1,1991,0,0,0,0,0,0,0,0,0,0
360582,3,1,1991,0,0,0,0,0,0,0,0,0,0
360583,1,1,1991,19,19,19,19,19,19,19,19,19,19
360584,1,1,1991,0,0,0,0,0,0,0,0,0,0
360584,2,1,1991,0,0,0,0,0,0,0,0,0,0
360585,1,1,1991,15,15,15,15,15,15,15,15,15,15
360586,1,1,1991,0,0,0,0,0,0,0,0,0,0
360586,2,1,1991,0,0,0,0,0,0,0,0,0,0
360587,1,1,1991,0,0,0,0,0,0,0,0,0,0
360587,2,1,1991,0,0,0,0,0,0,0,0,0,0
360588,1,1,1991,0,0,5,0,0,0,0,0,0,0
360588,2,1,1991,8,8,8,8,8,8,8,8,8,8
360589,1,1,1991,15,16,17,0,8,19,17,4,5,8
360589,2,1,1991,0,0,0,0,0,0,0,0,0,0
360590,0,1,1991,1,1,1,1,1,1,1,1,1,1
360590,1,1,1991,0,0,0,0,0,0,0,0,0,0
360591,0,1,1991,0,0,0,0,0,0,0,0,0,0
360591,0,2,1991,0,0,0,0,0,0,0,0,0,0
360591,0,3,1991,0,0,0,10,0,0,0,0,0,0
360591,1,1,1991,0,12,28,0,0,17,16,0,0,18
360592,0,1,1991,0,0,0,0,0,0,0,0,0,0
360592,1,1,1991,0,0,0,0,0,0,0,0,0,0
360593,1,1,1991,0,0,0,0,0,0,0,2,13,0
360593,2,1,1991,0,0,0,0,0,0,0,0,0,0
360595,0,1,1991,0,0,0,0,0,0,0,0,0,0
360595,1,1,1991,0,0,0,0,0,0,0,0,0,0
360595,2,1,1991,0,0,0,0,0,0,0,0,0,0
360596,0,1,1991,0,17,15,30,0,13,23,0,0,0
360596,0,2,1991,0,0,0,0,0,0,0,0,0,0
360596,1,1,1991,0,0,0,0,0,0,0,0,0,0
360597,0,1,1991,3,3,3,3,3,3,3,3,3,3
360597,1,1,1991,0,0,4,25,12,26,30,0,0,10
360598,0,1,1991,0,0,13,12,5,0,25,15,30,0
360598,1,1,1991,0,17,0,0,0,0,0,0,0,0
360599,1,1,1991,10,15,0,0,16,22,0,10,14,0
360600,0,1,1991,0,0,0,0,0,0,0,0,0,0
360600,1,1,1991,0,0,0,0,0,0,0,0,0,0
360601,1,1,1991,0,0,0,0,0,0,0,0,0,0
360601,2,1,1991,0,0,0,0,3,0,0,0,0,0
360602,1,1,1991,0,0,0,0,0,0,0,0,0,0
360603,1,1,1991,0,0,0,0,0,0,0,0,0,0
360604,1,1,1991,0,0,0,0,0,0,0,0,0,0
360605,1,1,1991,1,1,1,1,1,1,1,1,1,1
360606,1,1,1991,0,0,0,0,0,0,0,0,0,0
360606,2,1,1991,0,0,0,0,0,0,0,0,0,0
360607,1,1,1991,0,0,0,0,0,0,37,14,0,0
360608,1,1,1991,23,23,23,23,23,23,23,23,23,23
360609,1,1,1991,2,2,2,2,2,2,2,2,2,2
360610,0,1,1991,13,13,13,13,13,13,13,13,13,13
360610,1,1,1991,3,17,5,31,15,0,15,4,12,9
360611,1,1,1991,12,12,12,12,12,12,12,12,12,12
360612,1,1,1991,21,0,0,0,0,18,0,0,0,0
360612,2,1,1991,0,0,0,0,0,0,0,0,0,0
360613,1,1,1991,15,16,22,12,0,20,0,28,12,22
360613,2,1,1991,0,0,0,0,0,0,0,0,0,0
360614,1,1,1991,16,16,16,16,16,16,16,16,16,16
360614,2,1,1991,0,0,0,10,0,0,0,0,0,0
360615,0,1,1991,0,0,0,0,0,0,0,0,0,0
360615,1,1,1991,0,0,0,0,0,0,0,0,0,0
360616,1,1,1991,30,30,30,30,30,30,30,30,30,30
360617,0,1,1991,1,1,1,1,1,1,1,1,1,1
360617,0,2,1991,8,8,8,8,8,8,8,8,8,8
360617,1,1,1991,0,0,22,0,15,2,9,0,0,0
360617,2,1,1991,0,0,0,0,11,0,0,0,0,0
360618,1,1,1991,0,0,0,0,0,0,0,0,0,0
360618,2,1,1991,16,0,0,0,8,12,10,0,0,0
360619,0,1,1991,0,0,0,0,0,0,0,0,0,0
360619,1,1,1991,0,0,0,0,0,0,0,0,0,0
360620,1,1,1991,0,0,0,0,0,0,0,0,0,0
360621,1,1,1991,0,0,13,24,0,0,0,0,16,0
360621,2,1,1991,0,0,0,0,0,0,0,0,0,0
360622,0,1,1991,0,0,0,0,0,0,0,0,0,0
360622,0,2,1991,0,0,0,0,0,0,0,17,0,0
360622,1,1,1991,0,0,0,0,0,0,0,0,0,0
360623,0,1,1991,0,0,0,0,0,0,0,0,0,0
360623,1,1,1991,27,8,2,24,0,0,6,0,0,0
360624,0,1,1991,0,0,0,0,0,0,0,0,0,0
360624,1,1,1991,0,0,0,0,0,0,0,0,0,0
360624,2,1,1991,0,0,0,0,0,0,0,0,0,0
360625,0,1,1991,0,0,0,0,0,0,0,0,0,0
360625,1,1,1991,0,0,0,0,0,0,0,0,0,0
360626,1,1,1991,13,13,13,13,13,13,13,13,13,13
360627,1,1,1991,0,0,0,6,0,0,0,0,0,0
360628,1,1,1991,30,0,0,0,11,0,0,0,0,0
360628,2,1,1991,0,0,0,0,0,0,0,0,0,0
360628,3,1,1991,8,7,8,16,14,8,13,22,18,18
360628,4,1,1991,0,0,0,0,0,0,0,0,0,0
360629,1,1,1991,0,0,0,0,0,0,0,0,0,0
360629,2,1,1991,21,21,21,21,21,21,21,21,21,21
360630,1,1,1991,0,0,0,0,0,0,0,0,0,0
360630,2,1,1991,0,0,0,0,0,0,0,0,0,0
360631,1,1,1991,0,0,0,0,0,0,0,0,0,0
360631,2,1,1991,0,0,0,0,0,0,0,0,15,0
360632,0,1,1991,48,48,48,48,48,48,48,48,48,48
360632,1,1,1991,0,0,0,0,0,0,0,0,0,0
360633,0,1,1991,0,0,0,0,0,0,0,0,0,0
360633,0,2,1991,0,0,0,0,0,18,0,0,0,0
360633,2,1,1991,0,31,0,0,0,0,0,0,0,0
360634,0,1,1991,21,21,21,21,21,21,21,21,21,21
360634,1,1,1991,0,0,0,0,0,0,0,0,0,0
360634,2,1,1991,0,0,9,0,0,0,0,0,0,0
360635,0,1,1991,0,0,0,0,0,0,0,0,0,0
360635,0,2,1991,0,0,0,0,0,0,0,0,0,0
360635,1,1,1991,0,0,0,0,0,0,0,0,0,0
360636,1,1,1991,0,0,0,0,0,0,0,0,0,0
360637,0,1,1991,0,0,0,0,0,0,0,0,0,0
360637,0,2,1991,0,0,17,0,0,0,0,0,0,3
360637,1,1,1991,10,10,10,10,10,10,10,10,10,10
360638,0,1,1991,0,0,0,0,0,0,0,0,0,0
360638,1,1,1991,0,0,0,0,0,0,0,0,0,0
360638,2,1,1991,0,0,0,0,0,0,0,0,0,0
360639,1,1,1991,5,5,5,5,5,5,5,5,5,5
360640,1,1,1991,19,19,19,19,19,19,19,19,19,19
360640,2,1,1991,0,0,0,0,0,0,0,0,0,0
360641,1,1,1991,0,0,0,0,0,16,0,0,0,0
360641,2,1,1991,0,0,0,0,0,0,0,0,0,0
360642,0,1,1991,0,0,0,0,41,0,0,0,0,0
360642,1,1,1991,10,0,0,0,0,0,0,0,0,0
360643,1,1,1991,0,0,0,0,0,0,0,0,0,0
360643,2,1,1991,0,0,0,0,0,0,0,0,0,0
360644,0,1,1991,7,31,37,53,17,16,19,0,0,8
360644,0,2,1991,0,0,0,0,0,0,0,0,0,0
360644,1,1,1991,0,0,0,0,0,0,8,0,8,0
360645,1,1,1991,0,0,0,0,0,0,0,0,0,0
360645,2,1,1991,0,0,0,0,0,0,0,0,11,0
360646,0,1,1991,0,0,0,0,0,0,0,0,0,0
360646,1,1,1991,0,0,0,0,0,0,0,0,0,0
360647,0,1,1991,0,0,0,0,0,0,0,0,0,19
360647,1,1,1991,0,0,0,0,0,0,0,0,0,0
360648,1,1,1991,0,0,0,0,0,0,0,0,0,0
360649,1,1,1991,20,20,20,20,20,20,20,20,20,20
360650,1,1,1991,0,0,0,0,0,0,0,0,0,0
360651,1,1,1991,0,0,0,0,0,0,0,0,0,0
360651,2,1,1991,13,0,0,0,0,0,0,0,0,0
360652,1,1,1991,18,18,18,18,18,18,18,18,18,18
360652,2,1,1991,0,0,0,0,0,17,0,0,0,0
360653,1,1,1991,0,7,0,0,0,0,0,0,0,0
360654,0,1,1991,0,0,0,0,0,0,0,0,0,0
360654,1,1,1991,0,0,0,0,0,0,0,0,0,0
360655,1,1,1991,15,15,15,15,15,15,15,15,15,15
360656,1,1,1991,17,17,17,17,17,17,17,17,17,17
360657,1,1,1991,12,28,0,0,0,0,0,16,17,0
360658,1,1,1991,0,0,0,0,0,0,0,0,0,0
360658,2,1,1991,0,0,0,0,0,0,0,0,0,0
360658,3,1,1991,0,0,0,0,0,0,0,0,0,0
360659,0,1,1991,0,0,0,0,0,0,0,0,0,0
360659,1,1,1991,0,0,0,0,0,0,0,0,0,0
360660,1,1,1991,20,20,20,20,20,20,20,20,20,20
360661,0,1,1991,0,0,0,0,0,0,0,0,0,0
360661,1,1,1991,0,0,0,0,0,0,0,0,0,0
360662,1,1,1991,0,0,0,0,0,0,0,0,0,0
360662,2,1,1991,0,0,0,0,0,0,0,0,0,0
360663,1,1,1991,10,0,24,23,0,17,24,0,0,0
360664,1,1,1991,3,3,3,3,3,3,3,3,3,3
360664,2,1,1991,0,0,0,0,0,0,0,0,0,0
360665,0,1,1991,12,12,12,12,12,12,12,12,12,12
360665,1,1,1991,0,26,0,17,4,0,11,19,14,9
360666,1,1,1991,0,0,0,0,0,0,0,0,14,0
360666,2,1,1991,0,0,0,0,0,0,0,0,0,13
360667,1,1,1991,14,14,14,14,14,14,14,14,14,14
360668,1,1,1991,0,0,0,0,0,0,0,0,0,0
360668,2,1,1991,0,0,0,0,0,0,0,0,0,0
360669,1,1,1991,20,14,20,6,6,27,8,17,13,28
360670,1,1,1991,0,10,20,0,38,12,8,0,0,0
360671,1,1,1991,0,0,0,0,0,0,0,0,0,0
360672,1,1,1991,20,28,20,0,20,22,12,18,14,15
360673,1,1,1991,22,22,22,22,22,22,22,22,22,22
360674,1,1,1991,0,0,0,0,0,0,0,0,0,0
360675,1,1,1991,16,16,16,16,16,16,16,16,16,16
360675,2,1,1991,16,16,16,16,16,16,16,16,16,16
360675,3,1,1991,0,0,0,0,0,0,0,0,0,0
360676,1,1,1991,11,11,18,13,10,15,12,17,0,9
360676,2,1,1991,0,0,0,0,0,0,0,0,0,0
360677,1,1,1991,0,0,0,0,0,0,0,0,0,0
360678,1,1,1991,0,0,0,0,0,0,0,0,0,0
360678,2,1,1991,21,0,12,13,14,12,0,13,4,3
360679,1,1,1991,0,0,0,0,2,0,16,0,0,14
360680,1,1,1991,0,0,0,0,0,0,0,0,0,0
360680,2,1,1991,0,0,0,0,0,21,0,0,0,0
360680,3,1,1991,13,13,13,13,13,13,13,13,13,13
360681,1,1,1991,0,0,0,0,0,0,0,0,0,0
360682,1,1,1991,0,0,0,0,0,0,0,0,0,0
360682,2,1,1991,0,0,0,0,0,0,0,0,0,0
360683,1,1,1991,15,15,15,15,15,15,15,15,15,15
360684,0,1,1991,21,10,0,0,27,21,0,13,30,25
360684,1,1,1991,0,0,0,0,0,0,0,0,0,0
360685,1,1,1991,27,27,27,27,27,27,27,27,27,27
360686,1,1,1991,0,0,0,0,0,0,0,0,0,0
360686,2,1,1991,0,0,0,0,0,0,0,0,0,0
360687,1,1,1991,17,17,17,17,17,17,17,17,17,17
360687,2,1,1991,0,0,0,0,0,0,0,0,0,0
360688,1,1,1991,17,0,0,18,19,30,5,21,0,28
360689,0,1,1991,0,0,0,0,0,0,0,0,0,0
360689,1,1,1991,0,15,23,11,22,27,9,12,19,11
360690,0,1,1991,11,11,11,11,11,11,11,11,11,11
360690,1,1,1991,0,0,0,8,0,0,0,23,0,0
360691,1,1,1991,0,0,0,0,0,0,0,0,0,0
360691,2,1,1991,13,13,15,11,10,18,16,14,2,17
360692,1,1,1991,0,0,0,0,0,0,0,20,0,0
360692,2,1,1991,0,0,0,0,0,0,0,0,16,0
360693,1,1,1991,0,0,0,0,0,0,0,0,0,0
360693,2,1,1991,0,0,0,0,0,0,0,0,0,0
360693,3,1,1991,0,0,0,0,0,0,0,0,0,0
360694,0,1,1991,0,0,0,0,0,0,0,0,0,0
360694,1,1,1991,0,0,0,0,0,0,0,0,0,0
360695,1,1,1991,0,0,0,0,0,0,0,0,0,0
360696,1,1,1991,0,0,0,0,0,0,0,0,0,0
360696,2,1,1991,0,0,0,0,0,0,0,0,0,0
360697,1,1,1991,0,0,0,0,0,0,0,0,15,0
360697,2,1,1991,0,0,0,0,0,0,0,0,0,0
360697,3,1,1991,0,0,0,0,0,0,0,0,0,0