ST_CASE,VEH_NO,PER_NO,YEAR,P1,P2,P3,P4,P5,P6,P7,P8,P9,P10
360698,1,1,1991,15,9,17,15,20,14,16,7,17,23
360698,2,1,1991,0,0,0,0,0,0,0,0,0,0
360699,0,1,1991,0,0,0,0,0,0,0,0,0,0
360699,1,1,1991,0,0,0,0,0,0,0,0,0,0
360700,1,1,1991,23,12,24,17,15,16,15,11,12,28
360701,1,1,1991,0,0,9,0,0,0,0,0,0,0
360701,2,1,1991,0,0,0,0,0,0,0,0,0,0
360702,0,1,1991,0,0,0,0,0,0,0,0,0,0
360702,1,1,1991,0,0,0,0,0,0,0,0,0,0
360703,1,1,1991,12,12,12,12,12,12,12,12,12,12
360703,2,1,1991,0,0,0,0,0,0,0,0,0,0
360703,3,1,1991,0,0,0,0,0,0,0,0,0,0
360704,0,1,1991,0,0,0,0,0,0,0,0,0,0
360704,1,1,1991,0,0,0,0,0,0,0,0,0,0
360705,1,1,1991,15,15,15,15,15,15,15,15,15,15
360705,2,1,1991,0,0,0,0,0,0,0,0,0,0
360706,0,1,1991,20,20,20,20,20,20,20,20,20,20
360706,1,1,1991,0,0,7,0,0,0,0,5,0,0
360706,2,1,1991,0,0,0,0,0,0,0,0,0,0
360706,3,1,1991,21,0,0,0,0,0,0,0,0,0
360706,4,1,1991,0,7,0,0,0,0,0,0,0,0
360707,1,1,1991,0,0,0,0,0,0,0,0,0,0
360707,2,1,1991,0,0,0,0,0,0,0,0,0,0
360707,3,1,1991,0,0,0,0,0,0,0,0,0,0
360708,0,1,1991,17,17,17,17,17,17,17,17,17,17
360708,1,1,1991,0,0,0,0,0,0,0,0,0,0
360709,1,1,1991,0,0,0,0,0,0,0,16,0,0
360710,1,1,1991,0,0,0,0,0,0,0,0,0,0
360711,1,1,1991,0,0,0,0,0,0,7,0,0,0
360711,2,1,1991,17,25,17,23,22,0,14,27,24,22
360712,1,1,1991,0,0,0,0,0,0,0,0,0,0
360713,1,1,1991,16,16,16,16,16,16,16,16,16,16
360714,1,1,1991,0,0,0,0,0,0,0,0,0,0
360714,2,1,1991,0,0,0,0,0,0,0,0,0,0
360715,0,1,1991,0,0,0,0,0,0,0,0,0,0
360715,1,1,1991,0,9,0,0,0,0,14,0,0,0
360716,1,1,1991,21,16,16,9,23,20,22,0,14,23
360717,1,1,1991,0,0,0,0,0,0,0,0,0,0
360718,1,1,1991,19,19,19,19,19,19,19,19,19,19
360719,1,1,1991,20,18,20,11,24,43,23,12,15,16
360720,0,1,1991,0,0,0,0,0,0,0,0,0,0
360720,1,1,1991,0,0,0,20,0,0,0,0,0,0
360722,1,1,1991,0,0,0,0,0,0,0,0,0,0
360723,1,1,1991,0,0,0,0,0,0,0,0,0,0
360723,2,1,1991,0,0,10,0,0,0,0,0,0,0
360725,1,1,1991,0,0,0,0,0,0,0,0,0,0
360725,2,1,1991,0,0,0,0,0,0,0,0,0,0
360726,0,1,1991,0,0,0,0,0,0,0,0,0,0
360726,0,2,1991,32,22,16,0,0,0,0,0,0,0
360726,1,1,1991,0,0,0,0,0,0,0,0,0,0
360727,0,1,1991,0,0,0,0,0,0,0,0,0,0
360727,1,1,1991,0,0,0,0,0,0,0,0,0,0
360728,1,1,1991,21,21,12,14,14,27,22,0,20,13
360729,1,1,1991,0,0,0,0,0,0,0,0,0,0
360729,2,1,1991,0,0,0,15,0,0,0,0,0,0
360729,3,1,1991,0,0,0,0,0,0,0,0,0,0
360730,1,1,1991,0,0,0,0,0,0,0,0,0,0
360731,1,1,1991,17,17,17,17,17,17,17,17,17,17
360732,1,1,1991,0,0,0,0,0,0,0,0,0,0
360732,2,1,1991,0,0,0,0,0,0,0,0,0,0
360733,1,1,1991,25,25,25,25,25,25,25,25,25,25
360734,0,1,1991,0,0,0,0,0,0,0,0,0,0
360734,1,1,1991,0,0,0,0,0,0,0,0,0,0
360735,1,1,1991,22,22,22,22,22,22,22,22,22,22
360736,0,1,1991,0,0,0,0,0,0,0,0,0,0
360736,1,1,1991,0,0,0,0,0,0,0,0,0,0
360737,0,1,1991,0,0,0,0,0,0,0,0,0,0
360737,1,1,1991,0,0,0,0,0,0,0,0,0,0
360738,1,1,1991,5,5,5,5,5,5,5,5,5,5
360739,1,1,1991,0,0,0,0,0,0,0,0,0,0
360739,2,1,1991,0,0,0,0,0,0,0,0,0,0
360740,1,1,1991,15,15,15,15,15,15,15,15,15,15
360741,1,1,1991,8,8,8,8,8,8,8,8,8,8
360741,2,1,1991,0,0,15,0,0,0,0,0,6,0
360741,3,1,1991,0,0,0,0,0,0,0,0,0,0
360741,4,1,1991,0,0,0,0,0,0,0,0,0,0
360742,0,1,1991,0,0,0,0,0,0,0,0,0,0
360742,0,2,1991,0,0,0,0,16,0,0,0,0,0
360742,1,1,1991,0,0,0,0,0,0,0,0,0,0
360743,1,1,1991,0,0,0,0,0,0,0,0,0,0
360743,2,1,1991,0,0,0,0,0,0,0,0,0,0
360744,1,1,1991,0,0,0,12,0,0,0,0,0,0
360744,2,1,1991,0,0,0,0,0,0,0,0,0,0
360745,1,1,1991,0,0,0,0,0,0,0,0,0,0
360746,1,1,1991,0,0,0,0,0,0,0,0,0,0
360746,2,1,1991,12,6,0,0,11,0,2,0,0,33
360747,1,1,1991,7,7,7,7,7,7,7,7,7,7
360748,1,1,1991,0,0,0,0,0,0,0,0,0,0
360748,2,1,1991,0,0,0,0,0,0,0,0,0,0
360749,1,1,1991,9,9,9,9,9,9,9,9,9,9
360750,0,1,1991,0,0,0,0,0,16,0,0,0,0
360750,1,1,1991,0,0,0,0,0,0,0,0,15,0
360751,1,1,1991,0,0,0,0,0,0,0,0,0,0
360751,2,1,1991,0,0,0,0,0,0,0,0,0,0
360752,1,1,1991,0,0,0,0,0,0,0,0,0,0
360752,2,1,1991,0,0,0,0,11,0,0,0,0,0
360753,1,1,1991,10,0,0,0,10,0,0,0,0,0
360754,1,1,1991,0,0,0,5,0,0,0,0,0,0
360754,2,1,1991,0,0,0,0,0,0,0,0,0,0
360754,3,1,1991,0,0,0,0,0,0,0,0,0,0
360755,1,1,1991,0,0,0,0,0,0,0,0,0,0
360756,1,1,1991,0,0,13,0,0,0,0,0,15,0
360757,1,1,1991,0,0,0,0,0,0,0,0,0,0
360757,2,1,1991,0,0,0,0,0,0,0,0,0,4
360758,0,1,1991,0,0,0,15,19,0,0,0,0,0
360758,1,1,1991,0,0,0,0,0,0,0,0,0,0
360759,0,1,1991,11,21,0,0,0,15,0,0,0,0
360759,1,1,1991,0,0,0,0,0,0,0,0,0,0
360759,2,1,1991,0,0,0,0,0,0,0,0,0,0
360760,0,1,1991,0,0,0,0,0,0,0,0,0,0
360760,1,1,1991,15,0,6,25,10,11,20,7,22,18
360761,1,1,1991,0,0,0,0,0,0,0,0,0,0
360762,0,1,1991,0,0,0,0,0,0,0,0,0,0
360762,1,1,1991,0,0,0,0,0,0,0,0,0,0
360763,0,1,1991,0,0,0,0,0,0,0,0,0,0
360763,1,1,1991,0,0,0,0,0,0,0,0,0,0
360764,1,1,1991,0,0,0,0,0,0,0,0,0,0
360765,0,1,1991,0,0,0,0,0,0,0,0,0,0
360765,1,1,1991,0,0,0,0,0,0,0,0,0,0
360766,0,1,1991,0,0,0,0,0,0,0,0,0,0
360766,0,2,1991,0,0,0,0,0,0,0,0,0,0
360766,1,1,1991,0,0,0,0,0,0,0,0,0,0
360766,2,1,1991,0,0,0,0,0,0,0,6,0,0
360768,1,1,1991,0,0,0,0,0,0,0,0,0,0
360768,2,1,1991,0,0,34,0,0,0,0,0,0,0
360769,0,1,1991,0,0,0,0,0,0,0,0,0,0
360769,1,1,1991,0,0,0,0,0,0,0,0,0,0
360770,1,1,1991,10,10,10,10,10,10,10,10,10,10
360771,0,1,1991,0,0,0,0,0,0,0,0,0,0
360771,1,1,1991,0,0,0,0,0,0,0,0,0,0
360772,1,1,1991,0,0,22,0,0,0,0,0,0,23
360773,1,1,1991,0,0,0,0,0,0,0,0,0,0
360774,1,1,1991,11,0,0,0,16,0,0,0,0,0
360774,2,1,1991,0,0,0,0,0,0,0,0,0,0
360775,1,1,1991,0,0,0,0,0,0,0,0,0,0
360776,0,1,1991,6,6,6,6,6,6,6,6,6,6
360776,1,1,1991,13,16,17,4,9,17,20,9,13,6
360777,1,1,1991,0,0,0,0,0,0,0,0,0,0
360777,2,1,1991,0,6,0,0,0,0,0,0,0,0
360777,3,1,1991,0,0,0,0,0,0,0,0,0,0
360778,1,1,1991,0,0,6,0,6,0,0,18,0,0
360779,1,1,1991,0,0,0,0,0,0,0,0,0,0
360779,2,1,1991,0,0,0,0,0,0,0,0,0,0
360780,1,1,1991,0,0,0,0,0,0,0,0,0,0
360781,0,1,1991,2,2,2,2,2,2,2,2,2,2
360781,1,1,1991,0,0,0,0,0,0,0,0,0,0
360782,0,1,1991,0,0,0,0,0,0,0,0,0,0
360782,1,1,1991,0,0,0,0,0,0,0,0,0,0
360782,2,1,1991,0,0,0,0,0,0,0,0,0,0
360783,1,1,1991,0,0,0,0,0,0,0,0,0,0
360784,1,1,1991,0,0,0,0,0,0,0,0,0,0
360784,2,1,1991,0,0,0,0,0,0,0,0,0,0
360785,0,1,1991,19,25,0,0,0,0,0,0,0,0
360785,1,1,1991,0,0,0,0,0,0,0,0,0,0
360786,0,1,1991,0,0,0,0,0,0,0,0,0,0
360786,1,1,1991,0,0,0,0,0,0,0,0,0,0
360787,1,1,1991,0,0,0,0,0,0,0,0,0,0
360787,2,1,1991,0,0,0,0,0,0,0,0,0,0
360787,3,1,1991,0,0,14,0,0,0,0,0,0,0
360787,4,1,1991,0,0,0,0,0,0,0,0,0,0
360788,1,1,1991,0,0,0,0,0,0,0,0,0,0
360788,2,1,1991,0,0,0,0,0,0,0,0,0,0
360789,0,1,1991,0,0,0,0,0,0,0,0,0,0
360789,1,1,1991,0,0,0,0,0,0,0,17,0,15
360790,1,1,1991,0,0,0,0,0,0,0,0,0,0
360791,1,1,1991,22,22,22,22,22,22,22,22,22,22
360792,1,1,1991,0,0,0,0,0,0,0,0,0,0
360792,2,1,1991,0,0,0,0,0,0,0,0,0,0
360793,0,1,1991,0,0,0,0,0,0,0,0,0,0
360793,1,1,1991,0,0,0,0,0,0,0,0,0,0
360793,2,1,1991,0,0,0,0,0,0,0,0,0,0
360794,1,1,1991,0,0,0,0,0,0,0,0,0,0
360794,2,1,1991,0,0,0,0,0,0,0,0,0,0
360795,1,1,1991,19,19,19,19,19,19,19,19,19,19
360796,1,1,1991,15,15,15,15,15,15,15,15,15,15
360797,1,1,1991,0,0,0,0,0,0,0,0,0,0
360798,0,1,1991,1,1,1,1,1,1,1,1,1,1
360798,1,1,1991,0,0,0,0,0,0,0,0,6,0
360799,1,1,1991,0,0,0,0,0,0,0,0,0,0
360799,2,1,1991,0,0,0,0,0,0,0,0,0,0
360800,1,1,1991,0,11,0,0,33,0,0,0,29,0
360801,0,1,1991,17,6,0,0,24,16,12,30,20,22
360801,1,1,1991,0,0,0,0,0,0,0,0,0,0
360802,0,1,1991,15,15,15,15,15,15,15,15,15,15
360802,1,1,1991,12,19,0,16,19,20,0,16,0,25
360803,1,1,1991,0,14,0,0,0,0,0,0,0,0
360804,0,1,1991,4,4,4,4,4,4,4,4,4,4
360804,1,1,1991,0,0,16,28,8,16,0,0,0,0
360804,2,1,1991,10,0,0,14,21,13,14,27,0,0
360805,1,1,1991,0,0,0,0,0,0,0,0,0,0
360806,1,1,1991,12,12,12,12,12,12,12,12,12,12
360807,0,1,1991,0,0,0,0,0,0,0,0,0,0
360807,0,2,1991,0,0,10,12,15,24,22,19,39,34
360807,0,3,1991,0,32,0,0,0,22,24,0,0,7
360807,0,4,1991,0,0,0,0,0,0,0,0,0,0
360807,1,1,1991,0,0,0,11,0,11,8,14,0,0
360808,1,1,1991,8,5,14,8,28,21,16,11,23,11
360809,0,1,1991,0,0,0,0,0,0,0,0,0,0
360809,1,1,1991,0,0,0,0,0,0,0,0,0,0
360810,1,1,1991,0,0,0,0,0,0,0,0,0,0
360811,1,1,1991,0,0,0,0,0,0,0,0,0,0
360812,1,1,1991,0,0,0,0,0,0,0,0,0,0
360813,1,1,1991,0,0,0,0,0,0,0,0,0,0
360814,0,1,1991,0,0,0,0,0,0,0,0,0,0
360814,1,1,1991,0,0,0,0,0,0,0,0,0,0
360815,1,1,1991,6,0,0,0,0,0,0,0,0,0
360816,0,1,1991,10,0,0,28,0,7,11,0,19,21
360816,1,1,1991,0,0,0,0,0,0,0,0,0,0
360817,1,1,1991,0,0,0,0,0,0,0,0,0,0
360817,2,1,1991,0,0,0,0,0,0,0,0,0,0
360817,3,1,1991,0,0,0,0,0,0,0,0,0,0
360818,0,1,1991,0,0,0,0,0,0,0,0,0,0
360818,1,1,1991,0,0,0,0,0,0,0,0,0,0
360819,0,1,1991,29,29,29,29,29,29,29,29,29,29
360819,1,1,1991,0,0,0,0,0,0,0,0,0,0
360820,1,1,1991,0,0,0,0,0,0,0,0,22,0
360821,1,1,1991,0,0,0,0,0,0,0,0,0,0
360821,2,1,1991,0,0,0,0,0,0,0,0,0,0
360821,3,1,1991,9,19,10,0,23,16,5,0,8,11
360821,4,1,1991,0,0,0,0,0,0,0,0,0,0
360822,1,1,1991,10,10,10,10,10,10,10,10,10,10
360823,0,1,1991,0,20,38,24,19,32,21,0,13,34
360823,1,1,1991,19,16,22,17,10,14,19,20,13,23
360824,0,1,1991,0,0,0,0,0,0,0,0,0,0
360824,1,1,1991,21,21,21,21,21,21,21,21,21,21
360825,1,1,1991,0,0,0,0,0,0,0,0,0,0
360825,2,1,1991,0,0,0,0,0,0,0,0,0,0
360826,1,1,1991,8,8,8,8,8,8,8,8,8,8
360826,2,1,1991,0,0,0,0,0,0,0,0,0,0
360827,1,1,1991,0,0,0,0,0,0,0,0,0,0
360827,2,1,1991,0,0,0,0,0,0,0,0,0,0
360828,1,1,1991,0,0,0,0,0,0,0,0,0,0
360829,1,1,1991,15,15,15,15,15,15,15,15,15,15
360830,1,1,1991,24,24,24,24,24,24,24,24,24,24
360831,1,1,1991,0,0,0,0,0,0,0,0,0,0
360831,2,1,1991,0,0,0,0,0,0,0,0,0,0
360832,1,1,1991,0,0,0,0,0,0,0,0,0,0
360832,2,1,1991,0,0,0,0,0,0,0,0,0,0
360833,0,2,1991,0,0,0,0,0,0,0,0,0,0
360833,0,3,1991,0,0,0,0,0,0,0,0,0,0
360833,0,4,1991,0,0,0,0,0,0,0,0,0,0
360833,0,5,1991,0,0,0,0,0,0,0,0,0,0
360833,0,6,1991,0,0,0,0,0,0,0,0,0,0
360833,0,7,1991,0,0,0,0,0,0,0,0,0,0
360833,0,8,1991,0,0,0,0,0,0,0,0,0,0
360833,0,9,1991,0,0,0,0,0,0,0,0,0,0
360833,0,10,1991,0,0,0,0,0,0,0,0,0,0
360833,0,11,1991,0,0,0,0,0,0,0,0,0,0
360833,1,1,1991,42,20,6,11,32,0,23,9,29,17
360834,1,1,1991,21,12,26,26,18,13,18,15,8,17
360835,0,1,1991,0,0,0,0,0,0,0,0,0,0
360835,1,1,1991,0,0,0,0,0,0,0,0,0,0
360836,1,1,1991,0,0,0,0,0,0,0,0,0,0
360836,2,1,1991,13,13,13,13,13,13,13,13,13,13
360837,0,1,1991,0,0,0,0,0,0,0,26,0,0
360837,1,1,1991,15,0,5,0,11,31,18,10,0,0
360838,0,1,1991,0,0,0,0,0,0,0,0,0,0
360838,1,1,1991,0,0,0,0,0,0,0,0,0,0
360839,1,1,1991,0,0,0,0,0,0,0,0,0,0
360839,2,1,1991,0,0,0,0,0,0,0,0,0,0
360840,1,1,1991,0,0,0,0,0,0,0,0,0,0
360840,2,1,1991,0,0,0,0,0,0,0,0,0,0
360841,1,1,1991,26,0,0,0,0,0,8,0,0,0
360842,1,1,1991,27,27,27,27,27,27,27,27,27,27
360843,0,1,1991,0,0,0,0,0,0,0,0,0,0
360843,1,1,1991,0,0,0,0,0,0,0,0,0,0
360844,0,1,1991,0,0,0,0,0,0,0,0,0,0
360844,1,1,1991,0,0,0,0,0,0,0,0,0,0
360845,1,1,1991,17,17,17,17,17,17,17,17,17,17
360846,1,1,1991,15,15,15,15,15,15,15,15,15,15
360846,2,1,1991,0,0,0,0,0,0,0,0,0,0
360847,1,1,1991,20,20,20,20,20,20,20,20,20,20
360848,1,1,1991,16,16,16,16,16,16,16,16,16,16
360848,2,1,1991,2,2,2,2,2,2,2,2,2,2
360849,1,1,1991,0,0,0,0,0,0,0,0,0,0
360849,2,1,1991,11,11,11,11,11,11,11,11,11,11
360850,1,2,1991,0,0,0,0,0,0,0,0,0,15
360851,1,1,1991,0,0,0,0,0,0,0,0,0,0
360852,1,1,1991,0,13,25,0,18,25,15,0,0,11
360853,1,1,1991,23,43,0,9,12,16,0,0,21,0
360854,1,1,1991,15,16,0,0,3,0,24,0,0,0
360855,1,1,1991,10,10,10,10,10,10,10,10,10,10
360856,1,1,1991,0,0,0,0,0,0,0,0,0,0
360857,1,1,1991,15,11,16,27,7,9,11,17,0,14
360857,2,1,1991,0,0,0,0,0,0,0,0,0,0
360857,3,1,1991,0,0,0,0,0,0,0,0,0,0
360858,1,1,1991,13,13,13,13,13,13,13,13,13,13
360859,0,1,1991,28,28,28,28,28,28,28,28,28,28
360859,1,1,1991,9,0,0,0,0,0,0,0,0,0
360860,0,1,1991,22,22,22,22,22,22,22,22,22,22
360860,1,1,1991,0,0,0,0,0,0,0,0,0,0
360862,1,1,1991,0,0,0,0,0,0,0,0,0,0
360862,2,1,1991,0,13,0,10,0,0,0,0,12,0
360863,1,1,1991,0,0,0,0,0,0,0,0,0,0
360864,1,1,1991,0,0,0,0,0,0,0,0,0,0
360864,2,1,1991,0,0,0,0,0,0,0,0,0,0
360864,3,1,1991,0,0,0,0,0,0,0,0,0,0
360865,1,1,1991,19,19,19,19,19,19,19,19,19,19
360866,0,1,1991,0,0,10,0,0,0,0,0,0,0
360866,1,1,1991,9,6,13,19,21,9,8,14,16,14
360867,0,1,1991,0,0,0,0,0,0,0,0,0,0
360867,1,1,1991,0,0,0,0,0,0,0,0,0,0
360868,1,1,1991,29,17,26,22,21,0,32,11,21,7
360869,1,1,1991,46,46,46,46,46,46,46,46,46,46
360870,1,1,1991,0,0,0,0,0,0,0,0,0,0
360870,2,1,1991,0,0,0,0,0,0,0,0,0,0
360871,1,1,1991,10,10,10,10,10,10,10,10,10,10
360871,2,1,1991,0,0,0,0,0,0,0,0,0,0
360872,1,1,1991,0,0,0,0,0,0,0,0,0,0
360873,1,1,1991,0,0,17,0,0,0,0,38,0,0
360874,0,1,1991,10,10,10,10,10,10,10,10,10,10
360874,1,1,1991,7,7,7,7,7,7,7,7,7,7
360875,0,1,1991,0,0,0,0,0,0,26,0,0,0
360875,1,1,1991,0,0,0,0,0,0,0,0,0,0
360876,1,1,1991,2,2,2,2,2,2,2,2,2,2
360877,1,1,1991,0,0,0,0,0,0,0,0,0,0
360877,2,1,1991,0,0,0,0,0,0,0,0,0,0
360878,0,1,1991,0,0,0,0,0,0,0,0,0,0
360878,1,1,1991,0,0,0,0,0,0,0,0,0,0
360879,0,1,1991,0,0,0,0,0,0,0,0,0,0
360879,1,1,1991,0,0,0,0,0,0,0,0,0,0
360880,0,1,1991,0,0,0,0,0,0,0,0,0,0
360880,1,1,1991,0,0,0,0,0,0,0,0,0,0
360881,1,1,1991,0,0,0,0,0,0,0,0,0,0
360881,2,1,1991,0,0,0,0,0,0,0,0,0,0
360881,3,1,1991,0,0,0,0,0,0,0,0,0,0
360881,4,1,1991,16,0,0,0,0,0,0,0,0,0
360882,1,1,1991,30,20,4,16,23,16,33,8,18,19
360882,2,1,1991,16,13,12,7,11,8,0,25,4,0
360882,3,1,1991,0,0,0,0,0,0,0,0,0,0
360883,0,1,1991,0,0,0,0,0,0,0,0,0,0
360883,1,1,1991,0,0,0,0,0,0,0,0,0,0
360884,1,1,1991,12,25,22,20,21,22,17,8,12,13
360885,1,1,1991,0,0,0,0,0,0,0,0,0,0
360885,2,1,1991,0,0,0,0,0,0,0,0,0,0
360886,1,1,1991,0,0,0,0,0,0,0,0,0,0
360886,2,1,1991,0,0,0,0,0,0,0,0,0,0
360887,1,1,1991,27,27,27,27,27,27,27,27,27,27
360888,1,1,1991,0,0,0,0,0,0,0,0,0,0
360888,2,1,1991,0,0,0,0,0,0,0,0,0,0
360889,1,1,1991,0,0,0,0,0,0,0,0,0,0
360889,2,1,1991,0,0,0,0,0,0,0,0,0,0
360890,1,1,1991,0,0,0,0,0,0,0,0,0,0
360890,2,1,1991,0,0,0,0,0,0,0,0,0,0
360891,1,1,1991,0,0,0,0,0,0,0,0,0,0
360892,1,1,1991,0,0,0,0,0,0,0,0,0,0
360893,1,1,1991,0,0,0,0,0,0,0,0,0,0
360893,2,1,1991,22,22,22,22,22,22,22,22,22,22
360894,1,1,1991,0,0,0,0,0,0,0,0,0,0
360895,1,1,1991,0,0,0,0,0,0,0,0,0,0
360895,2,1,1991,0,0,0,0,0,0,0,0,0,0
360895,3,1,1991,0,0,0,0,0,0,4,0,0,0
360896,0,1,1991,0,0,0,0,0,0,0,0,0,0
360896,1,1,1991,0,0,0,11,0,0,6,0,0,0
360897,1,1,1991,6,0,14,23,11,34,0,11,11,17
360897,2,1,1991,0,0,0,0,0,0,0,0,0,0
360898,1,1,1991,0,0,20,0,0,0,0,0,0,0
360898,2,1,1991,6,0,0,0,0,0,0,0,5,0
360899,1,1,1991,1,1,1,1,1,1,1,1,1,1
360899,2,1,1991,0,0,0,0,0,0,0,11,0,0
360900,1,1,1991,0,0,0,0,0,0,0,0,0,0
360900,2,1,1991,0,0,0,0,0,0,0,0,0,0
360901,1,1,1991,0,0,0,0,0,0,0,0,0,0
360901,2,1,1991,0,0,0,0,0,0,0,0,0,0
360901,3,1,1991,0,0,0,0,0,0,0,0,0,0
360901,4,1,1991,0,0,0,0,0,0,0,0,0,0
360901,5,1,1991,0,0,0,0,0,0,0,0,0,0
360901,6,1,1991,0,0,0,0,0,0,0,0,0,0
360902,1,1,1991,0,0,0,0,0,0,0,0,0,0
360902,2,1,1991,19,19,19,19,19,19,19,19,19,19
360903,1,1,1991,0,0,0,0,0,0,0,0,0,0
360904,1,1,1991,3,3,3,3,3,3,3,3,3,3
360905,0,1,1991,0,0,0,0,0,0,0,0,0,0
360905,1,1,1991,0,13,0,8,0,0,0,0,0,0
360906,1,1,1991,16,16,16,16,16,16,16,16,16,16
360906,2,1,1991,12,30,15,3,10,0,11,25,15,16
360907,0,1,1991,0,0,0,0,0,0,0,0,0,0
360907,1,1,1991,0,0,0,0,0,0,0,0,0,0
360908,1,1,1991,0,0,0,0,6,0,0,0,19,0
360908,2,1,1991,0,0,0,0,0,0,0,0,0,0
360908,3,1,1991,14,0,0,0,0,0,0,0,0,0
360909,1,1,1991,18,18,18,18,18,18,18,18,18,18
360910,1,1,1991,0,0,0,0,0,0,0,0,0,0
360911,0,1,1991,0,0,0,0,0,0,0,0,0,0
360911,1,1,1991,0,0,0,0,0,0,0,0,0,0
360912,1,1,1991,0,0,0,0,0,0,0,0,0,0
360913,1,1,1991,0,0,0,0,0,0,0,0,0,0
360914,1,1,1991,0,0,0,0,0,0,0,0,0,0
360915,0,1,1991,0,0,0,0,0,0,0,0,0,0
360915,1,1,1991,0,0,0,0,0,0,0,0,0,0
360916,1,1,1991,0,0,0,0,0,0,0,0,0,0
360916,2,1,1991,0,0,0,0,0,0,0,0,0,0
360917,1,1,1991,0,0,0,0,0,0,0,0,0,0
360917,2,1,1991,0,0,0,0,0,0,0,0,0,0
360918,0,1,1991,10,10,10,10,10,10,10,10,10,10
360918,1,1,1991,24,0,0,0,0,17,0,0,0,0
360919,1,1,1991,0,0,0,0,0,0,0,0,0,0
360920,0,1,1991,0,0,0,0,0,12,0,0,0,0
360920,1,1,1991,9,0,0,0,0,0,0,0,0,0
360921,0,1,1991,0,0,0,0,0,0,0,0,0,0
360921,1,1,1991,0,0,0,0,0,0,0,0,0,0
360922,1,1,1991,0,0,0,0,0,0,0,0,0,0
360922,2,1,1991,19,19,19,19,19,19,19,19,19,19
360923,1,1,1991,0,0,0,0,0,0,0,0,0,0
360924,0,1,1991,0,0,0,0,0,0,0,0,0,0
360924,1,1,1991,0,0,0,0,0,0,0,0,0,0
360925,0,1,1991,0,0,0,0,0,0,0,0,0,0
360925,1,1,1991,0,0,32,0,0,0,0,17,0,0
360926,0,1,1991,0,0,0,0,0,0,0,0,0,0
360926,1,1,1991,0,0,0,0,0,0,11,0,0,0
360927,1,1,1991,0,0,0,0,0,0,0,0,0,0
360927,2,1,1991,0,0,0,0,0,0,0,38,0,0
360928,0,1,1991,0,0,0,0,0,0,0,0,0,0
360928,1,1,1991,0,0,0,0,0,0,0,0,0,0
360929,1,1,1991,0,0,0,0,0,0,0,0,0,0
360930,1,1,1991,0,0,0,0,0,0,0,0,0,0
360930,2,1,1991,7,7,7,7,7,7,7,7,7,7
360931,0,1,1991,22,22,22,22,22,22,22,22,22,22
360931,1,1,1991,0,0,0,0,19,0,0,0,0,0
360932,1,1,1991,0,0,0,0,0,0,0,0,0,0
360932,2,1,1991,0,0,0,0,0,0,0,0,0,0
360933,1,1,1991,0,0,0,0,0,0,0,0,0,0
360934,1,1,1991,11,11,11,11,11,11,11,11,11,11
360935,1,1,1991,18,18,18,18,18,18,18,18,18,18
360936,1,1,1991,0,0,0,0,0,0,0,0,0,0
360937,0,1,1991,0,0,0,0,0,0,0,0,0,0
360937,1,1,1991,0,0,0,0,0,0,0,0,0,0
360938,1,1,1991,0,0,0,0,0,0,0,0,0,0
360938,2,1,1991,0,0,0,0,0,0,0,0,0,0
360939,0,1,1991,0,0,0,0,0,0,0,0,0,0
360939,0,2,1991,0,0,0,0,0,0,0,0,0,0
360939,1,1,1991,10,6,17,26,27,20,18,11,19,0
360940,1,1,1991,1,1,1,1,1,1,1,1,1,1
360940,2,1,1991,12,9,18,0,14,23,0,0,0,9
360941,1,1,1991,23,0,18,24,32,14,34,0,10,26
360942,0,1,1991,0,0,0,0,0,0,0,0,0,0
360942,1,1,1991,0,0,0,0,0,0,0,0,0,0
360943,1,1,1991,16,23,24,0,0,5,14,20,0,0
360944,1,1,1991,22,22,22,22,22,22,22,22,22,22
360945,1,1,1991,0,0,0,0,0,0,0,0,0,0
360946,0,1,1991,17,17,17,17,17,17,17,17,17,17
360946,1,1,1991,0,0,0,0,0,0,0,0,0,0
360947,1,1,1991,0,0,0,0,0,0,0,0,0,0
360948,0,1,1991,22,22,22,22,22,22,22,22,22,22
360948,1,1,1991,0,0,0,0,0,0,0,0,0,0
360949,1,1,1991,0,0,0,0,0,0,0,0,0,0
360949,2,1,1991,0,0,13,0,0,0,0,0,0,0
360950,1,1,1991,0,0,0,0,0,0,0,0,0,0
360950,2,1,1991,0,0,0,0,0,0,0,0,0,0
360951,1,2,1991,0,17,16,0,25,20,14,0,0,0
360952,1,1,1991,0,0,0,0,0,0,0,0,0,0
360952,2,1,1991,0,0,0,0,0,0,0,0,0,0
360953,1,1,1991,0,0,0,0,0,0,0,0,0,0
360953,2,1,1991,24,0,0,0,0,0,0,0,0,0
360954,0,1,1991,0,0,0,0,0,0,0,0,0,0
360954,1,1,1991,0,0,0,0,0,0,0,0,0,0
360955,1,1,1991,0,0,14,0,0,0,0,0,0,0
360955,2,1,1991,0,20,0,0,0,0,0,0,0,0
360956,0,1,1991,0,0,0,0,0,0,0,0,0,0
360956,1,1,1991,0,0,0,0,0,0,0,0,0,0
360957,1,1,1991,10,24,14,19,0,12,0,17,21,20
360957,2,1,1991,0,0,0,0,0,0,0,0,0,0
360958,1,1,1991,0,0,14,0,0,0,0,0,0,13
360958,2,1,1991,0,0,0,0,0,0,0,0,0,0
360959,0,1,1991,0,0,0,0,0,0,0,0,0,0
360959,1,1,1991,0,0,0,0,0,0,0,0,0,0
360960,1,1,1991,0,0,0,0,0,0,0,0,0,0
360961,0,1,1991,21,21,21,21,21,21,21,21,21,21
360961,1,1,1991,29,0,0,0,0,0,0,0,0,0
360962,0,1,1991,0,0,0,0,0,0,0,0,0,0
360962,1,1,1991,0,0,0,0,0,0,3,0,0,0
360962,2,1,1991,0,0,0,0,0,0,0,0,0,0
360963,1,1,1991,0,0,0,12,0,0,0,0,0,10