ST_CASE,VEH_NO,PER_NO,YEAR,P1,P2,P3,P4,P5,P6,P7,P8,P9,P10
360963,2,1,1991,0,0,0,0,0,0,0,0,0,0
360964,0,1,1991,0,0,0,0,5,0,11,0,0,0
360964,1,1,1991,0,0,0,0,0,0,0,0,0,0
360965,1,1,1991,0,0,0,0,0,0,0,0,0,0
360965,2,1,1991,0,0,0,0,0,0,19,0,0,0
360965,3,1,1991,0,0,0,0,0,0,0,0,0,0
360966,0,1,1991,0,0,0,0,0,0,0,0,0,0
360966,1,1,1991,0,0,0,0,0,0,0,0,0,0
360967,1,1,1991,0,24,0,11,0,0,0,0,7,0
360968,1,1,1991,0,0,0,0,0,0,0,0,0,0
360968,2,1,1991,0,0,0,0,0,0,0,0,0,0
360969,0,1,1991,0,0,0,0,0,0,0,0,0,0
360969,1,1,1991,0,0,0,4,0,0,0,0,0,0
360970,0,1,1991,15,15,15,15,15,15,15,15,15,15
360970,1,1,1991,8,8,8,8,8,8,8,8,8,8
360971,1,1,1991,0,0,0,0,0,0,0,0,25,0
360971,2,1,1991,1,1,1,1,1,1,1,1,1,1
360972,1,1,1991,0,7,0,0,0,0,0,10,0,0
360972,2,1,1991,30,10,0,7,0,16,12,7,26,5
360973,1,1,1991,0,0,0,0,0,0,0,0,0,0
360973,2,1,1991,0,0,0,0,0,0,0,0,0,0
360974,1,1,1991,23,23,23,23,23,23,23,23,23,23
360975,1,1,1991,0,0,0,0,0,0,0,0,0,0
360975,2,1,1991,0,0,0,0,0,0,0,0,0,0
360976,1,1,1991,0,0,0,0,0,0,0,0,0,0
360976,2,1,1991,0,0,0,0,0,0,0,0,0,0
360977,1,1,1991,17,17,17,17,17,17,17,17,17,17
360978,0,1,1991,0,0,0,0,0,0,0,0,0,0
360978,1,1,1991,8,11,27,0,20,6,16,22,36,0
360979,1,1,1991,0,0,0,0,0,0,0,0,0,0
360979,2,1,1991,0,0,0,0,0,0,0,0,0,0
360980,1,1,1991,0,0,0,0,0,0,0,0,0,0
360981,1,1,1991,23,23,23,23,23,23,23,23,23,23
360982,0,1,1991,0,0,0,0,0,0,0,0,0,0
360982,0,2,1991,0,0,0,0,38,0,0,0,0,0
360982,1,1,1991,0,0,0,0,0,0,0,0,0,0
360983,0,1,1991,0,0,0,0,0,0,0,0,0,0
360983,1,1,1991,11,23,10,8,9,9,11,5,9,21
360984,0,1,1991,0,0,0,0,0,0,0,0,0,0
360984,1,1,1991,0,0,0,0,0,0,0,0,0,0
360985,1,1,1991,4,4,4,4,4,4,4,4,4,4
360986,0,1,1991,0,0,0,5,7,14,29,9,22,0
360986,0,2,1991,13,11,39,15,6,30,17,15,29,18
360986,1,1,1991,26,12,13,8,6,19,8,19,19,20
360987,0,1,1991,0,0,0,0,0,0,0,0,0,0
360987,1,1,1991,0,0,0,0,0,0,0,0,0,0
360988,0,1,1991,0,0,0,0,0,0,0,0,0,0
360988,1,1,1991,0,0,0,0,0,0,0,0,0,0
360989,0,1,1991,0,0,0,0,0,0,0,0,0,0
360989,1,1,1991,0,0,0,0,0,0,0,0,0,0
360990,1,1,1991,0,0,0,0,0,0,0,0,0,0
360990,2,1,1991,0,0,0,0,0,0,0,0,0,0
360992,1,1,1991,15,15,15,15,15,15,15,15,15,15
360992,2,1,1991,0,0,0,0,0,0,0,0,0,0
360993,1,1,1991,0,0,0,0,0,0,0,0,0,0
360993,2,1,1991,0,0,0,0,0,0,0,0,0,0
360994,1,1,1991,0,0,0,0,0,0,0,0,0,0
360994,2,1,1991,0,0,0,0,0,0,0,0,0,0
360995,1,1,1991,0,0,0,0,0,0,0,0,0,0
360996,0,1,1991,0,0,0,0,0,0,0,0,0,0
360996,1,1,1991,0,0,0,0,0,0,0,0,0,0
360997,1,1,1991,31,0,0,0,0,0,0,0,10,0
360997,2,1,1991,0,0,0,0,0,0,0,0,0,0
360998,0,1,1991,0,0,0,0,0,0,0,0,0,0
360998,1,1,1991,0,0,0,0,0,0,0,0,0,0
360999,1,1,1991,0,0,0,0,0,0,0,0,0,0
360999,2,1,1991,0,0,0,0,0,14,0,0,0,0
361000,1,1,1991,0,0,0,0,0,17,0,0,0,0
361002,1,1,1991,23,32,29,41,25,12,22,15,0,8
361002,2,1,1991,17,25,23,12,22,0,9,3,0,7
361003,0,1,1991,25,8,28,23,0,27,18,0,0,40
361003,1,1,1991,0,0,0,0,0,0,0,0,0,0
361004,0,1,1991,0,0,0,0,0,0,0,0,0,0
361004,1,1,1991,16,10,3,8,23,18,7,6,8,11
361005,1,1,1991,9,9,9,9,9,9,9,9,9,9
361006,0,1,1991,4,0,31,0,35,0,0,0,0,0
361006,1,1,1991,0,0,0,0,0,0,0,0,0,0
361007,0,1,1991,13,0,21,21,0,31,0,48,0,0
361007,1,1,1991,0,0,0,0,0,0,0,0,0,0
361008,1,1,1991,34,16,7,0,9,15,15,15,8,14
361008,2,1,1991,0,0,0,0,0,0,0,0,0,0
361009,1,1,1991,0,0,0,0,0,0,0,0,0,0
361009,2,1,1991,11,18,19,21,13,13,8,11,21,22
361010,1,1,1991,0,0,0,0,0,0,0,0,0,0
361011,1,1,1991,1,1,1,1,1,1,1,1,1,1
361011,2,1,1991,15,15,15,15,15,15,15,15,15,15
361012,1,1,1991,0,0,0,0,0,0,0,0,0,0
361013,0,1,1991,0,0,0,0,0,0,0,0,0,0
361013,1,1,1991,0,0,0,0,0,0,0,0,0,0
361014,1,1,1991,0,18,0,0,0,0,0,0,0,0
361014,2,1,1991,0,0,0,0,0,0,0,0,0,0
361015,1,1,1991,0,0,0,0,0,0,0,0,0,0
361015,2,1,1991,0,0,0,0,0,0,0,0,0,0
361016,1,1,1991,0,0,0,0,0,0,0,0,0,0
361016,2,1,1991,0,0,0,0,0,0,0,0,0,0
361017,1,1,1991,0,0,0,0,0,0,0,0,0,0
361017,2,1,1991,18,18,18,18,18,18,18,18,18,18
361018,1,1,1991,11,11,11,11,11,11,11,11,11,11
361018,2,1,1991,10,10,10,10,10,10,10,10,10,10
361019,1,1,1991,0,0,0,0,0,0,0,0,0,0
361019,2,1,1991,0,0,0,0,0,0,0,0,0,0
361020,1,1,1991,0,0,0,0,0,0,13,14,0,0
361020,2,1,1991,0,0,0,0,0,0,0,0,0,0
361021,1,1,1991,0,0,0,0,0,0,0,0,0,0
361022,1,1,1991,0,0,0,0,0,0,0,0,0,0
361022,2,1,1991,0,0,0,13,0,0,0,0,0,0
361023,1,1,1991,0,0,0,0,0,0,0,0,0,0
361024,0,1,1991,0,0,25,0,36,17,21,33,0,0
361024,1,1,1991,0,0,0,0,0,0,0,0,0,0
361025,1,1,1991,0,0,0,5,0,0,12,0,0,0
361026,1,1,1991,0,0,0,4,0,0,0,0,0,0
361026,2,1,1991,0,0,0,0,0,0,0,0,0,0
361027,0,1,1991,0,0,72,0,17,0,30,0,0,0
361027,1,1,1991,0,0,0,0,0,0,0,0,0,0
361028,1,1,1991,0,0,0,0,0,0,0,0,0,0
361028,2,1,1991,0,0,0,0,0,0,0,0,0,0
361028,3,1,1991,0,0,0,0,0,0,0,0,0,0
361029,0,1,1991,0,0,0,0,0,0,0,0,0,0
361029,1,1,1991,0,0,0,0,0,0,0,0,0,0
361030,0,1,1991,0,0,0,0,0,0,0,0,0,0
361030,0,2,1991,0,0,0,0,24,7,19,0,0,4
361030,1,1,1991,0,0,0,0,0,0,0,0,0,0
361031,1,1,1991,0,0,0,0,0,0,0,0,0,0
361031,2,1,1991,0,0,0,0,0,0,0,0,0,0
361032,0,1,1991,0,0,0,7,0,0,0,0,0,0
361032,1,1,1991,0,0,0,0,0,0,0,0,0,0
361033,1,1,1991,0,0,0,0,0,0,0,0,0,0
361034,1,1,1991,16,16,16,16,16,16,16,16,16,16
361034,2,1,1991,0,0,0,0,0,0,0,0,0,0
361035,0,1,1991,7,7,7,7,7,7,7,7,7,7
361035,1,1,1991,0,0,0,0,0,0,0,0,0,0
361036,1,1,1991,0,0,0,0,0,0,0,0,0,0
361036,2,1,1991,0,0,0,0,0,0,0,0,0,0
361036,3,1,1991,0,0,0,0,0,0,0,0,0,0
361037,1,1,1991,0,0,0,0,0,0,0,0,0,0
361037,2,1,1991,0,0,0,0,0,0,0,0,0,0
361038,0,1,1991,23,23,23,23,23,23,23,23,23,23
361038,1,1,1991,0,0,8,0,0,0,0,0,0,0
361039,1,1,1991,0,0,0,0,0,0,0,0,0,0
361040,1,1,1991,0,0,0,0,0,0,0,0,0,0
361040,2,1,1991,0,0,0,0,0,0,0,0,0,0
361041,1,1,1991,0,0,0,0,0,0,0,0,0,0
361041,2,1,1991,0,0,0,0,0,0,0,0,0,0
361042,1,1,1991,0,0,0,0,0,0,0,0,0,0
361042,2,1,1991,0,0,0,0,0,0,0,0,0,0
361043,1,1,1991,21,21,21,21,21,21,21,21,21,21
361044,0,1,1991,15,15,15,15,15,15,15,15,15,15
361044,0,2,1991,0,19,21,0,0,0,0,17,0,7
361044,0,3,1991,7,7,7,7,7,7,7,7,7,7
361044,1,1,1991,24,22,14,15,26,18,13,17,7,6
361045,1,1,1991,0,0,0,0,0,0,0,0,0,0
361046,1,1,1991,16,8,11,10,30,26,16,15,12,14
361047,1,1,1991,0,0,0,0,0,0,0,0,0,0
361047,2,1,1991,0,0,0,0,0,0,0,0,0,0
361048,1,1,1991,24,24,24,24,24,24,24,24,24,24
361049,1,1,1991,17,13,13,45,12,19,18,4,10,12
361050,1,1,1991,0,0,0,0,0,0,0,0,0,0
361050,2,1,1991,0,0,0,0,0,0,12,0,0,0
361051,1,1,1991,34,34,34,34,34,34,34,34,34,34
361051,2,1,1991,0,0,0,0,0,0,0,0,0,0
361052,1,1,1991,9,9,9,9,9,9,9,9,9,9
361053,1,1,1991,9,14,9,37,28,17,20,11,13,10
361054,1,1,1991,10,13,18,7,5,16,17,10,15,3
361055,0,1,1991,0,0,0,0,0,0,0,0,0,0
361055,1,1,1991,0,0,0,0,0,0,0,0,0,0
361056,1,1,1991,0,0,0,6,0,0,0,0,0,0
361057,1,1,1991,0,0,0,0,0,0,0,0,0,0
361057,2,1,1991,0,0,0,0,0,0,0,0,0,0
361058,1,1,1991,15,15,15,15,15,15,15,15,15,15
361059,1,1,1991,0,0,0,0,0,0,0,0,0,0
361060,1,1,1991,0,0,0,0,0,0,0,0,0,0
361060,2,1,1991,0,2,0,0,0,0,0,0,0,0
361061,1,1,1991,0,0,0,0,0,0,0,0,0,0
361061,2,1,1991,0,0,0,0,0,21,15,0,0,0
361062,0,1,1991,0,0,0,0,0,0,0,0,0,0
361062,1,1,1991,0,0,0,0,0,0,0,0,17,0
361063,1,1,1991,10,10,10,10,10,10,10,10,10,10
361063,2,1,1991,0,0,0,0,0,0,0,0,0,0
361064,1,1,1991,0,0,0,0,0,0,0,0,0,0
361065,1,1,1991,27,27,27,27,27,27,27,27,27,27
361066,1,1,1991,0,0,0,0,0,0,0,0,0,0
361066,2,1,1991,0,0,0,0,0,0,0,0,0,0
361067,1,1,1991,0,0,0,0,0,0,0,0,0,0
361067,2,1,1991,0,0,0,0,0,0,0,0,0,0
361068,1,1,1991,22,22,22,22,22,22,22,22,22,22
361068,2,1,1991,0,0,0,18,0,35,16,31,19,12
361069,0,1,1991,0,0,0,0,0,0,0,0,0,0
361069,1,1,1991,17,0,0,0,29,0,0,0,0,0
361070,1,1,1991,24,24,24,24,24,24,24,24,24,24
361071,1,1,1991,0,0,0,0,0,0,0,0,0,29
361071,2,1,1991,0,0,0,0,0,0,0,0,0,0
361073,1,1,1991,0,0,0,0,0,0,0,0,0,0
361073,2,1,1991,10,0,0,0,0,19,0,0,0,0
361074,0,1,1991,0,0,0,0,0,0,0,0,0,0
361074,1,1,1991,0,0,0,0,0,0,0,0,0,0
361075,1,1,1991,22,22,22,22,22,22,22,22,22,22
361076,1,1,1991,0,0,0,0,0,0,0,0,0,0
361076,2,1,1991,0,0,0,0,0,0,0,0,0,0
361077,1,1,1991,0,0,0,19,17,0,13,5,12,0
361078,1,1,1991,0,0,0,0,0,0,0,0,0,0
361078,2,1,1991,0,0,0,0,0,0,0,0,0,0
361079,1,1,1991,0,0,0,0,0,0,0,0,0,0
361080,0,1,1991,3,3,3,3,3,3,3,3,3,3
361080,1,1,1991,0,0,0,0,0,0,0,0,0,0
361081,1,1,1991,0,0,0,0,0,0,0,0,0,0
361081,2,1,1991,0,0,0,0,0,0,0,0,0,0
361082,0,1,1991,0,0,0,0,0,0,0,0,0,0
361082,1,1,1991,0,0,0,0,0,0,0,0,0,0
361082,2,1,1991,8,18,0,0,0,0,0,0,0,0
361083,1,1,1991,0,0,0,0,0,0,0,0,0,0
361084,1,1,1991,0,0,0,0,0,0,0,0,0,0
361084,2,1,1991,0,0,0,0,0,0,15,0,0,0
361085,1,1,1991,27,20,23,14,22,8,23,20,0,17
361085,2,1,1991,10,10,10,10,10,10,10,10,10,10
361086,1,1,1991,0,0,0,0,0,0,0,0,0,0
361087,1,1,1991,0,0,0,0,0,0,0,0,0,0
361087,2,1,1991,0,0,0,0,0,0,0,0,0,0
361088,0,1,1991,0,0,0,0,10,35,0,0,0,0
361088,1,1,1991,0,0,0,0,0,0,0,0,0,0
361089,1,1,1991,21,26,15,11,18,26,23,15,12,29
361089,2,1,1991,0,0,0,0,0,0,0,0,0,0
361090,1,1,1991,0,0,0,0,0,0,0,0,0,0
361090,2,1,1991,0,0,0,0,0,0,0,0,0,0
361090,3,1,1991,0,0,0,0,0,0,0,0,0,0
361090,4,1,1991,0,0,0,0,0,0,0,0,0,0
361091,1,1,1991,0,0,0,0,0,0,0,0,0,0
361091,2,1,1991,0,0,0,0,0,0,0,29,0,0
361092,1,1,1991,20,24,20,13,0,0,18,0,21,0
361093,0,1,1991,0,0,0,0,0,0,0,0,0,0
361093,0,2,1991,0,0,0,0,0,0,0,14,0,0
361093,1,1,1991,0,0,0,0,0,0,0,0,0,0
361094,1,1,1991,0,0,0,0,0,0,0,0,0,0
361094,2,1,1991,28,28,28,28,28,28,28,28,28,28
361095,1,1,1991,0,12,0,0,18,23,19,18,0,0
361096,1,1,1991,0,0,0,0,0,0,0,0,0,0
361096,2,1,1991,0,0,0,0,0,0,0,0,0,0
361097,1,1,1991,8,8,8,8,8,8,8,8,8,8
361097,2,1,1991,13,0,0,0,0,0,0,0,0,0
361098,1,1,1991,0,0,0,0,0,0,0,0,0,0
361098,2,1,1991,0,0,0,0,0,0,0,0,0,0
361099,0,1,1991,0,0,0,0,0,0,0,0,0,0
361099,1,1,1991,0,0,0,0,0,0,0,0,0,0
361100,1,1,1991,0,0,0,0,0,0,0,0,0,0
361101,1,1,1991,0,0,0,0,0,0,0,0,0,0
361102,1,1,1991,0,0,0,0,0,0,0,0,0,0
361102,2,1,1991,0,0,0,0,0,0,0,0,0,0
361103,1,1,1991,0,0,0,0,0,0,0,0,0,0
361103,2,1,1991,0,0,0,0,0,0,0,0,0,0
361104,1,1,1991,0,0,0,0,0,0,0,0,0,0
361104,2,1,1991,0,0,0,0,0,0,0,0,0,0
361105,1,1,1991,0,0,0,0,0,0,0,0,0,0
361105,2,1,1991,0,0,0,0,0,0,0,0,0,0
361106,0,1,1991,0,0,0,0,0,0,0,0,0,0
361106,1,1,1991,0,0,0,0,0,0,0,0,0,0
361107,0,1,1991,15,11,31,21,0,17,0,8,0,0
361107,1,1,1991,0,0,0,14,3,0,12,0,0,15
361108,0,1,1991,0,0,0,0,0,0,0,0,0,0
361108,1,1,1991,0,0,0,0,0,0,0,0,0,0
361109,1,1,1991,12,17,36,25,16,9,10,13,23,5
361110,1,1,1991,30,25,16,14,16,15,32,27,23,24
361111,1,1,1991,18,18,18,18,18,18,18,18,18,18
361112,0,1,1991,0,0,0,0,0,0,0,0,0,0
361112,1,1,1991,9,0,0,0,0,0,0,0,0,0
361113,0,1,1991,0,0,0,0,0,0,0,0,0,0
361113,1,1,1991,0,0,0,0,0,0,0,0,0,0
361114,0,1,1991,0,0,0,0,0,0,0,6,0,0
361114,1,1,1991,0,0,0,0,0,0,0,0,0,0
361115,0,1,1991,0,0,0,0,0,0,0,0,0,0
361115,1,1,1991,0,0,0,0,0,0,0,0,0,0
361116,0,1,1991,0,0,0,0,0,0,0,0,0,0
361116,1,1,1991,3,21,13,15,11,21,16,9,0,17
361117,1,1,1991,0,0,0,0,0,0,0,0,0,0
361117,2,1,1991,15,5,12,16,18,17,25,37,12,20
361118,1,1,1991,0,0,0,0,0,0,0,0,0,0
361118,2,1,1991,0,0,0,0,0,0,0,0,0,0
361119,0,1,1991,0,0,0,0,0,0,0,0,0,0
361119,1,1,1991,0,0,0,0,0,0,0,0,0,0
361120,0,1,1991,0,18,22,3,12,0,0,0,18,17
361120,1,1,1991,29,11,25,44,25,0,15,12,27,17
361121,0,1,1991,0,0,0,0,0,0,0,0,0,0
361121,1,1,1991,0,0,0,0,0,0,0,0,0,0
361122,0,1,1991,0,0,0,0,0,0,0,0,0,0
361122,1,1,1991,0,0,0,0,0,0,0,0,0,0
361123,0,1,1991,32,32,32,32,32,32,32,32,32,32
361123,1,1,1991,0,0,0,0,0,0,0,0,0,0
361124,0,1,1991,0,0,0,0,0,0,0,0,0,0
361124,1,1,1991,0,0,0,0,0,0,0,0,0,0
361125,1,1,1991,0,0,0,0,0,0,0,0,0,0
361125,2,1,1991,0,0,0,0,0,0,0,0,0,0
361125,3,1,1991,0,0,0,0,0,0,0,0,0,0
361126,0,1,1991,30,30,30,30,30,30,30,30,30,30
361126,1,1,1991,26,9,5,23,17,18,10,24,7,11
361127,1,1,1991,0,0,0,0,0,0,0,0,0,0
361127,2,1,1991,0,0,0,0,0,0,0,0,0,0
361128,0,1,1991,0,0,0,0,38,36,0,0,0,33
361128,1,1,1991,30,13,3,20,27,35,6,18,0,9
361128,2,1,1991,0,18,0,0,0,0,0,0,0,0
361129,1,1,1991,0,0,10,0,0,33,0,15,0,0
361130,1,1,1991,0,0,0,0,0,0,0,0,0,0
361130,2,1,1991,0,0,0,0,0,0,8,0,0,0
361131,1,1,1991,0,0,0,0,0,0,0,0,0,0
361131,2,1,1991,20,0,19,17,17,19,33,14,19,21
361132,0,1,1991,5,5,5,5,5,5,5,5,5,5
361132,1,1,1991,0,15,0,0,0,0,0,9,0,0
361133,0,1,1991,27,27,27,27,27,27,27,27,27,27
361133,1,1,1991,0,18,0,0,0,20,5,6,0,0
361134,1,1,1991,19,9,15,10,11,20,11,24,19,12
361135,1,1,1991,5,13,12,9,11,10,16,10,15,3
361136,0,1,1991,0,0,0,0,16,0,0,30,0,0
361136,1,1,1991,0,0,0,0,0,0,0,0,0,0
361137,1,1,1991,0,0,16,0,0,0,0,0,0,0
361138,1,1,1991,0,0,0,0,0,0,0,0,0,0
361138,2,1,1991,0,0,0,0,0,0,0,0,0,0
361139,1,1,1991,11,0,11,26,24,4,40,16,12,28
361140,1,1,1991,10,23,23,24,5,24,2,14,8,4
361141,1,1,1991,29,29,29,29,29,29,29,29,29,29
361142,1,1,1991,17,17,23,11,22,23,24,16,25,15
361143,0,1,1991,0,0,0,0,0,0,0,0,0,0
361143,1,1,1991,0,0,0,0,0,0,0,0,9,0
361144,1,1,1991,17,17,17,17,17,17,17,17,17,17
361145,0,1,1991,0,0,0,0,0,0,0,0,0,0
361145,1,1,1991,0,0,0,0,0,0,0,0,0,0
361146,0,1,1991,0,0,0,0,0,0,0,0,0,0
361146,0,2,1991,0,0,0,0,0,0,0,0,0,0
361146,1,1,1991,0,0,0,0,0,0,0,0,0,0
361146,2,1,1991,0,0,11,0,0,0,0,0,0,0
361147,1,1,1991,0,0,0,0,0,0,0,0,0,0
361147,2,1,1991,10,0,0,10,0,33,21,22,27,20
361148,0,1,1991,12,12,12,12,12,12,12,12,12,12
361148,1,1,1991,0,0,0,0,0,0,0,0,0,0
361149,1,1,1991,0,17,22,14,10,17,21,12,4,19
361150,1,1,1991,0,0,0,0,0,0,0,0,0,0
361151,1,1,1991,0,0,0,0,0,0,0,0,0,0
361152,0,1,1991,0,0,0,0,35,22,0,0,0,0
361152,1,1,1991,0,0,0,0,0,0,0,0,0,0
361153,0,1,1991,0,0,0,0,0,0,0,0,0,0
361153,1,1,1991,0,0,0,0,0,0,0,0,0,0
361154,1,1,1991,6,0,9,0,0,0,0,0,0,0
361154,2,1,1991,23,0,0,13,0,0,0,14,0,0
361155,1,1,1991,17,17,17,17,17,17,17,17,17,17
361156,1,1,1991,0,0,0,0,0,0,0,0,0,0
361156,2,1,1991,0,0,0,0,0,0,0,0,21,0
361157,1,1,1991,0,0,0,0,0,0,0,0,0,0
361158,0,1,1991,0,0,0,0,0,0,0,0,0,0
361158,1,1,1991,0,0,0,0,0,0,0,0,0,0
361159,1,1,1991,20,20,20,20,20,20,20,20,20,20
361160,0,1,1991,0,0,0,0,0,0,0,0,0,0
361160,1,1,1991,0,0,0,0,0,0,0,0,0,0
361160,2,1,1991,0,0,0,0,0,0,0,0,0,0
361160,3,1,1991,0,0,0,0,0,0,0,0,0,0
361161,1,1,1991,22,22,22,22,22,22,22,22,22,22
361161,2,1,1991,0,0,0,0,0,0,0,0,0,0
361162,0,1,1991,0,0,0,0,0,29,0,0,0,28
361162,1,1,1991,0,0,0,0,0,0,0,0,0,0
361163,1,1,1991,0,0,0,0,0,0,0,0,0,0
361163,2,1,1991,0,0,22,0,0,0,0,0,0,0
361163,3,1,1991,0,0,0,0,0,0,0,0,0,0
361163,4,1,1991,0,0,0,0,0,0,0,0,0,0
361163,5,1,1991,0,0,0,0,0,0,0,0,0,0
361163,6,1,1991,0,0,0,0,0,0,0,0,0,0
361163,7,1,1991,0,0,0,0,0,0,0,0,0,0
361163,8,1,1991,0,0,0,0,0,0,0,0,0,0
361164,0,1,1991,21,0,0,0,23,0,12,0,0,0
361164,1,1,1991,0,9,19,0,0,0,11,7,0,0
361165,1,1,1991,0,0,0,0,0,0,0,0,0,0
361166,1,1,1991,28,16,17,26,20,24,6,14,13,8
361167,0,1,1991,0,0,0,0,0,0,0,0,0,0
361167,1,1,1991,0,0,0,0,0,0,0,0,0,0
361168,1,1,1991,14,0,31,0,0,4,0,24,0,0
361169,1,1,1991,0,0,0,0,0,0,0,0,0,0
361170,1,1,1991,0,0,0,0,0,0,0,0,0,0
361171,1,1,1991,0,0,0,0,0,0,16,0,0,0
361171,2,1,1991,0,0,0,0,0,0,0,0,0,0
361172,1,1,1991,0,0,0,0,0,0,0,0,0,0
361172,2,1,1991,0,0,0,0,0,0,0,0,0,0
361173,1,1,1991,0,0,0,0,0,0,0,0,0,0
361174,1,1,1991,16,16,16,16,16,16,16,16,16,16
361174,2,1,1991,0,0,0,0,0,0,0,0,0,0
361175,0,1,1991,14,14,14,14,14,14,14,14,14,14
361175,1,1,1991,0,0,0,0,0,0,0,0,0,0
361176,1,1,1991,9,0,0,0,0,0,0,0,0,0
361176,2,1,1991,0,0,0,0,0,0,0,0,0,0
361177,1,1,1991,0,0,0,0,0,0,0,0,0,0
361177,2,1,1991,0,0,0,0,0,0,0,0,0,0
361177,3,1,1991,0,0,0,0,0,0,0,0,0,0
361177,4,1,1991,0,0,0,0,0,0,0,0,0,0
361177,5,1,1991,0,0,0,0,0,0,0,0,0,0
361178,1,1,1991,0,0,0,0,0,0,14,0,0,0
361178,2,1,1991,0,0,0,0,0,0,0,0,0,0
361179,0,1,1991,0,0,0,0,0,0,14,0,0,0
361179,0,2,1991,0,0,0,0,0,0,0,0,0,0
361179,1,1,1991,0,0,17,4,0,0,0,0,0,10
361180,1,1,1991,16,20,22,15,14,6,0,8,10,16
361181,1,1,1991,0,15,0,19,0,0,0,0,0,0
361182,1,1,1991,0,0,0,0,0,0,0,0,0,0
361182,2,1,1991,0,0,0,0,0,0,0,0,0,0
361183,1,1,1991,0,0,0,0,0,0,0,0,0,0
361184,0,1,1991,23,0,0,37,0,0,0,0,0,0
361184,1,1,1991,11,11,11,11,11,11,11,11,11,11
361185,1,1,1991,0,0,0,0,0,0,0,0,0,0
361185,2,1,1991,5,5,5,5,5,5,5,5,5,5
361185,3,1,1991,0,0,0,0,0,0,0,0,0,0
361185,4,1,1991,0,0,0,0,0,0,0,0,0,0
361186,1,1,1991,0,0,0,0,0,0,0,0,0,0
361187,1,1,1991,0,0,0,0,0,0,0,0,0,0
361188,1,1,1991,0,0,0,0,0,0,0,0,0,0
361188,2,1,1991,0,0,0,0,0,0,0,0,0,0
361189,1,1,1991,0,0,0,0,0,0,0,0,0,0
361190,0,1,1991,38,10,14,16,0,0,31,37,0,0
361190,1,1,1991,0,0,0,0,0,0,0,9,0,0
361191,0,1,1991,0,4,18,0,27,29,16,6,23,18
361191,1,1,1991,0,0,0,0,0,0,0,0,0,0
361192,1,1,1991,5,5,5,5,5,5,5,5,5,5
361192,2,1,1991,0,0,0,0,0,0,0,0,0,0
361193,1,1,1991,0,0,0,0,0,0,0,0,0,0
361193,2,1,1991,0,0,0,0,0,0,0,0,0,0
361193,3,1,1991,0,0,0,0,0,0,0,0,0,0
361194,1,1,1991,0,0,0,0,0,0,14,0,0,0
361194,2,1,1991,13,13,13,13,13,13,13,13,13,13
361195,1,1,1991,12,0,0,0,21,14,0,0,0,0
361195,2,1,1991,22,0,0,0,0,33,0,6,15,0
361196,1,1,1991,16,16,16,16,16,16,16,16,16,16
361196,2,1,1991,0,0,0,0,0,0,0,0,0,0
361196,3,1,1991,0,0,0,0,0,0,0,0,0,0
361197,1,1,1991,0,0,21,0,15,0,0,0,0,0
361198,1,1,1991,7,7,7,7,7,7,7,7,7,7
361199,0,1,1991,0,0,0,0,0,0,0,0,0,0
361199,1,1,1991,0,0,0,0,0,0,0,0,0,0
361200,1,1,1991,0,28,17,15,0,26,33,8,31,0
361201,1,1,1991,0,0,0,0,0,0,0,0,0,0
361202,1,1,1991,8,15,15,17,7,0,4,18,5,0
361203,0,1,1991,0,0,0,0,0,0,0,0,0,0
361203,1,1,1991,0,0,14,0,3,0,0,0,0,0
361204,1,1,1991,0,0,0,0,0,0,0,0,0,8
361205,1,1,1991,0,0,0,0,0,0,0,0,0,0
361205,2,1,1991,0,0,0,0,0,0,0,0,0,0
361206,1,1,1991,0,10,0,0,0,0,0,0,0,0
361206,2,1,1991,0,0,10,0,0,0,9,0,0,0
361207,1,1,1991,0,9,0,24,0,7,10,0,0,0
361208,1,1,1991,0,0,0,0,0,0,0,0,0,0
361208,2,1,1991,0,0,0,0,0,0,0,0,0,0
361209,0,1,1991,0,0,0,0,0,0,0,0,0,0
361209,1,1,1991,0,0,0,0,0,0,0,0,0,0
361210,1,1,1991,24,24,24,24,24,24,24,24,24,24
361211,0,1,1991,0,0,0,0,0,0,0,0,0,0
361211,1,1,1991,0,0,25,10,24,0,0,19,0,0
361212,1,1,1991,0,23,0,0,0,0,0,0,0,0
361213,1,1,1991,0,0,0,0,0,0,0,0,0,0
361213,2,1,1991,0,0,0,0,0,0,0,0,0,0
361214,1,1,1991,13,17,13,5,11,17,7,13,29,18
361214,2,1,1991,0,0,0,0,0,0,0,0,0,0
361215,1,1,1991,0,0,0,0,0,14,0,0,0,0
361216,1,1,1991,0,0,0,0,0,0,0,0,0,0
361216,2,1,1991,0,0,0,0,0,0,0,0,0,0
361216,3,1,1991,0,0,0,0,0,0,0,0,0,0
361216,4,1,1991,0,0,0,0,0,0,0,0,0,0
361217,1,1,1991,0,0,0,0,0,0,0,0,0,0
361217,2,1,1991,0,0,0,0,0,0,0,0,0,0
361218,1,1,1991,0,0,0,0,0,0,0,0,0,0
361218,2,1,1991,0,0,0,0,0,0,0,0,0,0
361219,1,1,1991,0,0,0,0,0,0,0,0,0,0
361219,2,1,1991,0,0,0,0,0,0,0,0,0,0
361220,1,1,1991,0,0,0,0,0,0,0,0,0,0
361221,1,1,1991,0,0,5,14,12,0,9,13,8,19
361222,1,1,1991,0,0,0,0,0,0,0,0,0,0
361222,2,1,1991,0,0,0,0,0,0,0,0,0,0
361223,1,1,1991,4,4,4,4,4,4,4,4,4,4
361224,0,1,1991,0,0,0,0,0,0,0,0,0,0
361224,1,1,1991,0,0,0,0,0,0,0,0,0,0
361225,1,1,1991,1,1,1,1,1,1,1,1,1,1
361226,1,1,1991,24,0,0,0,6,0,0,0,0,0
361228,0,1,1991,19,0,0,0,0,15,0,0,0,0
361228,1,1,1991,0,0,0,0,0,0,0,0,0,0