ST_CASE,VEH_NO,PER_NO,YEAR,P1,P2,P3,P4,P5,P6,P7,P8,P9,P10
361229,1,1,1991,24,23,9,20,23,22,0,18,24,10
361230,1,1,1991,0,0,0,0,0,20,0,0,0,0
361231,0,1,1991,0,0,16,0,0,0,7,3,0,12
361231,1,1,1991,0,0,0,0,0,0,0,0,0,0
361231,2,1,1991,0,0,0,0,0,0,0,0,0,0
361232,1,1,1991,0,0,0,17,0,0,0,0,19,34
361233,1,1,1991,0,0,0,0,0,0,0,0,0,0
361233,2,1,1991,0,0,0,0,0,0,0,0,0,0
361234,1,1,1991,19,19,19,15,17,9,9,22,26,19
361235,0,1,1991,0,0,0,0,0,0,0,0,0,0
361235,1,1,1991,0,0,0,0,0,0,0,0,0,0
361236,1,1,1991,0,0,0,0,0,0,0,0,0,0
361236,2,1,1991,0,0,0,0,0,0,0,0,0,0
361237,0,1,1991,0,0,0,0,0,0,0,0,0,0
361237,1,1,1991,0,0,0,0,0,0,0,0,0,0
361238,1,1,1991,18,18,18,18,18,18,18,18,18,18
361238,2,1,1991,0,0,0,0,0,0,0,0,0,0
361239,0,1,1991,21,0,0,0,0,0,0,0,32,0
361239,1,1,1991,0,0,0,0,0,0,0,0,0,0
361240,1,1,1991,0,0,0,0,0,0,0,0,0,0
361240,2,1,1991,0,0,0,0,0,0,0,0,0,0
361241,1,1,1991,0,0,0,0,0,0,0,0,0,0
361241,2,1,1991,0,0,0,0,0,0,0,0,0,0
361242,1,1,1991,23,23,23,23,23,23,23,23,23,23
361243,1,1,1991,0,0,0,0,0,0,0,0,0,0
361243,2,1,1991,0,0,0,0,0,0,0,0,0,0
361244,1,1,1991,0,0,0,0,0,0,0,0,0,0
361245,1,1,1991,20,20,20,20,20,20,20,20,20,20
361245,2,1,1991,0,0,0,0,0,0,0,0,0,0
361246,1,1,1991,25,25,25,25,25,25,25,25,25,25
361247,1,1,1991,0,0,0,0,0,0,0,0,0,0
361247,2,1,1991,0,0,0,0,0,0,0,0,0,0
361248,0,1,1991,12,12,12,12,12,12,12,12,12,12
361248,1,1,1991,0,0,0,0,0,0,6,0,0,0
361249,0,1,1991,0,0,0,0,0,0,0,0,0,0
361249,1,1,1991,0,0,0,0,0,0,0,0,0,0
361250,0,1,1991,0,0,0,0,0,0,0,0,0,0
361250,1,1,1991,0,0,0,0,0,0,0,0,0,0
361251,1,1,1991,0,0,0,0,0,0,0,0,0,0
361252,0,1,1991,8,0,0,0,0,0,0,0,0,0
361252,1,1,1991,0,0,18,4,0,0,0,0,0,0
361253,1,1,1991,23,23,23,23,23,23,23,23,23,23
361253,2,1,1991,0,0,11,0,0,0,0,0,0,29
361254,1,1,1991,0,0,0,0,0,0,0,0,0,0
361254,2,1,1991,0,0,0,0,0,0,0,0,0,0
361255,0,1,1991,0,0,0,0,0,0,0,0,0,0
361255,1,1,1991,0,0,0,0,0,0,0,0,0,0
361256,1,1,1991,0,0,0,0,0,0,0,0,0,0
361256,2,1,1991,0,0,0,0,0,0,0,0,0,0
361257,0,1,1991,0,0,0,0,0,0,0,0,0,0
361257,1,1,1991,0,0,0,0,0,0,0,0,0,0
361258,1,1,1991,0,0,0,0,0,0,0,0,0,0
361258,2,1,1991,0,0,0,0,0,0,0,0,0,0
361258,3,1,1991,0,0,0,0,0,0,0,0,0,0
361259,0,1,1991,0,0,0,0,0,0,0,0,0,0
361259,1,1,1991,0,0,0,0,0,0,0,0,0,0
361260,1,1,1991,0,0,0,0,0,0,0,0,0,0
361260,2,1,1991,15,20,8,19,12,13,2,13,0,18
361261,1,1,1991,0,0,0,0,0,0,0,0,0,6
361261,2,1,1991,0,0,0,0,0,0,0,0,0,0
361262,0,1,1991,0,0,0,0,0,0,0,0,0,0
361262,1,1,1991,0,0,0,0,0,0,0,0,0,0
361263,0,1,1991,0,0,0,0,0,0,0,0,0,0
361263,1,1,1991,15,13,10,13,13,9,31,14,5,6
361264,1,1,1991,22,28,0,0,0,26,24,15,10,22
361265,1,1,1991,0,0,0,0,0,0,0,0,0,0
361266,1,1,1991,0,0,0,0,0,0,0,0,0,0
361266,2,1,1991,0,0,0,0,0,0,0,0,0,0
361267,1,1,1991,18,0,29,14,9,26,4,18,10,24
361268,1,1,1991,0,0,0,0,14,18,0,0,17,0
361268,2,1,1991,13,9,32,30,17,27,39,0,0,0
361269,1,1,1991,0,0,0,0,0,0,0,0,0,0
361269,2,1,1991,0,0,0,0,0,0,0,0,0,0
361270,0,1,1991,0,0,0,15,0,12,0,0,0,0
361270,1,1,1991,0,0,0,0,0,0,0,0,0,0
361271,1,1,1991,0,8,7,6,6,14,10,21,2,11
361271,2,1,1991,0,0,0,0,0,0,0,0,0,0
361272,1,1,1991,9,0,23,0,0,28,0,0,0,28
361273,0,1,1991,0,0,0,0,0,0,0,0,0,0
361273,1,1,1991,0,0,0,0,0,0,0,0,0,0
361274,0,1,1991,0,0,0,0,0,0,0,0,0,0
361274,1,1,1991,9,9,9,9,9,9,9,9,9,9
361275,1,1,1991,21,21,21,21,21,21,21,21,21,21
361276,0,1,1991,0,0,0,0,0,0,0,0,0,0
361276,1,1,1991,0,0,0,0,0,0,0,0,0,0
361277,0,1,1991,19,19,19,19,19,19,19,19,19,19
361277,1,1,1991,5,0,0,0,19,7,11,0,0,0
361278,1,1,1991,13,13,13,13,13,13,13,13,13,13
361279,1,1,1991,0,0,0,0,0,0,10,0,0,0
361279,2,1,1991,0,0,0,0,0,0,0,0,0,0
361280,1,1,1991,8,0,0,0,0,6,0,13,0,0
361280,2,1,1991,0,0,0,0,0,0,0,0,0,0
361280,3,1,1991,0,27,13,19,0,14,24,26,22,13
361281,1,1,1991,7,18,0,0,0,0,0,0,0,0
361281,2,1,1991,15,13,17,14,15,0,14,19,30,12
361282,1,1,1991,13,10,16,13,12,17,17,19,7,12
361283,0,1,1991,19,19,19,19,19,19,19,19,19,19
361283,1,1,1991,0,0,0,0,0,12,0,21,0,0
361284,0,1,1991,0,0,0,0,0,0,0,0,0,0
361284,1,1,1991,0,0,0,7,0,0,0,0,0,0
361285,1,1,1991,0,0,0,0,0,0,0,0,0,0
361286,0,1,1991,0,0,0,0,0,0,0,0,0,0
361286,1,1,1991,0,0,0,0,0,0,0,0,0,0
361287,1,1,1991,0,0,0,0,0,0,0,0,0,0
361287,2,1,1991,0,0,0,0,0,0,0,0,0,0
361288,1,1,1991,0,0,0,0,0,0,0,0,0,0
361288,2,1,1991,0,0,0,0,0,0,0,0,0,0
361289,1,1,1991,0,13,3,0,0,13,24,26,13,0
361290,0,1,1991,0,0,0,0,0,0,0,0,0,0
361290,1,1,1991,0,0,0,0,0,0,0,0,0,0
361290,2,1,1991,0,0,0,0,0,0,0,0,0,0
361291,1,1,1991,0,0,0,0,0,0,0,0,0,0
361291,2,1,1991,0,0,0,0,0,0,0,0,0,0
361292,0,1,1991,14,14,14,14,14,14,14,14,14,14
361292,1,1,1991,0,0,0,0,0,0,0,0,0,0
361293,0,1,1991,0,0,0,0,0,0,0,0,0,0
361293,1,1,1991,0,0,0,0,0,0,0,0,0,0
361294,0,1,1991,15,0,0,11,0,0,0,0,0,0
361294,2,1,1991,0,0,0,0,0,0,0,0,0,0
361295,1,1,1991,15,15,15,15,15,15,15,15,15,15
361296,1,1,1991,0,23,0,0,0,19,11,0,18,0
361297,1,1,1991,0,0,0,0,0,0,0,0,0,0
361298,1,1,1991,0,0,0,0,0,0,0,0,0,0
361299,1,1,1991,0,0,0,0,0,0,0,0,0,0
361299,2,1,1991,0,0,0,0,0,0,0,0,0,0
361300,1,1,1991,0,0,0,0,0,0,0,0,0,0
361300,2,1,1991,0,0,0,0,0,0,0,0,0,0
361301,1,1,1991,0,0,0,0,0,0,0,0,0,0
361302,1,1,1991,0,0,0,0,5,0,0,0,0,0
361302,2,1,1991,0,0,0,0,0,0,16,0,0,0
361303,1,1,1991,0,15,16,0,12,17,0,11,7,12
361304,1,1,1991,17,17,17,17,17,17,17,17,17,17
361304,2,1,1991,0,0,0,0,0,0,0,0,0,0
361304,3,1,1991,0,0,0,0,0,0,0,0,0,0
361305,1,1,1991,1,1,1,1,1,1,1,1,1,1
361306,1,1,1991,0,0,0,0,0,0,0,0,0,0
361307,1,1,1991,0,0,0,0,0,0,0,0,0,0
361307,2,1,1991,0,0,0,0,0,0,0,0,0,0
361308,1,1,1991,0,0,0,0,0,0,0,0,0,0
361308,2,1,1991,0,0,0,0,0,0,0,0,0,0
361309,0,1,1991,0,0,0,0,0,0,0,0,0,0
361309,1,1,1991,0,0,0,0,0,0,0,0,0,0
361310,0,1,1991,20,20,20,20,20,20,20,20,20,20
361310,1,1,1991,4,0,7,20,9,21,8,12,0,31
361311,1,1,1991,2,2,2,2,2,2,2,2,2,2
361311,2,1,1991,11,11,11,11,11,11,11,11,11,11
361311,3,1,1991,0,0,0,0,0,0,0,0,0,0
361312,0,1,1991,18,18,18,18,18,18,18,18,18,18
361312,1,1,1991,0,0,0,0,0,0,0,0,0,0
361313,1,1,1991,0,0,0,0,0,0,0,0,0,0
361313,2,1,1991,0,0,0,0,0,0,0,0,0,0
361314,0,1,1991,7,7,7,7,7,7,7,7,7,7
361314,1,1,1991,0,0,12,19,9,10,0,0,0,0
361315,1,1,1991,0,0,0,0,0,0,0,0,0,0
361316,1,1,1991,22,7,0,9,0,11,11,10,6,25
361317,0,1,1991,0,0,0,0,0,0,0,0,0,0
361317,1,1,1991,0,12,0,0,0,11,4,0,12,23
361318,1,1,1991,0,0,0,0,0,0,0,0,0,0
361318,2,1,1991,0,0,0,0,0,0,0,0,0,0
361318,3,1,1991,0,0,0,0,0,0,0,0,0,0
361318,4,1,1991,0,0,0,0,0,0,0,0,0,0
361319,1,1,1991,0,0,0,0,0,0,0,0,0,0
361319,2,1,1991,0,0,0,0,0,0,0,0,0,0
361319,3,1,1991,0,0,0,0,0,0,0,0,0,0
361320,1,1,1991,0,0,0,0,0,0,0,0,0,0
361320,2,1,1991,0,0,0,0,0,0,0,0,0,0
361321,0,1,1991,0,0,0,0,0,0,0,0,0,0
361321,1,1,1991,0,0,0,0,0,0,0,0,0,0
361322,0,1,1991,38,38,38,38,38,38,38,38,38,38
361322,1,1,1991,0,0,0,0,0,0,0,0,0,0
361323,1,1,1991,0,0,0,0,0,0,0,0,12,0
361324,1,1,1991,12,12,12,12,12,12,12,12,12,12
361325,1,1,1991,13,13,13,13,13,13,13,13,13,13
361326,0,1,1991,36,36,36,36,36,36,36,36,36,36
361326,1,1,1991,0,0,0,0,0,0,0,0,0,0
361327,1,1,1991,0,0,0,0,0,0,0,0,0,0
361327,2,1,1991,23,23,23,23,23,23,23,23,23,23
361328,1,1,1991,0,0,0,0,0,0,0,0,0,0
361329,1,1,1991,25,25,25,25,25,25,25,25,25,25
361329,2,1,1991,0,0,0,0,0,0,0,0,0,0
361330,1,1,1991,0,0,0,0,0,0,0,0,0,0
361330,2,1,1991,0,0,0,0,0,0,0,0,0,0
361330,3,1,1991,0,0,0,0,0,0,0,0,0,0
361331,0,1,1991,0,0,0,0,0,0,0,0,0,0
361331,1,1,1991,2,9,11,25,0,19,8,0,0,0
361332,1,1,1991,40,40,40,40,40,40,40,40,40,40
361333,1,1,1991,21,0,0,0,12,0,15,0,0,13
361334,1,1,1991,7,14,10,8,15,13,24,7,17,28
361334,2,1,1991,0,0,0,0,0,27,0,0,0,0
361335,1,1,1991,0,0,0,0,0,0,0,18,0,0
361335,2,1,1991,0,0,0,0,0,0,0,0,0,0
361336,0,1,1991,0,0,0,0,0,0,0,0,0,0
361336,1,1,1991,0,0,0,0,0,0,0,0,0,0
361337,1,1,1991,0,0,0,9,0,0,0,0,0,0
361338,0,1,1991,0,0,0,0,0,0,0,0,0,0
361338,1,1,1991,0,0,0,0,0,0,0,0,0,0
361339,1,1,1991,0,0,0,7,24,0,0,0,16,17
361339,2,1,1991,0,0,22,0,0,0,0,0,0,0
361339,3,1,1991,0,0,0,0,0,0,0,0,0,0
361340,1,1,1991,0,0,0,0,0,0,0,0,0,0
361341,1,1,1991,9,9,9,9,9,9,9,9,9,9
361342,0,1,1991,0,0,0,0,0,0,0,0,0,0
361342,1,1,1991,0,0,0,0,0,0,0,0,0,0
361343,1,1,1991,0,0,0,0,0,0,0,0,0,0
361343,2,1,1991,13,13,13,13,13,13,13,13,13,13
361344,1,1,1991,0,0,0,0,0,0,0,0,0,0
361344,2,1,1991,0,0,0,0,0,0,0,0,0,0
361345,1,1,1991,0,0,0,0,0,0,0,0,0,0
361345,2,1,1991,0,0,0,0,0,0,0,0,0,0
361346,1,1,1991,0,0,11,0,17,10,9,14,6,17
361347,1,1,1991,0,0,0,0,0,0,0,0,0,0
361348,1,1,1991,0,0,0,0,0,0,0,0,0,0
361349,0,1,1991,0,0,0,0,0,0,0,0,0,0
361349,1,1,1991,0,0,0,0,0,0,0,0,0,0
361350,1,1,1991,20,20,20,20,20,20,20,20,20,20
361351,1,1,1991,11,8,24,9,20,12,10,4,15,9
361351,2,1,1991,12,22,10,15,3,4,22,2,5,10
361352,1,1,1991,0,0,0,0,13,0,0,0,0,0
361353,0,1,1991,0,0,0,0,0,0,0,0,0,0
361353,1,1,1991,0,0,0,0,0,0,0,0,0,0
361354,1,1,1991,0,0,19,0,0,0,0,0,0,0
361354,2,1,1991,0,0,0,0,0,0,0,0,0,0
361354,3,1,1991,0,0,0,0,0,0,0,0,0,0
361355,1,1,1991,0,0,0,0,0,0,0,0,0,0
361355,2,1,1991,25,25,25,25,25,25,25,25,25,25
361356,0,1,1991,0,0,0,0,0,0,0,0,0,0
361356,1,1,1991,0,0,0,0,0,0,0,0,0,0
361357,0,1,1991,0,0,0,0,0,0,0,0,0,0
361357,1,1,1991,0,0,0,0,0,20,0,0,0,9
361358,1,1,1991,0,0,0,0,25,13,0,14,0,0
361359,1,1,1991,0,0,27,0,0,0,0,0,0,21
361360,0,1,1991,0,0,0,0,0,0,0,0,0,0
361360,1,1,1991,0,15,4,0,15,13,16,28,15,6
361361,1,1,1991,0,0,0,0,0,0,0,0,0,0
361362,1,1,1991,0,0,0,0,0,0,0,0,0,0
361362,2,1,1991,0,0,0,7,0,0,0,0,0,0
361363,1,1,1991,0,0,0,0,0,0,0,0,0,0
361363,2,1,1991,0,21,10,0,0,22,0,0,0,0
361364,1,1,1991,0,0,0,0,0,0,0,0,0,0
361364,2,1,1991,0,0,0,0,0,0,0,0,0,0
361365,1,1,1991,30,30,30,30,30,30,30,30,30,30
361366,0,1,1991,0,0,0,0,0,0,0,0,0,0
361366,0,2,1991,12,0,18,0,11,21,21,38,0,12
361366,1,1,1991,0,0,10,0,17,0,0,0,0,19
361367,1,1,1991,0,0,0,0,0,0,0,0,0,0
361367,2,1,1991,18,18,18,18,18,18,18,18,18,18
361368,0,1,1991,0,0,0,0,0,0,0,0,0,0
361368,1,1,1991,0,0,0,0,0,0,0,0,0,0
361369,1,1,1991,0,33,0,0,18,0,0,14,13,14
361370,0,1,1991,0,0,0,0,0,0,0,0,0,0
361370,1,1,1991,0,0,0,0,0,0,0,0,0,0
361371,0,1,1991,0,0,0,0,0,0,0,0,0,0
361371,1,1,1991,13,0,0,0,0,0,0,0,0,0
361372,1,1,1991,27,27,27,27,27,27,27,27,27,27
361373,1,1,1991,8,0,0,0,0,0,31,0,0,10
361374,1,1,1991,0,0,0,0,0,0,0,0,0,0
361375,0,1,1991,0,0,0,0,0,0,0,0,0,0
361375,1,1,1991,0,0,0,0,0,0,0,0,0,0
361376,0,1,1991,0,0,0,0,0,0,0,0,0,0
361376,1,1,1991,0,0,0,0,0,0,0,0,0,0
361377,0,1,1991,0,0,0,0,0,0,0,0,0,0
361377,1,1,1991,12,15,15,0,5,0,0,17,22,0
361378,1,1,1991,0,0,0,0,0,0,0,0,0,0
361379,1,1,1991,12,21,12,23,14,14,17,14,25,4
361379,2,1,1991,0,0,0,0,0,0,0,0,0,0
361380,0,1,1991,0,0,0,0,0,0,0,0,0,0
361380,1,1,1991,0,0,0,0,0,0,13,0,0,0
361381,1,1,1991,0,0,0,0,0,0,0,0,0,0
361382,0,1,1991,0,8,0,21,0,0,27,0,0,0
361382,1,1,1991,0,0,0,0,0,0,0,0,0,0
361383,1,1,1991,14,14,14,14,14,14,14,14,14,14
361383,2,1,1991,0,0,0,0,0,0,0,0,0,0
361384,1,1,1991,0,0,0,0,0,0,0,0,0,0
361385,1,1,1991,0,0,0,0,0,0,0,0,0,0
361385,2,1,1991,0,0,0,0,0,0,0,0,0,0
361386,1,1,1991,17,17,17,17,17,17,17,17,17,17
361387,0,1,1991,26,20,18,30,24,11,0,0,0,17
361387,1,1,1991,0,8,0,0,0,0,0,0,0,0
361388,0,1,1991,0,0,0,0,0,0,0,0,0,0
361388,1,1,1991,0,0,0,0,0,0,0,0,0,0
361389,1,1,1991,0,0,0,0,0,0,0,26,0,0
361389,2,1,1991,11,0,0,2,0,0,0,0,0,0
361390,0,1,1991,0,0,0,0,0,0,0,0,10,0
361390,1,1,1991,0,0,0,0,0,0,9,0,0,0
361391,1,1,1991,16,26,8,19,19,16,14,25,20,0
361392,1,1,1991,0,0,0,0,0,0,0,0,0,0
361393,1,1,1991,0,0,0,0,0,0,0,0,0,0
361393,2,1,1991,0,0,0,0,0,0,0,0,0,0
361394,1,1,1991,0,0,0,0,0,0,0,0,0,0
361394,2,1,1991,0,0,0,0,0,0,0,0,0,0
361394,3,1,1991,0,0,0,0,0,0,0,0,0,0
361395,1,1,1991,18,18,18,18,18,18,18,18,18,18
361396,1,1,1991,0,0,0,0,0,0,0,0,0,11
361397,0,1,1991,27,13,26,0,0,0,0,0,0,0
361397,1,1,1991,0,0,0,0,0,0,30,0,0,0
361398,0,1,1991,0,0,0,0,0,0,0,0,0,0
361398,1,1,1991,0,0,0,0,0,0,0,0,0,0
361399,1,1,1991,0,0,0,0,0,0,0,0,0,0
361399,2,1,1991,15,15,15,15,15,15,15,15,15,15
361400,0,1,1991,0,0,0,0,0,0,0,0,0,0
361400,1,1,1991,0,0,0,0,0,0,0,0,0,0
361401,1,1,1991,0,0,0,0,0,7,0,0,0,0
361401,2,1,1991,0,0,0,0,13,0,0,0,0,0
361402,0,1,1991,0,0,0,0,0,0,0,0,0,0
361402,1,1,1991,0,0,0,0,0,0,0,0,0,0
361403,1,1,1991,0,0,0,0,0,0,0,0,0,0
361403,2,1,1991,0,23,0,0,0,0,8,0,0,0
361404,1,1,1991,11,11,11,11,11,11,11,11,11,11
361404,2,1,1991,0,0,0,0,0,0,0,0,0,0
361405,1,1,1991,22,28,0,12,0,34,16,19,27,3
361406,1,1,1991,0,0,0,0,0,0,0,0,0,0
361406,2,1,1991,0,0,0,0,0,0,0,0,0,0
361407,1,1,1991,0,0,0,0,0,0,5,0,0,0
361407,2,1,1991,0,0,0,0,0,0,0,0,0,0
361407,3,1,1991,0,0,0,0,0,0,0,0,0,0
361408,1,1,1991,0,5,0,0,0,0,0,0,0,0
361408,2,1,1991,0,0,0,0,0,0,0,0,0,0
361409,1,1,1991,0,0,0,0,0,0,0,0,0,0
361409,2,1,1991,0,0,0,19,27,0,0,0,0,0
361410,1,1,1991,0,0,0,0,8,0,0,15,0,0
361410,2,1,1991,0,0,6,0,0,0,0,0,0,0
361410,3,1,1991,0,0,0,0,0,0,0,0,0,0
361411,1,1,1991,10,10,10,10,10,10,10,10,10,10
361412,1,1,1991,0,0,0,0,0,0,0,0,0,0
361412,2,1,1991,0,0,0,0,0,0,0,0,0,0
361412,3,1,1991,0,0,0,0,0,0,0,0,0,0
361413,0,1,1991,0,0,0,0,0,0,0,0,0,0
361413,1,1,1991,0,0,0,0,0,0,0,0,0,0
361414,1,1,1991,0,0,0,0,0,0,0,0,0,0
361415,1,1,1991,25,6,0,0,0,0,0,0,6,13
361415,2,1,1991,21,0,0,0,0,10,0,0,0,16
361415,3,1,1991,15,18,25,18,0,18,22,8,15,22
361416,1,1,1991,0,0,0,0,0,0,0,0,14,0
361417,1,1,1991,15,15,15,15,15,15,15,15,15,15
361418,1,1,1991,13,12,32,19,10,11,7,5,32,12
361419,1,1,1991,0,0,0,0,0,0,0,0,0,0
361419,2,1,1991,0,0,0,0,0,0,0,0,0,0
361420,1,1,1991,0,0,0,0,0,0,0,0,0,0
361421,1,1,1991,24,24,24,24,24,24,24,24,24,24
361422,1,1,1991,7,17,19,9,15,4,6,9,15,6
361423,1,1,1991,0,0,0,0,0,0,0,0,0,0
361423,2,1,1991,5,5,5,5,5,5,5,5,5,5
361424,1,1,1991,0,0,0,0,0,0,0,0,0,0
361425,1,1,1991,0,0,0,0,0,0,19,0,0,0
361425,2,1,1991,0,0,0,0,0,0,0,0,0,0
361426,0,1,1991,0,0,0,0,0,0,0,0,0,0
361426,1,1,1991,0,0,13,0,0,0,0,0,0,0
361427,1,1,1991,0,0,0,0,0,0,0,0,0,0
361427,2,1,1991,0,0,0,0,0,0,0,7,0,0
361428,0,1,1991,0,0,0,0,0,0,0,0,0,0
361428,0,2,1991,0,0,32,15,0,0,12,45,18,0
361428,1,1,1991,0,0,0,0,0,0,0,13,0,0
361429,1,1,1991,0,0,0,0,0,0,0,0,0,0
361429,2,1,1991,0,0,0,0,0,0,0,0,0,0
361429,3,1,1991,0,0,0,0,0,0,0,0,0,0
361430,1,1,1991,0,9,0,22,0,19,0,15,29,0
361431,0,1,1991,0,0,0,0,0,0,0,0,0,0
361431,1,1,1991,0,0,0,0,0,0,0,0,0,0
361433,1,1,1991,0,0,0,0,0,0,0,0,0,0
361434,1,1,1991,25,25,25,25,25,25,25,25,25,25
361434,2,1,1991,0,12,0,0,0,0,0,0,0,0
361435,1,1,1991,0,0,0,0,0,0,0,0,0,0
361435,2,1,1991,0,0,0,0,0,0,0,0,0,15
361436,0,1,1991,17,17,17,17,17,17,17,17,17,17
361436,1,1,1991,0,21,0,0,10,0,0,0,0,0
361436,2,1,1991,0,0,0,4,0,0,0,0,0,0
361437,1,1,1991,23,0,8,19,23,0,0,5,0,0
361438,1,1,1991,33,33,33,33,33,33,33,33,33,33
361439,1,1,1991,24,26,13,17,26,15,22,0,28,14
361439,2,1,1991,0,0,0,0,0,0,0,0,0,0
361440,1,1,1991,10,29,21,19,20,10,9,11,16,19
361441,1,1,1991,8,17,25,20,18,19,0,23,8,21
361441,2,1,1991,10,10,10,10,10,10,10,10,10,10
361442,1,1,1991,0,0,0,0,0,0,0,0,0,0
361442,2,1,1991,0,0,0,0,0,0,20,0,0,0
361443,1,1,1991,22,19,15,30,16,28,18,16,23,22
361444,0,1,1991,0,0,0,0,0,0,0,6,3,28
361444,1,1,1991,0,0,0,0,0,0,13,0,0,0
361445,0,1,1991,0,0,0,0,0,0,0,0,0,0
361445,1,1,1991,0,0,0,0,0,30,0,0,0,0
361446,1,1,1991,0,0,0,0,0,0,0,0,0,0
361446,2,1,1991,0,0,0,0,0,0,0,0,0,0
361447,1,1,1991,0,0,0,0,0,0,0,13,0,15
361447,2,1,1991,0,0,0,0,0,0,16,19,15,0
361448,1,1,1991,0,0,0,0,0,0,0,0,0,0
361449,0,1,1991,0,0,0,0,0,0,0,0,0,0
361449,1,1,1991,0,0,0,0,0,0,0,0,0,0
361450,0,1,1991,2,13,34,0,0,24,0,21,0,6
361450,1,1,1991,0,0,0,0,19,0,9,0,0,18
361451,1,1,1991,0,0,0,0,0,0,0,0,0,0
361451,2,1,1991,0,0,0,0,0,0,0,0,0,0
361452,1,1,1991,0,0,0,0,0,0,15,0,0,0
361452,2,1,1991,0,0,0,0,0,0,0,0,0,0
361453,0,1,1991,0,0,0,14,10,0,24,0,0,0
361453,0,2,1991,0,0,0,0,0,0,0,0,0,0
361453,1,1,1991,12,12,0,0,0,0,0,10,0,0
361454,1,1,1991,0,0,0,0,0,0,0,0,0,0
361454,2,1,1991,0,0,0,0,0,0,0,0,0,0
361456,0,1,1991,0,0,0,0,0,0,0,0,0,0
361456,1,1,1991,0,0,0,22,0,0,0,0,0,0
361457,1,1,1991,0,0,0,0,0,0,10,0,0,0
361458,1,1,1991,19,22,0,20,34,13,0,0,0,29
361459,1,1,1991,21,21,21,21,21,21,21,21,21,21
361460,1,1,1991,0,16,0,0,0,0,0,0,29,0
361460,2,1,1991,0,0,0,0,0,0,0,0,0,0
361461,0,1,1991,0,0,0,0,0,0,0,0,0,0
361461,1,1,1991,0,0,0,0,0,0,0,8,0,0
361462,0,1,1991,21,21,21,21,21,21,21,21,21,21
361462,1,1,1991,0,0,0,0,0,0,0,0,0,0
361463,1,1,1991,22,21,19,22,29,21,28,22,16,15
361464,0,1,1991,0,0,0,0,0,0,0,0,0,0
361464,0,2,1991,0,0,13,0,0,30,18,0,12,28
361464,1,1,1991,14,9,18,9,9,32,35,16,16,7
361465,1,1,1991,0,0,0,0,0,0,0,0,0,0
361465,2,1,1991,0,0,0,0,0,0,0,0,0,0
361465,3,1,1991,0,0,0,0,0,0,0,0,0,0
361466,0,1,1991,0,0,0,0,0,0,0,0,0,0
361466,1,1,1991,0,0,0,0,0,0,0,0,0,0
361467,1,1,1991,0,0,0,0,0,0,0,0,0,0
361467,2,1,1991,0,0,0,0,0,0,0,0,0,12
361468,1,1,1991,12,18,2,16,11,19,0,0,6,14
361468,2,1,1991,0,0,0,0,9,12,0,0,0,0
361469,1,1,1991,14,14,14,14,14,14,14,14,14,14
361470,1,1,1991,0,0,0,0,0,0,0,0,0,0
361471,1,1,1991,0,0,0,0,0,0,0,0,0,0
361471,2,1,1991,0,0,0,0,0,0,0,0,0,0
361472,1,1,1991,0,16,0,0,0,0,0,24,0,0
361473,1,1,1991,18,18,18,18,18,18,18,18,18,18
361474,1,1,1991,23,23,23,23,23,23,23,23,23,23
361474,2,1,1991,0,0,10,2,10,0,0,6,0,0
361475,0,1,1991,8,8,8,8,8,8,8,8,8,8
361475,1,1,1991,0,0,0,0,0,0,0,0,0,0
361476,1,1,1991,16,16,16,16,16,16,16,16,16,16
361477,1,1,1991,0,0,0,0,0,0,0,0,0,0
361478,0,1,1991,0,0,0,0,0,0,0,0,0,0
361478,1,1,1991,0,0,0,0,0,0,0,0,0,0
361478,2,1,1991,0,0,0,0,0,0,0,0,0,0
361478,3,1,1991,0,0,0,0,0,0,0,0,0,0
361479,0,1,1991,0,0,31,0,0,0,0,0,0,0
361479,1,1,1991,0,0,0,0,0,0,0,0,0,0
361480,1,1,1991,0,6,0,0,0,0,14,0,0,0
361480,2,1,1991,0,0,5,0,0,0,0,15,0,0
361481,1,1,1991,0,0,0,0,0,0,0,0,21,0
361482,0,1,1991,0,0,0,0,0,0,0,0,0,0
361482,1,1,1991,0,0,0,0,0,0,0,0,0,0
361483,0,1,1991,0,0,0,0,0,0,0,0,0,0
361483,1,1,1991,0,0,0,0,0,0,0,0,0,0
361484,0,1,1991,20,6,25,7,16,0,26,49,0,23
361484,1,1,1991,0,26,0,23,7,0,3,34,29,0
361485,0,1,1991,0,0,0,0,0,0,0,0,0,0
361485,1,1,1991,0,0,0,0,0,0,0,0,0,0
361486,0,1,1991,20,20,20,20,20,20,20,20,20,20
361486,1,1,1991,0,0,0,0,0,0,0,0,0,0
361487,1,1,1991,23,23,23,23,23,23,23,23,23,23
361488,0,1,1991,0,0,0,0,0,0,0,0,0,0
361488,1,1,1991,0,0,0,0,0,0,0,0,0,0
361489,0,1,1991,0,0,0,0,0,0,0,0,0,0
361489,1,1,1991,0,0,0,0,0,0,0,12,0,19
361490,0,1,1991,27,0,0,0,21,21,0,0,0,0
361490,1,1,1991,0,0,0,0,0,0,10,0,0,0
361491,1,1,1991,0,0,0,0,0,0,0,0,0,0
361491,2,1,1991,0,0,0,0,0,0,0,0,0,0
361492,1,1,1991,0,0,0,0,0,0,0,0,0,0
361493,0,1,1991,0,13,0,20,0,22,11,0,12,0
361493,1,1,1991,0,0,0,0,0,0,0,0,0,0
361493,2,1,1991,0,0,0,0,0,0,0,0,0,12
361494,1,1,1991,28,28,28,28,28,28,28,28,28,28
361495,1,1,1991,5,0,0,0,0,0,0,0,0,0
361495,2,1,1991,0,0,0,0,0,0,0,0,0,0
361496,0,1,1991,0,0,0,0,0,0,0,0,0,0
361496,0,2,1991,0,0,0,12,0,0,0,0,0,0