ST_CASE,VEH_NO,PER_NO,YEAR,P1,P2,P3,P4,P5,P6,P7,P8,P9,P10
361496,1,1,1991,0,0,0,0,0,0,0,0,0,0
361497,0,1,1991,2,2,2,2,2,2,2,2,2,2
361497,1,1,1991,0,0,0,0,0,0,15,0,0,0
361498,1,1,1991,9,9,9,9,9,9,9,9,9,9
361499,1,1,1991,0,0,0,0,0,0,0,0,0,0
361500,1,1,1991,14,14,14,14,14,14,14,14,14,14
361501,1,1,1991,0,0,0,0,0,10,0,0,0,0
361502,1,1,1991,0,0,0,0,0,0,0,0,0,0
361503,1,1,1991,0,0,6,0,20,0,0,23,12,0
361504,1,1,1991,20,20,20,20,20,20,20,20,20,20
361505,0,1,1991,27,27,27,27,27,27,27,27,27,27
361505,1,1,1991,0,0,0,0,0,0,0,0,0,0
361506,1,1,1991,16,16,16,16,16,16,16,16,16,16
361507,1,1,1991,0,0,0,0,0,0,0,0,0,0
361507,2,1,1991,8,8,8,8,8,8,8,8,8,8
361508,0,1,1991,0,0,0,0,0,0,0,0,0,0
361508,1,1,1991,0,0,0,0,0,0,0,0,0,0
361509,1,1,1991,0,0,0,0,0,0,0,0,0,0
361509,2,1,1991,0,0,0,0,0,0,0,0,0,0
361510,1,1,1991,0,0,0,0,0,0,0,0,0,0
361510,3,1,1991,0,0,0,0,0,0,0,0,0,0
361511,1,1,1991,0,0,0,0,0,0,0,0,0,0
361512,1,1,1991,8,3,16,15,26,17,8,13,20,0
361512,2,1,1991,4,4,4,4,4,4,4,4,4,4
361513,0,1,1991,0,0,0,0,0,0,0,0,0,0
361513,1,1,1991,11,12,0,0,11,0,0,0,12,5
361514,0,1,1991,46,46,46,46,46,46,46,46,46,46
361514,1,1,1991,0,0,0,0,0,19,18,0,0,0
361515,0,1,1991,0,0,0,0,0,0,0,0,0,0
361515,1,1,1991,0,0,0,0,5,0,0,13,0,0
361516,1,1,1991,42,42,42,42,42,42,42,42,42,42
361517,0,1,1991,0,15,0,24,12,32,41,0,0,10
361517,1,1,1991,0,0,0,0,0,0,0,19,0,0
361518,0,1,1991,0,0,0,0,0,0,0,0,0,0
361518,1,1,1991,0,0,0,0,0,0,0,0,0,0
361519,1,1,1991,0,0,0,0,0,0,0,0,0,0
361519,2,1,1991,0,0,0,0,0,0,0,9,0,0
361520,1,1,1991,0,0,0,0,0,0,0,0,0,0
361520,2,1,1991,0,0,0,0,0,0,0,0,0,0
361521,1,1,1991,0,0,0,0,0,13,0,0,0,0
361522,0,1,1991,0,0,0,0,0,0,0,0,0,20
361522,1,1,1991,17,0,24,0,0,0,0,0,0,0
361523,1,1,1991,0,0,0,0,0,0,0,0,0,0
361523,2,1,1991,0,0,0,2,0,0,0,0,0,0
361524,1,1,1991,0,0,0,0,0,0,0,0,0,0
361525,0,1,1991,0,0,0,0,0,26,0,0,0,0
361525,1,1,1991,15,25,22,21,6,18,8,13,20,19
361526,0,1,1991,0,0,0,0,0,0,0,0,0,0
361526,1,1,1991,0,25,0,0,0,0,0,0,0,0
361527,0,1,1991,0,0,0,0,0,0,0,0,0,0
361527,1,1,1991,0,0,0,0,0,0,0,0,0,0
361528,1,1,1991,0,0,0,0,0,0,0,0,16,0
361528,2,1,1991,0,0,0,0,0,0,0,0,0,0
361529,1,1,1991,0,0,0,0,0,0,0,0,0,0
361529,2,1,1991,0,0,0,0,0,0,0,0,0,0
361531,1,1,1991,0,0,0,0,0,0,0,0,0,0
361531,2,1,1991,0,0,0,0,0,0,0,0,0,0
361532,1,1,1991,0,0,0,0,0,0,0,0,0,0
361532,2,1,1991,13,13,13,13,13,13,13,13,13,13
361533,1,1,1991,0,0,0,0,0,3,0,19,0,0
361534,1,1,1991,9,26,13,12,21,12,19,16,16,26
361534,2,1,1991,0,19,0,0,0,0,0,0,0,0
361535,1,1,1991,0,0,0,0,0,0,0,0,0,0
361536,1,1,1991,16,16,16,16,16,16,16,16,16,16
361537,1,1,1991,0,0,0,0,0,0,0,0,0,0
361537,2,1,1991,0,0,0,0,0,0,0,0,0,0
361537,3,1,1991,0,0,0,0,0,0,0,0,0,0
361538,0,1,1991,0,0,0,0,0,0,0,0,0,0
361538,1,1,1991,0,0,0,0,0,0,0,0,0,0
361538,2,1,1991,0,0,0,0,0,0,0,0,0,0
361539,1,1,1991,9,9,9,9,9,9,9,9,9,9
361540,1,1,1991,0,18,0,0,5,0,0,0,0,0
361541,1,1,1991,29,12,16,26,29,26,16,24,20,13
361542,1,1,1991,0,0,0,0,0,0,0,0,0,0
361542,2,1,1991,0,0,0,0,0,0,0,0,0,0
361543,1,1,1991,0,0,0,0,0,0,15,9,0,0
361543,2,1,1991,0,0,0,0,0,0,0,0,0,0
361544,1,1,1991,0,16,14,13,21,18,3,0,16,7
361544,2,1,1991,0,0,0,0,0,0,0,0,0,0
361545,1,1,1991,0,0,0,0,0,0,0,0,0,0
361546,1,1,1991,23,9,14,18,12,12,20,11,12,13
361546,2,1,1991,0,0,0,0,0,0,0,0,0,0
361547,1,1,1991,22,22,22,22,22,22,22,22,22,22
361548,1,1,1991,0,0,0,0,0,0,0,0,0,0
361548,2,1,1991,0,0,0,0,0,0,0,0,0,0
361549,1,1,1991,11,12,7,15,6,10,22,16,12,8
361550,1,1,1991,0,0,0,0,0,0,0,0,0,0
361550,2,1,1991,0,0,0,0,0,0,0,0,0,0
361551,1,1,1991,0,0,0,0,0,0,0,0,0,0
361551,2,1,1991,0,0,0,0,0,0,0,0,0,0
361552,1,1,1991,0,0,0,0,0,0,0,0,0,0
361552,2,1,1991,0,9,0,0,0,0,0,0,0,0
361552,3,1,1991,0,0,0,0,0,0,0,0,0,0
361553,0,1,1991,0,0,0,0,0,0,0,0,0,0
361553,1,1,1991,0,0,0,0,0,0,0,0,0,0
361554,0,1,1991,0,0,0,0,0,0,0,0,0,0
361554,1,1,1991,0,0,0,0,11,0,0,0,0,0
361555,0,1,1991,21,21,21,21,21,21,21,21,21,21
361555,1,1,1991,0,0,0,0,0,0,0,0,0,0
361556,1,1,1991,10,0,11,0,10,12,0,3,3,0
361556,2,1,1991,0,0,0,0,0,0,0,0,0,0
361557,0,1,1991,0,0,0,0,0,0,0,0,0,0
361557,1,1,1991,0,0,0,0,0,0,0,0,0,0
361558,0,1,1991,0,0,0,0,0,11,0,0,0,0
361558,1,1,1991,0,0,0,0,0,0,0,0,0,0
361559,1,1,1991,23,23,23,23,23,23,23,23,23,23
361560,1,1,1991,15,15,15,15,15,15,15,15,15,15
361561,1,1,1991,0,0,0,0,0,0,0,0,0,0
361562,1,1,1991,26,26,26,26,26,26,26,26,26,26
361563,1,1,1991,4,10,0,19,16,0,30,8,19,23
361564,0,1,1991,0,0,0,0,0,0,0,0,0,0
361564,1,1,1991,0,0,0,0,0,0,0,0,0,0
361565,2,1,1991,0,0,0,12,0,0,0,0,0,0
361565,3,1,1991,0,0,0,17,5,0,0,20,0,0
361566,1,1,1991,0,0,0,0,0,0,0,0,0,0
361566,2,1,1991,0,0,0,0,0,0,0,0,0,0
361567,1,1,1991,0,0,0,0,0,0,0,0,0,0
361568,1,1,1991,0,0,0,0,0,0,0,0,0,0
361569,0,1,1991,0,0,0,0,0,0,0,0,0,0
361569,1,1,1991,0,0,0,0,0,0,0,0,0,0
361570,1,2,1991,12,18,21,12,10,12,15,0,0,22
361571,1,1,1991,13,13,13,13,13,13,13,13,13,13
361572,1,1,1991,0,0,0,0,0,0,0,0,0,0
361572,2,1,1991,0,0,0,0,0,0,0,0,0,0
361573,0,1,1991,0,0,0,0,0,0,16,0,0,0
361573,1,1,1991,0,15,0,0,0,0,0,0,0,0
361574,0,1,1991,0,0,0,0,0,0,0,0,0,0
361574,1,1,1991,0,0,0,18,0,0,0,0,0,0
361575,0,1,1991,0,0,0,0,0,0,0,0,0,0
361575,1,1,1991,0,0,0,0,0,0,0,0,0,0
361576,1,1,1991,0,0,0,0,0,0,0,0,0,0
361576,2,1,1991,0,0,0,0,0,0,0,0,0,0
361577,1,1,1991,15,0,11,11,12,18,25,19,0,0
361577,2,1,1991,0,0,0,0,0,0,0,0,0,0
361578,0,1,1991,0,0,0,0,0,0,0,0,0,0
361578,1,1,1991,0,0,0,0,0,8,0,0,0,0
361579,1,1,1991,0,0,0,0,0,0,0,0,0,0
361579,2,1,1991,0,0,0,0,0,0,0,0,0,0
361579,3,1,1991,0,0,0,0,0,0,0,0,0,0
361579,4,1,1991,0,0,0,0,0,10,0,0,0,0
361579,5,1,1991,0,0,0,0,0,0,0,0,0,0
361580,1,1,1991,12,0,0,15,15,39,19,0,40,0
361581,1,1,1991,14,10,21,10,28,11,9,14,13,25
361582,1,1,1991,22,22,22,22,22,22,22,22,22,22
361583,1,1,1991,0,0,0,0,0,0,0,0,0,0
361583,2,1,1991,0,0,0,0,0,0,0,0,0,0
361584,0,1,1991,0,0,0,30,0,2,0,0,0,0
361585,1,1,1991,0,0,0,0,0,0,0,0,0,0
361585,2,1,1991,0,0,0,0,0,0,0,0,0,0
361586,1,1,1991,0,0,0,0,0,6,0,6,0,0
361586,2,1,1991,21,17,8,16,21,15,11,6,11,18
361586,3,1,1991,0,0,0,0,0,0,0,0,0,0
361587,1,1,1991,0,0,0,0,0,0,19,0,7,0
361587,2,1,1991,0,0,0,0,0,8,0,0,0,0
361588,1,1,1991,0,0,0,0,0,0,22,0,0,0
361588,2,1,1991,13,16,16,10,10,23,23,13,13,13
361589,1,1,1991,0,0,0,0,0,0,0,0,0,0
361590,1,1,1991,0,0,0,0,0,0,0,0,19,0
361590,2,1,1991,0,0,0,0,0,0,0,0,0,0
361590,3,1,1991,0,0,0,0,0,0,0,0,0,0
361591,1,1,1991,0,3,0,0,0,0,0,0,0,0
361591,2,1,1991,0,0,0,0,0,0,0,0,0,0
361592,0,1,1991,0,0,0,0,0,0,0,0,0,0
361592,1,1,1991,0,0,0,0,0,0,0,0,0,0
361593,1,1,1991,0,0,0,0,0,0,0,0,0,0
361593,2,1,1991,21,12,23,14,16,8,9,24,10,9
361594,1,1,1991,0,0,0,0,0,0,0,9,0,0
361595,0,1,1991,0,0,0,0,0,0,0,0,0,0
361595,1,1,1991,0,0,0,0,0,0,0,0,0,0
361596,1,1,1991,0,0,0,0,27,20,0,12,0,0
361597,1,1,1991,0,0,0,0,0,0,0,0,0,0
361597,2,1,1991,0,0,22,0,19,13,0,0,0,0
361597,3,1,1991,0,0,0,0,0,0,0,0,0,0
361597,4,1,1991,0,0,0,0,5,0,0,0,0,0
361598,1,1,1991,7,7,7,7,7,7,7,7,7,7
361599,0,1,1991,0,0,0,0,0,0,0,0,0,0
361599,1,1,1991,0,0,0,0,0,0,0,0,0,0
361600,1,1,1991,0,0,0,0,0,0,0,0,0,0
361600,2,1,1991,0,0,0,0,0,0,0,0,0,0
361601,0,1,1991,0,0,0,0,0,0,0,0,0,0
361601,1,1,1991,0,0,0,0,0,0,0,0,0,0
361602,0,1,1991,0,0,0,0,0,0,0,0,0,0
361602,1,1,1991,0,0,0,0,0,0,0,0,0,0
361603,0,1,1991,28,28,28,28,28,28,28,28,28,28
361603,1,1,1991,0,0,0,0,0,0,0,0,0,0
361604,1,1,1991,0,0,0,0,0,0,0,0,0,0
361605,1,1,1991,37,0,0,0,0,0,0,0,0,0
361605,2,1,1991,0,0,0,0,0,0,0,0,0,0
361606,0,1,1991,0,0,0,0,0,0,0,0,0,0
361606,1,1,1991,0,0,0,0,0,0,0,0,0,0
361607,1,1,1991,1,1,1,1,1,1,1,1,1,1
361607,2,1,1991,0,0,0,0,0,0,0,0,0,0
361608,1,1,1991,16,16,16,16,16,16,16,16,16,16
361608,2,1,1991,0,0,0,0,0,0,0,0,0,0
361608,3,1,1991,0,0,0,0,0,0,0,0,0,0
361609,0,1,1991,9,9,9,9,9,9,9,9,9,9
361609,1,1,1991,0,0,0,0,0,0,0,0,0,0
361610,1,1,1991,0,0,0,0,0,0,0,0,0,0
361610,2,1,1991,0,0,0,0,0,0,0,0,0,0
361611,1,1,1991,0,0,0,0,0,0,0,0,0,0
361611,2,1,1991,0,0,10,0,0,0,0,0,0,0
361612,1,1,1991,0,0,0,0,0,0,0,0,0,0
361612,2,1,1991,0,0,0,0,0,0,0,0,0,0
361613,1,1,1991,0,0,0,0,0,0,0,0,0,0
361613,2,1,1991,0,0,0,0,0,0,0,0,0,0
361614,1,1,1991,0,0,0,0,0,0,0,0,0,0
361614,2,1,1991,0,0,0,0,0,0,0,0,0,0
361615,0,1,1991,0,0,0,0,0,0,0,0,0,0
361615,1,1,1991,0,0,0,0,0,0,0,0,0,0
361616,1,1,1991,0,0,0,0,0,0,0,0,0,0
361616,2,1,1991,0,0,0,0,0,0,0,0,0,0
361617,1,1,1991,0,0,0,0,0,0,0,0,0,0
361617,2,1,1991,0,0,0,0,0,0,0,0,0,0
361618,1,1,1991,0,0,0,0,0,0,0,0,0,0
361618,2,1,1991,0,0,0,0,0,0,0,0,0,0
361619,1,1,1991,0,0,0,0,0,0,0,0,0,0
361620,1,1,1991,0,20,0,0,0,0,0,0,0,0
361620,2,1,1991,0,0,0,0,0,0,0,0,0,0
361620,3,1,1991,0,0,0,0,0,0,0,13,0,0
361620,4,1,1991,0,0,0,0,0,0,0,0,0,0
361621,0,1,1991,0,0,0,14,0,0,0,0,0,0
361621,1,1,1991,0,0,0,0,0,0,0,0,0,0
361621,2,1,1991,0,0,0,0,0,0,0,0,0,0
361622,1,1,1991,0,0,0,0,0,0,0,0,12,0
361623,1,1,1991,0,0,0,0,0,0,0,0,0,0
361623,2,1,1991,0,0,0,0,0,0,0,0,0,0
361624,0,1,1991,0,0,11,0,0,0,8,0,0,25
361624,1,1,1991,0,0,0,0,0,0,0,0,0,0
361625,1,1,1991,14,14,14,14,14,14,14,14,14,14
361626,0,1,1991,0,0,0,0,0,0,0,0,0,0
361626,1,1,1991,0,0,0,0,0,0,0,0,0,0
361627,1,1,1991,8,8,8,8,8,8,8,8,8,8
361627,2,1,1991,0,0,0,0,0,0,0,0,0,0
361628,0,1,1991,14,14,14,14,14,14,14,14,14,14
361628,1,1,1991,19,12,13,16,11,17,19,0,11,15
361629,1,1,1991,0,0,0,0,0,0,0,0,0,0
361629,2,1,1991,0,0,0,0,0,0,0,0,0,0
361630,2,1,1991,0,0,0,0,0,6,0,0,0,0
361631,1,1,1991,18,5,17,9,10,9,18,14,8,0
361631,2,1,1991,0,0,0,0,0,0,0,0,0,0
361632,1,1,1991,0,0,0,0,0,0,0,0,0,0
361632,2,1,1991,0,0,0,0,0,0,0,0,0,0
361633,1,1,1991,19,19,19,19,19,19,19,19,19,19
361634,1,1,1991,0,0,32,0,9,0,20,22,0,11
361635,1,1,1991,19,19,19,19,19,19,19,19,19,19
361636,1,1,1991,0,0,0,0,0,0,0,0,0,0
361637,1,1,1991,8,8,6,0,15,4,18,15,18,0
361638,1,1,1991,28,28,28,28,28,28,28,28,28,28
361639,1,1,1991,0,0,0,0,0,0,0,0,0,0
361639,2,1,1991,0,0,0,0,0,0,0,0,0,0
361640,1,1,1991,0,0,0,0,0,0,0,0,0,0
361640,2,1,1991,0,0,0,0,0,0,0,0,0,0
361641,0,1,1991,0,0,0,0,0,0,0,0,0,0
361641,1,1,1991,0,0,0,0,0,0,0,0,0,0
361641,2,1,1991,0,0,0,0,0,0,0,0,0,0
361642,0,1,1991,0,0,0,0,0,0,0,0,0,0
361642,1,1,1991,0,0,0,0,0,0,0,0,0,0
361643,0,1,1991,0,0,0,0,0,0,0,0,0,0
361643,1,1,1991,0,0,0,0,25,0,0,0,0,0
361644,0,1,1991,0,0,0,0,0,0,0,0,0,0
361644,1,1,1991,0,0,0,0,0,0,0,0,0,0
361645,1,1,1991,0,0,0,0,0,0,0,0,0,0
361645,2,1,1991,0,9,0,0,0,0,13,15,0,0
361646,0,1,1991,25,25,25,25,25,25,25,25,25,25
361646,1,1,1991,12,26,15,21,9,7,0,18,13,0
361647,0,1,1991,9,9,9,9,9,9,9,9,9,9
361647,1,1,1991,4,4,4,4,4,4,4,4,4,4
361648,1,1,1991,0,0,0,0,0,0,0,0,0,0
361648,2,1,1991,0,0,0,0,0,0,0,0,17,0
361649,1,1,1991,0,0,0,0,0,0,0,0,0,0
361649,2,1,1991,0,0,0,0,0,0,0,0,0,0
361650,1,1,1991,0,0,0,0,0,15,0,0,0,0
361650,2,1,1991,0,0,0,23,0,0,0,0,0,0
361650,3,1,1991,0,0,18,0,0,0,0,0,0,0
361651,1,1,1991,0,0,0,0,0,19,0,0,0,0
361652,0,1,1991,0,0,0,0,0,0,0,0,0,0
361652,1,1,1991,0,0,0,0,0,0,0,0,0,0
361653,0,1,1991,33,33,33,33,33,33,33,33,33,33
361653,1,1,1991,0,0,0,0,0,0,0,0,0,0
361654,1,1,1991,0,0,0,0,0,0,0,0,0,0
361655,1,1,1991,33,23,0,33,9,0,21,21,23,23
361656,0,1,1991,9,9,9,9,9,9,9,9,9,9
361656,0,2,1991,12,0,0,0,0,15,19,0,20,0
361656,1,1,1991,12,12,12,12,12,12,12,12,12,12
361657,1,1,1991,0,0,0,0,0,0,0,0,0,0
361657,2,1,1991,0,0,0,0,0,0,0,0,0,0
361657,3,1,1991,0,0,0,0,0,0,0,0,0,0
361658,1,1,1991,0,0,0,0,0,0,0,0,0,0
361659,1,1,1991,0,0,15,0,0,0,0,0,0,0
361659,2,1,1991,0,0,0,0,0,0,0,0,0,21
361660,1,1,1991,0,0,0,0,0,0,0,0,0,0
361660,2,1,1991,0,0,0,0,0,0,0,0,0,0
361661,1,1,1991,0,0,0,0,0,0,0,0,0,0
361661,2,1,1991,0,0,0,0,0,0,0,0,0,0
361662,1,1,1991,0,23,19,10,15,9,15,10,11,9
361663,0,1,1991,0,0,0,0,0,0,0,0,0,0
361663,0,2,1991,0,0,18,22,5,14,25,0,0,16
361663,1,1,1991,0,0,0,0,0,0,0,0,0,0
361664,0,1,1991,0,0,0,0,0,0,0,0,0,0
361664,1,1,1991,0,0,0,0,0,0,0,0,0,0
361665,0,1,1991,13,13,13,13,13,13,13,13,13,13
361665,1,1,1991,0,0,0,0,0,0,0,0,0,0
361666,1,1,1991,0,0,0,0,0,0,0,0,0,0
361666,2,1,1991,0,0,0,0,0,0,0,0,0,0
361667,1,1,1991,0,0,23,0,0,0,6,16,0,0
361667,2,1,1991,0,0,7,0,0,0,0,0,0,0
361668,1,1,1991,0,0,0,0,0,0,0,0,0,0
361668,2,1,1991,0,0,0,0,0,0,0,0,0,0
361670,1,1,1991,0,0,0,0,0,0,0,0,0,0
361670,2,1,1991,0,0,0,0,0,0,0,0,0,0
361671,1,1,1991,18,18,18,18,18,18,18,18,18,18
361672,0,1,1991,0,0,0,0,0,0,0,0,0,0
361672,1,1,1991,0,0,0,0,0,0,0,0,0,0
361673,0,1,1991,0,0,0,0,0,0,0,0,0,0
361673,1,1,1991,0,0,0,0,0,0,0,0,0,0
361674,0,1,1991,0,0,0,0,0,0,0,0,0,0
361674,1,1,1991,0,0,0,0,0,0,0,0,0,0
361675,1,1,1991,14,14,14,14,14,14,14,14,14,14
361675,2,1,1991,0,0,0,0,0,0,0,0,0,0
361676,1,1,1991,28,28,28,28,28,28,28,28,28,28
361677,0,1,1991,0,0,0,0,0,0,0,0,0,0
361677,1,1,1991,0,0,0,0,0,0,0,0,0,0
361678,0,1,1991,0,0,0,0,0,0,0,0,0,0
361678,1,1,1991,0,0,0,0,0,0,0,0,0,0
361679,1,1,1991,0,0,0,0,0,0,0,0,0,0
361680,0,1,1991,0,0,0,0,0,0,0,0,0,0
361680,1,1,1991,5,0,0,0,0,0,13,0,0,0
361681,0,1,1991,0,0,0,0,0,0,0,0,0,0
361681,1,1,1991,0,0,0,0,0,6,0,0,0,0
361682,0,1,1991,0,0,0,0,0,0,0,0,0,0
361682,1,1,1991,17,17,15,0,13,19,10,0,16,22
361683,0,1,1991,0,0,0,0,0,0,0,0,0,0
361683,1,1,1991,0,0,0,0,0,0,0,0,0,0
361684,1,1,1991,0,0,0,0,0,0,0,0,0,0
361684,2,1,1991,0,0,0,0,0,0,0,0,0,0
361685,1,1,1991,0,0,0,0,0,0,0,0,0,0
361685,2,1,1991,0,0,0,0,0,0,0,0,0,0
361686,1,1,1991,0,0,0,10,4,0,0,8,0,0
361686,2,1,1991,0,0,0,0,0,0,0,0,0,0
361686,3,1,1991,0,0,0,0,0,0,0,0,0,0
361687,1,1,1991,0,0,0,0,0,0,0,0,0,0
361687,2,1,1991,0,0,0,0,0,0,0,0,0,0
361688,0,1,1991,0,0,0,0,17,0,0,0,0,0
361688,1,1,1991,0,0,0,0,0,4,0,0,0,0
361689,1,1,1991,5,11,15,27,9,20,8,21,18,7
361690,0,1,1991,19,19,19,19,19,19,19,19,19,19
361690,1,1,1991,0,0,0,0,0,0,0,0,0,0
361691,1,1,1991,0,0,0,0,0,0,0,0,0,0
361692,2,1,1991,0,0,0,0,0,0,9,0,0,0
361693,1,1,1991,0,0,0,15,0,0,0,0,0,0
361693,2,1,1991,0,0,0,0,0,0,0,0,0,0
361694,1,1,1991,25,25,25,25,25,25,25,25,25,25
361695,1,1,1991,0,0,0,0,0,0,0,0,0,0
361695,2,1,1991,0,0,0,0,0,0,0,0,0,0
361696,1,1,1991,0,0,0,0,29,0,0,18,0,0
361696,2,1,1991,0,0,0,0,0,0,8,0,0,0
361697,1,1,1991,21,21,21,21,21,21,21,21,21,21
361698,1,1,1991,12,12,12,12,12,12,12,12,12,12
361698,2,1,1991,0,0,0,0,0,0,0,0,0,0
361699,1,1,1991,9,9,9,9,9,9,9,9,9,9
361699,2,1,1991,0,0,0,0,0,0,0,0,0,0
361699,3,1,1991,0,0,0,0,0,0,0,0,0,0
361700,0,1,1991,0,0,23,12,0,0,0,24,0,0
361700,1,1,1991,0,0,0,0,0,0,0,0,0,0
361701,1,1,1991,0,0,0,0,0,0,0,0,0,0
361701,2,1,1991,0,0,0,0,0,0,0,0,0,0
361702,1,1,1991,0,0,0,0,0,0,0,0,0,0
361702,2,1,1991,0,0,0,0,0,0,0,0,0,0
361703,0,1,1991,23,23,23,23,23,23,23,23,23,23
361703,1,1,1991,0,0,0,0,0,0,0,0,0,0
361704,0,1,1991,0,0,0,0,0,0,34,0,0,0
361704,1,1,1991,0,0,0,0,0,0,0,0,0,0
361705,1,1,1991,0,13,0,0,0,0,0,0,0,0
361706,1,1,1991,0,0,0,0,0,0,0,0,0,0
361706,2,1,1991,4,4,4,4,4,4,4,4,4,4
361707,1,1,1991,0,0,0,0,0,0,0,0,0,0
361707,2,1,1991,0,0,0,0,0,0,0,0,0,0
361708,0,1,1991,28,28,28,28,28,28,28,28,28,28
361708,1,1,1991,0,0,0,0,0,0,0,0,0,0
361709,1,1,1991,0,0,0,13,16,0,10,0,9,6
361709,2,1,1991,7,7,7,7,7,7,7,7,7,7
361710,1,1,1991,0,0,12,0,0,13,0,0,0,13
361710,2,1,1991,0,0,0,0,0,0,0,0,0,0
361711,1,1,1991,19,14,7,3,6,23,6,17,11,13
361711,2,1,1991,16,13,30,0,7,9,21,29,10,19
361712,1,1,1991,16,22,25,8,5,15,12,15,3,6
361713,1,1,1991,0,0,0,0,0,0,0,0,0,0
361713,2,1,1991,0,0,0,0,0,0,0,0,0,0
361714,0,1,1991,0,0,0,0,0,0,0,0,0,0
361714,1,1,1991,0,0,0,0,0,0,0,0,0,0
361715,1,1,1991,28,8,15,13,9,14,18,19,34,21
361715,2,1,1991,0,0,0,0,0,0,0,0,0,0
361715,3,1,1991,0,0,0,0,0,0,0,0,0,0
361716,1,1,1991,18,19,9,5,5,14,20,0,28,13
361717,0,1,1991,0,0,0,0,0,0,0,0,0,0
361717,1,1,1991,16,14,30,9,14,18,23,30,15,17
361717,2,1,1991,0,0,21,0,0,0,0,0,0,0
361718,1,1,1991,31,31,31,31,31,31,31,31,31,31
361719,0,1,1991,13,13,13,13,13,13,13,13,13,13
361719,1,1,1991,0,0,0,0,0,0,12,0,0,0
361719,2,1,1991,0,0,0,0,0,0,0,0,0,0
361719,3,1,1991,0,0,0,0,0,0,0,0,7,0
361720,1,1,1991,0,0,0,0,0,0,0,0,0,0
361720,2,1,1991,0,0,0,0,0,0,0,0,0,0
361721,0,1,1991,0,0,0,0,38,20,0,0,0,0
361721,1,1,1991,4,32,0,0,0,15,9,22,0,19
361722,1,1,1991,0,0,0,0,0,0,0,0,0,0
361722,2,1,1991,0,0,0,0,0,0,0,0,0,0
361723,1,1,1991,0,0,15,0,0,0,0,0,0,0
361723,2,1,1991,0,0,0,0,0,0,0,0,0,0
361724,0,1,1991,0,0,27,0,15,0,0,0,0,0
361724,1,1,1991,0,0,0,0,0,0,0,0,0,0
361725,1,1,1991,0,0,0,0,0,0,0,0,0,0
361725,2,1,1991,0,0,0,0,0,0,0,0,0,0
361726,1,1,1991,0,0,0,0,0,0,0,0,0,0
361726,2,1,1991,0,0,0,0,0,0,0,0,0,0
361727,1,1,1991,0,0,0,0,0,0,0,0,0,0
361727,2,1,1991,0,0,0,0,0,0,0,0,6,0
361727,3,1,1991,0,0,0,0,0,0,0,0,0,0
361727,4,1,1991,0,0,0,0,0,0,0,0,0,0
361727,5,1,1991,0,0,0,0,0,0,10,0,0,0
361728,1,1,1991,0,0,0,0,0,0,0,0,0,0
361728,2,1,1991,0,0,0,0,0,0,0,0,0,0
361729,1,1,1991,0,0,0,0,0,0,0,0,0,0
361730,1,1,1991,26,26,26,26,26,26,26,26,26,26
361731,0,1,1991,0,0,0,0,0,0,0,0,0,0
361731,1,1,1991,0,0,0,0,0,0,0,0,0,0
361732,0,1,1991,8,8,8,8,8,8,8,8,8,8
361732,1,1,1991,12,20,15,39,13,10,7,8,10,15
361733,1,1,1991,7,5,30,12,20,10,30,27,27,10
361734,0,1,1991,0,0,0,0,0,0,0,0,0,0
361734,1,1,1991,0,0,0,12,0,0,0,0,0,0
361735,0,1,1991,3,3,3,3,3,3,3,3,3,3
361735,1,1,1991,16,9,12,7,32,11,13,8,10,5
361736,1,1,1991,0,0,0,0,0,0,0,0,0,0
361736,2,1,1991,0,0,0,0,0,0,0,0,0,0
361737,1,1,1991,25,25,25,25,25,25,25,25,25,25
361738,1,1,1991,11,11,11,11,11,11,11,11,11,11
361739,1,1,1991,0,0,0,0,0,0,0,0,0,0
361739,2,1,1991,0,0,0,0,0,0,0,0,0,0
361740,1,1,1991,0,0,0,0,0,0,0,0,0,0
361741,1,1,1991,8,8,8,8,8,8,8,8,8,8
361742,0,1,1991,0,0,0,0,0,0,0,0,0,0
361742,1,1,1991,0,0,0,0,0,0,0,0,0,0
361743,1,1,1991,0,0,0,13,0,0,0,18,0,0
361744,0,1,1991,0,0,0,0,0,0,0,0,0,0
361745,1,1,1991,0,0,0,0,0,0,0,0,0,0
361745,2,1,1991,0,0,0,0,0,0,0,0,0,0
361745,3,1,1991,0,0,0,0,0,0,0,0,0,0
361746,1,1,1991,9,9,9,9,9,9,9,9,9,9
361746,2,1,1991,30,13,0,0,0,21,0,0,11,0
361746,3,1,1991,0,0,0,0,0,0,0,0,0,0
361747,1,1,1991,9,9,9,9,9,9,9,9,9,9
361748,1,1,1991,16,16,16,16,16,16,16,16,16,16
361749,0,1,1991,0,0,0,0,0,0,0,0,0,0
361749,1,1,1991,22,35,0,0,11,6,0,13,13,0
361750,0,1,1991,29,29,29,29,29,29,29,29,29,29
361750,1,1,1991,0,0,0,0,0,0,0,0,0,0
361751,0,1,1991,0,0,0,0,0,0,0,0,0,0
361751,1,1,1991,0,7,10,0,7,6,0,0,0,10
361753,0,1,1991,0,0,0,0,0,0,0,0,0,0
361753,1,1,1991,0,0,0,0,0,0,0,0,0,0
361754,0,1,1991,0,0,0,0,0,0,0,0,0,0
361754,1,1,1991,0,0,0,0,0,0,10,0,4,0
361754,2,1,1991,7,4,0,0,0,7,19,0,0,0
361755,0,1,1991,0,0,0,0,0,0,0,0,0,0
361755,1,1,1991,0,0,0,0,16,0,11,0,0,0
361756,1,1,1991,16,16,16,16,16,16,16,16,16,16
361757,0,1,1991,19,14,6,5,11,24,0,0,10,21
361757,0,2,1991,0,0,0,0,0,0,0,0,0,0
361757,1,1,1991,0,0,0,5,0,0,0,0,0,0
361758,1,1,1991,7,13,9,3,4,0,0,0,5,6
361758,2,1,1991,0,0,0,0,0,0,0,0,0,0
361759,1,1,1991,0,0,0,0,0,0,0,0,0,0
361759,2,1,1991,0,0,0,0,0,0,0,0,0,0