ST_CASE,VEH_NO,PER_NO,YEAR,P1,P2,P3,P4,P5,P6,P7,P8,P9,P10
361760,1,1,1991,0,0,0,11,0,0,0,0,0,0
361760,2,1,1991,0,0,0,0,0,0,0,0,0,0
361761,1,1,1991,26,26,26,26,26,26,26,26,26,26
361762,0,1,1991,0,0,0,0,0,0,0,0,0,0
361762,1,1,1991,0,0,0,0,0,0,0,0,0,0
361763,1,1,1991,22,22,22,22,22,22,22,22,22,22
361764,0,1,1991,0,0,0,0,0,0,0,0,0,0
361764,1,1,1991,0,0,0,0,0,0,0,0,0,0
361765,0,1,1991,0,0,0,0,0,0,0,0,0,0
361765,1,1,1991,0,0,0,0,0,0,0,0,0,0
361766,1,1,1991,0,0,0,0,0,0,0,0,0,0
361766,2,1,1991,0,0,0,0,0,0,0,0,0,0
361767,1,1,1991,25,25,25,25,25,25,25,25,25,25
361768,0,1,1991,0,26,0,0,0,0,0,0,0,0
361768,1,1,1991,0,0,18,5,0,17,0,9,0,15
361769,0,1,1991,25,14,26,0,30,19,0,0,26,30
361769,1,1,1991,0,8,0,9,0,0,0,0,0,0
361770,1,1,1991,9,9,18,32,13,20,15,0,17,23
361770,2,1,1991,0,0,0,0,0,21,0,0,0,0
361771,1,1,1991,0,0,0,0,0,0,0,0,0,0
361771,2,1,1991,0,0,0,0,0,13,0,0,0,0
361772,1,1,1991,0,0,0,0,0,0,0,0,0,0
361773,1,1,1991,0,0,0,0,0,0,0,0,0,0
361775,0,1,1991,0,0,0,0,0,0,0,0,0,0
361775,1,1,1991,0,0,0,0,0,0,0,0,0,0
361776,0,1,1991,0,0,0,0,0,0,0,0,0,0
361776,1,1,1991,14,0,0,0,0,0,0,0,0,0
361777,0,1,1991,0,0,0,0,7,0,42,0,0,0
361777,1,1,1991,0,0,0,0,0,0,0,0,0,0
361778,0,1,1991,0,0,0,0,0,0,0,0,0,0
361778,1,1,1991,0,0,0,0,0,0,0,0,0,0
361779,0,1,1991,0,0,0,0,0,0,0,0,0,0
361779,1,1,1991,24,0,0,0,12,19,0,0,0,0
361781,1,1,1991,0,0,9,0,13,0,16,0,0,0
361782,1,1,1991,0,0,0,0,0,0,0,0,0,0
361782,2,1,1991,0,0,0,0,0,0,0,0,0,0
361782,3,1,1991,0,0,0,0,0,0,0,0,0,0
361783,1,1,1991,0,0,0,0,0,0,0,0,0,0
361783,2,1,1991,14,23,19,23,13,19,15,27,15,18
361784,1,1,1991,0,0,0,0,0,0,0,0,0,0
361785,1,1,1991,0,0,0,0,0,0,0,0,0,0
361785,2,1,1991,0,0,0,0,0,0,0,0,0,0
361786,0,1,1991,0,0,0,41,0,0,0,0,0,0
361786,1,1,1991,0,0,0,0,0,0,12,0,0,0
361787,0,1,1991,0,0,0,0,0,0,0,0,0,0
361787,1,1,1991,0,0,0,0,7,0,0,0,0,0
361788,1,1,1991,0,0,0,0,0,0,0,0,0,0
361788,2,1,1991,0,0,0,0,0,0,0,11,0,0
361789,1,1,1991,0,0,0,0,0,0,0,0,0,0
361789,2,1,1991,0,0,0,0,0,0,0,0,0,0
361790,1,1,1991,0,0,0,0,0,0,0,0,0,0
361791,1,1,1991,0,0,0,0,0,0,0,0,0,0
361792,1,1,1991,0,0,0,0,0,0,0,0,0,0
361792,2,1,1991,0,0,0,0,0,0,0,0,0,0
361793,1,1,1991,27,27,27,27,27,27,27,27,27,27
361794,1,1,1991,0,0,0,0,0,0,0,0,0,0
361794,2,1,1991,0,0,0,0,0,0,0,0,0,0
361795,1,1,1991,40,40,40,40,40,40,40,40,40,40
361795,2,1,1991,0,0,0,0,0,0,0,0,0,0
361796,1,1,1991,0,0,0,0,0,0,0,0,16,0
361796,2,1,1991,0,0,0,0,0,0,0,0,0,0
361797,1,1,1991,17,0,0,9,0,0,0,0,0,0
361798,1,1,1991,0,0,0,0,0,5,0,0,0,0
361799,1,1,1991,6,6,6,6,6,6,6,6,6,6
361799,2,1,1991,27,10,6,0,17,0,26,15,31,11
361800,1,1,1991,9,9,9,9,9,9,9,9,9,9
361801,1,1,1991,0,0,0,0,0,0,0,0,0,0
361801,2,1,1991,0,0,0,0,0,0,0,0,0,0
361802,0,1,1991,0,0,0,4,0,0,0,0,0,0
361802,1,1,1991,0,0,0,0,0,0,0,0,0,0
361803,1,1,1991,30,19,17,21,24,19,4,16,10,19
361804,0,1,1991,0,2,19,0,0,0,12,0,15,23
361804,1,1,1991,0,32,0,0,0,27,7,12,0,14
361805,0,1,1991,19,21,25,11,0,17,0,0,7,0
361805,1,1,1991,0,0,0,0,0,0,0,0,0,0
361806,1,1,1991,22,22,22,22,22,22,22,22,22,22
361807,0,1,1991,15,0,0,0,0,0,0,0,0,0
361807,0,2,1991,0,0,0,0,0,0,0,0,0,0
361807,1,1,1991,0,0,0,0,0,0,0,0,0,0
361808,1,1,1991,0,0,0,0,0,0,0,0,0,0
361808,2,1,1991,0,0,0,20,0,0,0,0,0,0
361809,1,1,1991,0,0,0,0,0,0,0,0,0,0
361809,2,1,1991,0,0,0,0,0,0,0,0,0,0
361809,3,1,1991,0,0,0,0,0,0,0,0,0,0
361810,1,1,1991,0,0,0,0,0,0,0,0,0,0
361810,2,1,1991,0,0,0,0,0,0,0,0,0,0
361811,1,1,1991,0,0,0,0,0,0,0,0,0,0
361812,0,1,1991,0,0,0,0,0,0,0,0,0,0
361812,1,1,1991,0,0,0,0,0,0,0,0,0,0
361813,0,1,1991,0,0,0,0,0,0,0,0,0,0
361813,1,1,1991,16,5,0,6,0,14,22,25,0,9
361814,0,1,1991,19,19,19,19,19,19,19,19,19,19
361814,1,1,1991,0,0,0,0,0,0,0,0,0,0
361815,1,1,1991,0,0,0,0,0,0,0,0,0,0
361815,2,1,1991,0,0,0,0,0,0,0,0,0,0
361816,1,1,1991,3,3,3,3,3,3,3,3,3,3
361816,2,1,1991,16,0,25,13,0,0,0,0,12,0
361817,0,1,1991,0,0,26,0,0,18,0,0,0,0
361817,1,1,1991,0,0,0,0,0,0,0,0,0,0
361818,0,1,1991,0,0,0,0,0,0,0,0,0,0
361818,1,1,1991,16,0,16,0,8,0,0,15,14,0
361819,0,1,1991,0,0,0,0,0,0,0,0,0,0
361819,1,1,1991,0,0,0,0,0,0,0,0,0,0
361820,1,1,1991,0,0,0,0,0,0,0,0,0,0
361820,2,1,1991,0,0,0,0,0,0,0,0,0,0
361820,3,1,1991,0,0,0,0,0,16,0,14,0,0
361821,1,1,1991,0,0,0,0,0,0,0,0,0,0
361821,2,1,1991,0,0,0,0,0,0,0,0,0,0
361822,1,1,1991,0,0,0,0,0,7,0,0,0,0
361823,1,1,1991,0,0,0,0,0,0,10,0,0,0
361823,2,1,1991,0,0,0,0,0,0,0,0,0,0
361823,3,1,1991,0,0,0,0,12,0,0,0,0,0
361824,0,1,1991,23,23,23,23,23,23,23,23,23,23
361824,1,1,1991,0,0,0,0,0,0,0,0,0,0
361825,1,1,1991,0,0,0,0,0,0,0,0,0,0
361826,1,1,1991,0,0,0,0,0,0,0,0,0,0
361826,2,1,1991,0,0,0,0,0,0,0,0,0,0
361827,1,1,1991,0,0,0,0,0,0,0,0,0,0
361827,2,1,1991,0,0,0,0,0,0,0,0,0,0
361827,3,1,1991,18,0,0,0,0,0,0,0,0,0
361828,1,1,1991,0,14,27,0,12,0,0,0,0,0
361829,0,1,1991,13,0,0,20,30,23,31,0,26,11
361829,1,1,1991,0,0,12,0,0,22,0,0,0,19
361830,0,1,1991,0,0,0,0,0,0,0,0,0,0
361830,1,1,1991,0,0,0,0,0,0,0,0,0,0
361831,1,1,1991,0,0,0,0,0,0,0,0,0,0
361831,2,1,1991,0,0,0,0,0,0,0,0,0,0
361832,0,1,1991,4,4,4,4,4,4,4,4,4,4
361832,1,1,1991,14,0,0,0,0,0,0,0,0,0
361833,1,1,1991,0,0,0,0,0,0,0,0,0,0
361833,2,1,1991,0,0,0,0,0,0,0,0,0,0
361834,0,1,1991,0,0,0,0,0,0,0,0,0,0
361834,1,1,1991,0,0,0,28,0,0,0,0,0,0
361835,0,1,1991,0,0,0,0,0,0,0,0,0,0
361835,1,1,1991,0,0,0,0,10,7,0,0,6,0
361836,1,1,1991,0,0,0,0,0,0,0,18,0,0
361836,2,1,1991,0,9,0,0,0,0,0,0,0,0
361837,1,1,1991,0,0,0,0,0,0,0,0,0,0
361837,2,1,1991,0,0,0,0,0,0,0,0,0,0
361838,0,1,1991,0,0,0,0,0,0,0,0,0,0
361838,1,1,1991,0,0,0,0,0,0,0,0,0,0
361839,0,1,1991,0,0,0,0,0,0,0,0,0,0
361839,1,1,1991,10,0,0,0,9,30,0,0,0,14
361840,0,1,1991,20,20,20,20,20,20,20,20,20,20
361840,1,1,1991,9,0,0,0,6,0,0,9,0,10
361841,1,1,1991,1,1,1,1,1,1,1,1,1,1
361841,2,1,1991,0,0,0,0,0,0,0,0,0,0
361842,0,1,1991,0,0,0,0,0,0,0,0,0,0
361842,1,1,1991,0,0,0,0,0,0,0,0,18,0
361843,0,1,1991,0,0,0,0,0,0,0,0,0,0
361843,1,1,1991,0,0,0,0,0,0,0,0,0,0
361844,1,1,1991,0,0,0,0,0,0,0,0,0,0
361844,2,1,1991,0,0,0,0,0,0,0,0,0,0
361845,0,1,1991,0,0,0,0,0,0,0,0,0,0
361845,1,1,1991,0,0,7,23,0,0,0,0,0,0
361846,0,1,1991,0,0,0,0,0,0,0,0,0,0
361846,1,1,1991,0,0,0,0,0,0,0,0,0,0
361847,1,1,1991,0,0,0,0,0,0,0,0,0,6
361847,2,1,1991,0,0,11,0,0,0,0,0,0,0
361848,1,1,1991,20,20,20,20,20,20,20,20,20,20
361849,1,1,1991,19,0,0,0,0,0,0,0,0,0
361850,1,1,1991,0,0,0,0,0,0,0,0,0,0
361851,1,1,1991,0,0,0,2,10,0,10,0,0,0
361851,2,1,1991,0,15,0,0,0,0,0,0,0,17
361852,1,1,1991,0,0,0,0,0,0,0,0,0,22
361852,2,1,1991,0,0,0,0,0,0,0,0,0,0
361853,1,1,1991,10,10,10,10,10,10,10,10,10,10
361854,1,1,1991,17,17,17,17,17,17,17,17,17,17
361855,0,1,1991,0,0,0,0,0,0,0,0,0,0
361855,1,1,1991,0,0,0,0,0,0,0,0,0,0
361856,1,1,1991,28,28,28,28,28,28,28,28,28,28
361857,1,1,1991,22,12,13,18,0,0,20,0,0,0
361858,1,1,1991,0,0,0,0,0,0,0,0,0,0
361858,2,1,1991,0,0,0,0,0,0,0,0,0,0
361859,1,1,1991,0,0,0,0,0,0,0,0,0,7
361859,2,1,1991,0,0,0,0,5,0,0,0,0,16
361860,0,1,1991,0,0,0,0,0,0,0,0,0,0
361860,1,1,1991,0,0,0,0,0,0,0,0,0,0
361861,0,1,1991,0,0,0,0,0,0,0,0,0,0
361861,1,1,1991,0,0,0,0,0,0,0,0,0,0
361862,0,1,1991,13,43,21,24,0,0,13,0,6,13
361862,1,1,1991,13,0,0,0,5,26,0,0,0,0
361863,0,1,1991,0,0,0,0,0,0,0,0,0,0
361863,1,1,1991,0,0,0,0,0,0,0,0,0,0
361864,0,1,1991,0,13,0,0,0,0,0,0,0,0
361864,1,1,1991,0,0,0,0,0,0,0,0,0,0
361865,0,1,1991,0,0,0,0,0,0,0,0,0,0
361865,1,1,1991,0,0,0,0,0,0,0,0,0,0
361866,1,1,1991,0,0,0,0,0,0,0,0,0,0
361867,0,1,1991,0,0,0,0,0,0,0,0,0,0
361867,1,1,1991,0,0,0,0,0,0,0,0,0,0
361868,1,1,1991,0,0,0,0,0,0,0,0,0,0
361868,2,1,1991,0,0,0,0,0,0,0,0,0,0
370001,1,1,1991,0,0,11,0,0,0,0,0,0,0
370002,1,1,1991,24,24,24,24,24,24,24,24,24,24
370003,1,1,1991,0,0,0,0,0,0,0,0,0,0
370004,0,1,1991,0,0,0,0,0,0,0,1,0,0
370004,1,1,1991,13,13,13,13,13,13,13,13,13,13
370005,1,1,1991,0,0,0,0,0,0,0,0,0,0
370006,0,1,1991,0,0,0,0,0,0,0,0,0,0
370006,0,2,1991,0,17,0,0,0,0,0,0,0,0
370006,1,1,1991,0,15,15,11,7,6,24,19,5,13
370006,2,1,1991,0,0,0,11,11,7,32,12,0,0
370007,0,1,1991,10,14,30,21,30,17,27,23,18,10
370007,1,1,1991,0,0,0,0,0,0,0,0,0,0
370008,1,1,1991,24,24,24,24,24,24,24,24,24,24
370009,1,1,1991,0,0,0,0,0,0,0,0,0,0
370009,2,1,1991,0,0,0,8,0,0,5,0,9,2
370010,1,1,1991,0,0,0,0,0,0,0,0,0,0
370010,2,1,1991,0,0,0,0,0,0,0,0,0,0
370011,1,1,1991,18,18,22,20,5,17,22,23,14,11
370012,1,1,1991,0,0,0,0,0,0,0,0,0,0
370012,2,1,1991,0,0,0,0,0,0,0,0,0,0
370013,1,1,1991,0,0,11,0,0,0,0,0,0,0
370014,1,1,1991,36,36,36,36,36,36,36,36,36,36
370014,2,1,1991,0,0,0,0,0,0,0,0,0,0
370015,1,1,1991,0,0,0,0,0,0,0,0,0,0
370015,2,1,1991,0,0,0,0,0,0,0,0,0,0
370016,1,1,1991,0,15,0,5,16,28,0,5,7,15
370017,1,1,1991,0,0,0,0,0,0,0,0,0,0
370017,2,1,1991,26,26,26,26,26,26,26,26,26,26
370018,1,1,1991,16,16,16,16,16,16,16,16,16,16
370019,1,1,1991,15,15,9,11,0,0,14,11,24,13
370019,2,1,1991,0,0,0,0,0,0,0,0,0,0
370020,1,1,1991,5,22,13,16,19,31,6,16,14,31
370020,2,1,1991,0,0,0,0,0,0,0,0,0,0
370021,1,1,1991,12,20,24,34,0,0,9,13,13,15
370022,0,1,1991,0,0,0,0,0,0,0,0,0,0
370022,1,1,1991,0,0,0,0,0,0,0,0,0,0
370023,0,1,1991,0,0,0,0,0,0,0,0,0,0
370023,1,1,1991,0,0,0,0,0,0,0,0,0,0
370025,1,1,1991,0,0,0,0,0,0,0,0,0,0
370025,2,1,1991,0,0,0,0,0,0,0,0,0,14
370026,1,1,1991,18,18,18,18,18,18,18,18,18,18
370026,2,1,1991,0,0,0,21,0,0,0,0,0,0
370027,1,1,1991,0,0,0,0,0,0,0,0,0,0
370027,2,1,1991,0,0,0,0,0,16,0,0,0,0
370028,1,1,1991,20,20,20,20,20,20,20,20,20,20
370029,0,1,1991,0,0,0,0,0,0,0,0,0,0
370029,1,1,1991,0,0,0,0,26,0,0,0,0,0
370030,1,1,1991,7,18,8,22,10,2,13,3,18,3
370030,2,1,1991,0,0,0,0,0,0,0,0,0,0
370031,1,1,1991,9,17,41,9,15,10,11,0,7,17
370032,1,1,1991,27,27,27,27,27,27,27,27,27,27
370032,2,1,1991,0,0,0,0,0,0,0,0,0,0
370033,1,1,1991,0,0,0,0,0,0,0,0,0,0
370035,1,1,1991,0,0,0,0,0,0,0,0,0,0
370035,2,1,1991,0,0,0,0,0,0,0,0,0,0
370036,0,1,1991,16,16,16,16,16,16,16,16,16,16
370036,1,1,1991,0,0,0,0,0,0,0,0,8,0
370038,1,1,1991,17,17,17,17,17,17,17,17,17,17
370039,1,1,1991,17,17,17,17,17,17,17,17,17,17
370040,1,1,1991,0,0,0,0,0,0,0,0,0,0
370040,2,1,1991,0,0,8,0,5,0,0,0,0,0
370041,1,1,1991,6,6,6,6,6,6,6,6,6,6
370041,2,1,1991,14,16,6,9,7,29,22,12,11,17
370042,1,1,1991,10,13,5,13,25,14,12,15,3,14
370042,2,1,1991,0,0,0,0,0,0,0,0,0,0
370042,3,1,1991,0,0,0,0,26,0,0,0,0,0
370043,1,1,1991,0,0,0,0,0,0,0,0,0,0
370044,1,1,1991,0,0,0,0,0,0,0,0,0,0
370044,2,1,1991,0,0,0,0,0,0,0,0,0,0
370045,1,1,1991,0,0,0,0,0,0,0,0,0,0
370045,2,1,1991,0,0,0,0,0,0,0,0,0,0
370046,0,1,1991,0,0,0,0,0,0,0,0,0,0
370046,1,1,1991,0,0,0,0,0,0,0,0,4,0
370047,1,1,1991,0,0,0,0,0,0,0,0,0,0
370048,1,1,1991,20,20,20,20,20,20,20,20,20,20
370049,1,1,1991,17,17,17,17,17,17,17,17,17,17
370050,0,1,1991,32,32,32,32,32,32,32,32,32,32
370050,1,1,1991,0,0,0,0,0,0,0,0,0,0
370051,1,1,1991,0,0,0,0,0,0,0,0,0,0
370051,2,1,1991,0,0,0,0,0,0,0,0,0,0
370051,3,1,1991,0,0,0,0,0,0,0,0,0,0
370052,1,1,1991,0,0,0,0,0,0,0,0,0,0
370052,2,1,1991,0,0,0,0,0,0,0,0,0,0
370053,1,1,1991,0,0,12,0,0,0,14,0,0,0
370053,2,1,1991,0,0,0,0,0,0,0,0,0,0
370054,1,1,1991,0,0,0,0,0,0,0,0,0,0
370054,2,1,1991,0,0,0,0,0,0,0,0,0,0
370055,1,1,1991,0,0,0,0,0,0,0,0,0,0
370055,2,1,1991,0,0,0,0,0,0,0,0,0,0
370056,1,1,1991,22,22,22,22,22,22,22,22,22,22
370057,1,1,1991,0,0,0,6,0,0,0,0,0,0
370057,2,1,1991,9,15,12,15,10,14,28,10,13,18
370058,1,1,1991,0,0,0,0,0,0,0,0,0,0
370059,1,1,1991,0,0,0,0,0,0,0,0,0,0
370059,2,1,1991,18,0,8,6,6,13,14,13,5,20
370060,1,1,1991,0,0,0,0,0,0,0,0,0,0
370060,2,1,1991,0,0,0,0,0,0,0,5,0,0
370061,1,1,1991,15,15,15,15,15,15,15,15,15,15
370062,1,1,1991,0,0,0,0,0,0,0,0,0,0
370062,2,1,1991,0,0,0,0,0,0,0,0,0,0
370063,1,1,1991,0,0,0,0,0,0,0,0,0,0
370063,2,1,1991,0,0,0,0,0,0,0,0,0,0
370064,1,1,1991,0,0,0,0,0,0,0,0,0,0
370064,2,1,1991,0,0,0,0,0,0,0,0,0,0
370065,1,1,1991,0,0,0,0,0,0,0,0,0,0
370065,2,1,1991,0,0,0,0,0,0,0,0,0,0
370066,1,1,1991,0,0,0,0,0,0,0,0,0,0
370067,1,1,1991,0,0,0,0,0,0,0,0,0,0
370067,2,1,1991,0,0,0,0,0,0,0,0,0,0
370068,1,1,1991,0,14,0,0,12,19,0,32,0,16
370068,2,1,1991,0,0,0,0,0,0,0,0,0,0
370069,1,1,1991,0,0,0,0,0,0,0,0,0,0
370069,2,1,1991,44,14,4,15,0,11,37,18,7,13
370070,1,1,1991,0,0,0,0,0,0,0,0,0,0
370070,2,1,1991,0,0,0,0,0,0,0,0,0,0
370071,1,1,1991,0,0,0,0,0,0,0,0,0,7
370071,2,1,1991,0,0,0,0,0,0,0,0,0,0
370072,1,1,1991,0,4,0,0,0,0,0,0,0,0
370073,1,1,1991,7,7,7,7,7,7,7,7,7,7
370073,2,1,1991,0,0,0,0,0,0,0,0,0,0
370074,1,1,1991,0,0,0,0,0,0,0,0,0,0
370075,0,1,1991,29,29,29,29,29,29,29,29,29,29
370075,1,1,1991,0,0,11,9,15,0,0,23,0,0
370076,0,1,1991,18,8,0,0,0,0,0,0,12,0
370076,0,2,1991,7,7,7,7,7,7,7,7,7,7
370076,2,1,1991,20,18,0,4,26,5,22,46,21,27
370077,1,1,1991,12,18,16,9,11,9,21,9,21,24
370078,1,1,1991,30,30,30,30,30,30,30,30,30,30
370079,0,1,1991,3,3,3,3,3,3,3,3,3,3
370079,1,1,1991,19,25,9,5,17,11,22,0,10,20
370080,1,1,1991,6,0,27,21,18,0,34,26,13,7
370081,0,1,1991,24,24,24,24,24,24,24,24,24,24
370081,1,1,1991,0,0,0,8,16,0,0,0,0,0
370082,1,1,1991,26,26,26,26,26,26,26,26,26,26
370083,1,1,1991,13,13,13,13,13,13,13,13,13,13
370084,1,1,1991,23,23,23,23,23,23,23,23,23,23
370085,1,1,1991,31,31,31,31,31,31,31,31,31,31
370086,1,1,1991,0,0,0,0,0,0,0,0,0,0
370086,2,1,1991,0,0,0,0,0,0,0,0,0,0
370087,1,1,1991,0,0,0,0,0,0,0,0,0,0
370087,2,1,1991,0,0,0,0,0,0,0,0,0,0
370087,3,1,1991,0,0,0,0,0,0,0,0,0,0
370087,4,1,1991,0,0,0,0,0,0,0,0,0,0
370088,1,1,1991,0,0,0,0,0,0,0,0,0,0
370088,2,1,1991,0,16,0,0,0,0,0,0,0,5
370089,1,1,1991,34,34,34,34,34,34,34,34,34,34
370090,1,1,1991,0,0,0,0,0,0,0,0,0,0
370091,1,1,1991,0,0,0,0,0,0,0,0,0,0
370091,2,1,1991,0,0,0,0,0,0,0,0,0,0
370092,1,1,1991,0,0,0,0,0,0,0,0,0,0
370092,2,1,1991,14,17,15,16,0,14,6,7,11,9
370093,0,1,1991,26,26,26,26,26,26,26,26,26,26
370093,1,1,1991,0,0,0,0,0,0,0,0,0,0
370094,0,1,1991,22,22,22,22,22,22,22,22,22,22
370094,1,1,1991,7,8,20,4,10,19,9,3,11,10
370095,1,1,1991,0,0,0,0,0,0,7,0,0,0
370095,2,1,1991,16,16,16,16,16,16,16,16,16,16
370096,0,1,1991,13,13,13,13,13,13,13,13,13,13
370096,1,1,1991,0,0,0,0,0,0,0,0,0,0
370097,1,1,1991,9,9,9,9,9,9,9,9,9,9
370098,1,1,1991,0,0,0,0,0,0,0,0,0,0
370098,2,1,1991,0,0,0,0,0,0,0,0,0,0
370099,1,1,1991,17,17,17,17,17,17,17,17,17,17
370101,1,1,1991,0,0,0,0,0,0,0,0,0,0
370101,2,1,1991,0,0,0,0,0,0,0,0,0,0
370102,0,1,1991,0,0,0,0,0,0,0,0,0,0
370102,1,1,1991,0,0,0,0,0,0,0,0,0,0
370103,1,1,1991,9,9,9,9,9,9,9,9,9,9
370104,1,1,1991,0,0,0,0,0,0,0,0,0,0
370105,1,1,1991,0,0,0,0,0,0,0,0,0,0
370106,1,1,1991,0,0,0,0,0,0,0,0,0,0
370106,2,1,1991,0,0,0,0,0,0,0,0,0,0
370107,1,1,1991,0,0,0,0,0,0,0,0,0,0
370108,0,1,1991,0,23,0,0,0,0,0,0,0,0
370108,1,1,1991,0,0,0,0,0,0,0,0,0,0
370109,1,1,1991,0,0,0,0,0,0,0,0,0,0
370109,2,1,1991,0,0,0,0,0,0,0,0,0,0
370109,3,1,1991,0,0,0,0,0,0,0,0,0,0
370110,1,1,1991,0,0,0,0,0,0,0,0,0,0
370111,0,1,1991,38,38,38,38,38,38,38,38,38,38
370111,1,1,1991,0,0,0,0,0,14,0,0,0,0
370112,0,1,1991,0,0,0,0,0,0,0,0,0,0
370112,1,1,1991,0,0,0,0,0,0,0,0,0,0
370113,1,1,1991,24,24,24,24,24,24,24,24,24,24
370113,2,1,1991,0,0,0,0,0,0,0,0,0,0
370114,1,1,1991,0,11,26,12,6,24,20,13,24,21
370114,2,1,1991,0,0,0,0,0,0,0,0,0,0
370115,1,1,1991,0,0,0,0,0,0,0,0,0,0
370116,1,1,1991,19,19,19,19,19,19,19,19,19,19
370117,1,1,1991,14,14,14,14,14,14,14,14,14,14
370118,1,1,1991,0,0,0,0,0,0,0,0,0,0
370119,1,1,1991,22,22,22,22,22,22,22,22,22,22
370120,1,1,1991,12,25,13,31,33,27,20,31,30,28
370121,1,1,1991,0,0,0,0,0,0,0,0,0,0
370122,1,1,1991,0,23,0,0,0,0,0,0,0,0
370122,2,1,1991,0,0,0,0,0,0,0,0,0,0
370123,1,1,1991,18,18,18,18,18,18,18,18,18,18
370124,1,1,1991,0,0,0,0,0,0,0,0,0,0
370125,1,1,1991,0,0,0,0,0,0,0,0,0,0
370126,1,1,1991,19,21,10,16,0,17,11,0,5,15
370126,2,1,1991,0,0,0,0,0,0,0,0,0,0
370127,1,1,1991,0,0,0,0,0,0,0,0,0,0
370127,2,1,1991,0,2,0,0,0,0,0,0,0,0
370127,3,1,1991,0,0,0,0,0,0,0,0,0,0
370127,4,1,1991,0,0,0,0,0,0,0,0,0,0
370128,1,1,1991,0,0,0,0,0,0,0,0,0,0
370129,1,1,1991,0,0,0,0,0,0,0,0,0,0
370129,2,1,1991,0,0,0,0,9,0,0,0,0,0
370130,1,1,1991,0,0,0,0,0,0,0,0,0,0
370130,2,1,1991,0,0,0,0,0,0,0,0,0,0
370131,1,1,1991,13,13,13,13,13,13,13,13,13,13
370132,0,1,1991,0,0,0,0,0,0,0,0,0,0
370132,0,2,1991,0,0,0,0,0,0,0,0,0,0
370132,0,3,1991,0,0,0,16,0,0,0,0,0,0
370132,1,1,1991,0,0,0,0,0,5,0,0,0,0
370133,1,1,1991,10,13,14,17,7,11,18,13,9,20
370133,2,1,1991,0,0,0,0,0,0,0,0,0,0
370134,0,1,1991,0,0,0,0,0,0,0,0,0,0
370134,1,1,1991,0,0,0,0,0,0,0,0,0,0
370135,1,1,1991,0,0,0,0,0,0,0,12,22,0
370135,2,1,1991,0,0,0,0,0,0,0,0,0,0
370136,0,1,1991,0,0,0,0,0,0,0,0,0,0
370136,1,1,1991,0,0,0,0,0,0,0,0,0,0
370137,1,1,1991,0,0,0,0,0,0,0,0,0,0
370137,2,1,1991,0,0,0,0,0,0,0,0,0,0
370137,3,1,1991,0,0,0,17,0,0,0,0,0,0
370138,1,1,1991,0,0,0,0,0,0,0,0,0,0
370138,2,1,1991,0,0,0,15,0,0,0,0,0,0
370139,1,1,1991,0,0,0,0,0,0,0,0,0,0
370140,0,1,1991,0,0,0,0,0,0,0,0,0,0
370140,1,1,1991,0,0,12,0,0,0,0,0,0,0
370141,1,1,1991,24,24,24,24,24,24,24,24,24,24
370142,1,1,1991,0,0,0,0,0,0,0,0,0,0
370142,2,1,1991,0,0,0,0,0,0,0,0,0,0
370143,0,1,1991,0,0,0,0,0,0,0,0,0,0
370143,1,1,1991,0,0,0,0,0,0,0,0,0,0
370143,2,1,1991,0,0,0,0,0,0,0,0,0,0
370143,3,1,1991,0,0,0,0,0,0,0,0,0,0
370144,1,1,1991,29,29,29,29,29,29,29,29,29,29
370145,1,1,1991,0,0,0,0,0,0,0,0,0,0
370145,2,1,1991,0,0,0,0,0,0,0,0,0,0
370146,1,1,1991,0,0,0,0,0,0,0,0,0,0
370146,2,1,1991,0,0,0,0,0,0,0,0,0,0
370147,0,1,1991,18,18,18,18,18,18,18,18,18,18
370147,1,1,1991,16,0,0,0,12,0,0,0,0,0
370148,0,1,1991,0,0,0,0,0,0,0,0,0,0
370148,1,1,1991,0,0,0,0,0,0,0,0,0,0
370149,1,1,1991,0,0,0,0,0,0,0,0,0,0
370149,2,1,1991,0,0,0,0,0,0,0,0,0,0
370150,1,1,1991,23,23,23,23,23,23,23,23,23,23
370151,1,1,1991,0,0,0,0,0,0,0,0,0,0
370152,1,1,1991,0,0,0,0,0,0,0,0,0,0
370153,1,1,1991,0,0,0,0,0,0,0,0,0,0
370154,1,1,1991,0,0,0,0,0,0,0,0,0,0
370154,2,1,1991,0,0,0,0,0,0,6,0,0,17
370154,3,1,1991,0,0,0,0,0,0,0,0,0,0
370155,1,1,1991,28,28,28,28,28,28,28,28,28,28
370156,0,1,1991,40,40,40,40,40,40,40,40,40,40
370156,1,1,1991,15,0,4,4,16,10,17,5,14,22
370157,1,1,1991,0,0,0,0,0,0,0,0,0,0
370157,2,1,1991,33,33,33,33,33,33,33,33,33,33
370158,1,1,1991,13,17,23,26,8,14,25,36,27,31
370159,1,1,1991,5,0,0,0,0,0,0,0,0,0
370159,2,1,1991,0,0,0,0,0,0,0,0,0,0
370160,0,1,1991,0,0,0,0,0,0,0,0,0,0
370160,1,1,1991,0,0,0,0,0,0,0,0,0,0
370161,1,1,1991,0,0,0,0,0,0,0,0,0,0
370161,2,1,1991,0,0,0,0,0,0,0,0,0,0
370162,1,1,1991,0,0,0,0,0,0,0,0,0,0
370163,1,1,1991,0,0,0,0,0,0,0,17,0,0
370164,0,1,1991,0,0,0,0,0,0,0,0,0,0
370164,1,1,1991,0,0,0,0,0,0,0,0,0,0
370165,1,1,1991,15,15,15,15,15,15,15,15,15,15
370167,1,1,1991,0,0,0,0,6,0,0,0,0,0
370167,2,1,1991,0,0,0,0,0,0,0,0,6,0
370167,3,1,1991,0,0,0,0,0,0,0,0,0,0
370167,4,1,1991,0,0,0,0,0,13,0,0,0,0