ST_CASE,VEH_NO,PER_NO,YEAR,P1,P2,P3,P4,P5,P6,P7,P8,P9,P10
370168,1,1,1991,0,0,0,0,0,0,0,0,0,0
370168,2,1,1991,0,0,0,0,0,0,0,0,0,0
370169,1,1,1991,36,36,36,36,36,36,36,36,36,36
370170,1,1,1991,0,0,0,0,0,0,0,0,0,0
370171,1,1,1991,15,19,21,12,12,27,6,21,25,24
370172,1,1,1991,0,0,0,0,0,20,0,0,0,0
370172,2,1,1991,0,0,0,0,0,0,0,0,0,0
370173,1,1,1991,0,0,0,0,0,0,0,0,0,0
370173,2,1,1991,0,0,0,0,0,0,0,0,0,0
370173,3,1,1991,0,0,0,0,0,0,0,0,0,0
370174,1,1,1991,0,5,16,13,14,9,2,14,25,5
370175,1,1,1991,18,18,18,18,18,18,18,18,18,18
370176,1,1,1991,0,0,0,0,0,0,0,0,0,0
370176,2,1,1991,0,0,0,0,0,0,0,0,0,0
370176,3,1,1991,0,0,0,0,0,0,0,0,0,0
370176,4,1,1991,0,0,0,0,0,0,0,0,0,0
370177,0,1,1991,37,37,37,37,37,37,37,37,37,37
370177,1,1,1991,7,4,18,5,17,0,0,31,0,0
370178,1,1,1991,0,0,0,0,0,0,0,0,0,0
370178,2,1,1991,0,0,0,0,0,0,0,0,0,0
370179,1,1,1991,0,0,0,0,0,0,0,0,0,0
370180,1,1,1991,0,0,0,0,0,0,0,0,0,0
370180,2,1,1991,0,0,0,0,0,0,0,0,0,0
370181,1,1,1991,0,0,0,0,0,0,0,0,0,0
370181,2,1,1991,0,0,0,0,0,0,0,0,0,0
370182,1,1,1991,0,0,0,0,0,0,0,0,0,0
370183,1,1,1991,0,0,0,0,0,0,0,0,0,0
370184,1,1,1991,0,0,0,0,0,0,0,0,0,0
370184,2,1,1991,0,0,0,0,0,0,0,0,0,0
370185,1,1,1991,0,0,0,0,0,0,0,0,0,0
370185,2,1,1991,0,0,0,0,0,0,0,0,0,0
370186,0,1,1991,0,0,0,0,0,0,0,0,0,0
370186,1,1,1991,0,0,0,0,0,0,0,0,0,0
370187,1,1,1991,0,0,0,0,0,0,0,0,0,0
370188,1,1,1991,23,21,16,14,23,15,19,41,12,9
370188,2,1,1991,0,0,0,6,0,0,0,0,0,0
370189,1,1,1991,0,0,0,10,0,0,0,0,0,0
370189,2,1,1991,11,22,12,0,3,9,9,20,13,5
370190,1,1,1991,0,0,0,0,0,0,0,0,0,0
370191,1,1,1991,13,6,20,9,11,2,12,15,10,16
370191,2,1,1991,0,0,0,0,0,0,0,0,0,0
370191,3,1,1991,0,0,0,0,0,0,0,0,0,0
370192,1,1,1991,0,0,0,0,0,0,0,0,0,0
370193,1,1,1991,0,0,0,0,0,0,0,0,0,0
370193,2,1,1991,0,0,0,0,0,0,0,0,0,0
370194,1,1,1991,0,0,0,0,0,0,0,0,0,0
370194,2,1,1991,29,29,29,29,29,29,29,29,29,29
370194,3,1,1991,16,0,0,0,0,0,0,0,0,11
370195,0,1,1991,15,15,15,15,15,15,15,15,15,15
370195,1,1,1991,0,0,0,0,0,0,0,0,0,0
370196,1,1,1991,0,0,0,0,0,0,0,0,0,0
370196,2,1,1991,0,0,0,0,14,0,0,0,0,0
370197,1,1,1991,0,0,0,0,0,0,0,0,0,0
370198,1,1,1991,0,0,0,0,0,0,0,0,0,0
370199,0,1,1991,0,0,0,0,0,0,0,0,0,0
370199,1,1,1991,0,0,0,0,0,0,0,0,0,0
370200,1,1,1991,33,10,23,19,40,26,15,39,23,12
370201,1,1,1991,20,34,18,16,14,0,13,25,23,5
370202,1,1,1991,0,0,0,0,0,0,0,0,0,0
370203,1,1,1991,0,0,0,0,0,0,0,0,0,0
370203,2,1,1991,0,0,0,0,0,0,0,0,0,0
370203,3,1,1991,0,0,0,0,0,0,0,0,0,0
370204,1,1,1991,0,0,0,0,0,0,0,0,0,0
370205,0,1,1991,0,0,13,20,23,23,29,19,25,12
370205,1,1,1991,0,0,0,0,0,0,0,0,0,0
370206,1,1,1991,12,12,12,12,12,12,12,12,12,12
370207,1,1,1991,30,30,30,30,30,30,30,30,30,30
370208,0,1,1991,0,0,0,7,0,0,0,0,23,0
370208,1,1,1991,0,0,0,0,0,0,0,0,0,0
370209,0,1,1991,23,23,23,23,23,23,23,23,23,23
370209,1,1,1991,0,0,0,0,0,0,0,0,0,0
370210,1,1,1991,9,9,9,9,9,9,9,9,9,9
370211,0,1,1991,0,0,0,0,0,0,0,0,0,0
370211,1,1,1991,19,0,0,0,0,0,22,0,0,0
370212,1,1,1991,3,3,3,3,3,3,3,3,3,3
370212,2,1,1991,17,17,17,17,17,17,17,17,17,17
370212,3,1,1991,5,0,5,0,0,0,0,0,0,0
370213,1,1,1991,15,22,26,13,20,6,18,14,17,7
370214,0,1,1991,0,0,0,0,0,0,0,0,0,0
370214,1,1,1991,0,0,0,0,0,0,0,0,0,0
370215,1,1,1991,0,0,0,0,0,0,0,0,0,0
370215,2,1,1991,8,8,8,8,8,8,8,8,8,8
370216,1,1,1991,0,0,0,0,0,0,0,0,0,0
370216,2,1,1991,0,0,0,0,0,0,0,13,0,0
370217,1,1,1991,0,0,0,0,0,0,0,27,0,0
370217,2,1,1991,0,14,0,7,0,0,11,0,0,12
370218,1,1,1991,0,0,0,0,0,0,0,0,0,0
370218,2,1,1991,0,0,0,0,0,0,0,0,0,0
370219,1,1,1991,24,24,24,24,24,24,24,24,24,24
370220,0,1,1991,30,30,30,30,30,30,30,30,30,30
370220,1,1,1991,0,0,0,0,0,0,0,0,0,0
370221,1,1,1991,0,0,0,0,0,0,0,0,0,0
370222,0,1,1991,30,30,30,30,30,30,30,30,30,30
370222,1,1,1991,21,14,23,25,19,23,8,4,6,12
370223,1,1,1991,0,0,0,0,0,0,0,0,0,0
370223,2,1,1991,17,9,14,21,21,0,10,19,12,18
370224,1,1,1991,0,8,0,0,0,0,0,0,0,14
370225,1,1,1991,21,21,21,21,21,21,21,21,21,21
370226,0,1,1991,0,0,0,0,0,0,0,0,0,0
370226,1,1,1991,0,0,0,0,0,0,0,0,0,0
370227,1,1,1991,0,0,0,0,0,0,0,0,0,0
370228,1,1,1991,0,0,0,0,0,0,0,0,0,0
370229,1,1,1991,12,12,12,12,12,12,12,12,12,12
370229,2,1,1991,0,0,0,0,0,0,0,0,0,0
370230,1,1,1991,0,0,0,0,0,0,0,0,0,0
370230,2,1,1991,0,0,0,0,0,0,0,0,0,0
370231,1,1,1991,0,0,0,0,0,0,0,0,0,0
370231,2,1,1991,0,0,0,0,0,0,0,0,0,0
370232,1,1,1991,0,0,0,0,0,0,0,0,0,0
370232,2,1,1991,27,27,27,27,27,27,27,27,27,27
370233,1,1,1991,0,0,0,0,0,0,0,0,0,0
370233,2,1,1991,0,0,0,0,0,0,0,0,0,0
370234,1,1,1991,0,0,0,0,0,0,0,0,0,0
370234,2,1,1991,0,0,0,0,0,0,0,0,0,0
370235,1,1,1991,10,21,19,30,18,11,42,16,17,23
370236,1,1,1991,0,0,0,0,0,0,0,0,0,0
370236,2,1,1991,0,0,0,0,0,0,0,0,0,0
370237,1,1,1991,32,32,32,32,32,32,32,32,32,32
370238,1,1,1991,0,0,0,0,0,0,0,0,0,0
370238,2,1,1991,0,0,0,0,0,0,0,0,0,0
370239,1,1,1991,0,0,0,0,0,0,0,0,0,0
370240,1,1,1991,0,0,7,0,0,17,0,0,0,0
370241,0,1,1991,0,25,0,0,0,18,0,0,0,8
370241,0,2,1991,0,0,0,0,0,0,0,0,0,0
370241,1,1,1991,0,0,0,0,0,0,0,0,0,0
370242,1,1,1991,5,16,0,0,14,21,7,16,31,18
370243,1,1,1991,15,15,15,15,15,15,15,15,15,15
370244,1,1,1991,0,0,0,0,0,0,0,0,0,0
370244,2,1,1991,0,0,0,0,0,0,0,0,0,0
370245,1,1,1991,20,21,18,20,28,19,30,11,13,34
370246,1,1,1991,0,0,0,0,0,0,0,0,0,0
370246,2,1,1991,0,0,0,0,0,0,0,0,0,0
370247,1,1,1991,0,0,0,0,0,0,0,0,0,0
370248,1,1,1991,0,0,0,0,0,0,0,0,0,0
370249,0,1,1991,0,0,0,0,0,0,0,0,0,0
370249,1,1,1991,23,17,22,33,15,3,19,6,0,0
370250,1,1,1991,0,0,0,0,0,0,0,0,0,0
370250,2,1,1991,0,0,0,0,0,0,0,0,0,0
370250,3,1,1991,0,0,0,0,0,0,0,0,0,0
370251,1,1,1991,18,18,18,18,18,18,18,18,18,18
370251,2,1,1991,0,0,0,0,0,0,0,0,0,0
370252,1,1,1991,18,12,32,14,21,11,7,16,12,23
370253,0,1,1991,23,23,23,23,23,23,23,23,23,23
370253,1,1,1991,0,0,0,0,0,0,0,0,0,0
370254,0,1,1991,0,0,0,0,0,0,0,0,0,0
370254,1,1,1991,17,0,0,0,0,0,0,0,0,0
370255,1,1,1991,0,0,0,0,0,0,0,0,0,0
370255,2,1,1991,0,0,0,0,0,0,0,0,0,0
370256,1,1,1991,0,0,0,0,0,0,0,0,0,0
370257,1,1,1991,10,4,18,17,5,13,13,9,19,6
370258,1,1,1991,0,0,0,0,0,0,0,0,0,0
370259,1,1,1991,0,0,0,0,0,0,0,0,0,0
370259,2,1,1991,0,0,0,0,0,0,0,0,0,0
370260,1,1,1991,0,0,0,0,0,0,0,0,0,0
370261,1,1,1991,4,4,4,4,4,4,4,4,4,4
370261,2,1,1991,0,0,0,0,0,0,0,0,0,0
370262,1,1,1991,13,0,0,0,0,0,0,0,0,0
370262,2,1,1991,0,0,0,0,0,0,0,0,0,0
370263,1,1,1991,36,36,36,36,36,36,36,36,36,36
370264,0,1,1991,47,47,47,47,47,47,47,47,47,47
370264,1,1,1991,0,0,0,0,0,0,0,0,0,0
370265,1,1,1991,0,0,0,0,0,0,0,0,0,0
370265,2,1,1991,0,0,0,0,0,0,0,0,0,0
370265,3,1,1991,0,0,0,0,0,0,0,20,0,0
370265,4,1,1991,0,0,0,0,0,0,0,0,0,0
370265,5,1,1991,0,0,0,0,0,0,0,0,0,0
370266,1,1,1991,13,13,13,13,13,13,13,13,13,13
370267,1,1,1991,7,7,7,7,7,7,7,7,7,7
370268,1,1,1991,19,19,19,19,19,19,19,19,19,19
370269,1,1,1991,0,0,12,0,0,0,0,0,0,0
370269,2,1,1991,17,17,17,17,17,17,17,17,17,17
370270,1,1,1991,0,0,0,0,0,0,0,0,0,0
370270,2,1,1991,0,0,0,0,0,0,0,0,0,0
370270,3,1,1991,0,0,0,0,0,0,0,0,0,0
370271,1,1,1991,0,0,0,0,0,0,0,0,0,0
370271,2,1,1991,0,0,0,0,0,0,0,0,0,0
370272,1,1,1991,0,0,0,0,0,0,0,0,0,0
370272,2,1,1991,0,0,0,0,0,0,0,0,0,0
370273,1,1,1991,0,0,0,0,0,0,0,0,0,0
370274,1,1,1991,0,0,0,0,0,0,0,0,0,0
370274,2,1,1991,0,0,27,0,0,0,0,0,5,0
370275,1,1,1991,0,0,0,0,0,0,0,0,0,0
370275,2,1,1991,12,12,12,12,12,12,12,12,12,12
370276,0,1,1991,0,0,0,0,0,0,0,0,0,0
370276,1,1,1991,0,0,0,0,0,0,0,0,0,0
370276,2,1,1991,0,0,0,0,0,0,0,0,0,0
370277,1,1,1991,0,0,0,0,0,0,0,0,0,0
370277,2,1,1991,0,0,0,0,0,0,0,0,0,0
370278,1,1,1991,0,0,0,0,0,0,0,0,0,0
370278,2,1,1991,0,0,0,0,0,0,0,0,0,0
370279,1,1,1991,0,0,0,0,0,0,0,0,0,0
370281,1,1,1991,0,0,0,0,0,0,0,0,0,0
370282,1,1,1991,0,0,0,0,0,0,0,0,0,0
370283,1,1,1991,18,18,18,18,18,18,18,18,18,18
370283,2,1,1991,0,0,0,0,0,0,0,0,0,0
370284,1,1,1991,0,0,0,0,0,0,0,0,0,0
370285,1,1,1991,25,25,25,25,25,25,25,25,25,25
370286,1,1,1991,0,0,0,0,0,0,0,0,0,0
370286,2,1,1991,0,0,0,0,0,0,0,0,0,0
370287,1,1,1991,0,11,27,0,12,5,15,12,23,20
370287,2,1,1991,0,0,0,0,0,0,0,0,0,0
370288,1,1,1991,0,0,0,0,0,0,0,0,0,0
370289,0,1,1991,22,22,22,22,22,22,22,22,22,22
370289,1,1,1991,11,32,21,25,12,9,13,23,23,12
370290,0,1,1991,20,20,20,20,20,20,20,20,20,20
370290,1,1,1991,0,0,0,20,18,0,0,0,0,0
370291,1,1,1991,0,0,0,0,0,0,0,0,0,0
370292,1,1,1991,0,0,0,0,0,0,0,0,0,0
370293,0,1,1991,14,14,14,14,14,14,14,14,14,14
370293,1,1,1991,0,0,0,0,0,0,0,0,0,30
370295,1,1,1991,23,23,23,23,23,23,23,23,23,23
370295,2,1,1991,0,0,0,0,0,0,0,0,0,0
370296,1,1,1991,17,17,17,17,17,17,17,17,17,17
370297,1,1,1991,19,19,19,19,19,19,19,19,19,19
370298,1,1,1991,13,13,13,13,13,13,13,13,13,13
370299,1,1,1991,10,10,10,10,10,10,10,10,10,10
370300,1,1,1991,0,0,0,0,0,0,0,0,0,0
370300,2,1,1991,0,0,0,0,0,0,0,0,0,0
370301,1,1,1991,0,0,0,0,0,0,0,0,0,0
370301,2,1,1991,0,0,0,0,0,0,0,0,0,0
370302,0,1,1991,20,20,20,20,20,20,20,20,20,20
370302,1,1,1991,0,0,0,0,0,0,0,0,0,0
370303,1,1,1991,0,0,0,0,0,0,0,0,0,0
370304,1,1,1991,0,0,0,0,0,0,0,0,0,0
370305,1,1,1991,0,0,0,0,0,0,0,0,0,0
370305,2,1,1991,0,0,0,0,0,0,0,0,0,0
370306,1,1,1991,0,0,0,0,0,0,0,0,0,0
370306,2,1,1991,0,0,0,16,0,0,0,0,12,0
370307,0,1,1991,0,0,0,0,19,0,0,0,0,0
370307,1,1,1991,0,0,0,0,0,0,0,0,0,0
370308,0,1,1991,0,0,0,0,0,0,0,0,0,0
370308,1,1,1991,13,0,0,0,0,0,0,0,0,0
370309,1,1,1991,0,0,0,0,0,0,0,0,0,23
370309,2,1,1991,0,0,0,0,0,0,0,0,0,0
370310,1,1,1991,30,30,30,30,30,30,30,30,30,30
370311,1,1,1991,0,0,0,0,0,0,0,0,0,0
370311,2,1,1991,0,0,0,0,0,0,0,0,0,0
370311,3,1,1991,0,0,0,0,0,0,0,0,0,0
370312,1,1,1991,0,0,0,0,0,0,0,0,0,0
370313,1,1,1991,0,0,0,0,0,0,0,0,0,0
370314,1,1,1991,22,22,22,22,22,22,22,22,22,22
370315,1,1,1991,0,0,0,0,0,0,0,0,0,0
370317,1,1,1991,0,0,0,0,0,0,0,0,0,0
370317,2,1,1991,0,0,0,0,0,0,0,0,0,0
370318,0,1,1991,0,0,0,0,0,0,0,0,0,0
370318,1,1,1991,0,5,28,0,0,0,0,0,0,20
370319,0,1,1991,23,23,23,23,23,23,23,23,23,23
370319,1,1,1991,0,0,0,0,0,0,0,0,0,0
370320,1,1,1991,0,0,0,0,0,0,6,0,0,0
370320,2,1,1991,0,0,0,0,0,0,0,0,0,0
370321,1,1,1991,0,0,0,0,0,0,0,0,0,0
370321,2,1,1991,0,0,0,0,0,0,0,0,0,0
370321,3,1,1991,0,0,14,9,0,0,0,0,0,0
370322,1,1,1991,0,0,0,0,0,0,0,0,0,0
370323,1,1,1991,16,16,16,16,16,16,16,16,16,16
370324,1,1,1991,21,21,21,21,21,21,21,21,21,21
370325,1,1,1991,0,0,0,0,0,0,0,0,0,0
370326,1,1,1991,0,0,0,0,0,0,10,0,0,0
370326,2,1,1991,0,0,0,0,0,0,0,0,0,0
370327,1,1,1991,11,12,27,26,32,16,13,15,22,13
370328,1,1,1991,3,3,3,3,3,3,3,3,3,3
370329,1,1,1991,0,0,0,0,0,0,0,0,0,0
370330,0,1,1991,25,25,25,25,25,25,25,25,25,25
370330,1,1,1991,0,0,0,0,0,0,0,0,0,0
370331,1,1,1991,0,0,0,0,0,0,12,0,0,0
370332,1,1,1991,0,0,0,0,0,0,0,0,0,0
370332,2,1,1991,0,0,0,0,0,0,0,0,0,0
370333,1,1,1991,23,13,21,22,15,7,9,10,3,6
370334,1,1,1991,0,0,0,0,0,0,0,0,0,0
370335,1,1,1991,0,0,0,0,0,0,0,0,0,0
370335,2,1,1991,0,0,0,0,0,0,0,0,0,0
370336,1,1,1991,0,0,0,0,0,0,0,0,0,0
370336,2,1,1991,0,0,0,0,0,0,0,0,0,0
370337,1,1,1991,25,25,25,25,25,25,25,25,25,25
370338,1,1,1991,0,0,0,0,0,0,0,0,0,0
370338,2,1,1991,0,0,0,0,0,0,0,0,0,0
370339,1,1,1991,0,0,0,0,0,0,0,0,0,0
370340,1,1,1991,0,0,0,0,0,0,0,0,0,0
370340,2,1,1991,0,0,0,0,0,0,0,0,0,0
370341,1,1,1991,0,0,0,0,0,0,0,0,0,0
370341,2,1,1991,0,0,0,0,0,0,0,13,0,0
370341,3,1,1991,0,0,0,0,0,0,0,0,0,0
370342,0,1,1991,0,0,0,0,0,0,0,0,0,0
370342,1,1,1991,0,0,0,0,0,0,0,0,0,0
370343,1,1,1991,0,0,0,0,0,0,0,0,0,0
370344,1,1,1991,0,0,0,0,0,0,0,0,0,0
370345,1,1,1991,0,0,0,0,0,0,0,0,0,0
370345,2,1,1991,0,0,0,0,0,0,0,0,0,0
370345,3,1,1991,0,0,0,0,0,0,0,0,0,0
370346,1,1,1991,0,0,0,0,0,0,0,0,0,0
370346,2,1,1991,0,0,0,0,0,0,0,0,0,0
370346,3,1,1991,0,0,0,0,0,0,0,0,0,0
370347,1,1,1991,0,6,0,0,0,0,0,0,21,0
370347,2,1,1991,0,0,0,0,0,0,0,0,0,0
370347,3,1,1991,0,0,0,0,0,0,0,0,0,0
370347,4,1,1991,0,0,0,0,0,0,17,0,0,0
370348,1,1,1991,0,0,0,0,0,0,0,15,19,0
370349,0,1,1991,18,47,16,39,15,22,0,12,34,33
370349,1,1,1991,17,0,0,0,0,21,0,0,0,25
370350,1,1,1991,11,11,11,11,11,11,11,11,11,11
370351,0,1,1991,16,16,16,16,16,16,16,16,16,16
370351,1,1,1991,0,0,0,0,0,0,0,0,0,0
370352,0,1,1991,28,28,28,28,28,28,28,28,28,28
370352,0,2,1991,62,27,13,0,9,0,25,35,0,0
370352,1,1,1991,0,0,0,0,0,0,0,0,0,0
370353,1,1,1991,16,16,16,16,16,16,16,16,16,16
370354,1,1,1991,0,0,0,0,0,0,0,0,0,0
370354,2,1,1991,0,0,0,0,0,0,0,0,0,0
370355,1,1,1991,0,0,0,0,0,0,0,0,0,0
370356,1,1,1991,0,0,0,0,0,0,0,0,0,0
370356,2,1,1991,20,20,20,20,20,20,20,20,20,20
370357,0,1,1991,27,27,27,27,27,27,27,27,27,27
370357,1,1,1991,0,0,0,0,0,0,0,0,0,0
370358,1,1,1991,0,0,0,0,0,0,0,0,0,0
370359,1,1,1991,29,29,29,29,29,29,29,29,29,29
370360,1,1,1991,18,15,16,15,20,17,9,18,20,14
370361,0,1,1991,0,0,0,0,0,0,0,0,0,0
370361,1,1,1991,0,0,0,0,0,0,0,0,0,0
370362,1,1,1991,9,9,9,9,9,9,9,9,9,9
370362,2,1,1991,0,0,0,0,0,12,0,0,0,0
370363,1,1,1991,0,0,0,0,0,0,0,0,0,0
370364,1,1,1991,0,0,0,0,0,0,0,0,0,0
370364,2,1,1991,0,0,0,0,0,0,0,0,0,0
370365,1,1,1991,0,0,0,0,0,0,0,0,0,0
370366,1,1,1991,0,0,0,0,0,0,0,0,0,0
370366,2,1,1991,0,0,0,0,0,0,0,0,0,0
370367,1,1,1991,0,0,0,0,0,0,0,0,0,0
370367,2,1,1991,12,16,19,6,7,14,6,17,17,7
370368,0,1,1991,41,0,0,10,28,7,12,22,0,24
370368,1,1,1991,0,0,0,0,0,0,0,0,0,0
370369,0,1,1991,19,19,19,19,19,19,19,19,19,19
370369,1,1,1991,0,0,0,0,0,0,0,0,0,0
370370,1,1,1991,14,14,14,14,14,14,14,14,14,14
370371,1,1,1991,9,9,9,9,9,9,9,9,9,9
370372,1,1,1991,0,0,0,0,0,0,21,0,0,0
370372,2,1,1991,0,0,0,0,0,0,0,0,0,0
370373,1,1,1991,0,0,0,0,0,0,0,0,0,0
370373,2,1,1991,0,0,0,0,0,0,0,0,0,0
370374,1,1,1991,0,0,0,0,0,0,0,0,7,0
370374,2,1,1991,0,0,6,13,0,0,0,0,0,0
370375,1,1,1991,0,0,0,0,0,0,0,0,0,0
370375,2,1,1991,0,0,0,0,0,0,0,0,0,0
370376,1,1,1991,11,11,11,11,11,11,11,11,11,11
370376,2,1,1991,0,0,0,0,0,0,0,0,0,0
370377,1,1,1991,0,0,0,0,0,0,0,0,0,0
370377,2,1,1991,0,0,0,0,0,0,0,0,0,0
370377,3,1,1991,0,0,0,0,0,0,0,0,0,0
370377,4,1,1991,0,0,0,0,0,0,0,0,0,0
370377,5,1,1991,0,0,0,0,0,0,0,0,0,0
370377,6,1,1991,0,0,0,0,0,0,0,0,0,0
370377,7,1,1991,0,0,0,0,0,0,0,0,0,0
370378,1,1,1991,0,0,0,0,0,0,0,0,0,0
370378,2,1,1991,0,0,0,0,0,0,0,0,0,0
370378,3,1,1991,0,0,0,0,0,0,0,0,14,0
370378,4,1,1991,0,0,0,0,0,0,0,0,0,0
370379,1,1,1991,0,0,0,0,0,0,0,0,0,0
370379,2,1,1991,0,0,0,0,0,0,0,0,0,0
370380,1,1,1991,0,0,0,0,0,0,0,0,0,0
370380,2,1,1991,0,0,0,0,0,0,0,0,0,0
370381,1,1,1991,26,26,26,26,26,26,26,26,26,26
370381,2,1,1991,0,0,0,0,0,0,0,0,0,0
370382,1,1,1991,15,15,15,15,15,15,15,15,15,15
370383,1,1,1991,34,34,34,34,34,34,34,34,34,34
370384,0,1,1991,17,17,17,17,17,17,17,17,17,17
370384,1,1,1991,0,28,0,0,9,25,8,24,23,3
370385,1,1,1991,0,0,0,0,0,0,0,0,0,0
370385,2,1,1991,0,0,0,0,0,0,0,0,0,0
370386,1,1,1991,26,0,10,21,17,21,19,25,13,15
370387,1,1,1991,0,0,0,0,0,0,0,0,0,0
370387,2,1,1991,0,0,0,0,0,0,0,0,0,0
370387,3,1,1991,0,0,0,0,0,0,0,0,0,0
370387,4,1,1991,0,0,0,0,0,0,0,0,0,0
370388,0,1,1991,0,0,0,0,0,0,0,0,0,0
370388,1,1,1991,0,0,0,0,0,0,0,0,0,0
370389,1,1,1991,11,11,11,11,11,11,11,11,11,11
370389,2,1,1991,0,0,0,0,0,0,0,0,0,0
370390,1,1,1991,0,0,0,0,0,0,0,0,0,0
370390,2,1,1991,0,0,0,0,0,0,0,0,0,0
370391,1,1,1991,24,24,24,24,24,24,24,24,24,24
370391,2,1,1991,0,0,0,0,0,0,0,0,0,20
370392,1,1,1991,0,0,0,0,0,0,0,0,0,0
370393,0,1,1991,6,6,6,6,6,6,6,6,6,6
370393,1,1,1991,0,0,0,0,0,0,0,0,0,0
370394,1,1,1991,12,0,0,16,11,0,24,20,0,22
370395,1,1,1991,0,0,0,0,0,0,0,0,0,0
370395,2,1,1991,0,0,0,0,0,0,0,0,0,0
370396,0,1,1991,6,6,6,6,6,6,6,6,6,6
370396,1,1,1991,8,0,36,0,14,11,0,0,24,0
370397,1,1,1991,27,27,27,27,27,27,27,27,27,27
370398,1,1,1991,16,21,0,4,11,0,6,13,14,8
370398,2,1,1991,0,0,0,0,0,0,0,0,0,0
370399,1,1,1991,12,14,4,10,14,8,6,23,31,0
370399,2,1,1991,14,12,19,11,14,14,0,8,0,20
370400,1,1,1991,35,0,0,0,12,0,33,11,23,18
370401,1,1,1991,10,20,20,17,17,10,18,13,32,13
370402,1,1,1991,12,12,12,12,12,12,12,12,12,12
370403,1,1,1991,0,0,0,0,0,0,0,0,0,0
370403,2,1,1991,0,0,0,12,0,0,0,0,0,0
370404,1,1,1991,0,0,0,0,0,0,0,0,0,0
370404,2,1,1991,12,22,0,15,25,7,11,18,7,12
370405,0,1,1991,28,28,28,28,28,28,28,28,28,28
370405,1,1,1991,0,0,0,0,0,0,0,0,0,0
370406,1,1,1991,0,7,0,0,0,0,0,0,0,0
370406,2,1,1991,0,0,0,0,0,0,0,0,0,0
370407,1,1,1991,16,16,16,16,16,16,16,16,16,16
370408,0,1,1991,18,18,18,18,18,18,18,18,18,18
370408,0,2,1991,20,34,0,23,14,20,36,10,34,8
370408,1,1,1991,0,0,0,7,0,10,0,0,0,35
370409,1,1,1991,0,0,0,0,0,0,0,0,0,0
370410,1,1,1991,0,0,0,0,0,0,0,0,0,0
370410,2,1,1991,0,0,0,0,13,0,3,0,0,0
370411,1,1,1991,0,0,0,0,0,0,0,0,0,0
370411,2,1,1991,0,0,0,0,0,0,0,0,0,0
370412,1,1,1991,0,0,0,0,0,0,0,0,0,0
370413,1,1,1991,0,0,0,0,0,0,0,0,0,0
370413,2,1,1991,0,0,0,0,0,0,0,0,0,0
370414,1,1,1991,0,0,0,0,0,0,0,0,0,0
370414,2,1,1991,5,12,17,9,15,7,9,6,8,11
370415,1,1,1991,15,15,15,15,15,15,15,15,15,15
370416,1,1,1991,0,0,0,0,0,0,0,0,0,0
370416,2,1,1991,0,0,0,0,22,0,0,0,0,0
370417,1,1,1991,0,0,0,0,0,0,0,0,0,0
370417,2,1,1991,14,14,14,14,14,14,14,14,14,14
370418,1,1,1991,0,0,0,0,0,0,0,0,0,0
370418,2,1,1991,0,0,0,0,0,0,0,0,0,0
370419,1,1,1991,0,11,17,2,7,25,0,19,20,17
370420,1,1,1991,0,0,0,0,0,0,0,0,0,0
370421,1,1,1991,0,0,0,0,0,0,0,0,0,0
370422,1,1,1991,0,0,0,0,0,0,0,0,0,0
370423,1,1,1991,0,0,0,0,0,0,0,0,0,0
370423,2,1,1991,0,0,0,0,0,0,0,0,0,0
370424,1,1,1991,0,0,0,0,0,0,0,0,0,0
370424,2,1,1991,0,0,0,0,0,0,5,0,0,0
370425,1,1,1991,22,22,22,22,22,22,22,22,22,22
370425,2,1,1991,0,0,0,6,0,0,0,0,0,0
370426,1,1,1991,0,0,0,0,0,0,0,0,0,0
370426,2,1,1991,0,0,0,0,0,0,0,0,0,0
370427,0,1,1991,0,0,0,0,0,0,0,0,0,0
370427,1,1,1991,0,0,0,0,0,0,0,0,0,0
370428,0,1,1991,0,0,0,0,0,0,0,0,0,0
370428,1,1,1991,0,0,0,0,0,0,0,0,0,0
370429,1,1,1991,0,0,0,0,0,0,0,0,0,0
370429,2,1,1991,0,0,0,0,0,0,0,0,0,0
370430,1,1,1991,0,0,0,0,0,0,0,0,0,0
370431,1,1,1991,0,0,0,0,0,0,0,0,0,0
370431,2,1,1991,0,0,0,0,0,0,0,0,0,0
370432,1,1,1991,22,22,22,22,22,22,22,22,22,22
370433,1,1,1991,0,0,0,0,0,0,0,0,0,0
370434,1,1,1991,0,0,0,0,0,0,0,0,0,0
370435,1,1,1991,12,12,12,12,12,12,12,12,12,12
370435,2,1,1991,0,0,0,0,0,0,0,0,0,0
370436,1,1,1991,0,0,0,0,0,0,6,0,0,0
370436,2,1,1991,0,0,0,0,0,0,0,0,0,0
370437,1,1,1991,0,0,0,6,0,0,0,0,0,0
370437,2,1,1991,0,0,0,0,0,0,0,0,0,0
370438,1,1,1991,0,0,0,0,0,0,0,0,0,0
370439,1,1,1991,18,8,1,9,12,12,5,9,19,0
370439,2,1,1991,0,0,0,0,0,0,0,0,0,0
370440,1,1,1991,0,0,0,0,0,0,0,0,0,0
370440,2,1,1991,0,0,0,0,0,0,0,0,0,0
370441,0,1,1991,28,28,28,28,28,28,28,28,28,28
370441,1,1,1991,0,0,4,0,22,0,0,0,0,0
370442,1,1,1991,27,15,7,10,33,26,22,12,19,11
370443,1,1,1991,17,17,17,17,17,17,17,17,17,17
370444,1,1,1991,26,0,0,12,20,27,5,0,19,15
370445,1,1,1991,23,23,23,23,23,23,23,23,23,23
370446,1,1,1991,14,14,14,14,14,14,14,14,14,14