ST_CASE,VEH_NO,PER_NO,YEAR,P1,P2,P3,P4,P5,P6,P7,P8,P9,P10
370446,2,1,1991,0,0,0,0,0,0,0,0,0,0
370447,1,1,1991,0,0,0,0,0,0,0,0,0,0
370448,1,1,1991,0,0,0,0,0,0,0,0,0,0
370449,1,1,1991,0,10,0,0,0,15,0,12,0,0
370450,0,1,1991,0,0,0,0,0,0,0,0,0,0
370450,1,1,1991,0,0,0,0,0,0,0,0,0,0
370451,1,1,1991,20,26,0,26,0,0,15,0,14,0
370452,1,1,1991,0,0,0,0,0,0,0,22,0,0
370453,1,1,1991,0,0,19,0,0,5,0,20,0,0
370453,2,1,1991,0,0,0,0,0,0,0,0,0,0
370454,1,1,1991,0,0,0,0,0,0,0,0,0,0
370454,2,1,1991,0,0,0,0,0,0,0,0,0,0
370455,1,1,1991,0,0,0,0,0,0,0,0,0,0
370455,2,1,1991,0,0,0,0,0,0,0,0,0,0
370456,1,1,1991,0,0,0,0,0,0,0,0,0,0
370456,2,1,1991,0,0,0,0,0,0,0,0,0,0
370457,1,1,1991,0,0,0,0,0,0,0,0,0,0
370457,2,1,1991,0,0,0,0,0,0,0,0,10,0
370457,3,1,1991,0,0,0,0,0,0,0,0,0,0
370458,1,1,1991,31,31,31,31,31,31,31,31,31,31
370458,2,1,1991,0,0,0,0,0,0,0,0,0,0
370458,3,1,1991,0,0,0,0,0,0,0,0,12,0
370459,1,1,1991,0,0,0,0,0,0,0,0,0,0
370459,2,1,1991,0,0,0,0,0,0,0,0,0,0
370460,1,1,1991,0,0,0,0,0,0,0,0,0,0
370461,1,1,1991,0,0,0,0,0,0,0,0,0,0
370462,1,1,1991,0,0,0,0,0,0,0,0,0,0
370462,2,1,1991,0,0,0,0,0,0,0,0,0,0
370463,1,1,1991,12,12,12,12,12,12,12,12,12,12
370464,1,1,1991,32,9,7,24,0,22,25,13,0,24
370464,2,1,1991,0,0,0,0,0,0,0,0,0,0
370465,1,1,1991,0,0,0,0,0,0,0,0,0,0
370465,2,1,1991,0,0,0,0,0,0,0,0,0,0
370466,1,1,1991,0,0,0,0,0,0,0,0,0,0
370467,0,1,1991,47,47,47,47,47,47,47,47,47,47
370467,1,1,1991,14,0,19,23,0,17,0,5,12,18
370468,1,1,1991,0,0,0,0,0,0,0,0,0,0
370468,2,1,1991,0,0,0,0,0,0,0,0,0,0
370468,3,1,1991,0,0,0,0,0,0,0,0,0,0
370469,1,1,1991,0,0,0,0,0,0,0,0,0,0
370469,2,1,1991,0,0,0,0,0,0,0,0,0,0
370470,1,1,1991,0,0,0,0,0,0,0,0,0,0
370471,1,1,1991,0,0,0,0,0,0,0,0,0,0
370472,1,1,1991,0,0,0,0,0,0,0,0,0,0
370472,2,1,1991,0,0,0,0,0,0,0,0,0,0
370473,1,1,1991,0,0,0,0,0,0,0,0,0,0
370473,2,1,1991,14,14,14,14,14,14,14,14,14,14
370474,1,1,1991,0,0,0,0,0,0,0,0,0,0
370475,1,1,1991,0,0,0,0,0,0,0,0,0,0
370475,2,1,1991,0,0,0,0,0,0,0,0,0,0
370475,3,1,1991,0,0,0,0,0,0,0,0,0,0
370476,0,1,1991,0,0,0,0,0,0,0,0,0,0
370476,1,1,1991,0,0,0,0,0,0,11,0,0,0
370477,0,1,1991,0,0,0,0,0,0,0,0,0,0
370477,1,1,1991,0,0,0,0,0,0,0,0,0,0
370478,1,1,1991,0,0,0,0,0,0,0,0,0,0
370479,1,1,1991,0,0,0,0,0,0,0,0,0,0
370479,2,1,1991,0,0,0,0,0,0,0,0,0,0
370480,0,1,1991,0,0,0,0,0,0,0,0,0,0
370480,1,1,1991,0,0,0,0,0,0,0,0,0,0
370481,1,1,1991,0,0,0,0,0,0,0,0,0,0
370481,2,1,1991,0,0,0,0,0,0,0,0,0,0
370482,1,1,1991,0,0,0,0,0,0,0,0,0,0
370482,2,1,1991,0,0,0,0,0,0,0,0,0,0
370483,1,1,1991,0,17,8,4,0,9,10,8,19,3
370484,1,1,1991,0,0,0,0,0,0,0,0,0,0
370484,2,1,1991,14,14,14,14,14,14,14,14,14,14
370485,1,1,1991,37,37,37,37,37,37,37,37,37,37
370485,2,1,1991,0,0,0,0,0,0,0,0,0,0
370486,1,1,1991,0,0,0,0,0,0,0,0,0,0
370486,2,1,1991,0,0,0,0,0,0,0,0,0,0
370487,0,1,1991,7,7,7,7,7,7,7,7,7,7
370487,1,1,1991,18,12,11,14,17,0,0,0,0,0
370488,1,1,1991,0,0,0,0,0,0,0,0,0,0
370488,2,1,1991,17,24,11,10,16,16,9,13,5,10
370489,1,1,1991,9,16,15,14,10,12,29,19,23,18
370490,1,1,1991,17,26,7,38,6,26,7,12,16,10
370491,1,1,1991,15,15,15,15,15,15,15,15,15,15
370491,2,1,1991,0,0,0,0,0,0,0,0,0,0
370492,1,1,1991,0,0,0,0,0,0,0,0,0,0
370493,1,1,1991,0,0,0,0,0,0,0,0,0,0
370493,2,1,1991,0,0,0,0,0,0,0,0,0,0
370494,1,1,1991,21,0,0,0,0,0,0,0,0,0
370494,2,1,1991,0,0,0,0,0,0,0,0,0,0
370495,0,1,1991,10,10,10,10,10,10,10,10,10,10
370495,1,1,1991,0,0,0,0,0,0,0,0,0,0
370496,1,1,1991,24,24,24,24,24,24,24,24,24,24
370497,0,1,1991,19,19,19,19,19,19,19,19,19,19
370497,1,1,1991,0,0,0,0,0,0,0,0,0,0
370498,1,1,1991,21,9,15,21,32,13,27,17,15,12
370499,1,1,1991,19,2,17,31,4,16,18,18,22,21
370500,1,1,1991,20,20,20,20,20,20,20,20,20,20
370501,1,1,1991,16,21,0,38,16,21,5,24,18,0
370502,0,1,1991,0,0,0,0,0,0,0,0,0,0
370502,2,1,1991,0,0,0,0,0,0,0,0,0,0
370503,1,1,1991,0,0,0,0,0,0,0,0,0,0
370503,2,1,1991,0,0,0,0,0,0,0,0,0,0
370504,1,1,1991,0,0,0,0,0,0,0,0,0,0
370504,2,1,1991,20,13,27,11,16,19,27,11,0,10
370505,1,1,1991,35,35,35,35,35,35,35,35,35,35
370506,1,1,1991,20,20,20,20,20,20,20,20,20,20
370507,1,1,1991,0,0,0,0,0,0,0,0,0,0
370507,2,1,1991,0,0,0,0,0,0,0,0,0,0
370508,1,1,1991,0,0,0,0,0,0,0,0,0,0
370508,2,1,1991,5,5,5,5,5,5,5,5,5,5
370509,0,1,1991,0,0,0,0,0,0,0,0,0,0
370509,1,1,1991,0,0,0,0,0,0,0,0,0,0
370510,1,1,1991,0,0,0,0,0,16,0,0,0,0
370511,1,1,1991,0,0,0,0,0,0,0,0,0,0
370512,0,1,1991,18,18,18,18,18,18,18,18,18,18
370512,0,2,1991,0,0,0,0,0,0,0,0,0,0
370512,1,1,1991,14,10,18,13,12,10,12,21,18,23
370512,2,1,1991,13,0,8,14,4,12,14,6,8,22
370513,1,1,1991,21,25,23,9,21,19,15,18,26,24
370514,0,1,1991,17,23,27,0,24,32,34,22,19,0
370514,1,1,1991,0,29,16,0,7,0,0,0,19,5
370515,0,1,1991,0,0,0,0,0,0,0,0,0,0
370515,1,1,1991,0,0,0,0,0,0,0,0,0,0
370516,1,1,1991,0,0,0,0,0,0,0,0,0,0
370516,2,1,1991,0,0,0,0,0,14,0,0,0,0
370517,1,1,1991,7,7,7,7,7,7,7,7,7,7
370517,2,1,1991,0,0,0,0,0,0,0,0,0,0
370518,1,1,1991,0,0,0,0,0,0,0,0,0,0
370519,1,1,1991,0,0,0,0,0,0,0,0,0,0
370520,0,1,1991,0,0,0,0,0,0,0,0,0,0
370520,1,1,1991,0,0,0,0,0,0,0,0,0,0
370521,1,1,1991,0,0,0,0,0,0,0,0,0,0
370521,2,1,1991,0,0,0,0,0,0,0,0,0,0
370522,1,1,1991,0,0,0,0,0,0,0,0,0,0
370523,1,1,1991,0,0,0,0,0,0,0,0,0,0
370523,2,1,1991,0,0,0,0,0,0,0,0,0,0
370524,1,1,1991,0,0,0,0,0,0,0,0,0,0
370524,2,1,1991,0,0,0,0,0,0,0,0,0,0
370524,3,1,1991,0,0,0,0,0,0,0,0,0,0
370525,1,1,1991,17,17,17,17,17,17,17,17,17,17
370526,1,1,1991,0,0,0,0,0,0,0,0,0,0
370526,2,1,1991,21,15,17,10,9,8,0,22,13,14
370527,1,1,1991,0,0,0,0,0,0,0,0,0,0
370527,2,1,1991,0,0,0,0,0,0,0,0,0,0
370528,1,1,1991,9,12,6,0,10,8,12,14,5,15
370529,1,1,1991,0,0,0,0,0,0,0,0,0,0
370529,2,1,1991,0,0,0,0,0,0,0,0,0,0
370530,1,1,1991,18,18,18,18,18,18,18,18,18,18
370531,0,1,1991,0,0,0,0,0,0,0,0,0,0
370531,1,1,1991,0,0,0,0,0,0,0,0,0,0
370532,1,1,1991,4,9,0,14,6,11,16,11,16,15
370532,2,1,1991,0,0,0,0,0,0,0,0,0,0
370533,1,1,1991,9,20,17,11,32,18,24,7,13,44
370534,1,1,1991,10,10,10,10,10,10,10,10,10,10
370535,1,1,1991,10,0,0,0,0,17,0,0,10,0
370536,1,1,1991,17,27,10,6,10,0,4,19,24,5
370536,2,1,1991,0,0,0,0,0,0,0,0,0,0
370536,3,1,1991,0,0,0,0,0,0,0,0,0,0
370537,0,1,1991,0,0,0,0,0,0,0,0,0,0
370537,1,1,1991,0,0,0,0,0,0,0,0,0,0
370538,0,1,1991,0,0,0,0,0,0,0,0,0,0
370538,1,1,1991,0,0,0,0,0,0,18,0,0,0
370539,1,1,1991,0,0,0,0,0,0,0,0,0,0
370540,1,1,1991,0,0,0,0,0,0,0,0,0,0
370541,1,1,1991,33,33,33,33,33,33,33,33,33,33
370543,1,1,1991,0,0,0,0,0,0,0,0,0,0
370543,2,1,1991,21,21,21,21,21,21,21,21,21,21
370544,0,1,1991,13,13,13,13,13,13,13,13,13,13
370544,1,1,1991,7,7,12,17,20,12,14,14,6,20
370545,1,1,1991,23,25,19,41,25,29,11,18,15,12
370546,1,1,1991,0,0,0,12,0,0,0,0,0,0
370546,2,1,1991,0,0,0,0,0,0,0,0,0,0
370547,1,1,1991,6,10,19,16,22,8,32,10,25,15
370547,2,1,1991,0,0,0,0,0,0,0,0,0,0
370548,1,1,1991,0,0,0,0,0,0,0,4,0,0
370549,0,1,1991,0,0,0,0,0,0,0,0,0,0
370549,1,1,1991,14,15,5,9,9,18,27,12,10,23
370550,1,1,1991,22,22,22,22,22,22,22,22,22,22
370551,0,1,1991,34,34,34,34,34,34,34,34,34,34
370551,1,1,1991,0,0,0,0,0,0,0,0,0,12
370552,1,1,1991,0,0,0,0,0,0,0,0,0,0
370553,1,1,1991,17,0,13,8,0,10,0,21,11,0
370554,1,1,1991,0,0,0,0,0,0,0,0,0,0
370555,1,1,1991,29,29,29,29,29,29,29,29,29,29
370556,1,1,1991,18,10,18,5,16,7,12,26,18,17
370556,2,1,1991,0,0,0,0,0,0,0,0,0,0
370556,3,1,1991,0,0,0,0,0,0,0,0,0,0
370557,1,1,1991,0,23,0,0,7,0,0,0,0,0
370558,1,1,1991,11,11,11,11,11,11,11,11,11,11
370559,1,1,1991,18,0,20,12,0,0,0,8,0,11
370559,2,1,1991,0,0,0,0,0,0,0,0,0,0
370560,0,1,1991,17,17,17,17,17,17,17,17,17,17
370560,1,1,1991,0,0,0,0,0,0,0,0,0,0
370561,1,1,1991,0,0,0,0,0,0,0,0,0,0
370562,0,1,1991,16,16,16,16,16,16,16,16,16,16
370562,1,1,1991,6,14,0,0,0,13,0,12,0,14
370563,0,1,1991,26,26,26,26,26,26,26,26,26,26
370563,1,1,1991,0,0,0,0,0,0,0,0,0,0
370564,1,1,1991,0,0,0,0,0,0,0,0,0,0
370564,2,1,1991,0,0,0,0,0,0,0,0,0,0
370565,1,1,1991,13,17,8,9,16,10,8,8,19,9
370566,0,1,1991,0,0,0,0,0,0,0,0,0,0
370566,1,1,1991,0,0,0,0,0,0,0,0,0,0
370567,1,1,1991,0,0,0,0,0,0,0,0,0,0
370568,1,1,1991,0,0,0,0,0,0,0,0,0,0
370568,2,1,1991,0,0,0,0,0,0,0,0,0,0
370569,1,1,1991,14,14,14,14,14,14,14,14,14,14
370570,1,1,1991,0,0,0,0,0,0,0,0,0,0
370570,2,1,1991,0,0,0,0,0,0,0,0,0,0
370571,1,1,1991,22,22,22,22,22,22,22,22,22,22
370571,2,1,1991,0,0,16,0,0,0,0,0,21,0
370572,1,1,1991,21,16,8,21,3,0,18,19,3,0
370572,2,1,1991,0,0,0,0,0,0,0,0,0,0
370573,1,1,1991,0,0,0,0,0,0,0,0,0,0
370573,2,1,1991,30,7,14,20,12,0,12,18,13,0
370574,1,1,1991,0,0,0,0,0,0,0,0,0,0
370574,2,1,1991,0,0,0,0,0,0,0,0,0,0
370574,3,1,1991,0,0,0,0,0,0,0,0,0,0
370575,1,1,1991,39,21,13,40,30,22,11,21,20,18
370576,1,1,1991,22,15,19,14,16,12,9,9,19,22
370577,1,1,1991,24,13,8,18,9,34,14,15,16,13
370578,1,1,1991,0,0,23,0,0,0,0,7,4,0
370578,2,1,1991,0,0,0,0,0,0,0,0,0,0
370579,1,1,1991,25,25,25,25,25,25,25,25,25,25
370579,2,1,1991,0,0,0,0,0,0,0,0,0,0
370580,1,1,1991,31,5,23,17,20,13,15,18,38,18
370581,1,1,1991,0,0,0,0,0,5,0,0,0,0
370582,1,1,1991,0,0,0,0,0,0,0,0,0,0
370582,2,1,1991,0,0,0,0,0,0,0,0,0,0
370582,3,1,1991,0,0,0,0,0,0,0,0,0,0
370583,1,1,1991,0,0,0,0,0,0,0,0,0,0
370584,1,1,1991,15,15,15,15,15,15,15,15,15,15
370585,0,1,1991,28,28,28,28,28,28,28,28,28,28
370585,1,1,1991,15,14,0,21,15,25,10,18,14,13
370586,1,1,1991,6,6,6,6,6,6,6,6,6,6
370587,0,1,1991,22,22,22,22,22,22,22,22,22,22
370587,1,1,1991,3,10,24,6,23,17,3,9,9,10
370587,2,1,1991,0,0,0,0,0,0,0,0,0,0
370588,1,1,1991,0,0,0,0,0,0,0,0,0,0
370589,1,1,1991,0,0,0,0,0,0,0,0,0,0
370590,1,1,1991,7,18,23,5,11,18,11,9,22,13
370591,1,1,1991,0,0,0,0,0,0,0,0,20,0
370592,1,1,1991,0,0,0,0,0,0,0,0,0,0
370592,2,1,1991,10,17,0,12,9,0,17,14,0,17
370593,1,1,1991,0,0,2,0,0,0,0,0,0,0
370594,1,1,1991,13,13,13,13,13,13,13,13,13,13
370595,0,1,1991,10,10,10,10,10,10,10,10,10,10
370595,1,1,1991,0,0,0,0,0,0,0,0,0,0
370596,1,1,1991,0,0,0,0,0,0,0,0,0,0
370597,1,1,1991,0,0,0,12,0,10,0,0,0,24
370597,2,1,1991,0,0,0,0,0,0,0,0,0,0
370598,1,1,1991,12,17,20,10,24,10,17,13,15,2
370599,1,1,1991,8,20,19,13,11,22,13,0,8,5
370600,1,1,1991,17,26,14,10,27,12,24,14,22,22
370601,0,1,1991,0,0,0,0,0,0,0,0,0,0
370601,1,1,1991,12,17,13,26,8,4,12,2,5,15
370602,1,1,1991,15,9,27,17,9,16,22,5,8,30
370602,2,1,1991,0,0,0,0,0,0,0,0,0,0
370603,1,1,1991,21,21,21,21,21,21,21,21,21,21
370603,2,1,1991,0,0,0,0,0,0,0,0,0,0
370604,1,1,1991,0,0,0,0,0,0,0,0,0,0
370605,1,1,1991,0,0,0,0,0,0,0,0,0,0
370605,2,1,1991,0,0,0,0,0,0,0,0,0,0
370606,0,1,1991,22,28,36,0,36,8,14,23,7,21
370606,0,2,1991,31,18,21,0,35,19,18,18,21,12
370606,1,1,1991,0,0,0,0,0,0,0,0,0,0
370607,1,1,1991,0,0,0,0,0,0,0,0,0,0
370607,2,1,1991,0,0,0,0,0,0,0,0,0,0
370607,3,1,1991,0,0,0,0,0,0,0,0,0,0
370608,1,1,1991,0,0,0,0,0,0,0,0,0,0
370608,2,1,1991,0,0,0,0,0,0,0,0,0,0
370609,1,1,1991,20,17,14,11,11,21,9,18,2,18
370609,2,1,1991,0,0,0,0,0,0,0,0,0,0
370610,1,1,1991,0,0,0,0,0,0,0,0,0,0
370610,2,1,1991,0,0,0,0,0,0,0,0,0,0
370611,1,1,1991,0,0,0,0,0,0,0,0,0,0
370611,2,1,1991,0,0,0,0,0,0,0,0,0,0
370612,1,1,1991,14,14,14,14,14,14,14,14,14,14
370613,1,1,1991,0,0,0,0,0,0,19,0,0,0
370613,2,1,1991,0,0,0,0,0,0,0,0,0,0
370613,3,1,1991,0,0,0,15,0,0,0,0,0,0
370614,0,1,1991,0,0,0,0,0,0,0,0,0,0
370614,1,1,1991,0,0,0,0,0,0,0,0,0,0
370614,2,1,1991,0,14,0,0,0,0,0,0,0,0
370615,1,1,1991,11,22,5,8,28,0,12,16,13,19
370616,1,1,1991,0,0,0,0,0,0,0,0,0,0
370617,1,1,1991,0,0,0,0,0,0,0,0,0,0
370617,2,1,1991,0,0,0,0,0,0,0,0,0,0
370618,1,1,1991,0,0,0,0,0,0,0,0,0,0
370619,0,1,1991,11,11,11,11,11,11,11,11,11,11
370619,1,1,1991,3,0,0,0,0,0,0,0,0,0
370620,1,1,1991,24,11,20,23,8,22,17,13,11,15
370621,0,1,1991,17,17,17,17,17,17,17,17,17,17
370621,1,1,1991,0,0,15,0,5,17,0,0,5,8
370622,1,1,1991,0,0,0,0,0,0,0,0,0,0
370623,0,1,1991,20,20,20,20,20,20,20,20,20,20
370623,1,1,1991,10,18,13,19,13,6,11,11,0,7
370625,1,1,1991,0,0,0,0,16,0,0,0,23,0
370625,2,1,1991,0,0,0,0,0,0,5,0,17,0
370625,3,1,1991,0,0,0,0,0,0,0,0,0,0
370626,1,1,1991,0,0,0,0,0,0,0,0,0,0
370626,2,1,1991,0,0,0,0,0,0,0,0,0,0
370627,1,1,1991,0,0,0,6,0,0,0,0,0,0
370627,2,1,1991,0,0,0,0,0,0,0,0,0,0
370628,0,1,1991,0,0,0,0,0,0,0,0,0,0
370628,1,1,1991,0,0,0,0,0,0,0,0,0,0
370629,1,1,1991,11,10,15,20,18,13,15,12,10,12
370630,1,1,1991,27,27,27,27,27,27,27,27,27,27
370631,1,1,1991,15,5,26,14,21,0,29,17,11,0
370632,1,1,1991,11,11,11,11,11,11,11,11,11,11
370633,1,1,1991,3,3,3,3,3,3,3,3,3,3
370634,1,1,1991,0,0,0,0,0,0,0,0,0,0
370634,2,1,1991,0,0,0,0,0,0,0,0,0,0
370634,3,1,1991,0,0,0,0,0,18,0,0,0,0
370635,1,1,1991,0,0,0,0,0,0,0,0,0,0
370635,2,1,1991,0,0,0,0,0,0,0,0,0,0
370636,1,1,1991,10,16,9,17,11,7,20,43,15,20
370636,2,1,1991,0,0,0,0,0,0,0,0,0,0
370637,1,1,1991,0,0,0,0,0,0,0,0,0,0
370638,1,1,1991,8,8,8,8,8,8,8,8,8,8
370639,1,1,1991,0,0,7,0,0,0,0,18,0,0
370639,2,1,1991,0,0,0,4,0,0,0,0,0,0
370640,1,1,1991,0,0,0,0,0,0,0,0,0,0
370640,2,1,1991,0,0,0,0,0,0,0,0,0,0
370641,1,1,1991,0,0,0,0,0,0,0,0,0,0
370641,2,1,1991,0,0,0,0,0,0,0,0,0,0
370641,3,1,1991,0,0,0,0,0,0,0,0,0,0
370642,1,1,1991,0,0,0,0,0,0,0,0,0,0
370643,1,1,1991,0,0,0,0,0,0,0,0,0,0
370643,2,1,1991,28,28,28,28,28,28,28,28,28,28
370644,1,1,1991,0,0,0,0,0,0,0,0,0,0
370645,1,1,1991,18,18,18,18,18,18,18,18,18,18
370646,1,1,1991,16,0,0,0,0,0,0,13,0,0
370647,1,1,1991,0,0,0,0,0,0,0,0,0,0
370647,2,1,1991,0,0,0,0,0,0,0,0,0,0
370648,1,1,1991,12,12,12,12,12,12,12,12,12,12
370648,2,1,1991,0,0,0,0,0,0,0,0,0,0
370649,1,1,1991,11,11,11,11,11,11,11,11,11,11
370650,1,1,1991,0,0,0,0,0,0,0,0,0,0
370650,2,1,1991,15,20,13,11,15,17,10,0,4,19
370651,1,1,1991,11,11,11,11,11,11,11,11,11,11
370652,1,1,1991,0,0,0,0,0,0,0,0,0,0
370652,2,1,1991,0,0,0,0,0,0,0,0,0,0
370653,1,1,1991,11,11,11,11,11,11,11,11,11,11
370654,0,1,1991,21,21,21,21,21,21,21,21,21,21
370654,1,1,1991,20,23,2,0,19,26,12,0,24,0
370655,1,1,1991,0,28,22,33,27,11,0,22,8,12
370656,1,1,1991,0,0,0,0,0,0,0,0,0,0
370656,2,1,1991,0,0,0,0,0,0,0,0,0,0
370657,1,1,1991,0,0,0,0,0,0,0,0,0,0
370657,2,1,1991,0,0,0,0,0,0,0,0,0,0
370658,1,1,1991,13,0,0,0,20,0,0,0,0,0
370658,2,1,1991,34,34,34,34,34,34,34,34,34,34
370659,1,1,1991,17,17,17,17,17,17,17,17,17,17
370659,2,1,1991,0,0,0,0,0,0,0,0,0,0
370660,1,1,1991,13,13,13,13,13,13,13,13,13,13
370661,1,1,1991,0,0,8,0,0,0,0,0,0,0
370662,1,1,1991,7,3,23,11,8,21,7,20,13,8
370662,2,1,1991,0,0,0,0,0,0,0,0,0,0
370663,1,1,1991,0,0,0,0,0,0,0,0,0,0
370664,1,1,1991,15,23,11,16,4,13,15,18,15,18
370666,1,1,1991,0,0,0,0,0,0,0,0,0,0
370666,2,1,1991,0,0,0,0,0,0,0,0,0,0
370667,1,1,1991,10,10,10,10,10,10,10,10,10,10
370668,1,1,1991,17,5,10,22,18,11,14,17,17,18
370669,1,1,1991,18,18,18,18,18,18,18,18,18,18
370669,2,1,1991,21,33,19,29,7,11,0,16,28,6
370670,1,1,1991,21,27,24,19,0,17,30,20,22,54
370671,0,1,1991,19,19,19,19,19,19,19,19,19,19
370671,1,1,1991,8,0,10,0,9,0,26,4,0,20
370672,1,1,1991,13,13,13,13,13,13,13,13,13,13
370673,1,1,1991,0,0,0,0,0,0,0,0,0,0
370673,2,1,1991,0,0,0,0,0,0,0,0,0,0
370674,1,1,1991,0,0,0,5,0,0,0,0,0,0
370674,2,1,1991,0,0,0,0,0,0,0,0,0,0
370675,1,1,1991,0,0,0,0,0,0,0,0,0,0
370675,2,1,1991,0,0,0,0,0,0,0,0,0,0
370676,1,1,1991,7,7,7,7,7,7,7,7,7,7
370677,0,1,1991,0,0,0,0,0,0,0,0,0,0
370677,1,1,1991,0,0,0,0,0,0,0,0,0,0
370678,1,1,1991,0,0,0,32,17,0,3,6,19,0
370678,2,1,1991,0,0,0,0,0,0,0,0,0,0
370678,3,1,1991,0,0,0,0,0,17,0,0,0,0
370679,1,1,1991,0,0,0,0,0,14,0,0,0,0
370679,2,1,1991,0,0,0,0,0,0,0,0,0,0
370680,0,1,1991,0,0,0,0,0,0,0,13,0,0
370680,1,1,1991,0,0,0,0,0,0,0,0,0,0
370681,1,1,1991,28,28,28,28,28,28,28,28,28,28
370682,1,1,1991,22,22,22,22,22,22,22,22,22,22
370683,1,1,1991,14,14,14,14,14,14,14,14,14,14
370684,1,1,1991,0,0,0,0,0,0,0,0,0,0
370685,0,1,1991,0,0,0,0,0,0,0,0,0,0
370685,1,1,1991,44,0,8,5,12,6,13,4,17,26
370686,1,1,1991,9,17,9,7,7,12,9,0,7,16
370687,1,1,1991,37,37,37,37,37,37,37,37,37,37
370688,1,1,1991,0,0,0,0,0,0,0,0,0,0
370688,2,1,1991,0,0,0,0,0,0,0,0,0,0
370689,0,1,1991,32,32,32,32,32,32,32,32,32,32
370689,1,1,1991,3,9,8,16,0,25,6,9,13,9
370690,1,1,1991,0,0,0,0,0,13,0,0,0,0
370690,2,1,1991,20,20,20,20,20,20,20,20,20,20
370691,1,1,1991,0,0,0,0,0,0,0,0,0,0
370691,2,1,1991,0,0,0,0,0,0,0,0,0,0
370692,1,1,1991,0,0,0,0,0,0,0,0,0,0
370692,2,1,1991,0,0,0,0,0,0,0,0,0,0
370693,1,1,1991,15,15,15,15,15,15,15,15,15,15
370693,2,1,1991,0,0,0,0,0,0,12,0,0,0
370693,3,1,1991,0,0,0,0,0,0,0,0,0,0
370694,1,1,1991,0,0,0,0,0,0,0,0,0,0
370695,0,1,1991,0,0,0,0,0,0,0,0,0,0
370695,1,1,1991,0,0,0,0,0,0,0,0,0,0
370696,1,1,1991,0,0,0,0,0,0,0,0,0,0
370696,2,1,1991,0,0,0,0,0,0,0,0,0,0
370697,1,1,1991,0,0,0,0,0,0,0,0,0,0
370697,2,1,1991,0,0,0,0,0,0,0,0,0,0
370698,1,1,1991,0,0,0,0,0,0,0,0,0,0
370698,2,1,1991,0,0,0,0,0,0,0,0,0,0
370699,1,1,1991,0,0,0,0,0,0,0,0,0,0
370699,2,1,1991,0,0,0,0,0,0,0,0,0,0
370700,0,1,1991,0,0,0,0,0,0,0,0,0,0
370700,1,1,1991,0,0,0,0,0,0,0,0,0,0
370701,1,1,1991,0,0,0,0,0,0,0,0,0,0
370701,2,1,1991,0,0,0,0,0,0,0,0,0,0
370702,0,1,1991,6,0,0,0,0,0,0,0,0,0
370702,1,1,1991,0,0,0,0,0,0,0,0,0,0
370703,1,1,1991,0,0,0,0,0,0,0,0,0,0
370703,2,1,1991,0,0,0,0,0,0,0,0,0,0
370703,3,1,1991,0,0,0,0,0,0,0,0,0,0
370704,1,1,1991,18,18,18,18,18,18,18,18,18,18
370705,0,1,1991,32,32,32,32,32,32,32,32,32,32
370705,1,1,1991,0,0,0,0,0,0,0,0,0,0
370706,1,1,1991,23,23,23,23,23,23,23,23,23,23
370707,1,1,1991,0,0,0,0,0,0,0,0,0,0
370708,1,1,1991,9,9,9,9,9,9,9,9,9,9
370709,1,1,1991,0,0,0,0,0,0,0,0,0,0
370710,1,1,1991,0,0,0,0,0,0,0,0,0,0
370710,2,1,1991,0,0,0,0,0,0,0,0,0,0
370711,1,1,1991,0,0,0,0,0,0,0,0,0,0
370711,2,1,1991,0,0,0,0,0,0,0,0,0,0
370712,1,1,1991,11,11,11,11,11,11,11,11,11,11
370712,2,1,1991,0,0,0,0,0,0,0,0,0,0
370713,1,1,1991,6,6,6,6,6,6,6,6,6,6
370714,1,1,1991,0,0,0,0,0,0,0,0,0,0
370714,2,1,1991,10,10,10,10,10,10,10,10,10,10
370715,1,1,1991,18,11,16,18,9,14,21,20,13,17
370716,1,1,1991,11,9,10,23,22,6,18,14,18,26
370717,1,1,1991,21,21,21,21,21,21,21,21,21,21
370718,1,1,1991,0,0,0,0,0,0,0,0,0,0
370718,2,1,1991,0,0,0,0,0,0,0,0,0,0
370719,1,1,1991,0,0,0,0,0,0,0,0,0,0
370720,0,1,1991,30,11,5,9,26,0,15,27,19,13
370720,1,1,1991,0,0,0,0,0,0,0,0,0,0
370721,1,1,1991,0,0,0,0,0,0,0,0,0,0
370721,2,1,1991,0,0,0,0,0,0,0,0,0,0
370722,1,1,1991,0,0,0,0,0,0,0,0,0,0
370723,1,1,1991,0,0,0,0,0,0,0,0,0,0
370723,2,1,1991,0,0,0,0,0,0,0,0,13,0
370724,1,1,1991,24,24,24,24,24,24,24,24,24,24
370725,1,1,1991,21,21,21,21,21,21,21,21,21,21
370725,2,1,1991,0,0,0,0,6,0,0,0,0,6
370726,1,1,1991,0,0,0,0,0,0,0,0,0,0
370727,1,1,1991,9,12,8,2,22,20,11,8,4,3
370728,1,1,1991,23,23,23,23,23,23,23,23,23,23
370729,1,1,1991,10,19,3,0,0,8,6,12,0,0
370730,1,1,1991,21,14,14,22,15,12,17,9,9,16
370731,1,1,1991,0,0,0,0,0,0,0,0,0,0