ST_CASE,VEH_NO,PER_NO,YEAR,P1,P2,P3,P4,P5,P6,P7,P8,P9,P10
370732,0,1,1991,14,14,14,14,14,14,14,14,14,14
370732,1,1,1991,10,13,11,0,0,24,22,24,0,13
370733,1,1,1991,0,0,0,0,0,0,0,0,0,0
370733,2,1,1991,38,9,0,0,0,31,0,24,22,0
370734,1,1,1991,0,0,0,0,0,0,0,0,0,0
370734,2,1,1991,17,18,12,0,5,14,5,14,14,9
370735,1,1,1991,0,0,0,0,0,0,0,0,0,0
370735,2,1,1991,0,0,0,0,0,0,0,0,0,0
370735,3,1,1991,0,0,0,0,0,0,0,0,0,0
370735,4,1,1991,0,0,0,0,0,0,0,0,0,0
370736,1,1,1991,6,6,6,6,6,6,6,6,6,6
370737,1,1,1991,26,26,26,26,26,26,26,26,26,26
370738,1,1,1991,0,0,0,0,0,0,0,0,0,0
370738,2,1,1991,0,0,0,0,0,0,0,0,0,0
370739,1,1,1991,0,0,0,0,0,0,0,0,0,0
370740,1,1,1991,0,0,0,0,0,0,0,0,0,0
370740,2,1,1991,0,0,0,0,0,0,0,0,0,0
370741,1,1,1991,0,0,0,0,0,0,0,0,0,0
370741,2,1,1991,0,0,0,0,0,0,0,0,0,0
370742,1,1,1991,6,19,8,22,8,9,6,7,6,22
370743,1,1,1991,0,0,0,0,0,0,0,0,0,0
370744,1,1,1991,0,0,0,0,0,0,0,0,0,0
370745,1,1,1991,22,22,22,28,0,4,29,0,16,10
370746,1,1,1991,10,13,12,2,19,20,15,23,8,6
370746,2,1,1991,0,7,0,0,0,15,0,7,0,0
370746,3,1,1991,0,0,0,0,0,0,0,0,0,0
370747,1,1,1991,0,0,0,0,0,0,0,0,0,0
370747,2,1,1991,0,0,0,0,0,0,0,0,0,0
370748,0,1,1991,0,0,0,0,0,0,0,0,0,0
370748,0,2,1991,0,0,0,0,0,0,0,0,0,0
370748,0,3,1991,0,0,0,0,0,0,0,0,0,0
370748,1,1,1991,22,16,17,16,22,12,14,3,3,6
370749,1,1,1991,0,0,0,0,0,0,0,0,0,0
370749,2,1,1991,0,0,0,0,0,0,0,0,0,0
370750,0,1,1991,25,25,25,25,25,25,25,25,25,25
370750,1,1,1991,0,0,0,0,0,0,16,0,9,0
370751,1,1,1991,17,17,17,17,17,17,17,17,17,17
370752,1,1,1991,19,19,19,19,19,19,19,19,19,19
370753,1,1,1991,16,0,0,0,0,0,0,0,0,0
370755,1,1,1991,0,0,0,0,0,0,0,0,0,0
370756,1,1,1991,13,13,13,13,13,13,13,13,13,13
370757,1,1,1991,0,0,0,0,0,0,0,0,0,0
370758,1,1,1991,0,0,0,0,0,0,0,0,0,0
370758,2,1,1991,0,0,0,0,0,0,0,0,0,0
370759,1,1,1991,0,0,0,0,0,0,0,0,0,0
370759,2,1,1991,0,0,0,0,0,0,0,0,0,0
370760,0,1,1991,0,0,0,0,0,0,0,0,0,0
370760,1,1,1991,0,2,0,0,0,0,0,0,0,0
370761,1,1,1991,0,0,0,0,0,0,0,0,0,0
370762,1,1,1991,0,0,0,0,0,0,0,0,0,0
370762,2,1,1991,0,0,0,0,0,0,0,0,0,0
370763,1,1,1991,0,0,0,0,0,0,0,0,0,0
370763,2,1,1991,0,0,0,0,0,0,0,0,0,0
370764,0,1,1991,0,0,0,0,0,0,0,0,0,0
370764,1,1,1991,0,0,0,0,0,0,0,0,0,0
370765,1,1,1991,0,0,0,0,0,0,0,0,0,0
370765,2,1,1991,0,0,0,0,0,0,0,0,0,0
370766,1,1,1991,0,0,0,0,0,0,0,0,0,0
370767,1,1,1991,0,0,0,0,0,0,0,0,0,0
370767,2,1,1991,0,0,0,0,0,0,0,0,0,0
370768,1,1,1991,0,0,0,0,0,0,0,0,0,0
370768,2,1,1991,0,0,0,0,0,0,0,0,0,0
370769,1,1,1991,0,0,0,0,0,0,0,0,0,0
370769,2,1,1991,0,0,0,0,0,0,0,0,0,0
370770,0,1,1991,39,39,39,39,39,39,39,39,39,39
370770,1,1,1991,2,2,2,2,2,2,2,2,2,2
370770,2,1,1991,30,17,8,34,9,22,13,0,25,17
370771,1,1,1991,20,20,20,20,20,20,20,20,20,20
370772,1,1,1991,16,14,18,24,21,10,13,16,27,9
370772,2,1,1991,2,2,2,2,2,2,2,2,2,2
370773,0,1,1991,5,5,5,5,5,5,5,5,5,5
370773,1,1,1991,0,0,0,0,0,0,0,0,0,0
370775,1,1,1991,16,11,12,17,12,24,13,15,19,8
370776,1,1,1991,0,0,0,0,0,0,0,0,0,0
370776,2,1,1991,0,0,0,0,0,0,0,0,0,0
370777,1,1,1991,0,0,0,0,0,0,0,0,0,0
370778,1,1,1991,28,28,28,28,28,28,28,28,28,28
370779,1,1,1991,8,29,16,24,6,9,6,17,15,10
370780,1,1,1991,31,31,31,31,31,31,31,31,31,31
370781,1,1,1991,0,0,0,0,0,0,0,0,0,0
370781,2,1,1991,0,0,0,0,0,0,0,0,0,0
370781,3,1,1991,0,0,0,0,0,0,0,0,0,0
370782,1,1,1991,11,8,22,10,17,20,33,25,23,8
370783,1,1,1991,22,12,14,11,4,26,19,21,7,11
370784,1,1,1991,0,0,0,0,0,0,0,0,0,0
370784,2,1,1991,0,0,0,0,0,0,0,0,0,0
370785,1,1,1991,0,0,0,0,0,0,0,0,0,14
370785,2,1,1991,0,0,0,0,0,0,0,0,0,0
370786,1,1,1991,0,0,0,0,0,0,0,0,0,0
370787,1,1,1991,0,0,0,0,0,0,0,0,0,0
370788,1,1,1991,0,0,0,0,0,0,0,0,0,0
370788,2,1,1991,0,0,0,0,0,0,0,0,0,0
370789,0,1,1991,0,0,0,0,0,0,0,0,0,0
370789,1,1,1991,0,0,0,0,0,0,0,0,0,0
370790,0,1,1991,0,0,0,0,0,0,0,0,0,0
370790,1,1,1991,0,0,0,17,0,11,13,0,6,0
370791,1,1,1991,0,0,0,0,0,0,0,0,0,0
370791,2,1,1991,0,0,0,0,0,0,0,0,0,0
370791,3,1,1991,0,0,0,0,0,0,0,0,0,0
370792,1,1,1991,12,14,14,20,3,0,10,14,16,8
370792,2,1,1991,0,0,0,0,0,0,0,0,0,0
370793,1,1,1991,19,19,19,19,19,19,19,19,19,19
370794,1,1,1991,0,0,0,0,0,0,0,0,0,0
370794,2,1,1991,0,0,0,0,0,0,0,0,0,0
370795,0,1,1991,10,10,10,10,10,10,10,10,10,10
370795,1,1,1991,0,8,0,0,0,0,3,0,6,0
370796,0,1,1991,26,26,26,26,26,26,26,26,26,26
370796,1,1,1991,0,0,0,0,0,0,0,0,0,0
370797,1,1,1991,0,0,0,0,0,0,0,0,0,0
370798,1,1,1991,0,0,0,0,0,0,0,0,0,0
370798,2,1,1991,5,5,5,5,5,5,5,5,5,5
370799,1,1,1991,0,0,0,25,0,0,0,0,13,0
370800,1,1,1991,0,0,0,0,0,0,0,0,0,0
370800,2,1,1991,11,11,11,11,11,11,11,11,11,11
370801,1,1,1991,11,11,11,11,11,11,11,11,11,11
370802,0,1,1991,19,19,19,19,19,19,19,19,19,19
370802,1,1,1991,11,22,10,9,19,11,8,8,8,7
370803,1,1,1991,16,0,8,25,19,16,16,24,21,12
370804,1,1,1991,0,16,30,19,16,9,18,27,10,23
370805,1,1,1991,0,0,0,0,0,0,0,0,0,0
370805,2,1,1991,0,0,0,0,0,0,0,0,0,0
370806,1,1,1991,0,0,0,0,0,0,0,0,0,0
370807,1,1,1991,21,21,21,21,21,21,21,21,21,21
370808,1,1,1991,0,0,0,0,0,0,0,0,0,0
370808,2,1,1991,0,0,0,0,0,0,0,0,0,0
370809,1,1,1991,0,0,0,0,22,0,0,0,0,0
370809,2,1,1991,0,0,0,0,0,0,0,0,0,0
370810,0,1,1991,0,0,0,0,0,0,0,0,0,0
370810,1,1,1991,0,0,0,0,0,0,0,0,0,0
370811,1,1,1991,0,0,0,0,0,0,0,0,0,0
370812,1,1,1991,0,0,0,0,0,0,0,0,0,0
370812,2,1,1991,0,6,0,0,0,0,0,0,0,0
370813,1,1,1991,0,0,0,0,0,0,0,0,0,0
370814,1,1,1991,0,0,0,0,0,0,0,0,0,0
370814,2,1,1991,0,0,0,0,0,0,0,0,0,0
370815,0,1,1991,11,11,11,11,11,11,11,11,11,11
370815,1,1,1991,0,0,0,0,0,16,0,0,0,0
370816,1,1,1991,0,0,0,0,0,0,0,0,0,0
370816,2,1,1991,0,0,0,0,0,0,0,0,0,0
370817,1,1,1991,17,7,38,11,18,17,19,0,27,13
370818,0,1,1991,0,0,0,0,0,0,0,0,0,0
370818,1,1,1991,0,0,0,0,0,0,0,0,0,0
370819,1,1,1991,0,0,0,0,0,0,0,0,0,0
370819,2,1,1991,0,0,0,0,0,0,0,0,0,0
370820,1,1,1991,10,10,10,10,10,10,10,10,10,10
370820,2,1,1991,0,0,0,0,0,0,0,0,0,0
370821,1,1,1991,0,0,0,0,0,0,0,0,0,0
370821,2,1,1991,0,0,0,0,0,0,0,0,0,0
370822,1,1,1991,13,9,14,5,9,11,15,10,25,11
370822,2,1,1991,11,11,11,11,11,11,11,11,11,11
370823,1,1,1991,0,0,0,0,0,0,0,0,0,0
370824,0,1,1991,17,17,17,17,17,17,17,17,17,17
370824,1,1,1991,25,11,14,0,20,17,0,0,0,0
370824,2,1,1991,0,0,0,0,0,0,0,0,0,0
370825,1,1,1991,0,0,0,0,0,0,0,0,0,0
370826,0,1,1991,0,0,0,0,0,0,0,0,0,0
370826,1,1,1991,0,0,0,0,0,0,0,0,0,0
370827,0,1,1991,0,0,0,0,0,0,0,0,0,0
370827,1,1,1991,0,0,0,0,0,0,0,0,0,0
370828,1,1,1991,15,2,5,0,23,10,17,10,29,15
370829,0,1,1991,28,28,28,28,28,28,28,28,28,28
370829,1,1,1991,0,0,0,0,0,0,0,0,0,0
370830,1,1,1991,0,0,0,0,0,0,0,0,0,0
370831,1,1,1991,0,0,0,0,0,0,0,0,0,0
370831,2,1,1991,0,0,0,0,0,0,0,0,0,0
370831,3,1,1991,0,0,0,0,0,0,0,0,0,0
370832,1,1,1991,0,0,0,0,0,0,0,0,0,0
370833,0,1,1991,11,9,0,21,17,4,27,9,39,65
370833,0,2,1991,18,18,9,14,18,19,33,12,7,40
370833,1,1,1991,7,0,0,0,0,0,0,0,0,0
370834,1,1,1991,18,18,18,18,18,18,18,18,18,18
370835,1,1,1991,26,26,26,26,26,26,26,26,26,26
370836,1,1,1991,0,0,0,0,0,0,0,0,0,0
370836,2,1,1991,0,0,0,0,0,0,0,0,0,0
370837,1,1,1991,0,0,0,0,0,0,0,0,0,0
370837,2,1,1991,0,0,0,0,0,0,0,0,0,0
370838,1,1,1991,0,0,0,0,0,0,0,0,0,0
370838,2,1,1991,0,0,0,0,0,0,0,0,0,0
370839,0,1,1991,0,0,0,0,0,0,0,0,0,0
370839,1,1,1991,0,0,0,0,0,0,0,0,0,0
370840,0,1,1991,0,0,0,0,0,0,0,0,0,0
370840,1,1,1991,0,0,0,0,0,0,0,0,0,0
370841,1,1,1991,20,20,20,20,20,20,20,20,20,20
370842,1,1,1991,18,18,18,18,18,18,18,18,18,18
370843,1,1,1991,0,0,0,0,0,0,0,0,0,0
370843,2,1,1991,0,0,0,0,0,0,0,0,0,0
370843,3,1,1991,0,0,0,0,0,0,0,0,0,0
370844,1,1,1991,0,0,0,0,0,0,0,0,0,0
370844,2,1,1991,0,0,0,0,0,0,0,0,0,0
370845,1,1,1991,0,0,0,0,0,0,0,0,0,0
370845,2,1,1991,0,0,0,0,0,0,0,0,0,0
370845,3,1,1991,0,0,0,0,0,0,0,0,0,0
370846,1,1,1991,10,10,10,10,10,10,10,10,10,10
370847,0,1,1991,27,27,27,27,27,27,27,27,27,27
370847,1,1,1991,5,8,0,22,10,17,6,13,14,8
370848,0,1,1991,0,0,0,0,0,0,0,0,0,0
370848,1,1,1991,0,0,0,0,0,0,16,0,0,0
370849,1,1,1991,5,5,5,5,5,5,5,5,5,5
370850,1,1,1991,0,0,0,0,0,0,0,0,0,0
370851,1,1,1991,0,25,5,6,15,8,4,19,9,0
370851,2,1,1991,0,0,0,0,0,0,0,0,0,0
370852,1,1,1991,11,11,11,11,11,11,11,11,11,11
370853,1,1,1991,0,0,0,0,0,0,0,0,0,0
370853,2,1,1991,0,0,0,0,0,0,0,0,0,0
370854,1,1,1991,19,19,19,19,19,19,19,19,19,19
370855,1,1,1991,0,0,0,0,0,0,0,0,0,0
370855,2,1,1991,8,19,19,0,24,6,4,12,14,8
370856,0,1,1991,0,0,0,0,0,0,0,0,0,0
370856,1,1,1991,0,0,0,0,0,0,0,0,0,0
370857,1,1,1991,11,11,11,11,11,11,11,11,11,11
370858,1,1,1991,0,0,0,0,0,0,0,0,0,0
370858,2,1,1991,0,0,0,0,0,0,0,0,0,0
370858,3,1,1991,0,0,0,0,0,0,0,0,0,0
370859,1,1,1991,0,0,0,0,0,0,0,0,0,0
370859,2,1,1991,0,0,0,0,0,0,0,0,0,0
370860,1,1,1991,0,24,14,0,21,0,0,0,0,13
370861,1,1,1991,0,0,0,0,0,0,0,0,0,0
370861,2,1,1991,0,0,0,0,0,0,0,0,0,0
370862,1,1,1991,0,0,0,0,0,0,0,0,0,0
370862,2,1,1991,5,5,5,5,5,5,5,5,5,5
370863,0,1,1991,0,0,0,0,0,0,0,0,0,0
370863,1,1,1991,0,0,0,0,0,0,0,0,0,0
370864,0,1,1991,17,41,17,19,18,21,51,7,23,20
370864,1,1,1991,0,0,18,0,0,19,0,0,0,0
370865,1,1,1991,11,7,17,5,22,10,10,9,14,1
370865,2,1,1991,0,0,0,0,0,0,0,0,0,0
370866,1,1,1991,0,0,0,0,0,0,0,0,0,0
370866,2,1,1991,0,0,0,0,0,0,0,0,0,0
370866,3,1,1991,0,0,0,0,0,0,0,0,0,0
370867,1,1,1991,0,0,0,0,0,0,0,0,0,0
370867,2,1,1991,0,0,0,0,0,0,0,0,0,0
370868,0,1,1991,21,0,7,0,3,15,28,25,0,27
370868,0,2,1991,0,0,0,0,0,0,0,0,0,0
370868,1,1,1991,0,0,0,0,0,0,0,0,0,0
370869,1,1,1991,0,0,0,0,0,0,0,0,0,0
370869,2,1,1991,0,0,0,0,0,0,0,0,0,0
370870,1,1,1991,0,0,0,0,0,0,0,0,0,0
370870,2,1,1991,0,0,0,0,0,0,0,0,0,0
370871,1,1,1991,0,0,0,0,0,0,0,0,0,0
370871,2,1,1991,0,0,0,0,0,0,0,0,0,0
370872,1,1,1991,23,23,23,23,23,23,23,23,23,23
370873,1,1,1991,24,24,24,24,24,24,24,24,24,24
370873,2,1,1991,0,0,0,0,0,0,0,0,0,0
370874,1,1,1991,31,5,11,5,23,15,0,13,16,4
370874,2,1,1991,0,0,0,7,0,0,0,0,0,0
370875,0,1,1991,0,0,0,0,0,0,0,0,0,0
370875,1,1,1991,0,0,0,0,0,0,0,0,0,15
370876,1,1,1991,0,0,0,0,0,0,0,0,0,0
370877,1,1,1991,15,14,18,10,14,3,10,14,24,20
370878,1,1,1991,0,0,0,0,0,0,0,0,0,0
370878,2,1,1991,0,0,0,0,0,0,0,0,0,0
370879,1,1,1991,0,0,0,0,0,0,0,0,0,0
370879,2,1,1991,0,0,0,8,15,0,0,0,0,0
370880,1,1,1991,26,26,26,26,26,26,26,26,26,26
370881,0,1,1991,19,19,19,19,19,19,19,19,19,19
370881,1,1,1991,0,0,0,0,0,0,0,0,0,0
370882,1,1,1991,0,0,0,0,0,0,0,0,0,0
370882,2,1,1991,0,0,0,0,0,0,0,0,0,0
370883,0,1,1991,0,0,0,0,0,0,0,0,0,0
370883,1,1,1991,0,0,0,0,0,0,0,0,0,0
370884,1,1,1991,0,0,0,0,0,0,0,0,0,0
370885,0,1,1991,28,28,28,28,28,28,28,28,28,28
370885,1,1,1991,0,0,0,0,0,0,0,0,0,0
370886,0,1,1991,24,24,24,24,24,24,24,24,24,24
370886,1,1,1991,11,9,12,7,19,11,7,11,12,0
370887,1,1,1991,0,0,0,0,0,0,0,0,0,0
370887,2,1,1991,21,0,20,0,8,0,14,11,0,0
370888,0,1,1991,13,13,13,13,13,13,13,13,13,13
370888,1,1,1991,0,0,0,0,0,0,0,0,13,0
370889,0,1,1991,6,6,6,6,6,6,6,6,6,6
370889,1,1,1991,0,0,0,0,0,0,0,0,0,0
370890,1,1,1991,0,0,0,0,0,24,0,0,0,0
370891,1,1,1991,0,0,0,0,0,0,0,0,0,0
370892,1,1,1991,12,14,14,21,11,27,13,14,7,0
370893,1,1,1991,0,0,0,0,0,0,0,0,0,0
370894,0,1,1991,6,23,13,15,40,26,15,19,4,22
370894,1,1,1991,0,0,0,0,0,0,0,0,0,0
370895,0,1,1991,24,24,24,24,24,24,24,24,24,24
370895,1,1,1991,0,0,0,0,0,0,0,0,0,0
370896,1,1,1991,22,22,22,22,22,22,22,22,22,22
370896,2,1,1991,0,0,0,0,0,0,0,0,0,0
370897,0,1,1991,0,0,0,0,0,0,0,0,0,0
370897,1,1,1991,0,0,0,0,0,0,0,0,0,0
370898,1,1,1991,0,0,0,0,0,0,0,0,0,0
370898,2,1,1991,0,0,0,0,0,25,0,0,0,0
370899,1,1,1991,27,27,27,27,27,27,27,27,27,27
370900,0,1,1991,24,24,24,24,24,24,24,24,24,24
370900,1,1,1991,0,18,0,0,0,0,0,0,0,0
370901,1,1,1991,0,10,3,0,0,0,0,18,0,16
370902,1,1,1991,0,0,0,0,0,0,0,0,0,0
370902,2,1,1991,0,0,0,0,0,0,0,0,0,0
370903,0,1,1991,28,28,28,28,28,28,28,28,28,28
370903,1,1,1991,0,23,0,30,12,28,10,0,0,0
370904,1,1,1991,13,13,13,13,13,13,13,13,13,13
370905,1,1,1991,31,31,31,31,31,31,31,31,31,31
370906,1,1,1991,0,0,0,0,0,0,0,0,0,0
370907,1,1,1991,0,0,0,0,0,0,0,0,0,0
370908,1,1,1991,0,0,0,0,0,0,0,0,0,0
370909,1,1,1991,0,6,0,0,0,0,0,0,0,0
370910,1,1,1991,0,0,0,0,0,0,0,0,0,0
370911,0,1,1991,0,0,0,0,0,0,0,0,0,0
370911,1,1,1991,0,0,0,0,0,0,0,0,0,0
370912,1,1,1991,0,0,0,0,0,0,0,0,0,0
370912,2,1,1991,0,0,0,0,0,0,0,0,0,0
370912,3,1,1991,0,0,0,0,0,0,0,0,0,0
370913,0,1,1991,35,35,35,35,35,35,35,35,35,35
370913,1,1,1991,0,0,0,0,0,0,0,0,0,0
370914,0,1,1991,0,0,0,0,0,0,0,0,0,0
370914,1,1,1991,0,0,0,0,0,0,0,0,0,0
370915,1,1,1991,0,0,0,0,0,0,0,0,0,0
370915,2,1,1991,0,0,0,0,0,0,0,0,0,0
370916,1,1,1991,0,0,0,0,0,0,0,0,0,0
370917,1,1,1991,18,19,10,20,14,9,6,18,29,17
370918,1,1,1991,0,0,0,0,0,0,0,0,0,0
370918,2,1,1991,17,17,17,17,17,17,17,17,17,17
370918,3,1,1991,8,26,0,0,0,0,0,0,0,0
370919,1,1,1991,0,0,0,0,0,0,0,0,0,0
370919,2,1,1991,0,0,0,0,0,0,0,0,0,0
370919,3,1,1991,0,0,0,0,0,0,0,0,0,0
370920,0,1,1991,5,5,5,5,5,5,5,5,5,5
370920,1,1,1991,0,0,0,0,0,0,0,0,0,0
370921,1,1,1991,0,0,0,0,0,0,0,0,0,0
370921,2,1,1991,16,0,0,0,0,0,0,0,0,0
370922,1,1,1991,0,0,0,0,0,0,0,0,0,0
370922,2,1,1991,0,0,0,0,0,0,0,0,0,0
370923,1,1,1991,0,0,0,0,0,0,0,0,0,0
370924,1,1,1991,0,0,0,0,0,0,0,0,0,0
370924,2,1,1991,0,0,0,0,0,0,0,0,0,0
370925,1,1,1991,0,0,0,0,0,0,0,0,0,0
370925,2,1,1991,0,0,0,0,0,0,0,0,0,0
370926,1,1,1991,12,5,8,33,20,8,11,8,14,12
370927,1,1,1991,0,11,0,0,0,0,0,0,0,0
370927,2,1,1991,0,0,0,0,0,0,0,0,0,0
370928,0,1,1991,28,28,28,28,28,28,28,28,28,28
370928,1,1,1991,4,8,9,15,13,16,9,10,0,11
370929,0,1,1991,13,13,13,13,13,13,13,13,13,13
370929,1,1,1991,0,0,0,0,0,0,0,0,0,0
370930,1,1,1991,15,0,0,0,0,0,0,0,0,17
370931,0,1,1991,5,5,5,5,5,5,5,5,5,5
370931,1,1,1991,10,11,13,12,9,18,7,21,4,9
370932,1,1,1991,0,0,0,0,10,20,0,0,0,0
370933,1,1,1991,25,25,25,25,25,25,25,25,25,25
370934,1,1,1991,0,0,0,0,0,0,0,0,0,0
370935,1,1,1991,10,10,10,10,10,10,10,10,10,10
370936,1,1,1991,0,0,0,0,0,0,0,0,0,0
370937,1,1,1991,0,0,0,0,0,0,0,0,0,0
370937,2,1,1991,0,0,0,0,0,0,0,18,0,0
370938,1,1,1991,0,0,0,0,0,0,0,0,0,0
370938,2,1,1991,0,0,0,0,0,0,0,0,0,0
370939,1,1,1991,0,0,0,0,0,0,0,0,0,0
370939,2,1,1991,0,0,0,0,0,0,0,0,0,0
370940,0,1,1991,0,0,0,0,0,0,0,0,0,0
370940,1,1,1991,0,0,0,0,0,0,0,0,0,0
370941,1,1,1991,0,0,0,0,0,0,0,0,0,0
370942,1,1,1991,0,0,0,0,0,0,0,0,0,0
370943,1,1,1991,0,0,0,0,0,0,0,0,0,0
370944,1,1,1991,0,0,0,0,0,17,17,0,0,0
370945,1,1,1991,22,22,22,22,22,22,22,22,22,22
370946,0,1,1991,19,19,19,19,19,19,19,19,19,19
370946,1,1,1991,0,11,0,0,16,24,0,33,0,30
370947,1,1,1991,0,0,0,0,0,0,0,0,0,0
370947,2,1,1991,0,0,0,0,0,0,0,0,0,0
370948,1,1,1991,12,12,12,12,12,12,12,12,12,12
370949,1,1,1991,16,0,0,32,0,0,12,0,26,15
370950,1,1,1991,0,0,0,0,0,0,0,0,0,0
370950,2,1,1991,21,21,21,21,21,21,21,21,21,21
370951,1,1,1991,9,8,9,13,14,18,19,16,18,9
370952,0,1,1991,0,0,0,0,0,0,0,0,0,0
370952,1,1,1991,0,0,0,0,0,0,0,0,0,0
370953,1,1,1991,25,9,22,18,14,15,27,9,24,22
370954,1,1,1991,22,22,22,22,22,22,22,22,22,22
370955,1,1,1991,0,22,0,8,0,0,4,0,0,9
370955,2,1,1991,19,0,5,18,13,0,28,17,0,0
370956,0,1,1991,0,0,0,0,0,0,0,0,0,0
370956,1,1,1991,0,0,0,0,0,0,0,0,0,0
370957,0,1,1991,0,0,0,0,0,0,0,0,0,0
370957,1,1,1991,0,0,0,0,0,0,0,0,0,0
370958,1,1,1991,0,0,0,0,0,0,0,0,0,0
370958,2,1,1991,0,0,0,0,0,0,0,0,0,0
370959,1,1,1991,0,0,0,0,0,0,0,0,0,0
370960,1,1,1991,0,0,0,0,0,0,0,0,0,0
370960,2,1,1991,0,0,0,0,0,0,0,0,0,0
370961,1,1,1991,0,0,0,0,0,0,0,0,0,0
370961,2,1,1991,0,0,0,0,0,0,0,0,0,0
370962,1,1,1991,0,0,0,0,0,0,0,0,0,0
370962,2,1,1991,0,0,0,0,0,0,0,0,0,0
370963,0,1,1991,0,0,0,0,0,0,0,0,0,0
370963,1,1,1991,8,0,0,0,0,0,0,0,0,0
370964,0,1,1991,0,0,0,0,0,0,0,0,0,0
370964,1,1,1991,0,0,0,0,0,0,0,0,0,0
370965,1,1,1991,0,0,0,0,0,0,0,0,0,0
370966,1,1,1991,0,0,0,0,0,0,0,0,0,0
370966,2,1,1991,0,0,0,0,0,0,0,0,0,0
370966,3,1,1991,0,0,0,0,0,0,0,0,0,0
370966,4,1,1991,0,0,0,0,0,0,0,0,0,0
370967,1,1,1991,0,0,0,0,0,0,0,0,0,0
370967,2,1,1991,11,16,16,7,25,21,13,0,26,22
370968,1,1,1991,13,13,13,13,13,13,13,13,13,13
370968,2,1,1991,0,0,0,0,0,0,0,0,0,0
370969,1,1,1991,0,0,0,0,0,0,0,0,0,0
370969,2,1,1991,0,0,0,0,0,0,0,0,0,0
370970,1,1,1991,20,20,20,20,20,20,20,20,20,20
370971,1,1,1991,0,0,0,0,0,0,0,0,0,0
370972,1,1,1991,0,0,0,0,0,0,0,0,0,0
370972,2,1,1991,13,0,0,0,0,0,0,0,0,0
370973,0,1,1991,0,0,0,0,0,0,0,0,0,0
370973,1,1,1991,0,0,0,0,0,0,0,0,0,0
370974,0,1,1991,30,30,30,30,30,30,30,30,30,30
370974,1,1,1991,0,24,2,18,0,11,0,13,0,22
370975,1,1,1991,28,28,28,28,28,28,28,28,28,28
370976,0,1,1991,0,0,0,0,0,0,0,0,0,0
370976,1,1,1991,0,0,0,0,0,0,0,0,0,0
370977,0,1,1991,0,0,0,0,0,0,0,0,0,0
370977,1,1,1991,0,0,0,0,0,0,0,0,0,0
370978,1,1,1991,24,24,24,24,24,24,24,24,24,24
370979,1,1,1991,23,23,23,23,23,23,23,23,23,23
370980,0,1,1991,0,0,0,0,0,0,0,0,0,0
370980,1,1,1991,0,0,0,0,0,0,4,0,0,0
370981,1,1,1991,28,28,28,28,28,28,28,28,28,28
370982,1,1,1991,0,0,0,0,0,0,0,0,0,0
370983,1,1,1991,0,0,0,0,0,0,15,0,0,0
370984,0,1,1991,0,0,0,0,0,0,0,0,0,0
370984,1,1,1991,0,0,0,0,0,0,0,0,0,0
370985,0,1,1991,0,0,0,0,0,0,0,0,0,0
370985,1,1,1991,0,0,0,0,0,0,0,0,0,0
370986,1,1,1991,22,22,22,22,22,22,22,22,22,22
370986,2,1,1991,0,0,0,0,0,0,0,0,0,0
370987,1,1,1991,0,0,0,0,0,0,0,0,0,0
370987,2,1,1991,0,0,0,0,0,0,0,0,0,0
370988,1,1,1991,0,0,0,0,0,0,0,0,0,0
370989,1,1,1991,0,0,0,0,0,0,0,0,0,0
370989,2,1,1991,0,0,0,0,0,0,5,15,0,0
370989,3,1,1991,0,12,24,0,9,0,7,3,0,0
370990,0,1,1991,0,0,0,0,0,0,0,0,0,0
370990,1,1,1991,0,0,0,0,0,0,0,0,0,0
370991,1,1,1991,0,0,0,0,0,0,0,0,0,0
370992,1,1,1991,8,8,8,8,8,8,8,8,8,8
370993,1,1,1991,0,0,0,0,0,0,0,0,0,0
370994,1,1,1991,0,0,0,0,9,0,0,0,0,0
370994,2,1,1991,0,0,0,0,0,0,0,0,0,0
370994,3,1,1991,0,0,0,0,0,0,0,0,0,0
370995,1,1,1991,0,0,0,0,0,0,0,0,0,0
370996,1,1,1991,20,20,20,20,20,20,20,20,20,20
370997,0,1,1991,23,23,23,23,23,23,23,23,23,23
370997,1,1,1991,0,0,0,0,0,0,0,0,0,0
370998,1,1,1991,0,0,0,0,0,0,0,0,0,0
370998,2,1,1991,0,0,0,0,0,0,0,0,0,0
370999,1,1,1991,0,0,0,0,0,0,0,0,0,0
371000,1,1,1991,20,20,20,20,20,20,20,20,20,20
371000,2,1,1991,0,0,0,0,0,0,0,0,0,0
371002,1,1,1991,22,0,16,0,6,0,10,12,12,17
371002,2,1,1991,8,8,8,8,8,8,8,8,8,8
371003,1,1,1991,0,0,34,0,0,0,0,0,0,0
371004,1,1,1991,0,0,0,0,0,0,0,0,0,0
371004,2,1,1991,0,0,0,0,0,0,0,0,0,0
371005,1,1,1991,0,0,0,0,0,0,0,0,0,0
371005,2,1,1991,0,25,8,0,0,20,13,9,5,0
371006,1,1,1991,0,0,0,0,0,0,0,0,0,0
371006,2,1,1991,0,0,0,0,0,0,0,0,29,0
371007,1,1,1991,0,0,0,0,0,0,0,0,0,0
371007,2,1,1991,0,0,0,0,0,0,0,0,0,0
371008,1,1,1991,0,0,0,0,0,0,0,11,0,0
371008,2,1,1991,0,0,0,0,0,0,0,15,0,0
371009,1,1,1991,0,0,0,0,0,0,0,0,0,0
371009,2,1,1991,0,0,0,0,0,0,0,0,0,0
371010,1,1,1991,29,29,29,29,29,29,29,29,29,29
371011,1,1,1991,24,24,24,24,24,24,24,24,24,24
371012,1,1,1991,11,11,20,20,23,28,21,34,25,27