ST_CASE,VEH_NO,PER_NO,YEAR,P1,P2,P3,P4,P5,P6,P7,P8,P9,P10
371013,1,1,1991,0,0,0,0,0,0,0,0,0,0
371013,2,1,1991,0,0,0,0,0,0,0,0,0,0
371013,3,1,1991,0,0,0,0,0,0,0,0,0,0
371014,1,1,1991,0,0,0,0,0,0,0,0,0,0
371014,2,1,1991,0,0,0,0,0,0,0,0,0,0
371015,1,1,1991,17,17,17,17,17,17,17,17,17,17
371016,1,1,1991,0,0,0,0,0,16,0,0,0,0
371016,2,1,1991,0,0,0,0,0,0,0,0,0,0
371017,1,1,1991,0,0,0,0,0,0,0,0,0,0
371017,2,1,1991,0,11,0,0,0,0,0,0,0,0
371018,1,1,1991,0,0,0,0,0,0,0,14,0,0
371018,2,1,1991,0,0,0,0,0,0,0,0,0,0
371019,1,1,1991,21,12,34,18,10,17,17,17,24,13
371020,1,1,1991,18,18,18,18,18,18,18,18,18,18
371021,1,1,1991,0,0,0,0,0,0,0,0,0,0
371021,2,1,1991,0,0,0,0,0,0,0,0,0,0
371022,1,1,1991,0,0,0,0,0,0,0,0,0,0
371023,0,1,1991,16,19,29,0,26,36,31,6,21,0
371023,1,1,1991,10,0,21,17,17,22,6,8,8,13
371024,1,1,1991,0,0,0,0,0,0,0,0,0,0
371024,2,1,1991,0,0,0,0,0,0,0,0,0,0
371025,1,1,1991,0,0,0,0,0,0,0,0,0,0
371025,2,1,1991,0,0,0,0,0,0,0,0,0,0
371026,1,1,1991,17,17,17,17,17,17,17,17,17,17
371027,1,1,1991,17,17,17,17,17,17,17,17,17,17
371028,1,1,1991,0,0,0,0,0,0,0,0,0,0
371028,2,1,1991,0,0,0,0,0,0,0,0,0,0
371029,1,1,1991,0,0,0,0,0,0,0,0,0,0
371030,1,1,1991,0,0,0,0,0,0,0,0,0,0
371030,2,1,1991,0,0,0,0,0,0,0,0,10,10
371031,1,1,1991,0,0,7,0,0,0,0,0,0,0
371032,1,1,1991,15,6,19,11,14,4,0,18,17,8
371033,1,1,1991,0,0,0,0,0,0,0,0,0,0
371034,1,1,1991,0,0,0,0,0,0,0,0,0,0
371034,2,1,1991,0,0,0,0,0,0,0,0,0,0
371034,3,1,1991,0,0,0,0,0,0,0,0,0,0
371035,1,1,1991,0,0,0,0,0,0,0,0,0,0
371035,2,1,1991,0,0,0,0,0,0,0,0,0,0
371036,1,1,1991,0,0,0,0,0,0,0,0,0,0
371036,2,1,1991,0,0,0,0,0,0,0,0,0,0
371037,1,1,1991,0,0,0,0,0,0,0,0,0,0
371038,1,1,1991,21,21,21,21,21,21,21,21,21,21
371039,0,1,1991,13,37,20,32,19,21,24,4,31,15
371039,1,1,1991,0,8,0,0,0,0,0,0,0,0
371040,1,1,1991,0,0,15,0,36,0,0,19,0,0
371041,0,1,1991,0,0,0,0,0,0,0,0,15,0
371041,1,1,1991,0,0,0,0,0,0,0,0,0,0
371042,0,1,1991,0,0,0,0,0,0,0,0,0,0
371042,1,1,1991,0,0,0,0,0,0,0,0,0,0
371043,1,1,1991,18,36,17,20,25,12,24,23,17,23
371044,1,1,1991,25,25,25,25,25,25,25,25,25,25
371045,0,1,1991,27,27,27,27,27,27,27,27,27,27
371045,1,1,1991,0,0,0,0,0,0,0,0,0,0
371046,1,1,1991,0,0,0,0,0,0,0,0,0,0
371046,2,1,1991,0,0,0,0,0,0,5,0,0,0
371047,1,1,1991,0,0,0,0,0,0,0,0,0,0
371048,1,1,1991,37,37,37,37,37,37,37,37,37,37
371049,1,1,1991,0,0,0,0,0,0,0,0,0,0
371049,2,1,1991,0,0,0,0,0,0,0,0,0,0
371050,1,1,1991,0,0,0,0,0,0,0,0,0,0
371050,2,1,1991,0,0,0,0,0,0,0,0,0,0
371051,1,1,1991,19,19,19,19,19,19,19,19,19,19
371052,1,1,1991,0,0,0,0,0,0,0,0,0,0
371053,1,1,1991,0,0,0,0,0,0,0,0,0,0
371054,1,1,1991,24,24,24,24,24,24,24,24,24,24
371055,1,1,1991,0,0,0,0,0,0,0,0,0,0
371056,1,1,1991,0,0,0,0,0,0,0,0,0,0
371056,2,1,1991,0,0,0,0,0,0,0,0,0,0
371056,3,1,1991,5,5,5,5,5,5,5,5,5,5
371057,1,1,1991,0,0,0,0,0,0,0,0,0,0
371057,2,1,1991,0,0,0,0,0,0,0,0,0,0
371058,1,1,1991,29,29,29,29,29,29,29,29,29,29
371059,1,1,1991,17,17,17,17,17,17,17,17,17,17
371060,1,1,1991,0,0,0,0,0,0,0,0,0,0
371060,2,1,1991,0,0,0,0,0,0,0,0,0,0
371061,0,1,1991,22,22,22,22,22,22,22,22,22,22
371061,1,1,1991,0,0,0,0,0,0,0,0,0,0
371062,0,1,1991,0,0,0,0,0,0,0,0,0,0
371062,1,1,1991,0,0,0,0,0,0,0,0,0,0
371063,1,1,1991,11,33,12,13,18,11,24,12,9,10
371063,2,1,1991,19,19,19,19,19,19,19,19,19,19
371064,1,1,1991,0,0,0,0,0,0,0,0,0,0
371065,1,1,1991,0,0,0,0,0,0,0,0,0,0
371066,1,1,1991,0,0,0,0,0,0,0,0,0,0
371067,1,1,1991,9,24,34,32,14,16,2,16,8,9
371067,2,1,1991,0,0,0,0,0,0,0,0,0,0
371068,1,1,1991,23,23,23,23,23,23,23,23,23,23
371068,2,1,1991,0,0,0,0,0,0,0,0,0,0
371068,3,1,1991,0,0,0,0,0,0,0,0,8,0
371069,1,1,1991,0,0,0,0,0,0,0,0,0,0
371069,2,1,1991,0,0,0,0,0,0,0,0,0,0
371069,3,1,1991,0,0,0,0,0,0,0,0,0,0
371069,4,1,1991,0,0,0,0,0,0,0,0,0,0
371070,0,1,1991,10,10,10,10,10,10,10,10,10,10
371070,1,1,1991,0,0,0,0,0,0,0,0,0,0
371071,1,1,1991,0,0,0,0,0,0,0,0,0,0
371071,2,1,1991,0,0,0,0,0,0,0,0,0,0
371072,1,1,1991,0,0,0,0,0,0,0,0,0,0
371072,2,1,1991,0,0,0,0,0,0,0,0,0,0
371073,1,1,1991,0,0,0,0,0,0,0,0,0,0
371073,2,1,1991,0,0,0,0,0,0,0,0,0,0
371074,1,1,1991,0,0,0,0,0,0,0,0,0,0
371074,2,1,1991,0,0,0,0,0,0,0,0,0,0
371076,1,1,1991,29,29,29,29,29,29,29,29,29,29
371077,0,1,1991,16,0,14,0,0,0,0,13,0,0
371077,1,1,1991,0,0,0,0,0,0,0,0,0,0
371078,1,1,1991,15,15,15,15,15,15,15,15,15,15
371079,1,1,1991,26,16,11,7,30,22,15,15,26,22
371080,1,1,1991,0,0,0,0,0,0,0,0,0,0
371080,2,1,1991,0,0,0,0,0,0,0,0,0,0
371081,1,1,1991,0,0,0,0,0,0,0,0,0,0
371082,1,1,1991,7,7,7,7,7,7,7,7,7,7
371083,1,1,1991,0,0,0,0,0,0,0,0,0,0
371084,1,1,1991,12,0,15,0,7,0,0,0,13,0
371086,0,1,1991,0,0,0,0,0,0,0,0,0,0
371086,1,1,1991,0,0,0,0,0,0,0,0,0,0
371087,1,1,1991,0,0,0,0,0,0,0,0,0,0
371087,2,1,1991,0,0,0,0,0,0,0,0,0,0
371088,1,1,1991,0,0,0,0,0,0,0,0,0,0
371088,2,1,1991,0,0,0,0,0,0,0,0,0,0
371090,1,1,1991,0,0,0,0,0,0,0,0,0,0
371090,2,1,1991,0,0,0,0,0,0,0,0,0,0
371091,1,1,1991,0,0,0,0,0,0,0,0,0,0
371091,2,1,1991,0,0,0,0,0,0,0,0,0,0
371092,1,1,1991,0,0,21,0,0,0,0,0,0,0
371092,2,1,1991,0,0,0,0,0,0,0,0,0,0
371093,1,1,1991,0,0,0,0,0,0,0,0,0,0
371094,1,1,1991,0,0,0,0,0,0,0,0,0,0
371094,2,1,1991,0,0,0,0,0,0,0,0,0,0
371095,1,1,1991,0,0,0,0,0,0,0,0,0,0
371095,2,1,1991,0,0,0,0,0,0,0,0,0,0
371096,0,1,1991,22,22,22,22,22,22,22,22,22,22
371096,1,1,1991,0,0,0,0,0,0,0,0,0,0
371097,0,1,1991,22,22,22,22,22,22,22,22,22,22
371097,1,1,1991,0,0,0,0,0,0,0,0,0,12
371098,1,1,1991,0,0,0,0,0,0,0,0,0,0
371098,2,1,1991,0,0,0,0,0,0,0,0,0,0
371099,1,1,1991,0,0,0,0,0,0,0,0,0,0
371100,1,1,1991,0,0,0,0,0,0,0,0,0,0
371100,2,1,1991,24,3,15,10,16,8,10,11,29,15
371101,1,1,1991,0,0,0,0,0,0,0,0,0,0
371101,2,1,1991,0,0,0,0,0,15,0,0,0,2
371102,1,1,1991,0,0,0,0,0,0,17,0,0,0
371102,2,1,1991,11,28,12,15,23,14,10,21,11,18
371103,1,1,1991,0,0,0,0,0,0,0,0,0,0
371104,1,1,1991,22,22,22,22,22,22,22,22,22,22
371105,1,1,1991,20,20,20,20,20,20,20,20,20,20
371106,0,1,1991,0,0,0,0,0,0,0,0,0,0
371106,1,1,1991,0,0,0,0,0,0,0,0,0,0
371107,1,1,1991,11,11,8,10,7,13,5,0,18,5
371108,1,1,1991,0,0,0,0,0,0,0,0,0,0
371109,1,1,1991,18,18,18,18,18,18,18,18,18,18
371109,2,1,1991,0,0,0,0,0,0,0,0,0,0
371110,1,1,1991,0,0,0,0,0,0,0,0,0,0
371110,2,1,1991,0,0,0,0,0,0,0,0,0,0
371111,1,1,1991,0,0,0,0,0,16,0,34,3,0
371112,0,1,1991,0,0,0,0,0,0,0,0,0,0
371112,1,1,1991,0,0,0,0,0,0,0,0,0,0
371113,1,1,1991,0,0,0,0,0,0,0,0,0,0
371114,1,1,1991,0,0,0,0,0,0,0,0,0,0
371115,0,1,1991,0,0,0,0,0,0,0,0,0,0
371115,1,1,1991,16,0,15,0,28,23,9,0,10,0
371116,1,1,1991,14,14,13,0,13,17,19,7,0,15
371116,2,1,1991,0,0,0,0,0,0,0,0,0,0
371117,1,1,1991,21,21,21,21,21,21,21,21,21,21
371118,1,1,1991,18,18,18,18,18,18,18,18,18,18
371120,1,1,1991,0,0,0,0,0,0,0,0,0,0
371120,2,1,1991,0,0,0,0,0,0,7,0,0,0
371121,0,1,1991,0,0,0,0,0,0,0,0,0,0
371121,1,1,1991,0,0,0,0,0,0,0,0,0,0
371122,1,1,1991,0,0,0,0,0,0,0,0,0,0
371123,1,1,1991,20,20,20,20,20,20,20,20,20,20
371123,2,1,1991,26,0,0,0,0,0,0,0,0,0
371123,3,1,1991,18,0,0,26,0,0,0,0,0,0
371124,1,1,1991,0,0,0,0,0,0,0,0,0,0
371124,2,1,1991,0,0,0,0,0,0,0,0,0,0
371124,3,1,1991,0,0,0,0,0,0,0,0,0,0
371125,0,1,1991,33,33,33,33,33,33,33,33,33,33
371125,1,1,1991,0,0,0,0,0,0,0,0,0,0
371126,1,1,1991,0,0,0,0,0,0,0,0,0,0
371126,2,1,1991,0,0,0,0,0,0,0,0,0,0
371127,1,1,1991,16,23,11,10,26,34,35,13,14,9
371128,1,1,1991,15,15,27,10,10,25,16,18,10,13
371129,1,1,1991,0,0,0,0,0,0,0,0,0,0
371129,2,1,1991,22,22,22,22,22,22,22,22,22,22
371130,0,1,1991,0,0,0,5,0,0,0,20,0,0
371130,1,1,1991,0,0,0,0,0,0,0,0,0,0
371131,1,1,1991,18,18,18,18,18,18,18,18,18,18
371131,2,1,1991,0,0,0,0,0,0,0,0,0,0
371132,0,1,1991,0,0,0,0,0,0,0,0,0,0
371132,1,1,1991,0,0,0,0,0,0,0,0,0,0
371133,0,1,1991,20,20,20,20,20,20,20,20,20,20
371133,1,1,1991,0,0,0,0,0,0,0,0,0,0
371134,1,1,1991,0,0,0,0,0,0,0,0,0,0
371134,2,1,1991,0,0,0,0,0,0,0,0,0,0
371135,1,1,1991,4,4,4,4,4,4,4,4,4,4
371135,2,1,1991,0,7,0,0,0,0,0,0,0,0
371136,1,1,1991,0,0,0,0,0,0,0,0,0,0
371136,2,1,1991,23,13,21,13,18,13,16,21,11,0
371137,1,1,1991,0,0,0,0,0,0,0,0,0,0
371137,2,1,1991,0,0,0,0,0,0,0,0,0,0
371137,3,1,1991,0,0,0,0,0,0,0,0,0,0
371138,0,1,1991,18,18,18,18,18,18,18,18,18,18
371138,1,1,1991,16,13,20,14,28,12,24,26,17,16
371139,1,1,1991,20,20,20,20,20,20,20,20,20,20
371140,1,1,1991,0,0,0,0,0,0,0,0,0,0
371140,2,1,1991,0,0,0,0,0,0,0,0,0,0
371141,1,1,1991,0,0,0,0,0,35,0,0,0,0
371142,1,1,1991,0,0,0,0,0,0,0,0,0,0
371142,2,1,1991,12,12,12,12,12,12,12,12,12,12
371143,1,1,1991,0,0,0,19,0,0,0,0,0,0
371144,1,1,1991,13,13,13,13,13,13,13,13,13,13
371145,1,1,1991,20,7,8,21,16,4,7,6,26,16
371146,1,1,1991,13,13,13,13,13,13,13,13,13,13
371147,0,1,1991,21,21,21,21,21,21,21,21,21,21
371147,0,2,1991,0,17,0,0,0,15,24,0,19,0
371147,1,1,1991,0,0,0,0,0,0,0,0,0,0
371148,0,1,1991,14,18,39,22,29,14,21,7,16,32
371148,1,1,1991,0,0,0,0,14,0,0,0,0,0
371149,1,1,1991,29,29,29,29,29,29,29,29,29,29
371150,0,1,1991,0,0,0,0,0,0,0,0,0,0
371150,1,1,1991,0,0,0,0,0,0,0,0,0,0
371151,1,1,1991,0,0,0,0,0,0,0,0,0,0
371151,2,1,1991,0,0,0,0,0,0,0,0,0,0
371152,1,1,1991,0,0,0,0,0,0,0,0,0,0
371153,0,1,1991,29,29,29,29,29,29,29,29,29,29
371153,1,1,1991,0,0,0,0,0,0,0,0,0,0
371154,1,1,1991,0,0,0,0,15,0,0,0,0,0
371155,1,1,1991,0,0,0,0,0,0,0,0,0,0
371155,2,1,1991,0,0,0,0,0,0,0,0,0,0
371156,1,1,1991,0,0,0,0,0,0,0,0,0,0
371156,2,1,1991,0,0,0,0,0,0,0,0,0,0
371157,1,1,1991,0,0,0,0,0,0,0,0,0,0
371157,2,1,1991,0,0,0,0,0,0,0,0,0,0
371158,1,1,1991,32,32,32,32,32,32,32,32,32,32
371159,1,1,1991,23,23,23,23,23,23,23,23,23,23
371159,2,1,1991,0,0,0,0,0,0,0,0,0,0
371160,1,1,1991,0,0,0,0,0,0,0,0,0,0
371160,2,1,1991,0,0,0,0,0,0,0,0,0,0
371161,0,1,1991,0,0,0,0,0,0,0,0,0,0
371161,1,1,1991,0,0,0,0,0,0,0,0,0,0
371162,1,1,1991,18,18,18,18,18,18,18,18,18,18
371163,1,1,1991,20,20,20,20,20,20,20,20,20,20
371163,2,1,1991,0,0,0,0,3,0,0,0,0,0
371164,1,1,1991,0,0,0,0,0,0,0,0,0,0
371165,1,1,1991,0,0,0,0,0,0,0,0,0,0
371165,2,1,1991,29,0,32,5,15,19,6,18,17,13
371166,1,1,1991,0,0,0,0,0,0,0,0,0,0
371166,2,1,1991,13,0,0,8,0,17,0,0,0,0
371167,0,1,1991,33,33,33,33,33,33,33,33,33,33
371167,1,1,1991,0,0,0,0,0,0,0,0,0,0
371168,1,1,1991,0,0,0,0,0,20,0,0,0,0
371168,2,1,1991,0,0,0,0,0,0,13,0,0,0
371169,1,1,1991,33,33,33,33,33,33,33,33,33,33
371170,0,1,1991,12,12,12,12,12,12,12,12,12,12
371170,1,1,1991,0,0,0,0,0,0,0,0,0,0
371171,1,1,1991,0,0,0,0,0,0,0,0,0,0
371171,2,1,1991,0,0,0,0,0,0,0,0,0,0
371172,1,1,1991,24,0,8,14,23,28,14,26,17,16
371173,0,1,1991,0,0,0,0,0,0,0,0,0,0
371173,1,1,1991,0,0,0,0,0,0,0,0,0,0
371174,1,1,1991,0,5,0,0,0,0,0,0,0,0
371175,1,1,1991,0,0,0,0,0,0,0,0,0,0
371176,0,1,1991,31,31,31,31,31,31,31,31,31,31
371176,1,1,1991,0,0,0,0,0,0,0,0,0,0
371177,0,1,1991,0,0,0,0,0,0,0,0,0,0
371177,1,1,1991,0,0,0,0,0,0,0,0,0,0
371178,1,1,1991,19,19,19,19,19,19,19,19,19,19
371179,1,1,1991,25,25,25,25,25,25,25,25,25,25
371180,1,1,1991,0,0,0,0,0,0,0,0,0,0
371181,1,1,1991,0,0,0,0,0,0,0,0,0,0
371181,2,1,1991,0,0,0,0,0,0,0,0,0,0
371182,1,1,1991,16,16,16,16,16,16,16,16,16,16
371182,2,1,1991,0,0,0,0,0,0,0,0,0,0
371182,3,1,1991,20,0,0,0,0,0,0,0,0,0
371182,4,1,1991,0,0,0,0,0,0,0,0,5,0
371182,5,1,1991,0,0,0,0,0,13,0,0,0,0
371182,6,1,1991,0,0,0,0,0,0,0,0,0,0
371183,1,1,1991,0,0,0,0,0,0,0,0,0,0
371183,2,1,1991,0,0,0,0,0,0,0,0,0,0
371184,1,1,1991,0,0,0,0,0,0,0,0,0,0
371184,2,1,1991,0,0,0,0,0,0,0,0,0,0
371185,1,1,1991,10,0,10,10,11,12,4,13,23,6
371186,1,1,1991,0,0,0,0,0,0,0,0,0,0
371187,1,1,1991,0,0,0,0,0,0,0,0,0,0
371187,2,1,1991,0,0,0,0,0,0,0,0,0,0
371188,1,1,1991,26,26,26,26,26,26,26,26,26,26
371188,2,1,1991,0,0,0,0,0,0,0,0,0,0
371189,0,1,1991,19,19,19,19,19,19,19,19,19,19
371189,1,1,1991,0,0,0,0,0,0,0,0,0,0
371190,1,1,1991,0,0,0,0,0,0,0,0,0,0
371191,1,1,1991,15,15,15,15,15,15,15,15,15,15
371192,0,1,1991,13,13,13,13,13,13,13,13,13,13
371192,1,1,1991,9,0,10,8,15,3,22,23,13,13
371193,1,1,1991,18,18,18,18,18,18,18,18,18,18
371194,1,1,1991,23,23,23,23,23,23,23,23,23,23
371194,2,1,1991,0,0,0,0,0,0,0,0,0,0
371194,3,1,1991,0,0,0,0,0,0,0,0,0,0
371195,0,1,1991,0,0,0,0,0,0,0,0,0,0
371195,1,1,1991,0,0,0,0,0,0,0,0,0,0
371196,1,1,1991,28,28,28,28,28,28,28,28,28,28
371197,1,1,1991,0,0,0,0,0,0,0,0,0,0
371197,2,1,1991,0,0,0,0,0,0,0,0,0,0
371198,0,1,1991,35,35,35,35,35,35,35,35,35,35
371198,1,1,1991,0,0,0,0,17,0,12,0,13,30
371199,1,1,1991,0,0,0,0,0,0,0,0,0,0
371200,0,1,1991,20,20,20,20,20,20,20,20,20,20
371200,1,1,1991,0,1,0,0,0,0,0,0,0,0
371201,0,1,1991,0,0,0,0,0,0,0,0,0,0
371201,1,1,1991,0,0,0,0,0,0,0,0,0,0
371202,0,1,1991,0,0,0,0,0,0,0,0,0,0
371202,1,1,1991,0,0,0,0,0,0,0,0,0,0
371202,2,1,1991,0,0,8,0,0,0,0,0,0,0
371203,1,1,1991,0,0,0,0,0,0,0,0,0,0
371203,2,1,1991,0,0,0,0,0,0,0,0,0,0
371203,3,1,1991,0,0,0,0,0,0,0,0,0,0
371204,1,1,1991,0,0,0,0,0,0,0,0,0,0
371204,2,1,1991,0,0,0,0,0,0,0,0,0,0
371205,1,1,1991,0,0,0,0,0,9,0,0,0,0
371205,2,1,1991,0,0,0,0,0,0,0,0,0,0
371206,1,1,1991,0,0,0,0,0,0,0,0,0,0
371206,2,1,1991,0,0,0,0,0,0,0,0,0,0
371207,1,1,1991,0,0,0,0,0,0,0,0,0,0
371207,2,1,1991,0,0,0,0,0,0,0,0,0,0
371207,3,1,1991,0,0,0,0,0,0,0,0,0,0
371208,1,1,1991,0,0,0,0,0,0,0,0,0,0
371209,1,1,1991,0,0,0,12,0,0,0,0,0,0
371209,2,1,1991,0,0,0,0,0,0,0,14,0,0
371210,1,1,1991,0,0,0,0,0,0,0,0,0,0
371211,0,1,1991,0,0,0,0,0,0,0,0,0,0
371211,1,1,1991,0,0,0,0,0,0,0,0,0,0
371212,1,1,1991,15,15,15,15,15,15,15,15,15,15
371213,1,1,1991,19,19,19,19,19,19,19,19,19,19
371214,1,1,1991,21,16,21,11,8,10,7,4,13,9
371215,1,1,1991,0,0,0,0,0,0,0,0,0,0
371216,1,1,1991,20,10,22,8,30,16,6,10,11,10
371217,1,1,1991,0,0,0,0,0,0,0,0,0,0
371217,2,1,1991,0,23,0,0,21,0,0,0,0,0
371218,1,1,1991,0,0,0,0,0,0,0,0,0,0
371218,2,1,1991,0,0,0,0,0,0,0,0,0,0
371218,3,1,1991,0,0,0,0,0,0,0,0,0,0
371219,0,1,1991,0,0,0,0,0,0,0,0,0,0
371219,1,1,1991,0,0,0,0,0,0,0,0,0,0
371220,1,1,1991,4,12,15,18,0,12,17,14,23,27
371220,2,1,1991,0,0,0,0,0,0,0,20,0,0
371221,0,1,1991,20,20,20,20,20,20,20,20,20,20
371221,1,1,1991,0,0,0,0,6,0,0,0,0,0
371222,1,1,1991,0,0,0,0,0,0,0,0,0,0
371223,1,1,1991,21,21,21,21,21,21,21,21,21,21
371224,1,1,1991,0,0,0,0,0,0,0,0,0,0
371224,2,1,1991,0,0,0,0,0,0,0,0,0,0
371224,3,1,1991,0,0,0,0,0,0,0,0,0,0
371225,0,1,1991,19,19,19,19,19,19,19,19,19,19
371225,1,1,1991,0,0,0,0,0,0,0,0,0,0
371226,0,1,1991,0,0,0,0,0,0,0,0,0,0
371226,1,1,1991,0,0,0,0,0,0,0,0,0,0
371227,1,1,1991,17,0,0,0,0,0,0,0,0,0
371227,2,1,1991,0,0,0,0,0,0,0,0,0,0
371228,1,1,1991,0,0,0,0,0,0,0,0,0,0
371229,1,1,1991,20,13,17,9,28,37,0,17,7,28
371230,1,1,1991,0,0,0,0,0,0,0,0,0,0
371231,1,1,1991,29,0,0,0,0,0,0,0,0,0
380001,1,1,1991,12,12,12,12,12,12,12,12,12,12
380001,2,1,1991,0,0,7,0,0,0,0,0,0,0
380002,1,1,1991,0,0,0,0,0,0,0,13,0,0
380002,2,1,1991,0,0,0,0,0,0,0,0,0,0
380003,1,1,1991,19,19,19,19,19,19,19,19,19,19
380004,1,1,1991,0,17,0,0,0,0,0,0,12,16
380006,0,1,1991,0,0,0,0,0,0,0,0,0,0
380006,1,1,1991,0,0,0,0,3,0,9,12,0,0
380007,1,1,1991,0,0,0,0,0,0,0,0,0,0
380008,1,1,1991,0,0,0,0,0,0,0,0,0,0
380009,1,1,1991,24,21,7,18,15,39,0,28,0,17
380010,1,1,1991,27,27,27,27,27,27,27,27,27,27
380011,1,1,1991,22,22,22,22,22,22,22,22,22,22
380012,1,1,1991,22,22,22,22,22,22,22,22,22,22
380013,1,1,1991,0,10,0,15,15,21,21,0,0,0
380014,1,1,1991,8,8,8,8,8,8,8,8,8,8
380015,1,1,1991,0,0,0,0,0,0,0,0,0,0
380016,1,1,1991,21,21,21,21,21,21,21,21,21,21
380017,0,1,1991,0,0,0,0,0,0,0,0,0,0
380017,1,1,1991,0,0,0,0,0,0,0,0,0,0
380018,1,1,1991,25,25,25,25,25,25,25,25,25,25
380019,1,1,1991,0,0,0,0,0,0,0,0,0,0
380019,2,1,1991,0,0,0,0,0,0,0,0,0,0
380020,1,1,1991,0,0,0,0,0,0,0,0,0,13
380020,2,1,1991,0,0,0,0,0,0,0,0,0,0
380021,1,1,1991,21,21,21,21,21,21,21,21,21,21
380021,2,1,1991,5,5,5,5,5,5,5,5,5,5
380022,1,1,1991,16,16,16,16,16,16,16,16,16,16
380023,1,1,1991,0,0,0,0,0,0,0,0,0,0
380024,1,1,1991,0,0,0,0,0,0,0,0,15,0
380025,1,1,1991,0,0,0,0,0,0,0,0,0,0
380025,2,1,1991,0,0,0,0,0,0,0,0,0,0
380026,1,1,1991,0,0,0,0,0,0,0,0,14,0
380026,2,1,1991,0,0,0,0,0,0,0,0,0,0
380027,1,1,1991,25,25,25,25,25,25,25,25,25,25
380028,1,1,1991,13,13,13,13,13,13,13,13,13,13
380029,1,1,1991,26,26,26,26,26,26,26,26,26,26
380029,2,1,1991,4,4,4,4,4,4,4,4,4,4
380030,1,1,1991,0,0,0,0,0,0,0,0,0,0
380030,2,1,1991,0,0,0,0,0,0,0,0,0,0
380031,1,1,1991,9,9,9,9,9,9,9,9,9,9
380032,1,1,1991,36,36,36,36,36,36,36,36,36,36
380033,1,1,1991,0,0,8,7,12,0,0,10,0,21
380033,2,1,1991,0,0,0,0,0,7,0,21,0,0
380034,1,1,1991,13,5,17,17,20,12,14,10,17,7
380035,1,1,1991,0,13,0,18,7,0,30,0,0,4
380037,1,1,1991,0,0,0,0,0,0,0,0,0,0
380038,1,1,1991,21,21,21,21,21,21,21,21,21,21
380039,1,1,1991,0,0,0,0,0,0,0,0,0,0
380040,1,1,1991,0,0,24,17,0,13,8,0,0,0
380041,1,1,1991,20,20,20,20,20,20,20,20,20,20
380042,1,1,1991,7,7,7,7,7,7,7,7,7,7
380042,2,1,1991,0,0,0,0,0,0,0,0,0,0
380043,1,1,1991,5,5,5,5,5,5,5,5,5,5
380044,1,1,1991,25,13,11,26,0,2,24,24,27,0
380045,1,1,1991,18,18,18,18,18,18,18,18,18,18
380046,0,1,1991,0,0,0,0,0,0,0,0,0,0
380046,1,1,1991,0,0,0,0,0,0,0,0,0,0
380047,1,1,1991,0,20,0,20,34,0,16,27,16,49
380048,1,1,1991,21,21,21,21,21,21,21,21,21,21
380049,1,1,1991,19,19,19,19,19,19,19,19,19,19
380050,1,1,1991,14,14,14,14,14,14,14,14,14,14
380051,1,1,1991,0,0,0,0,0,25,0,0,0,0
380052,0,1,1991,0,0,0,0,0,0,0,0,0,0
380052,1,1,1991,0,0,0,0,0,0,0,0,0,0
380053,1,1,1991,23,23,23,23,23,23,23,23,23,23
380054,1,1,1991,0,0,0,0,0,0,0,0,0,0
380055,1,1,1991,11,11,11,11,11,11,11,11,11,11
380056,1,1,1991,0,0,0,0,0,0,0,0,0,0
380056,2,1,1991,0,0,0,0,0,15,0,11,0,0
380057,1,1,1991,20,20,20,20,20,20,20,20,20,20
380057,2,1,1991,0,0,0,14,33,24,33,0,15,12
380058,1,1,1991,22,22,22,22,22,22,22,22,22,22
380059,1,1,1991,13,13,13,13,13,13,13,13,13,13
380060,0,1,1991,0,0,0,0,0,0,0,0,0,0
380060,1,1,1991,0,0,0,0,0,0,0,0,0,0
380061,1,1,1991,0,20,23,0,0,0,11,0,0,0
380062,1,1,1991,26,26,26,26,26,26,26,26,26,26
380062,2,1,1991,0,0,0,0,0,0,0,0,0,0
380063,1,1,1991,0,0,0,0,0,0,0,0,0,0
380064,1,1,1991,0,0,0,0,0,0,0,0,0,0
380064,2,1,1991,0,0,0,0,0,0,0,0,14,0
380065,1,1,1991,11,11,11,11,11,11,11,11,11,11
380066,1,1,1991,0,34,0,0,0,0,4,0,0,0
380066,2,1,1991,0,0,0,0,0,0,0,0,0,11
380067,1,1,1991,0,0,0,0,0,0,0,0,0,21
380067,2,1,1991,0,0,0,0,0,0,0,0,0,0
380068,1,1,1991,0,0,0,0,0,0,0,0,0,0
380068,2,1,1991,0,0,0,0,0,0,0,0,0,0
380069,1,1,1991,0,0,0,0,0,9,0,0,24,0
380070,1,1,1991,29,29,29,29,29,29,29,29,29,29
380071,1,1,1991,0,0,0,0,0,0,0,0,0,0
380072,1,1,1991,22,0,0,0,0,27,0,0,0,10
380073,1,1,1991,0,0,0,0,0,0,0,0,0,0
380074,0,1,1991,21,21,21,21,21,21,21,21,21,21
380074,1,1,1991,0,0,0,19,16,0,0,0,28,8
380075,1,1,1991,0,0,0,0,0,0,0,0,0,0
380075,2,1,1991,4,0,0,0,7,0,0,13,0,0
380076,1,1,1991,0,0,0,0,0,0,0,0,0,0