ST_CASE,VEH_NO,PER_NO,YEAR,P1,P2,P3,P4,P5,P6,P7,P8,P9,P10
380077,1,1,1991,6,6,6,6,6,6,6,6,6,6
380078,1,1,1991,0,0,0,0,0,0,0,5,0,0
380078,2,1,1991,0,0,0,0,0,0,0,0,0,0
380079,1,1,1991,0,18,0,0,0,0,0,0,0,0
380080,1,1,1991,0,0,0,0,0,0,0,0,0,0
380080,2,1,1991,0,0,0,0,0,0,0,0,0,0
380081,1,1,1991,11,11,11,11,11,11,11,11,11,11
380082,1,1,1991,13,0,0,14,0,7,0,0,9,0
380082,2,1,1991,19,19,19,19,19,19,19,19,19,19
380083,1,1,1991,10,0,0,0,0,0,0,0,0,0
380083,2,1,1991,0,13,0,0,0,0,0,7,0,0
380084,1,1,1991,0,0,0,0,0,0,0,0,0,0
380085,1,1,1991,0,0,0,0,0,0,0,0,0,0
380086,1,1,1991,0,0,0,0,0,0,0,6,0,18
380086,2,1,1991,0,0,0,0,0,0,0,0,0,0
380087,1,1,1991,0,0,0,0,0,0,0,0,0,0
380087,2,1,1991,0,0,0,0,0,0,0,0,0,0
380088,0,1,1991,30,30,30,30,30,30,30,30,30,30
380088,1,1,1991,0,15,20,8,0,3,0,21,0,12
390002,1,1,1991,16,16,16,16,16,16,16,16,16,16
390003,1,1,1991,25,25,25,25,25,25,25,25,25,25
390004,1,1,1991,0,0,0,0,0,0,0,0,0,0
390004,2,1,1991,0,0,0,0,0,0,0,0,0,0
390005,1,1,1991,0,0,0,0,0,0,0,0,0,0
390006,0,1,1991,0,17,0,0,0,0,0,0,0,0
390006,1,1,1991,12,9,0,23,13,17,0,0,0,0
390007,1,1,1991,14,38,19,11,18,0,25,32,24,32
390008,1,1,1991,0,0,0,19,0,0,0,0,21,0
390009,1,1,1991,0,0,0,0,0,0,0,0,0,0
390009,2,1,1991,0,0,0,0,0,0,0,0,0,0
390010,1,1,1991,0,0,0,0,0,0,0,0,0,0
390011,1,1,1991,0,0,0,0,0,0,0,0,0,0
390012,1,1,1991,0,0,0,0,0,0,0,0,0,0
390012,2,1,1991,0,0,0,0,37,0,0,0,0,0
390013,1,1,1991,20,20,20,20,20,20,20,20,20,20
390014,1,1,1991,0,0,12,0,37,26,0,0,15,0
390014,2,1,1991,0,20,0,0,22,13,0,16,0,0
390015,1,1,1991,0,0,0,0,0,0,0,0,0,0
390015,2,1,1991,0,0,0,0,0,0,0,0,0,0
390016,1,1,1991,19,0,27,17,15,24,17,24,6,0
390017,1,1,1991,25,10,14,29,28,14,16,21,0,32
390018,1,1,1991,0,0,0,6,0,0,0,0,0,0
390018,2,1,1991,0,0,0,0,0,0,0,0,0,0
390019,1,1,1991,27,27,27,27,27,27,27,27,27,27
390019,2,1,1991,0,0,26,24,0,0,0,0,15,0
390019,3,1,1991,11,7,21,9,15,8,26,9,8,5
390020,0,1,1991,0,0,0,0,0,6,0,0,0,0
390020,1,1,1991,11,0,17,0,0,18,0,0,0,22
390021,1,1,1991,0,0,0,0,0,0,0,0,0,0
390022,1,1,1991,0,0,0,0,0,0,0,0,0,0
390023,1,1,1991,0,0,0,0,0,0,0,0,0,0
390024,1,1,1991,0,0,0,0,0,0,0,0,0,0
390024,2,1,1991,0,0,0,23,0,0,0,0,0,0
390025,1,1,1991,0,0,19,0,0,33,0,0,8,0
390026,1,1,1991,13,0,0,0,0,0,0,0,0,0
390027,1,1,1991,0,0,0,0,5,0,0,0,0,0
390027,2,1,1991,0,0,0,0,0,14,0,0,0,29
390027,3,1,1991,0,0,0,0,0,0,0,0,0,0
390028,1,1,1991,21,21,21,21,21,21,21,21,21,21
390029,1,1,1991,0,8,18,0,0,0,6,13,0,0
390030,0,1,1991,0,0,0,0,0,0,0,0,0,0
390030,1,1,1991,0,0,0,0,0,0,0,0,0,0
390031,1,1,1991,21,21,21,21,21,21,21,21,21,21
390032,1,1,1991,0,0,0,0,0,0,0,0,0,0
390032,2,1,1991,0,0,0,0,0,0,0,0,0,0
390033,1,1,1991,18,0,0,0,0,0,0,0,0,0
390033,2,1,1991,0,0,0,0,0,0,0,0,0,0
390034,1,1,1991,0,0,0,0,0,0,0,0,0,0
390034,2,1,1991,0,0,0,0,0,0,0,0,0,0
390035,1,1,1991,0,0,0,0,0,0,0,0,0,0
390035,2,1,1991,0,0,0,0,0,0,0,0,0,0
390036,1,1,1991,0,0,0,0,0,0,0,0,0,0
390036,2,1,1991,0,0,0,0,0,0,0,0,0,8
390037,1,1,1991,0,0,0,0,0,0,0,0,0,0
390037,2,1,1991,0,0,0,0,0,0,0,0,0,0
390037,3,1,1991,0,0,0,0,0,0,0,0,0,0
390038,1,1,1991,18,18,18,18,18,18,18,18,18,18
390039,1,1,1991,19,8,24,19,13,15,22,20,27,29
390039,2,1,1991,0,0,0,0,0,0,8,0,0,0
390040,1,1,1991,17,40,0,22,0,10,31,22,15,16
390041,0,1,1991,0,0,0,0,0,0,0,0,0,0
390041,1,1,1991,0,0,0,0,0,0,0,0,0,0
390042,1,1,1991,0,0,0,0,0,0,0,0,0,0
390042,2,1,1991,0,0,0,0,0,0,0,0,0,0
390042,3,1,1991,0,0,0,0,0,0,0,0,0,0
390042,4,1,1991,0,0,24,0,0,0,0,0,0,0
390043,0,1,1991,0,0,0,0,0,0,0,0,0,0
390043,1,1,1991,0,0,0,0,0,0,0,0,0,0
390044,1,1,1991,0,0,0,0,0,0,0,0,0,0
390045,1,1,1991,0,6,21,0,20,14,20,0,22,15
390047,1,1,1991,12,12,12,12,12,12,12,12,12,12
390047,2,1,1991,0,0,0,0,0,0,0,0,0,0
390048,1,1,1991,28,14,16,15,0,3,19,11,0,0
390049,1,1,1991,0,0,0,0,0,0,0,0,0,0
390049,2,1,1991,0,0,0,0,0,0,0,0,0,0
390050,0,1,1991,0,0,0,0,0,0,0,0,0,0
390050,1,1,1991,7,7,7,7,7,7,7,7,7,7
390051,1,1,1991,23,23,23,23,23,23,23,23,23,23
390052,1,1,1991,18,2,0,22,0,0,0,0,0,17
390053,1,1,1991,18,16,24,13,0,18,0,0,0,0
390053,2,1,1991,15,0,0,0,0,23,0,0,0,0
390054,1,1,1991,16,16,16,16,16,16,16,16,16,16
390055,0,1,1991,0,15,0,16,17,14,17,16,26,9
390055,1,1,1991,4,24,15,11,0,8,15,18,22,5
390056,1,1,1991,7,7,7,7,7,7,7,7,7,7
390057,1,1,1991,0,0,0,0,0,0,0,0,0,0
390057,2,1,1991,0,0,0,0,0,0,0,0,0,0
390058,1,1,1991,0,0,0,19,0,0,0,0,0,0
390060,1,1,1991,0,0,0,0,0,0,0,0,0,0
390061,1,1,1991,0,0,0,0,0,0,0,0,0,0
390062,1,1,1991,25,27,24,36,0,21,39,0,21,23
390063,0,1,1991,0,0,0,0,0,0,0,0,0,0
390063,1,1,1991,0,0,0,0,0,0,0,0,0,0
390064,1,1,1991,0,0,0,0,0,0,0,0,24,0
390064,2,1,1991,23,0,0,12,0,5,30,21,10,0
390065,1,1,1991,0,0,0,0,0,0,0,0,0,0
390066,1,1,1991,0,0,20,0,0,0,0,0,0,0
390067,1,1,1991,0,0,0,0,0,0,0,0,0,0
390067,2,1,1991,0,0,0,0,0,0,0,0,0,0
390068,1,1,1991,9,0,0,17,0,0,0,0,0,8
390069,0,1,1991,0,0,0,0,0,0,0,0,0,0
390069,1,1,1991,0,0,0,0,0,0,0,0,0,0
390070,1,1,1991,0,33,0,0,0,9,20,0,19,0
390070,2,1,1991,0,0,0,0,0,0,0,0,0,0
390071,1,1,1991,0,0,0,0,0,0,0,0,0,0
390073,0,1,1991,21,14,13,0,27,24,12,0,35,40
390073,1,1,1991,0,0,0,15,21,0,0,0,0,0
390074,1,1,1991,20,20,20,20,20,20,20,20,20,20
390075,0,1,1991,27,27,27,27,27,27,27,27,27,27
390075,1,1,1991,24,0,0,0,0,34,0,0,0,27
390076,1,1,1991,0,0,0,0,0,0,0,0,0,0
390076,2,1,1991,0,0,0,0,0,0,0,0,0,0
390077,1,1,1991,0,0,0,0,0,0,0,0,0,0
390077,2,1,1991,0,0,0,0,0,0,0,0,0,0
390078,1,1,1991,5,7,14,0,8,16,14,0,13,31
390079,1,1,1991,0,0,0,0,0,0,0,18,0,0
390079,2,1,1991,0,0,0,0,0,28,0,0,0,0
390080,1,1,1991,0,0,0,0,0,0,0,0,0,0
390080,2,1,1991,0,0,0,0,0,0,0,0,0,0
390081,1,1,1991,0,0,0,0,0,0,0,0,0,0
390081,2,1,1991,0,0,0,0,0,0,0,0,0,0
390082,1,1,1991,19,19,19,19,19,19,19,19,19,19
390082,2,1,1991,10,0,0,0,26,0,0,0,0,0
390083,1,1,1991,0,0,0,0,0,0,0,0,17,0
390083,2,1,1991,0,0,0,0,0,0,0,0,0,0
390084,1,1,1991,23,23,23,23,23,23,23,23,23,23
390085,1,1,1991,0,0,0,0,0,0,0,0,0,0
390085,2,1,1991,0,0,7,0,0,0,0,0,0,0
390086,1,1,1991,23,23,23,23,23,23,23,23,23,23
390087,1,1,1991,27,32,16,26,30,15,18,20,17,6
390088,0,1,1991,20,20,20,20,20,20,20,20,20,20
390088,1,1,1991,0,0,0,0,0,0,0,0,0,0
390089,1,1,1991,0,0,0,0,0,0,0,0,0,0
390090,1,1,1991,28,28,28,28,28,28,28,28,28,28
390090,2,1,1991,0,0,0,0,0,0,0,0,0,0
390090,3,1,1991,0,0,0,0,0,0,0,0,0,0
390091,1,1,1991,0,0,0,0,0,0,0,0,0,0
390091,2,1,1991,19,19,19,19,19,19,19,19,19,19
390092,1,1,1991,28,28,28,28,28,28,28,28,28,28
390093,1,1,1991,0,0,0,0,0,0,0,0,0,0
390093,2,1,1991,0,0,0,0,0,0,0,0,0,0
390094,1,1,1991,8,8,8,8,8,8,8,8,8,8
390095,0,1,1991,29,0,0,4,27,37,15,0,9,31
390095,1,1,1991,14,14,14,14,14,14,14,14,14,14
390096,1,1,1991,0,0,0,0,0,0,0,0,0,0
390097,1,1,1991,0,0,0,0,0,0,0,0,0,0
390097,2,1,1991,0,0,0,0,0,0,0,0,0,0
390098,1,1,1991,0,0,0,0,0,0,0,0,0,0
390098,2,1,1991,0,0,0,0,0,0,0,0,0,0
390099,0,1,1991,0,0,0,0,0,0,0,0,0,0
390099,1,1,1991,21,21,21,21,21,21,21,21,21,21
390100,1,1,1991,19,19,19,19,19,19,19,19,19,19
390100,2,1,1991,0,8,0,0,0,0,0,0,0,0
390101,1,1,1991,23,23,23,23,23,23,23,23,23,23
390102,1,1,1991,18,29,13,14,16,25,26,20,10,11
390103,1,1,1991,0,0,24,0,0,25,0,0,0,0
390103,2,1,1991,0,0,0,0,0,0,0,0,0,0
390104,1,1,1991,11,0,0,0,0,0,0,0,0,0
390104,2,1,1991,0,0,0,0,0,0,0,0,0,0
390105,0,1,1991,0,0,0,0,0,0,0,0,0,0
390105,1,1,1991,0,0,0,0,0,0,0,0,0,0
390106,1,1,1991,0,0,0,0,0,0,0,0,13,0
390107,1,1,1991,0,25,21,17,18,12,6,0,44,0
390108,1,1,1991,0,0,0,0,0,0,0,0,0,0
390108,2,1,1991,0,0,0,0,0,0,0,0,0,0
390109,0,1,1991,21,21,21,21,21,21,21,21,21,21
390109,1,1,1991,0,0,0,0,0,0,0,0,0,0
390110,1,1,1991,0,0,0,0,0,0,0,0,0,0
390112,0,1,1991,0,0,0,0,0,0,0,0,0,0
390112,1,1,1991,0,0,0,0,0,0,0,0,0,0
390112,2,1,1991,0,0,0,0,0,0,0,0,0,0
390112,3,1,1991,0,0,0,0,0,0,0,0,0,0
390113,1,1,1991,0,0,0,0,0,0,0,0,0,0
390114,1,1,1991,0,0,0,0,0,0,0,0,0,0
390115,1,1,1991,25,27,0,9,14,0,0,12,0,7
390116,1,1,1991,0,0,0,0,0,0,0,0,0,0
390117,1,1,1991,10,10,10,10,10,10,10,10,10,10
390118,0,1,1991,16,16,18,34,19,19,17,17,7,39
390118,1,1,1991,8,0,0,13,23,15,11,16,4,11
390119,1,1,1991,18,25,13,17,11,7,25,21,20,19
390119,2,1,1991,0,0,0,22,0,7,0,2,7,0
390120,1,1,1991,14,14,14,14,14,14,14,14,14,14
390121,1,1,1991,0,0,0,0,0,0,0,0,0,0
390121,2,1,1991,0,0,0,0,0,0,0,0,0,0
390122,1,1,1991,24,28,13,13,12,16,31,9,16,13
390123,1,1,1991,13,13,13,13,13,13,13,13,13,13
390124,1,1,1991,0,0,0,0,0,0,0,0,0,0
390124,2,1,1991,9,9,9,11,31,12,29,23,17,27
390125,0,1,1991,0,0,15,6,17,0,0,0,0,60
390125,0,2,1991,23,0,0,0,0,19,7,17,0,0
390125,1,1,1991,0,0,0,0,0,0,0,0,0,0
390126,1,1,1991,0,0,0,0,0,22,0,0,0,0
390127,1,1,1991,0,21,0,0,0,17,0,8,0,0
390127,2,1,1991,14,18,13,13,18,8,28,25,13,13
390128,1,1,1991,0,0,0,0,0,0,0,0,0,0
390128,2,1,1991,0,0,0,0,0,0,0,0,0,0
390129,1,1,1991,18,20,4,0,3,14,15,11,7,21
390129,2,1,1991,0,0,0,0,0,0,0,0,0,0
390131,0,1,1991,21,21,21,21,21,21,21,21,21,21
390131,1,1,1991,0,0,0,0,0,0,0,0,0,14
390132,1,1,1991,0,0,0,0,0,0,0,0,0,0
390132,2,1,1991,0,17,26,0,0,0,0,0,0,0
390133,0,1,1991,0,0,0,0,0,0,0,0,0,0
390133,1,1,1991,0,20,0,0,0,0,0,30,0,0
390134,1,1,1991,0,0,0,0,0,0,0,0,0,0
390134,2,1,1991,0,0,0,0,0,0,0,0,0,0
390135,1,1,1991,6,6,6,6,6,6,6,6,6,6
390135,2,1,1991,28,28,28,28,28,28,28,28,28,28
390136,1,1,1991,0,0,0,0,0,0,0,0,0,0
390136,2,1,1991,0,0,0,0,0,0,0,0,0,0
390138,1,1,1991,7,21,10,16,14,0,18,25,15,21
390138,2,1,1991,0,0,0,0,0,0,0,0,0,0
390138,3,1,1991,0,0,0,0,0,0,0,0,0,0
390139,1,1,1991,0,0,0,0,0,0,0,0,0,0
390139,2,1,1991,0,0,0,0,0,0,0,0,0,0
390139,3,1,1991,0,0,0,0,0,0,0,0,0,0
390140,1,1,1991,28,28,28,28,28,28,28,28,28,28
390141,1,1,1991,0,0,0,0,0,0,0,0,0,0
390141,2,1,1991,0,14,0,0,0,0,0,0,0,0
390142,1,1,1991,0,0,0,0,0,0,0,0,0,0
390142,2,1,1991,0,0,0,0,0,0,0,0,0,0
390142,3,1,1991,0,0,0,0,0,0,0,0,0,0
390143,0,1,1991,0,0,0,0,0,0,0,0,0,0
390143,1,1,1991,0,0,0,0,0,0,0,0,0,0
390144,1,1,1991,0,0,0,0,0,0,0,0,0,0
390145,1,1,1991,0,0,0,0,0,0,0,0,0,0
390145,2,1,1991,0,0,0,0,0,0,0,0,0,0
390146,1,1,1991,0,0,0,0,0,0,0,0,0,0
390146,2,1,1991,0,0,0,0,0,0,0,0,0,0
390147,1,1,1991,0,0,0,0,0,0,0,0,0,0
390147,2,1,1991,0,0,0,0,0,0,0,0,0,0
390148,1,1,1991,0,0,0,0,0,0,0,0,0,0
390148,2,1,1991,23,23,23,23,23,23,23,23,23,23
390149,0,1,1991,11,12,17,27,20,11,11,26,0,22
390149,1,1,1991,0,0,0,0,0,0,0,0,0,0
390150,1,1,1991,0,10,0,0,0,0,0,0,0,18
390150,2,1,1991,0,0,0,0,0,0,0,0,0,0
390151,1,1,1991,0,0,13,0,0,16,0,23,0,0
390152,1,1,1991,0,7,0,0,0,0,0,0,0,0
390152,2,1,1991,0,0,0,18,15,0,0,0,0,0
390152,3,1,1991,0,0,0,0,0,0,0,0,0,0
390153,1,1,1991,0,5,0,0,0,0,0,0,0,0
390153,2,1,1991,0,0,0,0,0,0,0,0,0,0
390153,3,1,1991,0,0,0,0,0,0,0,0,0,0
390154,0,1,1991,9,18,12,12,27,27,0,4,13,8
390154,1,1,1991,0,0,0,13,0,0,0,0,12,0
390155,1,1,1991,30,22,21,19,28,23,14,30,15,29
390156,1,1,1991,42,42,42,42,42,42,42,42,42,42
390157,0,1,1991,0,0,0,0,0,0,0,0,33,0
390157,1,1,1991,0,0,0,0,0,0,21,0,12,0
390158,1,1,1991,0,0,0,0,0,0,0,0,0,0
390158,2,1,1991,0,0,0,0,0,0,0,0,0,0
390158,3,1,1991,0,0,0,0,0,0,0,0,14,0
390159,1,1,1991,25,25,25,25,25,25,25,25,25,25
390161,0,1,1991,7,29,16,11,16,28,21,19,27,32
390161,1,1,1991,3,0,5,0,14,0,0,0,9,0
390162,1,1,1991,0,0,0,0,0,0,0,0,0,0
390162,2,1,1991,0,0,0,0,0,0,0,0,0,0
390163,1,1,1991,0,0,0,6,0,0,0,0,0,0
390163,2,1,1991,0,0,0,0,0,0,0,0,0,0
390164,1,1,1991,0,10,7,13,14,23,22,0,7,13
390165,1,1,1991,22,22,22,22,22,22,22,22,22,22
390166,1,1,1991,6,13,6,12,15,8,16,29,20,28
390167,1,1,1991,37,37,37,37,37,37,37,37,37,37
390167,2,1,1991,23,0,0,0,0,0,0,0,0,31
390168,1,1,1991,16,16,16,16,16,16,16,16,16,16
390169,1,1,1991,0,0,0,0,0,0,0,0,0,0
390170,0,1,1991,0,0,0,0,0,0,0,0,0,0
390170,1,1,1991,0,0,0,0,0,0,0,0,0,0
390171,0,1,1991,0,0,0,0,44,0,0,0,0,0
390171,1,1,1991,0,0,0,0,0,0,0,0,0,0
390172,1,1,1991,0,2,0,0,0,0,0,0,0,0
390172,2,1,1991,0,0,0,0,0,0,0,0,0,0
390173,1,1,1991,0,0,0,0,0,0,0,0,0,0
390173,2,1,1991,0,0,0,15,0,5,0,0,0,0
390174,1,1,1991,12,12,12,12,12,12,12,12,12,12
390175,1,1,1991,0,0,0,0,0,0,0,0,0,0
390175,2,1,1991,0,0,0,0,0,0,0,0,0,0
390176,1,1,1991,18,0,0,0,0,0,0,0,12,0
390177,1,1,1991,4,6,3,10,4,24,5,10,7,10
390177,2,1,1991,0,3,0,0,21,0,0,0,0,0
390178,1,1,1991,0,0,6,0,0,0,0,0,0,0
390178,2,1,1991,0,0,0,0,0,0,0,0,0,0
390179,1,1,1991,8,8,8,8,8,8,8,8,8,8
390180,1,1,1991,30,30,30,30,30,30,30,30,30,30
390180,2,1,1991,0,0,0,0,0,0,0,0,0,0
390181,1,1,1991,0,0,13,0,0,0,0,0,0,0
390182,1,1,1991,0,0,0,0,0,0,0,0,17,0
390182,2,1,1991,0,0,0,0,0,0,0,0,0,0
390183,1,1,1991,16,28,14,0,0,25,23,0,0,0
390183,2,1,1991,23,20,9,19,6,0,0,15,0,12
390184,0,1,1991,0,0,0,0,0,0,0,0,0,0
390184,1,1,1991,19,19,19,19,19,19,19,19,19,19
390185,1,1,1991,0,0,0,0,0,0,0,0,0,0
390185,2,1,1991,0,0,0,0,0,0,0,0,0,0
390186,1,1,1991,16,16,16,16,16,16,16,16,16,16
390187,0,1,1991,29,49,29,9,50,27,36,35,26,17
390187,1,1,1991,11,18,14,20,11,7,11,5,39,9
390188,1,1,1991,22,22,22,22,22,22,22,22,22,22
390189,1,1,1991,20,20,20,20,20,20,20,20,20,20
390190,1,1,1991,0,0,0,0,0,0,0,0,0,0
390190,2,1,1991,0,0,0,0,0,0,0,0,0,0
390191,1,1,1991,0,0,0,0,0,0,0,0,0,0
390191,2,1,1991,0,0,0,0,0,0,0,0,0,0
390192,1,1,1991,0,0,0,0,0,0,0,0,0,0
390192,2,1,1991,15,0,0,0,0,0,0,0,0,0
390193,0,1,1991,0,0,0,0,0,0,0,0,0,0
390193,1,1,1991,0,0,0,0,0,0,0,0,0,0
390194,1,1,1991,0,0,14,0,18,16,8,12,31,0
390195,1,1,1991,0,0,0,0,0,0,0,0,0,0
390195,2,1,1991,0,0,0,0,0,0,0,0,0,0
390197,1,1,1991,0,0,0,0,0,0,0,0,0,0
390197,2,1,1991,0,0,0,0,0,0,0,0,0,0
390198,1,1,1991,16,0,31,13,0,0,14,17,9,16
390199,1,1,1991,27,27,27,27,27,27,27,27,27,27
390200,0,1,1991,0,0,0,0,0,0,0,0,0,0
390200,1,1,1991,0,0,0,0,0,0,0,0,0,0
390201,1,1,1991,17,17,17,17,17,17,17,17,17,17
390201,2,1,1991,0,0,0,0,0,0,0,0,0,0
390202,1,1,1991,0,0,0,0,0,0,0,0,0,0
390203,1,1,1991,19,19,19,19,19,19,19,19,19,19
390203,2,1,1991,0,0,0,0,0,0,0,0,0,0
390204,1,1,1991,0,0,0,0,0,0,0,0,0,0
390204,2,1,1991,0,0,0,0,0,0,0,0,0,0
390205,1,1,1991,22,7,23,0,15,3,6,16,32,0
390206,1,1,1991,0,0,17,11,0,26,34,0,0,11
390208,0,1,1991,15,15,15,15,15,15,15,15,15,15
390208,1,1,1991,0,0,0,0,0,0,0,0,0,0
390209,1,1,1991,0,0,0,0,0,0,0,0,0,0
390209,2,1,1991,0,0,0,0,0,0,0,0,0,0
390210,1,1,1991,0,15,0,0,0,0,0,0,0,0
390210,2,1,1991,0,0,0,0,0,0,0,0,0,0
390211,1,1,1991,0,0,0,0,0,0,0,0,0,0
390211,2,1,1991,0,0,0,0,0,0,0,0,0,0
390212,1,1,1991,18,18,18,18,18,18,18,18,18,18
390213,1,1,1991,0,0,0,0,0,0,0,0,0,0
390214,1,1,1991,20,20,20,20,20,20,20,20,20,20
390215,1,1,1991,21,21,21,21,21,21,21,21,21,21
390216,1,1,1991,16,15,18,39,22,22,13,28,20,25
390217,1,1,1991,0,0,0,0,0,0,0,0,0,0
390217,2,1,1991,0,0,0,0,0,0,0,0,0,15
390218,1,1,1991,0,0,0,0,0,0,0,0,0,0
390219,1,1,1991,0,0,0,0,0,0,0,0,0,0
390219,2,1,1991,0,0,0,0,0,0,0,0,0,0
390220,1,1,1991,0,0,0,0,0,0,0,0,0,0
390220,2,1,1991,0,0,0,0,0,0,0,0,0,0
390221,1,1,1991,16,16,16,16,16,16,16,16,16,16
390222,1,1,1991,0,0,0,0,6,0,0,19,22,0
390222,2,1,1991,0,0,21,0,0,0,0,0,0,0
390224,1,1,1991,0,0,0,0,0,0,0,0,0,0
390224,2,1,1991,0,0,0,0,0,0,32,0,0,0
390224,3,1,1991,0,0,0,0,0,0,0,0,0,0
390225,1,1,1991,0,0,0,0,0,0,0,0,0,0
390225,2,1,1991,0,0,0,0,5,0,0,0,0,0
390226,1,1,1991,0,0,0,0,0,0,0,0,0,0
390226,2,1,1991,0,0,0,0,0,0,0,0,0,0
390227,1,1,1991,0,0,0,0,10,0,0,0,5,0
390228,1,1,1991,5,5,5,5,5,5,5,5,5,5
390229,1,1,1991,9,5,4,26,14,16,9,22,14,11
390229,2,1,1991,16,0,0,28,15,0,0,0,0,0
390230,1,1,1991,20,20,20,20,20,20,20,20,20,20
390231,1,1,1991,0,0,0,0,0,0,0,0,0,0
390231,2,1,1991,0,0,0,0,0,0,0,0,0,0
390232,0,1,1991,13,43,13,26,16,29,20,33,15,26
390232,1,1,1991,0,0,0,0,0,0,0,0,0,0
390233,1,1,1991,10,10,10,10,10,10,10,10,10,10
390234,1,1,1991,15,15,15,15,15,15,15,15,15,15
390235,1,1,1991,0,0,0,0,0,0,0,0,0,0
390235,2,1,1991,0,0,0,0,0,0,0,0,0,0
390236,1,1,1991,0,0,0,0,0,0,0,0,0,0
390236,2,1,1991,0,0,0,0,0,0,0,0,0,10
390237,0,1,1991,0,0,0,13,0,8,0,0,0,0
390237,0,2,1991,0,0,0,0,0,0,0,0,0,0
390237,1,1,1991,20,0,0,9,13,13,14,0,0,0
390238,1,1,1991,31,31,31,31,31,31,31,31,31,31
390239,1,1,1991,0,0,0,0,0,0,0,0,0,0
390239,2,1,1991,0,0,0,0,0,0,0,0,0,0
390239,3,1,1991,16,0,0,0,0,0,0,16,0,0
390239,4,1,1991,0,0,0,0,0,0,0,0,0,0
390239,5,1,1991,0,0,0,0,0,0,0,0,0,0
390239,6,1,1991,0,0,0,0,0,0,0,0,0,0
390239,7,1,1991,0,0,0,0,0,0,0,0,0,9
390239,8,1,1991,0,0,0,0,0,0,0,0,0,0
390240,1,1,1991,0,0,0,0,0,0,0,0,0,0
390241,1,1,1991,13,13,13,13,13,13,13,13,13,13
390242,1,1,1991,17,17,17,17,17,17,17,17,17,17
390243,1,1,1991,10,10,10,10,10,10,10,10,10,10
390243,2,1,1991,0,0,0,0,0,0,0,0,0,0
390244,1,1,1991,0,36,18,27,12,16,19,0,27,31
390245,1,1,1991,24,24,24,24,24,24,24,24,24,24
390245,2,1,1991,0,0,0,0,0,0,0,0,0,0
390246,1,1,1991,0,0,0,0,0,0,0,0,0,0
390246,2,1,1991,0,0,0,0,0,0,0,0,0,0
390247,1,1,1991,0,0,0,0,0,0,0,0,0,0
390247,2,1,1991,0,0,11,0,0,0,0,0,0,0
390247,3,1,1991,0,0,0,0,0,0,0,0,0,0
390248,1,1,1991,0,0,0,0,0,0,0,0,0,0
390249,1,1,1991,12,23,25,0,22,29,19,28,0,17
390251,1,1,1991,11,21,8,18,19,21,8,17,5,24
390252,1,1,1991,13,13,13,13,13,13,13,13,13,13
390253,1,1,1991,18,18,18,18,18,18,18,18,18,18
390254,1,1,1991,0,0,0,0,0,0,0,0,0,0
390254,2,1,1991,0,9,0,0,0,0,0,0,0,0
390255,1,1,1991,21,21,21,21,21,21,21,21,21,21
390256,1,1,1991,0,0,0,0,0,0,0,0,0,0
390256,2,1,1991,0,0,0,0,0,0,0,0,0,0
390257,1,1,1991,0,0,0,0,0,0,30,0,0,0
390257,2,1,1991,13,15,16,0,19,9,0,15,13,0
390258,1,1,1991,12,12,12,12,12,12,12,12,12,12
390258,2,1,1991,0,0,0,0,0,0,0,0,0,0
390259,1,1,1991,17,17,17,17,17,17,17,17,17,17
390260,1,1,1991,20,16,10,31,28,13,9,7,15,4
390260,2,1,1991,0,0,0,0,0,0,0,0,0,0
390260,3,1,1991,0,0,0,0,0,0,0,0,0,0
390261,1,1,1991,0,0,0,0,0,0,0,0,0,0
390261,2,1,1991,2,2,2,2,2,2,2,2,2,2
390262,1,1,1991,0,0,28,16,0,0,0,0,0,26
390263,0,1,1991,9,9,9,9,9,9,9,9,9,9
390263,1,1,1991,0,0,0,0,0,0,0,0,0,0
390264,0,1,1991,0,0,0,0,0,20,36,0,20,0
390264,1,1,1991,0,0,0,0,0,0,0,0,0,0
390265,0,1,1991,0,0,0,0,0,0,0,0,0,0
390265,1,1,1991,0,0,0,0,0,0,0,0,0,0
390266,1,1,1991,20,20,20,20,20,20,20,20,20,20
390267,1,1,1991,0,0,0,8,0,0,0,0,0,0
390267,2,1,1991,0,3,0,0,0,0,0,0,27,0
390268,1,1,1991,0,0,0,0,0,13,0,0,0,0
390268,2,1,1991,0,0,0,0,11,0,18,0,0,0
390269,1,1,1991,0,22,2,13,0,13,14,16,0,0
390270,1,1,1991,0,0,0,0,0,0,0,0,0,0
390270,2,1,1991,0,0,29,0,0,0,0,25,0,0
390271,0,1,1991,0,0,26,0,0,0,0,0,0,0
390271,0,2,1991,0,0,15,15,0,0,0,0,0,0
390271,1,1,1991,20,4,26,15,18,20,20,19,7,8
390272,1,1,1991,0,0,0,0,0,0,0,0,0,0
390272,2,1,1991,0,0,0,0,0,0,0,0,0,0
390273,1,1,1991,19,19,19,19,19,19,19,19,19,19
390274,1,1,1991,0,0,16,0,18,0,0,0,18,0
390275,1,1,1991,0,0,0,0,0,0,0,0,0,0
390275,2,1,1991,0,0,0,0,0,0,0,0,0,0
390276,1,1,1991,28,28,28,28,28,28,28,28,28,28
390277,0,1,1991,0,7,0,0,0,0,0,0,0,0
390277,1,1,1991,0,0,0,0,0,0,0,0,0,0
390278,1,1,1991,0,6,0,0,0,0,0,0,0,0