ST_CASE,VEH_NO,PER_NO,YEAR,P1,P2,P3,P4,P5,P6,P7,P8,P9,P10
390577,1,1,1991,0,0,0,11,0,31,20,0,0,0
390578,1,1,1991,15,15,15,15,15,15,15,15,15,15
390579,1,1,1991,30,30,30,30,30,30,30,30,30,30
390580,1,1,1991,0,0,0,0,0,0,0,0,0,0
390580,2,1,1991,0,0,0,0,0,0,0,0,0,0
390581,1,1,1991,0,0,0,0,0,0,0,0,13,0
390581,2,1,1991,0,27,12,0,0,0,6,0,0,21
390581,3,1,1991,0,0,0,0,0,0,0,0,0,0
390582,1,1,1991,0,0,13,0,0,0,19,0,0,0
390583,1,1,1991,18,18,18,18,18,18,18,18,18,18
390584,1,1,1991,0,0,0,0,0,0,0,0,0,0
390585,1,1,1991,0,0,0,0,0,0,0,0,0,0
390585,2,1,1991,16,13,7,0,0,0,0,0,0,0
390586,1,1,1991,0,0,0,0,0,0,0,0,0,0
390586,2,1,1991,0,0,0,0,0,0,0,0,0,0
390587,1,1,1991,23,33,20,19,24,26,21,16,18,18
390587,2,1,1991,0,0,0,0,0,0,0,0,0,0
390588,1,1,1991,0,0,0,0,0,0,0,0,17,0
390588,2,1,1991,0,0,0,0,0,0,0,0,0,0
390589,1,1,1991,17,24,21,23,18,15,12,11,11,19
390590,1,1,1991,0,0,0,0,0,0,0,0,0,0
390591,1,1,1991,0,0,0,0,0,0,0,0,0,0
390591,2,1,1991,0,0,0,0,0,0,0,0,0,0
390591,3,1,1991,0,0,0,0,0,0,0,0,0,0
390592,0,1,1991,0,0,0,0,0,0,0,0,0,0
390592,0,2,1991,17,7,9,0,10,15,0,0,0,13
390592,0,3,1991,0,0,0,0,0,0,0,0,0,0
390592,1,1,1991,24,24,24,24,24,24,24,24,24,24
390593,0,1,1991,15,15,15,15,15,15,15,15,15,15
390593,1,1,1991,0,0,0,0,0,0,0,0,0,0
390593,2,1,1991,0,0,0,0,8,24,27,0,0,0
390594,1,1,1991,24,24,24,24,24,24,24,24,24,24
390595,1,1,1991,0,0,0,0,0,0,0,0,0,0
390595,2,1,1991,0,0,0,0,0,0,0,0,0,0
390596,0,1,1991,0,0,0,0,0,0,0,0,0,0
390596,1,1,1991,0,0,0,0,0,12,0,0,0,0
390597,1,1,1991,0,0,0,0,0,0,0,0,0,0
390597,2,1,1991,0,0,0,0,0,0,0,0,0,0
390598,1,1,1991,0,0,0,0,0,0,0,0,0,0
390599,0,1,1991,0,0,0,0,0,0,0,0,0,0
390599,1,1,1991,7,7,7,7,7,7,7,7,7,7
390600,1,1,1991,0,0,0,0,0,0,0,0,0,0
390601,1,1,1991,8,18,11,8,0,13,0,9,30,0
390601,2,1,1991,0,0,0,0,0,8,30,0,34,0
390602,0,1,1991,0,0,0,0,0,0,0,0,0,0
390602,1,1,1991,0,0,0,0,0,0,0,0,0,0
390603,1,1,1991,0,0,0,0,0,0,0,0,0,0
390603,2,1,1991,0,0,0,0,0,0,0,0,0,0
390604,1,1,1991,0,0,0,0,0,0,0,0,0,0
390604,2,1,1991,0,0,0,0,0,0,0,0,0,0
390604,3,1,1991,0,0,0,0,0,0,0,0,0,0
390605,1,1,1991,0,0,0,0,0,0,0,0,0,0
390605,2,1,1991,0,0,0,0,0,0,0,0,0,0
390606,1,1,1991,0,0,12,6,0,0,0,0,0,11
390606,2,1,1991,0,0,5,0,0,0,14,0,0,0
390607,1,1,1991,19,11,17,22,16,20,0,17,18,32
390608,0,1,1991,0,0,0,0,23,0,0,0,21,14
390608,1,1,1991,29,15,22,0,0,8,0,0,0,11
390609,1,1,1991,0,0,0,0,0,0,0,0,0,11
390610,1,1,1991,17,17,17,17,17,17,17,17,17,17
390611,0,1,1991,13,13,13,13,13,13,13,13,13,13
390611,1,1,1991,23,34,10,0,0,16,16,9,0,0
390612,1,1,1991,0,0,0,0,0,0,0,0,0,0
390612,2,1,1991,0,0,0,0,0,0,0,0,0,0
390613,1,1,1991,13,10,12,19,0,18,0,19,11,27
390614,1,1,1991,21,21,21,21,21,21,21,21,21,21
390615,1,1,1991,0,0,21,32,22,17,19,9,19,12
390615,2,1,1991,13,17,0,23,27,6,0,21,24,21
390616,1,1,1991,0,0,0,0,0,0,0,0,0,0
390616,2,1,1991,10,0,15,0,10,11,0,5,17,12
390617,1,1,1991,13,13,13,13,13,13,13,13,13,13
390618,1,1,1991,0,0,0,0,0,0,0,0,0,0
390618,2,1,1991,0,0,0,0,0,0,0,0,0,0
390619,1,1,1991,8,0,24,12,0,0,7,0,0,27
390619,2,1,1991,0,0,0,0,0,0,0,0,0,0
390620,1,1,1991,14,14,14,14,14,14,14,14,14,14
390621,1,1,1991,22,22,22,22,22,22,22,22,22,22
390622,1,1,1991,8,8,8,8,8,8,8,8,8,8
390623,1,1,1991,14,14,14,14,14,14,14,14,14,14
390624,1,1,1991,16,0,0,0,0,14,0,20,15,0
390625,1,1,1991,0,0,0,0,0,19,0,0,0,0
390625,2,1,1991,0,0,0,0,0,0,0,0,0,0
390626,1,1,1991,19,19,19,19,19,19,19,19,19,19
390627,1,1,1991,23,23,23,23,23,23,23,23,23,23
390628,1,1,1991,0,0,0,0,0,0,0,0,7,0
390628,2,1,1991,0,0,0,0,0,0,0,0,0,0
390630,1,1,1991,0,0,0,0,0,0,0,0,0,0
390630,2,1,1991,0,0,0,0,0,0,0,0,0,0
390631,1,1,1991,28,14,25,8,13,30,29,0,0,29
390631,2,1,1991,0,0,0,0,0,0,0,0,0,0
390632,1,1,1991,0,0,0,0,0,12,0,0,0,0
390632,2,1,1991,0,0,10,21,0,0,0,0,0,0
390633,1,1,1991,0,18,0,0,0,0,0,0,0,0
390634,1,1,1991,0,0,0,0,0,0,0,0,0,2
390634,2,1,1991,0,0,0,0,0,0,20,0,0,0
390635,1,1,1991,15,23,13,15,21,19,27,14,3,28
390636,1,1,1991,17,17,17,17,17,17,17,17,17,17
390637,1,1,1991,17,15,0,13,0,0,0,13,0,27
390638,1,1,1991,0,0,0,0,0,0,0,0,0,0
390638,2,1,1991,0,0,0,0,0,0,0,0,0,0
390639,1,1,1991,6,6,6,6,6,6,6,6,6,6
390641,1,1,1991,0,0,0,0,15,0,9,10,0,14
390641,2,1,1991,0,0,0,0,0,0,0,0,0,0
390642,1,1,1991,0,0,0,0,0,0,0,0,0,0
390642,2,1,1991,0,0,0,0,0,0,0,0,0,0
390643,1,1,1991,0,0,0,0,0,0,0,0,0,0
390643,2,1,1991,0,0,0,0,0,0,0,0,0,0
390644,1,1,1991,19,35,28,0,0,18,32,12,0,0
390645,1,1,1991,4,3,21,7,2,0,0,0,0,0
390645,2,1,1991,0,0,0,0,0,0,0,0,0,0
390646,1,1,1991,0,0,0,0,0,0,0,0,0,0
390647,1,1,1991,23,23,23,23,23,23,23,23,23,23
390648,1,1,1991,0,0,0,0,0,0,0,0,0,0
390648,2,1,1991,0,0,0,0,0,0,0,0,0,0
390649,1,1,1991,0,0,0,13,0,0,31,0,7,14
390650,1,1,1991,0,0,0,0,0,0,0,0,0,0
390650,2,1,1991,0,0,0,0,0,0,0,0,0,0
390651,1,1,1991,0,0,27,23,0,0,0,0,0,0
390651,2,1,1991,0,0,0,0,0,0,0,0,0,0
390652,1,1,1991,0,0,0,0,0,0,0,0,0,0
390652,2,1,1991,0,0,0,0,0,16,19,0,0,0
390652,3,1,1991,0,0,0,0,0,0,0,0,0,0
390652,4,1,1991,0,0,0,0,0,0,0,0,0,0
390652,5,1,1991,0,0,0,0,0,0,0,0,0,0
390655,1,1,1991,0,0,0,0,0,0,0,0,13,24
390656,1,1,1991,0,0,0,0,0,0,0,0,0,0
390656,2,1,1991,0,0,0,0,0,0,0,0,0,0
390657,1,1,1991,0,0,0,0,0,0,0,0,0,0
390658,1,1,1991,0,0,0,0,0,0,0,0,0,0
390658,2,1,1991,0,0,0,0,0,0,0,0,0,0
390659,1,1,1991,0,0,0,0,0,0,0,0,0,0
390659,2,1,1991,0,0,0,0,0,0,0,0,0,0
390660,1,1,1991,0,0,0,12,25,0,0,0,0,14
390660,2,1,1991,0,0,0,0,16,0,11,19,12,9
390661,1,1,1991,20,20,20,20,20,20,20,20,20,20
390662,1,1,1991,0,0,0,0,0,0,0,0,0,0
390662,2,1,1991,0,0,0,0,0,0,0,0,0,0
390663,1,1,1991,9,9,9,9,9,9,9,9,9,9
390664,1,1,1991,0,0,0,0,0,0,0,0,0,0
390664,2,1,1991,0,0,0,0,0,0,19,0,13,0
390665,1,1,1991,0,0,0,0,0,0,0,0,0,0
390666,1,1,1991,12,12,12,12,12,12,12,12,12,12
390667,1,1,1991,0,0,0,0,0,0,0,0,0,0
390667,2,1,1991,0,0,0,0,0,0,0,0,0,0
390667,3,1,1991,0,0,0,0,0,0,0,0,0,0
390668,1,1,1991,0,0,0,0,0,0,0,0,0,0
390668,2,1,1991,0,0,0,0,0,0,0,0,0,0
390669,1,1,1991,19,19,19,19,19,19,19,19,19,19
390670,1,1,1991,0,0,0,0,0,0,0,0,0,0
390670,2,1,1991,0,0,0,0,0,0,0,0,0,0
390672,1,1,1991,18,18,18,18,18,18,18,18,18,18
390673,1,1,1991,0,0,0,0,0,0,9,0,0,0
390673,2,1,1991,0,0,0,0,0,0,0,0,0,0
390673,3,1,1991,16,0,0,0,0,0,0,0,0,0
390673,4,1,1991,0,0,0,0,0,0,0,0,0,0
390674,1,1,1991,31,0,0,20,8,0,37,16,11,25
390674,2,1,1991,0,0,0,0,0,0,0,0,0,0
390675,1,1,1991,22,15,7,9,18,13,15,9,25,11
390676,0,1,1991,30,12,0,0,9,8,14,19,0,0
390676,1,1,1991,0,11,0,0,0,0,0,0,13,0
390677,1,1,1991,0,0,0,0,0,0,0,0,0,0
390677,2,1,1991,3,11,7,31,14,12,12,14,17,16
390678,0,1,1991,0,0,10,0,29,0,0,0,0,0
390678,1,1,1991,0,0,37,0,0,0,0,0,0,22
390679,0,1,1991,23,23,23,23,23,23,23,23,23,23
390679,1,1,1991,0,0,0,11,0,0,3,0,0,24
390680,1,1,1991,0,0,0,0,0,0,0,0,12,0
390680,2,1,1991,14,14,14,14,14,14,14,14,14,14
390681,0,1,1991,0,0,0,0,0,0,0,0,0,0
390681,1,1,1991,0,0,0,7,0,0,0,0,0,20
390682,1,1,1991,1,1,1,1,1,1,1,1,1,1
390683,1,1,1991,19,19,19,19,19,19,19,19,19,19
390684,1,1,1991,10,10,10,10,10,10,10,10,10,10
390685,1,1,1991,0,21,0,0,0,0,0,0,16,0
390686,1,1,1991,0,0,0,0,0,0,0,0,0,0
390686,2,1,1991,0,0,0,0,0,0,0,0,0,0
390687,1,1,1991,9,9,9,9,9,9,9,9,9,9
390688,1,1,1991,0,0,0,0,0,0,0,0,0,0
390689,1,1,1991,0,0,0,0,0,0,0,0,0,0
390689,2,1,1991,0,0,0,0,0,0,0,0,0,0
390690,1,1,1991,0,0,0,0,0,0,0,0,0,0
390691,1,1,1991,0,0,0,0,0,0,0,0,0,0
390691,2,1,1991,7,20,19,7,20,25,25,20,10,24
390692,1,1,1991,0,0,0,0,0,0,0,0,0,0
390692,2,1,1991,0,0,0,0,0,0,0,0,0,0
390693,0,1,1991,0,0,0,0,0,0,0,0,0,0
390693,1,1,1991,0,0,0,0,0,0,0,0,0,0
390694,1,1,1991,4,23,0,20,16,18,27,22,15,0
390695,1,1,1991,35,11,25,12,16,11,0,16,5,30
390696,1,1,1991,14,0,0,0,0,0,10,0,0,0
390697,0,1,1991,17,0,16,28,35,22,38,33,18,9
390697,1,1,1991,0,0,0,0,0,0,0,0,0,0
390698,1,1,1991,19,19,19,19,19,19,19,19,19,19
390699,1,1,1991,0,18,7,4,0,43,0,27,19,0
390700,1,1,1991,0,0,0,0,0,0,0,0,13,0
390700,2,1,1991,0,0,0,0,0,0,0,0,0,0
390701,1,1,1991,0,0,0,0,0,0,0,0,0,0
390702,1,1,1991,0,0,0,0,0,0,0,0,0,0
390702,2,1,1991,0,0,13,0,0,0,0,0,0,0
390702,3,1,1991,0,0,0,0,0,0,0,0,0,0
390703,1,1,1991,0,0,0,0,0,0,0,22,0,20
390704,1,1,1991,19,19,19,19,19,19,19,19,19,19
390705,1,1,1991,12,0,11,0,0,0,12,0,0,0
390705,2,1,1991,0,0,0,0,0,0,0,0,0,0
390707,1,1,1991,19,0,9,21,0,0,0,0,13,22
390708,1,1,1991,4,26,0,0,21,13,0,11,21,0
390709,0,1,1991,0,0,26,0,0,0,0,0,0,0
390709,1,1,1991,12,16,0,0,0,0,0,29,0,0
390710,1,1,1991,13,10,18,26,16,11,26,16,20,13
390711,1,1,1991,0,0,0,0,17,0,0,14,20,0
390712,1,1,1991,0,0,0,37,0,0,0,25,0,0
390712,2,1,1991,0,0,0,0,0,0,0,0,0,0
390713,1,1,1991,0,0,0,0,0,0,0,0,0,0
390713,2,1,1991,0,0,0,0,0,0,0,0,0,0
390714,1,1,1991,8,0,0,15,28,0,28,15,34,21
390715,0,1,1991,0,0,0,0,0,0,0,0,0,0
390715,1,1,1991,0,0,0,0,0,0,0,0,0,0
390716,1,1,1991,0,0,0,31,0,0,0,0,0,0
390716,2,1,1991,0,0,11,16,18,0,0,0,0,0
390717,1,1,1991,0,0,0,0,14,0,0,0,0,23
390718,1,1,1991,0,0,0,0,0,0,0,0,0,0
390719,1,1,1991,14,14,14,14,14,14,14,14,14,14
390720,1,1,1991,4,4,4,4,4,4,4,4,4,4
390721,1,1,1991,0,0,0,0,0,0,0,0,0,0
390721,2,1,1991,0,0,0,0,0,0,0,0,0,0
390722,1,1,1991,23,16,8,19,12,22,15,10,6,19
390723,1,1,1991,0,0,0,0,0,0,0,0,0,0
390724,0,1,1991,0,0,0,8,0,0,0,0,0,0
390724,1,1,1991,11,5,0,0,0,0,0,8,0,0
390725,0,1,1991,27,8,0,0,38,0,0,0,21,0
390725,1,1,1991,21,16,14,10,17,0,20,8,23,16
390726,1,1,1991,16,20,21,0,19,26,19,19,11,15
390727,1,1,1991,0,0,0,0,0,0,0,0,0,0
390728,1,1,1991,0,38,0,0,28,0,0,15,0,0
390728,2,1,1991,0,0,0,0,0,0,0,0,0,0
390729,1,1,1991,0,15,15,10,0,31,17,0,10,16
390729,2,1,1991,13,10,26,9,7,30,16,22,11,28
390730,1,1,1991,0,10,0,0,0,0,7,0,0,18
390731,1,1,1991,0,0,0,0,0,0,0,0,0,0
390731,2,1,1991,14,0,0,0,10,30,0,0,13,0
390731,3,1,1991,0,0,0,0,0,0,15,0,0,0
390731,4,1,1991,0,0,0,0,0,0,0,0,0,0
390732,1,1,1991,8,8,8,8,8,8,8,8,8,8
390732,2,1,1991,0,0,21,0,0,0,0,0,0,24
390733,1,1,1991,5,0,3,0,0,0,0,15,0,0
390734,1,1,1991,0,0,0,0,0,0,0,0,0,0
390735,0,1,1991,0,0,0,0,0,0,0,0,0,0
390735,1,1,1991,0,0,0,0,0,0,0,0,0,0
390736,1,1,1991,0,0,0,0,0,0,0,0,0,0
390736,2,1,1991,0,0,16,0,0,0,0,0,0,0
390737,1,1,1991,0,0,0,0,0,0,0,0,0,0
390737,2,1,1991,0,0,0,0,0,0,0,0,0,0
390738,1,1,1991,18,18,18,18,18,18,18,18,18,18
390739,1,1,1991,0,0,0,0,0,0,0,0,0,0
390739,2,1,1991,0,0,0,0,0,0,0,0,0,0
390739,3,1,1991,0,0,0,0,0,0,0,0,0,0
390740,1,1,1991,0,0,38,18,0,0,18,15,17,0
390741,1,1,1991,0,0,0,0,0,0,0,0,0,0
390741,2,1,1991,0,0,0,0,0,0,0,0,0,0
390742,1,1,1991,0,34,16,4,0,20,22,0,0,0
390743,1,1,1991,0,0,0,0,0,0,0,0,0,0
390743,2,1,1991,0,0,0,0,0,0,0,0,0,0
390744,0,1,1991,0,0,0,0,0,0,0,17,0,0
390744,0,2,1991,0,0,0,0,0,0,20,0,0,0
390744,1,1,1991,8,15,0,14,7,9,21,19,17,10
390744,2,1,1991,0,0,0,0,0,0,0,0,0,0
390745,1,1,1991,21,21,21,21,21,21,21,21,21,21
390745,2,1,1991,0,0,0,0,0,0,0,0,18,0
390746,1,1,1991,23,23,23,23,23,23,23,23,23,23
390747,1,1,1991,12,15,36,33,14,28,40,14,8,0
390748,1,1,1991,0,0,0,0,0,0,0,0,0,0
390748,2,1,1991,0,0,0,0,0,0,0,0,0,0
390748,3,1,1991,0,0,0,0,0,0,0,0,0,0
390749,1,1,1991,8,8,8,8,8,8,8,8,8,8
390749,2,1,1991,0,0,0,0,0,0,0,0,0,0
390750,1,1,1991,2,5,0,25,13,0,19,0,0,0
390751,1,1,1991,0,0,0,0,0,0,0,0,0,0
390752,1,1,1991,0,0,0,0,0,0,0,0,0,0
390753,1,1,1991,0,0,0,0,0,0,0,0,0,0
390753,2,1,1991,5,0,0,0,0,0,0,26,10,0
390754,1,1,1991,0,0,0,0,0,0,0,0,0,0
390754,2,1,1991,0,0,0,0,0,0,0,12,0,0
390755,1,1,1991,0,0,0,0,0,0,0,0,0,0
390756,1,1,1991,0,0,0,0,0,0,0,0,0,0
390757,1,1,1991,0,0,0,0,0,0,0,0,0,0
390757,2,1,1991,0,0,0,0,0,0,0,0,0,0
390758,1,1,1991,28,0,0,0,0,0,0,0,0,0
390759,1,1,1991,0,0,0,0,0,0,0,0,0,0
390759,2,1,1991,21,0,0,0,0,0,0,8,0,0
390761,1,1,1991,0,0,16,26,0,22,0,0,16,8
390762,1,1,1991,0,0,0,0,0,0,0,0,0,0
390762,2,1,1991,0,0,0,0,0,0,0,0,0,0
390763,1,1,1991,0,18,0,0,0,0,0,0,0,0
390764,1,1,1991,0,0,0,0,0,0,0,0,0,0
390764,2,1,1991,0,0,0,0,0,0,0,0,0,6
390764,3,1,1991,0,0,0,0,0,0,0,0,0,0
390766,1,1,1991,0,0,0,0,0,0,0,0,0,0
390766,2,1,1991,0,0,0,0,0,0,0,0,0,0
390766,3,1,1991,0,0,0,0,0,0,0,0,0,0
390767,1,1,1991,0,0,0,0,26,0,0,0,0,0
390767,2,1,1991,20,0,0,0,0,0,0,0,0,31
390768,1,1,1991,0,0,0,0,0,0,7,0,0,0
390768,2,1,1991,0,0,0,0,0,0,0,0,0,0
390769,1,1,1991,0,0,0,0,15,0,0,0,0,0
390769,2,1,1991,0,0,0,0,0,0,0,11,0,0
390770,1,1,1991,0,0,0,0,0,0,0,0,0,8
390771,0,1,1991,24,0,47,0,24,0,20,12,31,22
390771,1,1,1991,0,18,15,18,14,16,22,0,12,5
390772,1,1,1991,0,0,0,0,0,0,0,0,0,0
390772,2,1,1991,0,0,0,0,0,0,0,0,0,0
390773,1,1,1991,0,0,0,0,0,0,0,0,0,0
390773,2,1,1991,16,16,16,16,16,16,16,16,16,16
390774,1,1,1991,31,31,31,31,31,31,31,31,31,31
390774,2,1,1991,0,0,0,0,0,0,0,0,0,0
390775,1,1,1991,7,7,7,7,7,7,7,7,7,7
390775,2,1,1991,0,0,2,0,0,0,17,5,13,0
390776,1,1,1991,0,0,0,0,0,0,0,0,0,0
390776,2,1,1991,0,0,0,0,0,0,0,0,0,0
390777,1,1,1991,25,25,25,25,25,25,25,25,25,25
390778,1,1,1991,18,18,19,24,19,0,24,10,17,0
390779,1,1,1991,0,0,0,0,0,0,0,0,0,0
390779,2,1,1991,0,10,0,17,0,0,0,0,0,0
390780,1,1,1991,22,22,22,22,22,22,22,22,22,22
390781,1,1,1991,0,0,0,0,0,0,0,0,0,0
390782,1,1,1991,0,0,27,14,0,20,12,23,26,10
390783,1,1,1991,11,11,11,11,11,11,11,11,11,11
390784,1,1,1991,0,0,0,0,0,0,0,0,0,0
390785,1,1,1991,0,0,0,0,0,0,0,0,0,0
390785,2,1,1991,0,0,7,16,0,0,0,0,0,0
390786,1,1,1991,22,22,17,0,13,0,18,8,26,0
390787,1,1,1991,23,0,0,43,32,0,16,20,25,0
390787,2,1,1991,29,29,29,29,29,29,29,29,29,29
390788,1,1,1991,0,0,0,0,0,0,0,0,0,0
390788,2,1,1991,1,1,1,1,1,1,1,1,1,1
390789,1,1,1991,0,0,0,0,0,0,0,0,0,0
390790,0,1,1991,0,0,0,0,0,4,22,32,0,0
390790,1,1,1991,0,0,0,0,0,0,0,0,0,0
390791,1,1,1991,9,8,29,5,10,19,22,13,0,19
390792,1,1,1991,0,0,0,0,0,0,0,0,0,0
390792,2,1,1991,0,0,0,0,0,0,0,0,0,0
390792,3,1,1991,0,0,0,0,0,0,0,0,0,0
390792,4,1,1991,0,0,0,0,0,0,0,0,0,0
390793,0,1,1991,0,21,10,0,0,0,0,0,0,0
390793,1,1,1991,0,0,0,0,0,0,0,0,0,0
390794,1,1,1991,0,0,0,0,0,12,0,14,0,0
390794,2,1,1991,0,0,0,0,0,0,0,0,0,0
390794,3,1,1991,0,0,0,0,0,0,0,0,0,0
390794,4,1,1991,0,0,0,0,0,0,0,0,0,0
390795,1,1,1991,0,0,0,0,21,8,0,3,0,6
390796,1,1,1991,5,5,5,5,5,5,5,5,5,5
390796,2,1,1991,0,0,0,0,0,0,0,0,0,0
390797,1,1,1991,0,0,0,0,0,0,0,0,0,0
390797,2,1,1991,0,0,0,0,0,0,0,0,0,0
390798,0,1,1991,0,0,0,0,0,0,0,0,0,0
390798,1,1,1991,0,0,0,0,0,0,0,0,0,0
390799,1,1,1991,21,21,21,21,21,21,21,21,21,21
390800,1,1,1991,0,0,0,0,0,0,0,0,0,0
390800,2,1,1991,0,0,0,0,0,0,0,0,0,0
390801,1,1,1991,22,23,37,13,0,26,42,13,14,21
390802,1,1,1991,20,20,20,20,20,20,20,20,20,20
390803,1,1,1991,20,0,0,0,0,11,24,0,0,0
390803,2,1,1991,0,0,0,0,0,0,0,0,0,0
390804,0,1,1991,0,0,0,0,0,0,0,0,0,0
390804,1,1,1991,0,0,0,0,0,0,0,0,0,0
390805,1,1,1991,18,18,18,18,18,18,18,18,18,18
390806,1,1,1991,15,15,15,15,15,15,15,15,15,15
390807,1,1,1991,22,0,0,0,0,0,2,0,0,0
390808,1,1,1991,27,27,27,27,27,27,27,27,27,27
390808,2,1,1991,0,0,0,0,0,0,0,0,9,0
390809,1,1,1991,0,0,0,0,0,0,0,0,0,0
390809,2,1,1991,0,0,0,0,0,0,0,0,0,0
390810,1,1,1991,17,17,17,17,17,17,17,17,17,17
390811,1,1,1991,0,0,0,0,0,0,0,0,0,0
390811,2,1,1991,0,0,0,0,0,0,0,16,0,0
390811,3,1,1991,0,0,0,0,0,31,0,0,0,0
390812,1,1,1991,20,20,20,20,20,20,20,20,20,20
390813,1,1,1991,6,27,17,17,25,24,0,13,10,25
390814,1,1,1991,25,0,0,0,0,11,4,22,0,0
390815,1,1,1991,0,0,0,0,0,0,0,0,0,0
390815,2,1,1991,9,10,0,14,0,20,0,29,7,25
390816,1,1,1991,13,13,13,13,13,13,13,13,13,13
390817,1,1,1991,0,0,0,0,0,0,0,0,0,0
390817,2,1,1991,0,0,0,0,0,0,0,0,0,0
390818,1,1,1991,0,0,0,0,6,0,0,9,0,0
390819,1,1,1991,17,24,14,30,28,16,28,18,20,19
390820,1,1,1991,0,0,0,0,0,0,0,0,0,0
390820,2,1,1991,0,0,0,0,0,16,20,0,0,0
390821,0,1,1991,0,0,0,0,0,0,0,0,0,0
390821,0,2,1991,0,0,0,0,0,0,12,0,0,0
390821,0,3,1991,0,0,0,26,0,0,0,0,0,0
390821,0,4,1991,0,0,22,0,0,10,24,24,3,23
390821,0,5,1991,0,0,0,0,0,0,15,0,0,0
390821,0,6,1991,14,0,0,18,0,0,0,0,0,0
390821,0,7,1991,0,0,31,0,19,0,0,0,0,0
390821,0,8,1991,0,0,0,0,43,0,0,10,5,0
390821,0,9,1991,0,19,0,0,0,10,4,0,0,0
390821,0,10,1991,0,0,0,0,0,0,31,0,0,0
390821,0,11,1991,0,0,0,0,0,0,0,0,0,0
390821,1,1,1991,0,0,0,0,0,0,0,0,0,0
390822,1,1,1991,0,0,0,0,0,0,0,0,0,0
390822,2,1,1991,0,0,0,0,0,0,0,0,0,0
390823,1,1,1991,0,0,0,0,0,0,0,0,0,0
390823,2,1,1991,0,0,0,0,0,0,0,0,0,0
390824,1,1,1991,0,0,0,0,0,0,0,0,0,0
390824,2,1,1991,18,36,0,0,32,14,0,0,25,16
390825,0,1,1991,0,0,0,0,0,0,0,0,0,0
390825,1,1,1991,5,5,5,5,5,5,5,5,5,5
390826,1,1,1991,0,0,0,0,0,0,8,0,0,0
390826,2,1,1991,0,11,0,25,0,0,0,0,0,0
390827,1,1,1991,20,20,20,20,20,20,20,20,20,20
390828,1,1,1991,8,8,8,8,8,8,8,8,8,8
390828,2,1,1991,0,0,0,0,0,0,0,0,0,0
390829,1,1,1991,0,0,12,0,0,0,20,9,0,0
390829,2,1,1991,0,11,0,12,2,10,0,0,26,0
390830,0,1,1991,0,0,0,0,21,0,0,0,0,0
390830,1,1,1991,15,0,0,0,0,0,0,0,0,0
390831,1,1,1991,15,15,15,15,15,15,15,15,15,15
390832,1,1,1991,12,24,0,3,17,0,0,16,0,0
390833,1,1,1991,15,17,14,12,27,20,0,0,0,0
390834,1,1,1991,0,0,0,0,0,0,0,0,0,0
390834,2,1,1991,20,20,20,20,20,20,20,20,20,20
390835,1,1,1991,0,0,0,0,0,0,0,0,13,0
390835,2,1,1991,24,0,8,13,16,0,0,16,0,0
390836,1,1,1991,15,0,0,12,0,0,0,0,0,0
390837,1,1,1991,0,16,14,19,0,27,15,16,15,25
390838,1,1,1991,12,12,12,12,12,12,12,12,12,12
390839,1,1,1991,21,14,24,17,22,0,13,11,11,22
390840,1,1,1991,0,0,0,0,0,0,0,0,0,0
390840,2,1,1991,28,28,28,28,28,28,28,28,28,28
390841,1,1,1991,39,12,0,20,36,0,0,31,23,0
390842,1,1,1991,0,0,0,0,0,0,0,0,0,0
390842,2,1,1991,0,0,0,0,0,0,0,0,0,0
390842,3,1,1991,0,0,0,0,0,0,0,0,0,0
390842,4,1,1991,0,13,0,0,0,0,0,0,0,0
390843,1,1,1991,0,0,0,0,24,0,0,0,14,0
390844,0,1,1991,0,0,21,0,0,0,0,0,29,0
390844,1,1,1991,0,0,0,6,0,0,0,0,0,0
390845,0,1,1991,10,23,18,33,26,27,12,38,0,23
390845,1,1,1991,0,0,0,34,0,0,0,0,0,0
390846,0,1,1991,0,0,0,0,0,0,0,0,0,0
390846,1,1,1991,13,0,0,0,0,0,0,0,0,0
390847,1,1,1991,0,0,0,0,0,0,0,0,0,0
390848,0,1,1991,0,0,0,0,0,0,0,0,0,0
390848,1,1,1991,0,0,0,0,0,0,0,0,0,0
390849,0,1,1991,23,29,35,0,0,6,0,0,19,12
390849,1,1,1991,0,0,0,0,0,0,0,0,0,0
390850,1,1,1991,0,0,0,0,0,0,0,0,0,7
390850,2,1,1991,0,0,0,0,0,0,0,0,0,0
390851,1,1,1991,0,0,0,0,0,0,0,0,0,0
390851,2,1,1991,0,0,0,0,0,0,0,0,0,0
390852,1,1,1991,7,0,0,0,11,0,0,0,11,0
390853,1,1,1991,3,3,3,3,3,3,3,3,3,3
390853,2,1,1991,10,10,10,10,10,10,10,10,10,10
390854,1,1,1991,0,16,0,0,18,0,0,13,0,13
390855,1,1,1991,0,5,22,0,8,0,26,0,0,0
390856,1,1,1991,20,20,20,20,20,20,20,20,20,20
390856,2,1,1991,11,11,11,11,11,11,11,11,11,11
390857,1,1,1991,20,0,12,12,25,9,0,14,18,13
390858,1,1,1991,0,0,0,0,0,0,0,0,0,0
390859,1,1,1991,0,0,0,0,0,0,0,0,0,0
390859,2,1,1991,0,0,0,0,0,0,0,0,0,0
390860,0,1,1991,0,0,0,0,0,0,0,0,0,0
390860,1,1,1991,0,0,0,0,0,0,0,0,0,0
390861,1,1,1991,0,12,0,0,0,24,16,30,20,0
390862,1,1,1991,23,23,23,23,23,23,23,23,23,23