ST_CASE,VEH_NO,PER_NO,YEAR,P1,P2,P3,P4,P5,P6,P7,P8,P9,P10
391494,1,1,1991,20,16,15,0,0,0,0,0,0,0
391495,1,1,1991,0,0,0,0,0,0,0,0,0,0
391496,1,1,1991,0,0,0,0,0,0,19,0,0,0
391497,1,1,1991,0,12,0,9,0,0,0,0,0,0
391497,2,1,1991,0,0,0,0,0,0,0,0,0,0
391498,1,1,1991,0,0,0,0,0,0,0,0,0,0
391499,1,1,1991,0,0,0,0,27,0,0,0,0,0
391499,2,1,1991,0,0,0,0,0,0,0,0,0,0
391500,1,1,1991,0,0,0,0,0,0,0,0,0,0
391500,2,1,1991,0,0,0,0,0,0,0,0,0,0
391500,3,1,1991,0,0,0,0,0,0,0,0,0,0
391501,1,1,1991,0,0,0,0,0,0,0,0,0,0
391502,0,1,1991,23,23,23,23,23,23,23,23,23,23
391502,1,1,1991,0,0,0,19,14,0,16,0,18,0
391503,1,1,1991,0,0,0,8,0,0,0,23,0,0
391505,1,1,1991,0,32,0,0,0,0,0,0,0,0
391507,1,1,1991,0,0,0,0,0,0,0,0,0,0
391507,2,1,1991,0,0,0,0,0,0,0,0,0,0
391508,1,1,1991,0,0,0,0,0,0,0,0,0,0
391508,2,1,1991,0,0,0,0,0,18,0,0,0,0
391509,1,1,1991,0,0,0,0,0,0,0,0,0,0
391510,1,1,1991,0,0,0,0,0,0,0,0,0,0
391511,1,1,1991,7,16,0,0,20,24,35,10,10,0
391511,2,1,1991,20,14,20,13,18,17,23,19,19,25
391512,1,1,1991,0,0,0,0,0,0,0,0,0,19
391513,1,1,1991,13,0,0,0,0,0,14,25,0,0
391513,2,1,1991,0,0,0,0,0,0,0,0,0,0
391514,1,1,1991,0,0,0,0,0,0,0,0,0,0
391514,2,1,1991,0,0,0,0,0,0,0,0,0,0
391515,0,1,1991,0,0,0,0,0,0,0,0,0,0
391515,1,1,1991,0,0,0,0,0,0,0,0,0,0
391523,1,1,1991,16,0,16,15,0,8,0,11,7,0
391527,1,1,1991,0,0,0,0,0,0,0,0,0,0
391528,1,1,1991,17,17,17,17,17,17,17,17,17,17
391528,2,1,1991,0,0,0,0,0,0,0,0,0,0
391530,1,1,1991,0,0,0,0,0,0,0,0,0,0
391530,2,1,1991,0,0,0,0,0,0,0,0,0,0
391532,1,1,1991,0,0,0,0,0,0,0,0,0,0
391532,2,1,1991,0,0,0,0,0,0,0,0,0,0
391532,3,1,1991,0,0,0,0,0,0,0,0,0,0
391534,1,1,1991,0,0,0,0,0,0,0,0,0,0
391534,2,1,1991,0,0,0,0,0,0,0,0,0,0
391535,1,1,1991,0,0,0,0,0,18,0,0,0,28
391535,2,1,1991,0,0,0,0,0,0,0,0,0,0
391535,3,1,1991,0,0,0,0,0,0,0,0,0,0
391535,4,1,1991,0,0,0,0,0,0,0,0,0,0
391536,1,1,1991,22,22,22,22,22,22,22,22,22,22
391536,2,1,1991,0,0,0,0,0,0,0,0,0,0
391539,1,1,1991,16,16,16,16,16,16,16,16,16,16
391540,1,1,1991,0,0,0,0,0,0,0,0,0,0
391540,2,1,1991,0,0,0,0,0,0,0,0,0,0
391541,1,1,1991,15,0,0,0,0,0,0,0,0,0
391542,0,1,1991,0,0,0,0,0,0,0,0,0,0
391542,1,1,1991,0,0,0,0,0,0,0,0,0,0
391543,1,1,1991,0,0,0,20,0,0,0,0,0,0
391543,2,1,1991,0,0,0,0,0,0,0,27,15,0
391543,3,1,1991,0,0,0,0,0,0,0,0,0,0
391544,1,1,1991,10,10,10,10,10,10,10,10,10,10
391544,2,1,1991,0,0,0,0,0,0,10,0,0,0
391546,1,1,1991,15,15,15,15,15,15,15,15,15,15
391547,1,1,1991,0,0,0,0,0,0,0,0,0,0
391547,2,1,1991,0,0,0,0,0,0,0,0,0,0
391547,3,1,1991,0,0,0,0,0,0,0,0,0,0
391547,4,1,1991,0,0,0,0,0,0,0,0,0,0
391547,5,1,1991,0,0,0,0,0,0,0,0,0,0
391548,0,1,1991,0,0,0,18,0,0,0,0,0,0
391548,1,1,1991,0,0,0,0,0,0,0,0,0,0
391549,1,1,1991,0,0,0,0,0,0,0,0,0,0
391549,2,1,1991,19,19,19,19,19,19,19,19,19,19
400001,1,1,1991,7,7,7,7,7,7,7,7,7,7
400002,1,1,1991,0,0,0,0,0,0,0,0,0,0
400003,1,1,1991,16,16,16,16,16,16,16,16,16,16
400004,1,1,1991,12,12,12,12,12,12,12,12,12,12
400005,0,1,1991,0,0,0,0,0,0,0,0,0,0
400005,1,1,1991,0,0,0,0,0,0,0,0,0,0
400005,2,1,1991,0,0,0,0,0,0,0,0,0,0
400006,1,1,1991,0,0,0,0,0,0,0,0,0,0
400006,2,1,1991,0,16,0,0,0,0,0,0,0,0
400007,1,1,1991,0,0,0,0,0,0,0,0,0,0
400007,2,1,1991,0,0,0,0,0,0,0,0,0,0
400008,1,1,1991,0,0,0,0,0,0,0,0,0,0
400009,1,1,1991,0,0,0,0,0,0,0,0,0,0
400009,2,1,1991,0,0,0,0,0,0,0,0,0,0
400010,1,1,1991,0,0,0,0,0,0,0,0,0,0
400011,1,1,1991,20,20,20,20,20,20,20,20,20,20
400012,0,1,1991,14,14,14,14,14,14,14,14,14,14
400012,1,1,1991,3,3,3,3,3,3,3,3,3,3
400013,1,1,1991,0,0,0,0,0,0,0,0,0,0
400014,1,1,1991,0,0,0,0,0,0,0,0,0,0
400015,1,1,1991,0,0,0,0,0,0,0,0,0,0
400015,2,1,1991,0,0,0,0,0,0,0,0,0,0
400016,0,1,1991,0,0,0,0,0,0,0,0,0,0
400016,1,1,1991,0,0,0,0,0,0,0,0,0,0
400017,1,1,1991,0,0,0,0,0,0,0,0,0,0
400017,2,1,1991,0,0,0,0,0,0,0,0,0,0
400018,1,1,1991,0,0,0,0,0,0,0,0,0,0
400018,2,1,1991,0,0,0,0,0,0,0,0,0,0
400019,1,1,1991,0,0,0,0,0,0,0,0,0,0
400019,2,1,1991,0,0,0,0,0,0,0,0,0,0
400020,1,1,1991,0,0,0,0,0,0,0,0,0,0
400020,2,1,1991,0,0,0,0,0,0,0,0,0,0
400021,1,1,1991,0,0,0,0,0,0,0,0,0,0
400021,2,1,1991,0,0,0,0,0,0,0,0,0,0
400022,1,1,1991,9,9,9,9,9,9,9,9,9,9
400023,1,1,1991,23,23,23,23,23,23,23,23,23,23
400024,1,1,1991,36,17,21,12,8,15,17,14,25,12
400025,1,1,1991,0,0,0,0,0,0,0,0,0,0
400026,1,1,1991,0,0,0,0,0,0,0,0,0,0
400026,2,1,1991,0,0,0,0,0,0,0,0,0,0
400027,1,1,1991,0,0,0,0,0,0,0,0,0,0
400027,2,1,1991,0,0,0,0,0,0,0,0,0,0
400028,1,1,1991,14,14,14,14,14,14,14,14,14,14
400029,1,1,1991,6,6,6,6,6,6,6,6,6,6
400030,1,1,1991,2,2,2,2,2,2,2,2,2,2
400031,0,1,1991,0,0,0,0,0,0,0,0,0,0
400031,0,2,1991,0,0,0,0,0,0,0,0,0,0
400031,1,1,1991,0,0,0,0,0,0,0,0,0,0
400032,1,1,1991,0,0,0,0,0,0,0,0,0,0
400032,2,1,1991,0,0,0,0,0,0,0,0,0,0
400033,1,1,1991,30,12,14,19,19,17,21,25,27,25
400033,2,1,1991,0,0,0,0,0,0,4,0,0,0
400034,1,1,1991,32,32,32,32,32,32,32,32,32,32
400035,1,1,1991,0,0,0,0,0,0,0,0,0,0
400035,2,1,1991,0,6,0,0,0,0,14,0,0,16
400036,1,1,1991,0,0,0,0,0,0,0,0,0,0
400036,2,1,1991,0,0,0,0,0,0,0,0,0,0
400037,1,1,1991,31,31,31,31,31,31,31,31,31,31
400037,2,1,1991,0,0,0,0,0,0,0,0,0,0
400037,3,1,1991,0,0,0,0,0,0,0,0,0,0
400037,4,1,1991,0,0,0,0,0,0,0,0,0,0
400037,5,1,1991,0,0,14,0,0,0,0,0,0,0
400038,1,1,1991,21,21,21,21,21,21,21,21,21,21
400038,2,1,1991,0,0,0,0,0,0,0,0,0,0
400039,1,1,1991,0,0,0,0,0,0,0,0,0,0
400040,1,1,1991,0,0,0,0,0,0,0,0,0,0
400040,2,1,1991,0,0,0,0,0,0,0,0,0,0
400041,1,1,1991,0,0,0,0,13,0,0,0,0,0
400041,2,1,1991,0,0,0,0,0,0,0,0,0,0
400041,3,1,1991,0,0,0,0,0,12,0,0,0,0
400042,1,1,1991,0,0,0,0,0,0,0,0,0,0
400043,0,1,1991,0,0,0,0,0,0,0,0,0,0
400043,1,1,1991,0,0,0,0,0,0,0,0,0,0
400044,1,1,1991,0,0,0,0,0,0,0,0,0,0
400044,2,1,1991,0,0,0,0,0,0,0,0,0,0
400045,1,1,1991,0,0,0,0,0,0,0,0,0,0
400046,1,1,1991,0,0,0,0,0,0,0,0,0,0
400046,2,1,1991,0,0,0,0,0,0,0,0,0,0
400047,1,1,1991,0,27,0,0,0,5,0,0,0,0
400048,1,1,1991,0,0,0,0,0,0,0,0,0,0
400048,2,1,1991,0,0,0,0,0,0,0,0,0,0
400049,1,1,1991,14,0,0,0,17,0,0,0,0,0
400049,2,1,1991,0,0,0,0,0,0,0,0,0,0
400050,1,1,1991,22,22,22,22,22,22,22,22,22,22
400050,2,1,1991,0,0,0,0,0,0,0,0,0,0
400051,1,1,1991,0,0,0,0,0,0,0,0,0,0
400052,1,1,1991,0,0,0,0,0,0,0,0,0,0
400052,2,1,1991,0,0,0,0,0,0,0,0,0,0
400053,1,1,1991,0,0,0,0,0,0,0,0,0,0
400054,1,1,1991,31,31,31,31,31,31,31,31,31,31
400056,1,1,1991,9,9,9,9,9,9,9,9,9,9
400057,1,1,1991,19,19,19,19,19,19,19,19,19,19
400057,2,1,1991,12,0,0,0,0,0,0,0,0,0
400057,3,1,1991,0,0,0,0,0,0,0,0,0,7
400058,1,1,1991,0,0,0,0,0,0,0,0,0,0
400059,1,1,1991,0,0,0,0,0,0,0,0,0,0
400059,2,1,1991,0,0,0,19,0,0,0,0,0,0
400060,1,1,1991,0,0,0,0,0,0,0,0,0,0
400061,2,1,1991,0,0,0,0,0,0,0,0,0,0
400062,0,1,1991,0,0,0,0,0,0,0,0,0,0
400062,1,1,1991,0,0,0,0,18,0,0,0,0,0
400063,1,1,1991,17,0,0,0,0,0,7,11,9,13
400064,1,1,1991,0,0,0,0,0,0,0,0,0,0
400064,2,1,1991,0,0,0,0,0,0,0,0,0,0
400064,3,1,1991,0,0,0,14,0,0,0,0,0,0
400065,1,1,1991,8,8,8,8,8,8,8,8,8,8
400065,2,1,1991,0,0,0,0,0,0,0,0,0,0
400066,1,1,1991,20,20,20,20,20,20,20,20,20,20
400067,1,1,1991,0,0,0,0,0,0,0,0,0,0
400068,1,1,1991,0,0,0,0,0,0,0,0,0,0
400068,2,1,1991,0,0,0,0,0,0,0,0,0,0
400069,1,1,1991,16,0,0,0,0,22,0,0,0,0
400070,1,1,1991,15,15,15,15,15,15,15,15,15,15
400071,1,1,1991,22,22,22,22,22,22,22,22,22,22
400072,1,1,1991,0,0,0,0,0,0,0,0,0,0
400073,1,1,1991,0,0,0,0,0,0,0,0,0,0
400073,2,1,1991,0,8,0,0,0,0,0,0,0,0
400074,1,1,1991,24,24,24,24,24,24,24,24,24,24
400075,1,1,1991,0,0,0,0,0,0,0,0,0,0
400075,2,1,1991,0,0,0,0,0,0,0,0,0,0
400076,0,1,1991,17,17,17,17,17,17,17,17,17,17
400076,1,1,1991,0,0,0,0,0,0,0,0,0,0
400077,1,1,1991,0,0,0,33,0,6,0,0,0,0
400078,1,1,1991,0,0,0,0,0,0,0,0,0,0
400078,2,1,1991,0,0,0,0,0,0,0,0,0,0
400079,1,1,1991,0,0,0,0,0,0,0,0,0,0
400080,1,1,1991,0,0,0,0,0,0,0,0,0,0
400080,2,1,1991,0,0,0,0,0,0,0,0,0,0
400081,1,1,1991,0,0,16,0,0,0,0,0,26,0
400082,0,1,1991,0,0,18,0,0,0,0,0,0,0
400082,1,1,1991,0,0,0,0,0,0,0,0,0,0
400083,1,1,1991,0,0,0,0,0,0,0,0,0,0
400084,1,1,1991,0,0,0,0,0,0,4,0,0,0
400084,2,1,1991,0,0,0,0,0,0,0,0,0,0
400084,3,1,1991,0,0,0,0,0,0,0,0,0,0
400086,1,1,1991,0,0,0,0,0,0,0,0,0,0
400087,1,1,1991,0,0,0,0,0,0,0,0,0,0
400088,0,1,1991,0,0,0,0,0,0,0,0,0,0
400088,1,1,1991,0,0,0,0,0,0,0,0,0,0
400089,1,1,1991,15,19,18,16,13,16,13,31,10,11
400089,2,1,1991,0,0,0,0,0,20,0,14,0,0
400090,1,1,1991,0,0,0,0,0,0,0,0,0,0
400090,2,1,1991,0,0,0,0,0,0,0,0,0,0
400091,1,1,1991,18,18,18,18,18,18,18,18,18,18
400092,1,1,1991,0,0,0,0,0,0,0,18,0,0
400092,2,1,1991,0,0,0,0,0,0,0,0,0,0
400093,0,1,1991,0,0,0,38,0,0,13,0,21,32
400093,1,1,1991,0,0,0,0,0,0,0,0,0,0
400094,1,1,1991,0,0,0,0,0,0,0,0,0,0
400094,2,1,1991,0,0,0,0,0,0,0,0,0,0
400095,1,1,1991,31,26,14,22,12,28,13,24,0,12
400096,1,1,1991,6,6,6,6,6,6,6,6,6,6
400096,2,1,1991,0,0,0,0,0,0,0,0,0,0
400097,1,1,1991,0,0,0,0,0,0,0,0,0,0
400097,2,1,1991,0,0,0,0,0,0,0,0,0,0
400098,1,1,1991,0,0,0,0,0,0,0,0,0,0
400098,2,1,1991,0,0,0,0,0,0,0,21,0,0
400099,1,1,1991,0,0,0,0,0,0,0,0,0,0
400100,1,1,1991,0,11,0,0,0,18,10,0,0,0
400100,2,1,1991,0,0,0,0,0,0,0,0,0,0
400101,1,1,1991,29,29,29,29,29,29,29,29,29,29
400102,1,1,1991,6,6,6,6,6,6,6,6,6,6
400103,1,1,1991,0,0,0,0,40,0,0,0,0,0
400103,2,1,1991,0,0,0,0,0,0,0,0,0,0
400104,1,1,1991,9,9,9,9,9,9,9,9,9,9
400105,0,1,1991,25,12,25,22,14,16,19,46,0,25
400105,1,1,1991,0,0,0,0,0,0,0,0,0,14
400106,1,1,1991,11,13,11,48,13,16,0,9,28,8
400106,2,1,1991,0,0,0,0,0,0,0,0,0,0
400107,1,1,1991,0,0,0,0,0,0,0,0,0,0
400107,2,1,1991,0,7,0,0,0,0,0,0,0,0
400108,1,1,1991,18,18,18,18,18,18,18,18,18,18
400108,2,1,1991,0,0,0,12,11,0,13,0,0,0
400109,1,1,1991,0,0,0,0,0,0,0,0,0,0
400109,2,1,1991,0,0,0,0,0,0,0,0,0,0
400110,1,1,1991,0,0,0,0,0,0,0,0,0,0
400110,2,1,1991,0,0,0,0,0,0,0,0,0,0
400111,1,1,1991,0,0,0,0,0,0,0,0,0,0
400113,1,1,1991,0,0,0,0,0,0,0,0,0,0
400113,2,1,1991,0,0,0,0,0,0,0,0,0,0
400113,3,1,1991,0,0,0,0,0,0,0,0,0,0
400114,1,1,1991,0,0,0,0,0,0,0,0,0,0
400114,2,1,1991,0,0,0,0,0,0,0,0,0,0
400115,1,1,1991,0,0,0,0,0,0,0,0,0,0
400115,2,1,1991,0,0,0,0,0,0,0,0,0,0
400116,1,1,1991,0,0,0,0,9,0,0,0,0,21
400117,1,1,1991,16,16,16,16,16,16,16,16,16,16
400117,2,1,1991,0,0,0,0,0,0,0,0,0,0
400118,1,1,1991,0,0,0,0,0,0,0,0,0,0
400118,2,1,1991,0,0,0,0,0,0,0,0,0,0
400119,1,1,1991,0,0,0,0,0,0,0,0,0,0
400120,1,1,1991,0,0,0,0,0,0,0,0,0,0
400121,1,1,1991,0,0,0,0,0,0,0,0,0,0
400121,2,1,1991,0,0,0,0,0,0,0,0,0,0
400122,1,1,1991,15,10,19,11,15,22,20,10,9,12
400124,1,1,1991,0,0,0,0,0,0,0,0,0,0
400125,1,1,1991,0,0,0,0,0,0,0,0,0,0
400126,0,1,1991,26,16,0,16,0,0,0,7,0,0
400126,1,1,1991,0,8,0,0,0,0,0,0,0,0
400127,1,1,1991,29,29,29,29,29,29,29,29,29,29
400128,1,1,1991,24,18,10,27,46,17,9,14,15,14
400129,1,1,1991,0,0,0,0,0,0,0,0,0,0
400130,1,1,1991,10,10,10,10,10,10,10,10,10,10
400130,2,1,1991,0,0,0,0,0,0,0,0,0,0
400131,1,1,1991,24,0,0,0,0,0,9,14,0,0
400131,2,1,1991,0,0,0,0,0,0,0,0,0,0
400132,1,1,1991,0,0,0,0,0,0,0,0,0,0
400133,1,1,1991,10,10,10,10,10,10,10,10,10,10
400134,1,1,1991,0,0,0,0,0,0,0,0,0,0
400134,2,1,1991,0,0,0,0,0,0,0,0,0,0
400134,3,1,1991,0,0,12,0,0,0,0,0,0,0
400135,1,1,1991,0,0,9,10,0,0,12,8,0,0
400135,2,1,1991,0,0,0,0,0,0,0,0,0,0
400136,1,1,1991,0,0,0,0,0,0,0,0,0,0
400137,1,1,1991,0,0,0,0,0,0,0,0,0,0
400137,2,1,1991,0,0,0,0,0,0,0,0,0,0
400138,1,1,1991,11,11,11,11,11,11,11,11,11,11
400139,1,1,1991,0,0,0,0,0,0,0,0,0,0
400140,1,1,1991,0,0,0,0,0,0,0,0,0,0
400141,1,1,1991,14,14,14,14,14,14,14,14,14,14
400142,1,1,1991,9,9,9,9,9,9,9,9,9,9
400142,2,1,1991,8,8,8,8,8,8,8,8,8,8
400143,1,1,1991,18,18,18,18,18,18,18,18,18,18
400143,2,1,1991,23,0,0,0,0,0,0,0,0,15
400144,1,1,1991,0,0,0,0,0,0,0,0,0,0
400145,1,1,1991,9,9,9,9,9,9,9,9,9,9
400145,2,1,1991,0,0,0,0,3,0,0,0,0,0
400146,1,1,1991,17,17,17,17,17,17,17,17,17,17
400147,1,1,1991,28,28,28,28,28,28,28,28,28,28
400148,1,1,1991,0,0,0,0,0,0,0,0,0,0
400148,2,1,1991,0,0,0,0,0,0,0,0,0,0
400149,0,1,1991,21,31,20,14,26,20,45,9,28,26
400149,1,1,1991,0,0,0,0,0,0,0,0,0,0
400150,1,1,1991,0,0,0,0,0,0,0,0,0,0
400150,2,1,1991,0,0,0,0,0,0,0,0,0,23
400151,1,1,1991,0,0,0,0,0,0,0,0,0,0
400152,1,1,1991,0,0,0,12,13,0,16,0,0,20
400153,0,1,1991,0,0,0,0,18,0,0,0,0,0
400153,1,1,1991,0,0,0,0,0,0,0,0,0,0
400154,1,1,1991,9,9,9,9,9,9,9,9,9,9
400154,2,1,1991,0,0,0,0,0,0,0,0,0,0
400155,1,1,1991,21,24,42,0,15,12,2,18,22,17
400156,1,1,1991,18,18,18,18,18,18,18,18,18,18
400158,1,1,1991,32,4,19,15,12,12,7,10,16,18
400158,2,1,1991,0,0,0,0,0,0,0,0,0,0
400159,0,1,1991,0,0,0,0,0,0,0,0,0,0
400159,0,2,1991,0,0,0,30,0,0,0,0,0,0
400159,1,1,1991,0,0,0,0,0,0,0,0,0,0
400160,1,1,1991,16,16,16,16,16,16,16,16,16,16
400161,1,1,1991,39,39,39,39,39,39,39,39,39,39
400162,1,1,1991,20,20,20,20,20,20,20,20,20,20
400163,1,1,1991,0,0,0,0,0,0,0,0,0,0
400164,1,1,1991,19,19,19,19,19,19,19,19,19,19
400164,2,1,1991,0,0,0,0,0,0,0,0,0,0
400165,1,1,1991,12,12,12,12,12,12,12,12,12,12
400165,2,1,1991,6,6,6,6,6,6,6,6,6,6
400166,1,1,1991,0,0,0,0,0,0,0,0,0,0
400166,2,1,1991,0,0,0,0,0,0,0,0,0,0
400167,1,1,1991,0,24,0,0,13,30,0,18,0,0
400168,1,1,1991,0,0,0,0,0,0,0,0,0,0
400168,2,1,1991,0,0,0,0,0,0,0,0,0,0
400169,1,1,1991,24,24,24,24,24,24,24,24,24,24
400170,1,1,1991,16,16,16,16,16,16,16,16,16,16
400171,1,1,1991,26,26,26,26,26,26,26,26,26,26
400171,2,1,1991,0,0,0,33,0,6,10,0,0,0
400172,1,1,1991,3,3,3,3,3,3,3,3,3,3
400173,1,1,1991,8,8,8,8,8,8,8,8,8,8
400174,1,1,1991,0,0,0,0,0,0,0,0,0,0
400175,1,1,1991,0,0,0,0,0,0,0,0,0,0
400176,1,1,1991,11,12,8,15,8,6,3,9,20,9
400177,1,1,1991,0,0,0,0,0,0,0,0,0,0
400177,2,1,1991,2,0,0,0,0,0,0,0,0,0
400178,1,1,1991,0,0,0,0,0,0,0,0,0,0
400178,2,1,1991,0,0,0,0,0,0,0,0,0,0
400179,1,1,1991,0,0,0,0,0,0,0,0,0,0
400179,2,1,1991,0,20,0,0,0,0,0,0,0,0
400180,0,1,1991,0,0,0,0,0,0,0,0,0,0
400180,0,2,1991,30,0,25,22,34,0,28,0,33,0
400180,1,1,1991,6,6,6,6,6,6,6,6,6,6
400181,1,1,1991,14,14,14,14,14,14,14,14,14,14
400182,1,1,1991,0,0,0,0,0,0,7,0,0,0
400182,2,1,1991,0,0,0,0,0,0,0,0,0,0
400183,1,1,1991,0,0,9,0,0,4,0,0,0,0
400184,1,1,1991,11,11,11,11,11,11,11,11,11,11
400184,2,1,1991,0,0,0,0,0,0,0,0,0,0
400185,1,1,1991,11,11,11,11,11,11,11,11,11,11
400186,1,1,1991,12,12,12,12,12,12,12,12,12,12
400186,2,1,1991,0,0,0,0,0,0,0,0,0,0
400186,3,1,1991,0,0,0,0,0,0,0,0,0,0
400187,1,1,1991,12,18,0,15,12,13,0,0,0,15
400187,2,1,1991,0,0,0,0,0,0,0,0,0,0
400188,1,1,1991,23,23,23,23,23,23,23,23,23,23
400189,0,1,1991,0,0,0,0,0,0,0,0,0,0
400189,1,1,1991,0,0,0,12,0,0,0,0,0,0
400190,1,1,1991,0,0,0,0,0,0,0,0,0,0
400190,2,1,1991,0,0,0,0,0,0,0,0,0,0
400191,1,1,1991,0,0,0,0,0,0,0,0,0,0
400192,1,1,1991,0,11,0,7,19,13,0,12,0,0
400193,1,1,1991,0,0,0,0,0,0,0,0,0,0
400193,2,1,1991,0,0,0,0,0,0,0,0,0,0
400195,1,1,1991,23,23,23,23,23,23,23,23,23,23
400195,2,1,1991,0,0,0,0,0,0,0,0,0,0
400196,1,1,1991,7,7,7,7,7,7,7,7,7,7
400197,0,1,1991,0,0,0,0,0,0,0,0,0,0
400197,1,1,1991,0,0,0,0,0,0,0,0,0,0
400198,1,1,1991,0,0,0,0,20,15,13,0,0,0
400198,2,1,1991,0,0,0,0,0,0,0,0,0,0
400199,1,1,1991,13,21,10,24,18,11,17,13,17,0
400199,2,1,1991,18,9,7,15,11,0,0,18,8,12
400200,1,1,1991,25,25,25,25,25,25,25,25,25,25
400201,1,1,1991,0,0,0,0,0,0,0,0,0,0
400201,2,1,1991,0,0,0,0,0,0,0,0,0,0
400202,0,1,1991,6,60,5,0,0,0,0,25,0,0
400202,1,1,1991,0,0,0,0,0,15,0,0,0,0
400203,1,1,1991,0,0,0,0,0,0,0,0,0,0
400203,2,1,1991,0,0,0,0,0,0,0,0,0,0
400203,3,1,1991,0,0,0,0,0,0,0,0,0,0
400204,1,1,1991,17,17,17,17,17,17,17,17,17,17
400205,1,1,1991,21,21,21,21,21,21,21,21,21,21
400205,2,1,1991,0,0,0,0,0,0,0,0,0,0
400206,1,1,1991,24,24,24,24,24,24,24,24,24,24
400206,2,1,1991,0,0,0,0,0,0,0,0,0,0
400207,1,1,1991,19,19,19,19,19,19,19,19,19,19
400208,1,1,1991,36,36,36,36,36,36,36,36,36,36
400208,2,1,1991,0,0,0,0,0,0,0,0,0,0
400209,1,1,1991,21,21,21,21,21,21,21,21,21,21
400209,2,1,1991,0,0,0,0,0,0,0,0,0,0
400210,1,1,1991,0,0,0,0,0,0,0,0,0,0
400211,1,1,1991,16,16,16,16,16,16,16,16,16,16
400211,2,1,1991,0,0,0,0,0,0,0,0,0,0
400212,1,1,1991,27,13,0,6,8,16,6,14,14,21
400213,1,1,1991,9,0,0,12,0,0,0,0,17,0
400214,1,1,1991,11,11,11,11,11,11,11,11,11,11
400215,1,1,1991,0,0,0,0,0,0,0,6,0,0
400215,2,1,1991,0,0,0,0,0,0,0,0,0,0
400215,3,1,1991,0,0,0,16,0,0,0,0,11,0
400216,1,1,1991,18,6,20,12,29,15,19,35,12,0
400217,1,1,1991,11,11,11,11,11,11,11,11,11,11
400218,1,1,1991,0,0,0,0,0,0,0,0,0,0
400219,1,1,1991,22,22,22,22,22,22,22,22,22,22
400219,2,1,1991,0,0,0,0,0,0,0,0,0,0
400220,1,1,1991,19,19,19,19,19,19,19,19,19,19
400220,2,1,1991,0,0,0,0,0,0,0,0,0,0
400221,1,1,1991,0,0,0,0,0,0,0,0,0,0
400222,1,1,1991,0,0,0,0,0,0,0,0,0,0
400222,2,1,1991,0,0,0,0,0,0,0,0,0,0
400223,1,1,1991,0,0,0,0,0,0,0,0,0,0
400224,1,1,1991,20,20,20,20,20,20,20,20,20,20
400224,2,1,1991,16,19,0,0,0,0,0,0,0,0
400225,1,1,1991,0,0,0,0,0,0,0,0,0,0
400226,1,1,1991,0,0,0,0,0,0,0,0,0,0
400226,2,1,1991,0,0,0,0,0,0,0,0,0,0
400227,1,1,1991,0,0,18,3,5,12,0,6,0,11
400228,1,1,1991,31,31,31,31,31,31,31,31,31,31
400229,1,1,1991,22,22,22,22,22,22,22,22,22,22
400230,1,1,1991,30,0,26,0,0,0,0,0,0,0
400231,1,1,1991,0,0,0,0,0,0,0,0,0,0
400232,1,1,1991,0,0,0,0,0,0,0,0,0,0
400232,2,1,1991,0,0,0,0,0,0,0,0,0,0
400233,1,1,1991,0,0,0,0,0,0,0,0,0,0
400234,1,1,1991,0,0,9,0,0,0,0,0,0,0
400235,1,1,1991,0,0,0,0,0,0,0,0,0,0
400235,2,1,1991,0,0,0,0,0,0,0,0,0,0
400236,1,1,1991,10,10,10,10,10,10,10,10,10,10
400236,2,1,1991,0,0,0,0,0,0,0,0,0,0
400237,1,1,1991,0,0,0,0,0,0,0,0,0,0
400237,2,1,1991,0,0,0,0,0,0,0,0,0,0
400238,1,1,1991,4,4,4,4,4,4,4,4,4,4
400238,2,1,1991,0,0,0,0,0,0,0,0,0,0
400239,1,1,1991,0,0,0,0,0,0,0,0,0,0
400240,1,1,1991,0,0,0,0,0,0,0,0,0,0
400241,1,1,1991,18,18,18,18,18,18,18,18,18,18
400242,1,1,1991,19,19,19,19,19,19,19,19,19,19
400242,2,1,1991,0,0,0,0,0,0,0,0,0,0
400243,1,1,1991,14,0,0,0,0,0,0,0,0,0
400244,1,1,1991,0,0,0,9,11,0,7,14,0,0
400245,0,1,1991,0,0,0,0,0,0,0,0,0,0
400245,1,1,1991,0,0,0,0,0,0,0,0,0,0
400246,1,1,1991,0,0,0,0,0,0,0,0,0,18
400246,2,1,1991,0,0,0,0,0,0,0,0,0,0
400247,1,1,1991,8,8,8,8,8,8,8,8,8,8
400248,1,1,1991,0,0,0,0,0,0,0,0,0,0
400249,1,1,1991,0,17,0,0,0,0,0,0,0,0
400249,2,1,1991,0,0,0,0,0,0,12,0,13,0
400250,0,1,1991,0,0,0,0,0,0,0,0,0,0
400250,1,1,1991,0,0,0,0,0,0,0,0,0,0
400251,1,1,1991,0,12,0,0,0,0,0,0,0,0
400252,1,1,1991,0,0,0,0,0,0,0,0,0,0
400253,1,1,1991,0,0,0,0,0,0,0,0,0,0
400253,2,1,1991,0,0,0,0,0,0,0,0,0,0
400254,1,1,1991,3,3,3,3,3,3,3,3,3,3
400255,0,1,1991,5,5,5,5,5,5,5,5,5,5
400255,1,1,1991,7,7,7,7,7,7,7,7,7,7
400256,1,1,1991,0,0,0,0,0,0,0,0,0,0
400257,1,1,1991,0,0,0,0,0,0,0,0,0,0
400257,2,1,1991,0,0,0,0,0,0,0,0,0,0
400258,1,1,1991,25,16,12,28,17,0,19,13,43,13
400258,2,1,1991,0,0,0,0,0,0,0,0,0,0
400259,0,1,1991,0,0,0,0,0,0,0,0,0,0
400259,1,1,1991,0,0,0,0,0,0,0,0,0,22