ST_CASE,VEH_NO,PER_NO,YEAR,P1,P2,P3,P4,P5,P6,P7,P8,P9,P10
400566,1,1,1991,0,0,0,0,0,0,0,0,0,0
400566,2,1,1991,0,0,0,0,0,0,0,0,0,0
410001,1,1,1991,0,0,0,0,0,0,0,0,0,0
410001,2,1,1991,0,0,0,0,0,0,0,0,0,0
410001,3,1,1991,0,0,0,0,0,0,0,0,0,0
410002,1,1,1991,10,17,5,10,14,10,25,15,13,14
410003,1,1,1991,16,16,16,16,16,16,16,16,16,16
410004,1,1,1991,0,0,0,0,0,0,0,0,0,0
410004,2,1,1991,0,0,0,0,0,0,0,0,0,0
410005,1,1,1991,14,0,0,0,0,0,0,0,0,0
410005,2,1,1991,0,0,0,0,0,0,0,0,15,0
410006,1,1,1991,2,2,2,2,2,2,2,2,2,2
410007,1,1,1991,0,0,0,0,0,0,0,0,0,0
410007,2,1,1991,0,0,0,0,0,0,0,0,0,0
410008,1,1,1991,0,0,0,0,0,0,0,0,0,0
410008,2,1,1991,0,0,0,0,0,0,0,0,0,0
410009,1,1,1991,6,6,6,6,6,6,6,6,6,6
410010,1,1,1991,0,0,0,0,0,0,0,0,0,0
410010,2,1,1991,0,0,0,0,0,0,0,0,0,0
410011,1,1,1991,0,0,0,0,0,0,0,0,0,0
410012,1,1,1991,18,18,18,18,18,18,18,18,18,18
410012,2,1,1991,0,0,0,0,0,0,0,0,0,0
410013,1,1,1991,3,3,3,3,3,3,3,3,3,3
410014,0,1,1991,0,0,0,0,0,0,0,0,0,0
410014,1,1,1991,0,0,0,0,0,0,0,0,0,0
410015,0,1,1991,0,0,0,0,0,0,0,0,0,0
410015,1,1,1991,10,0,9,0,0,31,12,0,0,0
410016,1,1,1991,0,0,0,0,0,0,0,0,0,0
410016,2,1,1991,0,0,0,0,0,0,0,0,0,0
410017,0,1,1991,28,11,0,0,9,0,13,27,7,5
410017,0,2,1991,0,0,0,0,0,0,0,0,0,0
410017,0,3,1991,18,13,29,0,34,0,0,0,0,27
410017,0,4,1991,0,0,0,0,0,0,0,0,0,0
410017,1,1,1991,0,0,0,0,0,0,0,0,0,0
410018,0,1,1991,0,0,0,0,0,0,0,0,0,0
410018,1,1,1991,0,0,0,0,0,0,0,0,0,0
410019,0,1,1991,25,25,25,25,25,25,25,25,25,25
410019,1,1,1991,0,0,0,0,0,0,0,0,0,0
410020,1,1,1991,0,0,0,0,0,0,0,0,0,0
410020,2,1,1991,0,0,0,0,0,0,0,0,0,0
410021,1,1,1991,0,0,0,0,0,0,0,0,0,0
410022,1,1,1991,13,0,0,0,0,0,0,0,0,0
410022,2,1,1991,0,0,0,0,0,0,0,0,0,0
410022,3,1,1991,0,0,0,0,0,0,0,0,0,0
410023,1,1,1991,0,0,0,0,0,0,0,0,0,0
410023,2,1,1991,0,0,0,0,0,0,0,0,0,0
410024,0,1,1991,0,0,0,0,0,0,0,0,0,0
410024,2,1,1991,0,0,0,0,0,0,0,0,0,0
410025,1,1,1991,0,0,0,0,0,0,0,0,0,0
410026,0,1,1991,29,29,29,29,29,29,29,29,29,29
410026,1,1,1991,3,0,0,2,0,9,0,0,0,0
410027,1,1,1991,0,0,0,0,0,0,0,0,0,0
410028,1,1,1991,16,17,5,16,8,15,0,14,0,7
410028,2,1,1991,0,0,0,0,0,0,0,0,0,0
410029,1,1,1991,0,0,0,0,0,0,0,0,0,0
410029,2,1,1991,0,0,0,0,0,0,0,0,0,15
410029,3,1,1991,0,0,0,0,0,0,0,0,8,0
410029,4,1,1991,0,0,0,0,0,0,0,0,0,0
410030,0,1,1991,12,12,12,12,12,12,12,12,12,12
410030,1,1,1991,11,0,0,0,0,0,0,0,0,0
410031,1,1,1991,0,0,0,0,0,0,0,0,0,0
410032,0,1,1991,0,0,0,0,0,0,0,0,0,0
410032,1,1,1991,11,11,11,11,11,11,11,11,11,11
410033,0,1,1991,0,0,0,0,0,0,0,0,0,0
410033,1,1,1991,0,0,0,0,0,0,0,0,0,0
410034,0,1,1991,0,0,0,0,0,0,0,0,0,0
410034,1,1,1991,0,0,0,0,0,0,0,0,0,0
410035,0,1,1991,0,0,0,0,0,0,0,0,0,0
410035,1,1,1991,0,0,0,0,0,0,0,0,0,0
410035,2,1,1991,0,0,0,0,0,0,0,0,0,0
410036,1,1,1991,0,0,0,0,0,0,0,0,0,0
410037,0,1,1991,20,20,20,20,20,20,20,20,20,20
410037,1,1,1991,0,0,0,0,0,0,0,0,0,0
410038,1,1,1991,0,0,0,0,0,0,0,0,0,0
410039,1,1,1991,20,20,20,20,20,20,20,20,20,20
410040,1,1,1991,0,0,0,0,0,0,0,0,0,0
410040,2,1,1991,0,0,0,0,0,0,0,0,0,0
410041,1,1,1991,3,3,3,3,3,3,3,3,3,3
410041,2,1,1991,0,0,0,0,0,0,0,0,0,0
410042,1,1,1991,0,0,0,0,0,0,0,0,0,0
410042,2,1,1991,0,0,0,0,0,0,0,0,0,0
410042,3,1,1991,0,0,0,0,0,0,0,0,0,0
410043,1,1,1991,31,31,31,31,31,31,31,31,31,31
410044,1,1,1991,0,0,0,0,0,0,0,0,0,0
410044,2,1,1991,0,0,0,0,0,0,0,0,17,0
410045,1,1,1991,25,25,25,25,25,25,25,25,25,25
410046,0,1,1991,38,38,38,38,38,38,38,38,38,38
410046,1,1,1991,0,0,0,0,0,0,0,0,0,0
410048,1,1,1991,1,1,1,1,1,1,1,1,1,1
410048,2,1,1991,0,0,0,0,0,0,0,0,0,0
410049,1,1,1991,7,7,7,7,7,7,7,7,7,7
410049,2,1,1991,0,0,0,0,37,0,0,0,0,0
410050,1,1,1991,17,17,17,17,17,17,17,17,17,17
410051,1,1,1991,0,0,0,0,0,0,0,0,0,0
410051,2,1,1991,24,0,0,19,0,0,0,0,0,0
410052,1,1,1991,0,0,0,0,0,0,0,0,0,0
410052,2,1,1991,0,0,0,0,0,0,0,0,0,0
410053,1,1,1991,27,27,27,27,27,27,27,27,27,27
410054,1,1,1991,0,0,0,0,0,0,0,0,0,0
410055,1,1,1991,20,20,20,20,20,20,20,20,20,20
410056,1,1,1991,0,0,0,0,0,0,0,0,0,0
410056,2,1,1991,0,0,0,0,0,0,0,0,0,0
410057,1,1,1991,0,0,0,0,0,0,0,0,0,0
410057,2,1,1991,0,0,0,0,0,0,0,0,0,0
410058,1,1,1991,22,22,22,22,22,22,22,22,22,22
410058,2,1,1991,0,0,0,0,0,0,0,0,0,0
410058,3,1,1991,0,0,0,0,0,0,0,0,0,0
410059,0,1,1991,0,0,0,0,0,0,0,0,0,0
410059,1,1,1991,0,0,0,0,0,0,0,0,0,0
410060,0,1,1991,4,4,4,4,4,4,4,4,4,4
410060,1,1,1991,0,0,0,0,0,0,0,0,0,0
410061,1,1,1991,0,0,0,0,0,0,0,0,0,0
410062,1,1,1991,0,0,0,0,0,0,0,0,0,0
410063,1,1,1991,17,17,17,17,17,17,17,17,17,17
410064,0,1,1991,0,0,0,0,0,0,0,0,0,0
410064,1,1,1991,0,0,0,0,0,0,14,0,0,0
410065,1,1,1991,31,31,31,31,31,31,31,31,31,31
410065,2,1,1991,0,0,0,0,0,0,0,0,0,0
410066,1,1,1991,8,8,8,8,8,8,8,8,8,8
410067,1,1,1991,26,26,26,26,26,26,26,26,26,26
410068,1,1,1991,0,0,0,0,0,0,0,0,0,0
410069,1,1,1991,0,0,0,11,0,0,0,0,0,0
410070,1,1,1991,13,16,31,24,18,10,18,16,28,13
410071,1,1,1991,0,0,0,0,0,0,0,0,0,0
410071,2,1,1991,0,0,0,0,0,0,0,7,0,0
410072,1,1,1991,14,14,14,14,14,14,14,14,14,14
410072,2,1,1991,0,0,0,0,25,0,5,13,0,0
410073,1,1,1991,13,13,13,13,13,13,13,13,13,13
410073,2,1,1991,1,1,1,1,1,1,1,1,1,1
410074,1,1,1991,0,0,0,0,0,0,0,0,0,0
410074,2,1,1991,0,0,0,0,0,0,0,0,0,0
410075,1,1,1991,24,19,8,17,22,9,12,17,23,8
410075,2,1,1991,0,0,0,0,0,0,0,0,0,0
410076,1,1,1991,18,18,18,18,18,18,18,18,18,18
410077,1,1,1991,0,0,0,0,0,0,0,0,0,0
410078,1,1,1991,28,28,28,28,28,28,28,28,28,28
410079,1,1,1991,0,0,0,0,0,0,0,0,0,0
410080,1,1,1991,0,0,0,0,0,0,0,0,0,0
410080,2,1,1991,0,0,0,0,0,0,0,0,0,0
410081,1,1,1991,27,27,27,27,27,27,27,27,27,27
410082,1,1,1991,0,0,0,0,0,0,0,0,0,0
410082,2,1,1991,0,0,0,0,0,0,0,0,0,0
410083,1,1,1991,19,19,19,19,19,19,19,19,19,19
410085,1,1,1991,0,0,0,0,0,0,0,0,0,0
410085,2,1,1991,15,15,15,15,15,15,15,15,15,15
410086,1,1,1991,24,24,24,24,24,24,24,24,24,24
410086,2,1,1991,0,0,0,0,0,0,0,0,0,0
410087,1,1,1991,0,0,0,8,9,11,0,0,15,0
410087,2,1,1991,0,19,0,0,0,0,11,0,0,0
410090,1,1,1991,0,0,0,0,0,0,0,0,0,0
410090,2,1,1991,0,0,0,0,0,0,0,0,0,0
410091,1,1,1991,0,0,0,0,0,0,14,0,0,0
410092,1,1,1991,14,14,14,14,14,14,14,14,14,14
410093,0,1,1991,0,0,0,0,0,0,0,0,0,0
410093,1,1,1991,0,13,19,0,0,5,0,0,0,0
410094,1,1,1991,0,0,0,0,0,0,0,0,0,0
410094,2,1,1991,0,0,0,0,0,0,0,0,0,0
410095,1,1,1991,12,12,12,12,12,12,12,12,12,12
410096,1,1,1991,0,0,0,0,0,0,0,0,0,0
410096,2,1,1991,0,0,0,0,0,0,0,0,0,0
410097,1,1,1991,0,0,0,0,0,0,0,0,0,0
410098,1,1,1991,2,2,2,2,2,2,2,2,2,2
410099,1,1,1991,0,0,0,0,0,0,0,0,0,0
410100,1,1,1991,0,0,0,0,0,0,0,0,0,0
410100,2,1,1991,0,0,10,0,0,0,0,0,0,0
410101,1,1,1991,28,28,28,28,28,28,28,28,28,28
410102,1,1,1991,0,0,41,21,0,0,25,0,0,26
410102,2,1,1991,13,13,13,13,13,13,13,13,13,13
410103,1,1,1991,8,8,8,8,8,8,8,8,8,8
410104,1,1,1991,0,0,0,0,0,0,0,0,0,0
410105,1,1,1991,11,11,11,11,11,11,11,11,11,11
410106,1,1,1991,0,0,0,0,0,0,0,0,0,0
410107,1,1,1991,22,22,22,22,22,22,22,22,22,22
410108,1,1,1991,0,0,0,0,0,0,0,0,0,0
410108,2,1,1991,0,0,0,0,0,0,0,0,0,0
410109,1,1,1991,0,0,0,0,0,0,0,0,0,0
410109,2,1,1991,0,0,0,0,0,0,0,0,0,0
410110,1,1,1991,0,0,0,0,0,0,0,0,0,0
410110,2,1,1991,0,0,0,0,0,0,0,0,0,0
410110,3,1,1991,0,0,0,0,0,0,0,0,0,0
410110,4,1,1991,0,0,0,0,0,0,0,0,0,0
410111,1,1,1991,0,0,0,0,0,0,0,0,0,0
410111,2,1,1991,0,0,0,0,0,0,0,0,0,0
410112,1,1,1991,0,0,0,0,0,0,0,0,0,0
410112,2,1,1991,1,1,1,1,1,1,1,1,1,1
410113,1,1,1991,22,22,22,22,22,22,22,22,22,22
410114,1,1,1991,29,29,29,29,29,29,29,29,29,29
410114,2,1,1991,0,0,0,0,0,0,0,0,0,0
410115,1,1,1991,27,27,27,27,27,27,27,27,27,27
410115,2,1,1991,8,8,8,8,8,8,8,8,8,8
410116,0,1,1991,18,18,18,18,18,18,18,18,18,18
410116,1,1,1991,16,16,16,16,16,16,16,16,16,16
410117,1,1,1991,0,0,0,0,0,0,0,0,0,0
410117,2,1,1991,21,21,21,21,21,21,21,21,21,21
410118,1,1,1991,0,0,0,0,0,0,0,0,0,0
410119,1,1,1991,24,24,24,24,24,24,24,24,24,24
410120,1,1,1991,15,15,15,15,15,15,15,15,15,15
410120,2,1,1991,0,0,0,0,0,0,0,0,0,0
410121,0,1,1991,0,0,0,0,0,0,0,0,0,0
410121,1,1,1991,0,0,0,0,0,0,0,0,0,0
410122,1,1,1991,0,0,0,0,0,0,0,0,0,0
410123,1,1,1991,0,0,22,0,0,0,0,0,0,0
410124,1,1,1991,0,0,0,0,0,0,0,0,0,0
410125,0,1,1991,0,0,0,0,0,0,8,0,0,0
410125,0,2,1991,0,0,0,0,0,0,0,0,0,0
410125,1,1,1991,0,0,0,0,0,0,0,0,0,0
410126,1,1,1991,0,0,0,0,0,0,0,0,0,0
410126,2,1,1991,0,0,0,0,0,0,0,0,0,0
410127,0,1,1991,40,40,40,40,40,40,40,40,40,40
410127,1,1,1991,14,14,14,14,14,14,14,14,14,14
410128,1,1,1991,22,22,22,22,22,22,22,22,22,22
410129,1,1,1991,18,18,18,18,18,18,18,18,18,18
410130,1,1,1991,0,0,0,0,0,0,20,0,0,0
410130,2,1,1991,0,0,0,0,0,0,0,0,0,0
410131,1,1,1991,21,21,21,21,21,21,21,21,21,21
410132,1,1,1991,23,23,23,23,23,23,23,23,23,23
410133,1,1,1991,0,0,0,0,0,0,0,0,0,0
410133,2,1,1991,0,0,0,0,0,0,0,0,0,0
410133,3,1,1991,0,0,0,0,0,0,0,0,0,0
410134,1,1,1991,0,0,0,0,0,0,0,0,0,0
410136,1,1,1991,19,26,30,25,14,8,17,13,7,0
410136,2,1,1991,28,0,10,17,13,0,27,0,9,0
410137,1,1,1991,14,14,14,14,14,14,14,14,14,14
410138,1,1,1991,0,0,0,0,0,0,0,0,0,0
410139,1,1,1991,16,16,16,16,16,16,16,16,16,16
410140,1,1,1991,20,20,20,20,20,20,20,20,20,20
410140,2,1,1991,0,0,0,0,0,0,0,0,0,0
410141,1,1,1991,21,21,21,21,21,21,21,21,21,21
410142,1,1,1991,0,0,0,0,0,0,0,0,0,0
410143,1,1,1991,0,0,0,0,0,0,0,0,0,0
410144,1,1,1991,17,17,17,17,17,17,17,17,17,17
410145,1,1,1991,17,17,17,17,17,17,17,17,17,17
410146,1,1,1991,28,28,28,28,28,28,28,28,28,28
410147,1,1,1991,0,0,0,0,0,0,0,0,0,0
410148,1,1,1991,0,0,0,0,0,0,0,0,0,0
410150,1,1,1991,0,0,0,0,0,0,0,0,0,0
410151,1,1,1991,0,0,0,0,0,0,0,0,0,0
410153,1,1,1991,0,0,0,0,0,0,0,0,0,0
410153,2,1,1991,0,0,0,0,0,0,0,0,0,0
410154,1,1,1991,0,0,0,0,0,0,0,0,0,0
410155,1,1,1991,12,12,12,12,12,12,12,12,12,12
410156,1,1,1991,0,0,0,0,0,0,0,0,0,0
410156,2,1,1991,0,0,0,0,0,0,0,0,12,0
410157,1,1,1991,18,18,18,18,18,18,18,18,18,18
410158,1,1,1991,18,18,18,18,18,18,18,18,18,18
410159,1,1,1991,21,21,21,21,21,21,21,21,21,21
410160,1,1,1991,0,0,0,0,0,0,0,0,0,0
410161,1,1,1991,15,15,15,15,15,15,15,15,15,15
410162,1,1,1991,0,0,0,0,0,0,0,0,0,0
410162,2,1,1991,0,0,0,0,0,0,0,0,0,0
410163,1,1,1991,16,16,16,16,16,16,16,16,16,16
410163,2,1,1991,0,0,0,6,0,0,0,0,0,0
410164,1,1,1991,13,13,13,13,13,13,13,13,13,13
410165,1,1,1991,0,0,0,0,0,0,0,0,0,0
410166,1,1,1991,4,4,4,4,4,4,4,4,4,4
410167,1,1,1991,0,0,0,0,0,0,0,0,0,0
410167,2,1,1991,0,0,0,0,0,0,0,0,0,0
410168,1,1,1991,0,0,0,0,0,0,0,0,0,0
410169,0,1,1991,16,16,16,16,16,16,16,16,16,16
410169,1,1,1991,0,0,0,0,0,0,0,0,0,0
410170,1,1,1991,18,18,18,18,18,18,18,18,18,18
410171,1,1,1991,27,27,27,27,27,27,27,27,27,27
410172,1,1,1991,0,0,0,0,0,0,0,0,0,0
410173,1,1,1991,0,0,0,0,0,0,0,0,0,0
410173,2,1,1991,0,0,0,0,0,0,0,0,0,0
410173,3,1,1991,0,0,0,16,0,0,0,0,0,0
410173,4,1,1991,0,0,0,0,0,0,0,0,0,0
410173,5,1,1991,0,0,0,0,0,0,0,0,0,0
410174,0,1,1991,31,31,31,31,31,31,31,31,31,31
410174,1,1,1991,0,0,0,0,0,0,0,0,0,0
410175,1,1,1991,21,21,21,21,21,21,21,21,21,21
410176,1,1,1991,0,0,0,0,0,0,0,0,0,0
410176,2,1,1991,0,0,0,16,0,0,0,0,0,0
410177,1,1,1991,0,0,0,0,0,0,0,0,0,0
410177,2,1,1991,0,0,0,0,0,0,0,0,0,0
410177,3,1,1991,0,0,0,0,0,0,0,0,0,0
410178,1,1,1991,12,12,12,12,12,12,12,12,12,12
410179,1,1,1991,0,0,0,0,0,0,0,0,0,0
410179,2,1,1991,6,6,6,6,6,6,6,6,6,6
410180,0,1,1991,0,0,0,0,0,0,0,0,0,0
410180,1,1,1991,0,0,0,0,0,0,0,0,0,0
410181,1,1,1991,0,0,0,0,0,0,0,0,0,0
410182,1,1,1991,10,10,10,10,10,10,10,10,10,10
410182,2,1,1991,0,0,0,0,0,0,0,0,0,0
410183,1,1,1991,0,0,0,0,0,0,0,0,0,0
410184,1,1,1991,4,4,4,4,4,4,4,4,4,4
410185,1,1,1991,0,0,0,0,0,0,0,0,0,11
410185,2,1,1991,0,0,0,0,0,0,0,0,0,0
410186,1,1,1991,0,0,0,0,0,0,0,0,0,0
410187,0,1,1991,0,0,0,0,0,0,0,0,0,0
410187,1,1,1991,0,0,0,0,0,0,0,0,0,0
410188,1,1,1991,0,0,0,0,0,0,0,0,0,0
410188,2,1,1991,0,0,0,0,0,0,0,0,0,0
410189,1,1,1991,10,10,10,10,10,10,10,10,10,10
410190,0,1,1991,13,13,13,13,13,13,13,13,13,13
410190,1,1,1991,3,3,3,3,3,3,3,3,3,3
410191,1,1,1991,5,5,5,5,5,5,5,5,5,5
410192,1,1,1991,1,1,1,1,1,1,1,1,1,1
410193,1,1,1991,0,0,0,0,0,0,0,0,0,0
410193,2,1,1991,0,0,0,0,0,0,0,0,0,0
410193,3,1,1991,0,0,0,0,0,0,0,0,0,0
410194,1,1,1991,1,1,1,1,1,1,1,1,1,1
410194,2,1,1991,0,0,0,0,0,0,0,0,0,0
410194,3,1,1991,0,0,0,0,0,0,0,0,0,0
410195,1,1,1991,17,17,17,17,17,17,17,17,17,17
410196,1,1,1991,0,0,0,0,0,0,0,0,0,0
410196,2,1,1991,22,22,22,22,22,22,22,22,22,22
410197,1,1,1991,18,18,18,18,18,18,18,18,18,18
410198,1,1,1991,0,0,0,0,0,0,0,0,0,0
410199,1,1,1991,11,11,11,11,11,11,11,11,11,11
410200,1,1,1991,34,34,34,34,34,34,34,34,34,34
410201,0,1,1991,0,0,0,0,0,0,0,0,0,0
410201,1,1,1991,17,3,0,21,0,0,0,0,0,29
410201,2,1,1991,0,0,0,0,0,26,0,9,0,4
410201,3,1,1991,26,0,0,8,0,11,15,8,7,0
410201,4,1,1991,0,0,0,0,0,0,0,0,0,0
410202,1,1,1991,16,16,16,16,16,16,16,16,16,16
410203,1,1,1991,4,4,4,4,4,4,4,4,4,4
410204,1,1,1991,13,13,13,13,13,13,13,13,13,13
410204,2,1,1991,0,0,0,0,0,0,0,0,0,0
410205,1,1,1991,25,25,25,25,25,25,25,25,25,25
410206,1,1,1991,19,19,19,19,19,19,19,19,19,19
410207,1,1,1991,12,12,12,12,12,12,12,12,12,12
410208,1,1,1991,15,15,15,15,15,15,15,15,15,15
410209,1,1,1991,15,15,15,15,15,15,15,15,15,15
410210,1,1,1991,0,0,0,0,0,0,0,0,0,0
410210,2,1,1991,0,0,0,0,0,0,0,0,0,0
410210,3,1,1991,0,0,0,17,0,0,0,0,0,0
410210,4,1,1991,0,0,0,0,0,0,0,0,0,0
410211,1,1,1991,0,0,0,0,0,0,0,0,0,0
410211,2,1,1991,0,0,0,0,0,0,0,0,0,0
410213,1,1,1991,20,20,20,20,20,20,20,20,20,20
410214,1,1,1991,0,0,0,0,0,0,0,0,0,0
410214,2,1,1991,27,27,27,27,27,27,27,27,27,27
410215,1,1,1991,13,13,13,13,13,13,13,13,13,13
410216,1,1,1991,0,0,0,0,0,0,0,0,0,0
410216,2,1,1991,0,0,0,0,0,0,0,0,0,0
410217,1,1,1991,29,29,29,29,29,29,29,29,29,29
410218,1,1,1991,15,15,15,15,15,15,15,15,15,15
410219,1,1,1991,23,23,23,23,23,23,23,23,23,23
410220,1,1,1991,0,0,0,0,0,0,0,0,0,0
410222,0,1,1991,22,22,22,22,22,22,22,22,22,22
410222,1,1,1991,0,15,0,11,18,11,5,21,16,15
410223,1,1,1991,0,0,0,0,0,0,0,0,0,0
410224,0,1,1991,0,0,0,0,0,0,0,0,0,0
410224,0,2,1991,0,0,0,0,0,0,0,0,0,0
410224,1,1,1991,0,0,0,0,0,0,0,0,0,0
410225,1,1,1991,15,15,15,15,15,15,15,15,15,15
410226,1,1,1991,0,0,0,0,0,0,0,0,0,0
410226,2,1,1991,0,0,0,0,0,0,0,0,0,0
410227,1,1,1991,0,0,0,0,0,0,0,0,0,0
410227,2,1,1991,0,0,0,0,0,0,0,0,0,0
410229,1,1,1991,7,7,7,7,7,7,7,7,7,7
410229,2,1,1991,0,0,0,0,0,0,0,0,0,0
410230,1,1,1991,0,0,0,0,0,0,0,0,0,0
410230,2,1,1991,0,0,0,0,0,0,0,0,0,0
410230,3,1,1991,0,0,0,0,0,0,0,0,0,0
410230,4,1,1991,0,0,0,0,0,0,0,0,0,0
410230,5,1,1991,0,0,0,0,0,14,0,0,0,0
410231,1,1,1991,15,15,15,15,15,15,15,15,15,15
410232,1,1,1991,15,15,15,15,15,15,15,15,15,15
410233,1,1,1991,0,0,0,0,0,0,0,0,0,0
410234,1,1,1991,0,0,27,10,8,0,10,19,12,0
410234,2,1,1991,21,21,21,21,21,21,21,21,21,21
410235,1,1,1991,11,11,11,11,11,11,11,11,11,11
410236,1,1,1991,0,0,0,0,0,0,0,0,0,0
410236,2,1,1991,0,0,0,0,0,0,0,15,0,0
410237,1,1,1991,4,4,4,4,4,4,4,4,4,4
410238,1,1,1991,21,21,21,21,21,21,21,21,21,21
410238,2,1,1991,0,0,0,0,0,0,0,0,4,0
410239,1,1,1991,5,5,5,5,5,5,5,5,5,5
410241,1,1,1991,0,0,0,0,0,0,0,0,0,0
410241,2,1,1991,0,0,0,0,0,0,0,0,0,0
410242,0,1,1991,0,0,0,0,0,0,0,0,0,0
410242,1,1,1991,8,8,8,8,8,8,8,8,8,8
410243,1,1,1991,13,13,13,13,13,13,13,13,13,13
410243,2,1,1991,19,0,0,0,0,0,0,0,0,0
410244,1,1,1991,22,22,22,22,22,22,22,22,22,22
410245,1,1,1991,19,0,0,0,0,0,0,0,0,0
410246,1,1,1991,0,0,0,0,0,0,0,0,0,0
410247,1,1,1991,0,0,0,0,0,0,0,0,0,0
410248,1,1,1991,19,19,19,19,19,19,19,19,19,19
410249,0,1,1991,30,26,22,0,18,17,35,0,30,16
410249,1,1,1991,11,11,11,11,11,11,11,11,11,11
410250,1,1,1991,24,24,24,24,24,24,24,24,24,24
410251,1,1,1991,0,0,0,0,0,0,0,0,0,0
410252,0,1,1991,0,0,0,0,0,0,0,0,0,0
410252,1,1,1991,0,0,0,0,0,0,0,0,0,0
410253,0,1,1991,0,0,0,0,0,0,0,0,0,0
410253,1,1,1991,0,0,0,0,0,0,0,0,0,0
410255,1,1,1991,0,0,0,0,0,0,0,0,0,0
410255,2,1,1991,0,0,0,0,0,0,0,11,0,0
410255,3,1,1991,0,0,0,0,0,0,0,0,0,0
410256,1,1,1991,30,20,0,21,17,22,10,27,14,12
410256,2,1,1991,0,0,0,0,0,0,0,0,0,0
410257,1,1,1991,17,17,17,17,17,17,17,17,17,17
410258,1,1,1991,0,0,0,0,0,0,0,0,0,0
410258,2,1,1991,0,0,0,0,12,18,0,0,11,0
410259,1,1,1991,11,11,11,11,11,11,11,11,11,11
410260,1,1,1991,9,9,9,9,9,9,9,9,9,9
410261,0,1,1991,0,0,0,0,0,0,0,0,0,0
410261,1,1,1991,0,0,0,0,0,0,0,0,0,0
410262,1,1,1991,0,0,0,0,0,0,0,0,0,0
410263,0,1,1991,0,0,0,0,0,0,0,0,0,0
410263,1,1,1991,0,0,0,0,0,0,0,0,0,0
410264,1,1,1991,0,0,0,0,0,0,0,0,0,0
410264,2,1,1991,18,18,18,18,18,18,18,18,18,18
410265,1,1,1991,0,0,0,0,0,0,0,0,0,0
410265,2,1,1991,0,0,0,0,0,0,0,0,0,0
410266,1,1,1991,0,0,0,0,0,0,0,0,0,0
410266,2,1,1991,0,0,0,0,0,0,0,0,0,0
410268,1,1,1991,0,0,0,0,0,0,0,0,0,0
410268,2,1,1991,0,0,0,0,0,0,0,0,0,0
410268,3,1,1991,0,21,0,12,0,0,0,0,0,0
410269,1,1,1991,0,0,0,0,0,0,0,0,0,0
410269,2,1,1991,0,0,0,0,0,0,0,0,0,0
410270,0,1,1991,0,0,0,0,0,0,0,0,0,0
410270,1,1,1991,0,0,0,0,0,0,0,0,0,0
410271,1,1,1991,0,0,0,0,0,0,0,16,0,0
410271,2,1,1991,9,9,9,9,9,9,9,9,9,9
410272,1,1,1991,0,0,0,0,0,0,0,0,0,0
410272,2,1,1991,0,0,0,0,0,0,0,0,0,0
410273,1,1,1991,0,0,0,0,0,0,0,0,0,0
410273,2,1,1991,0,0,0,0,0,0,0,0,0,0
410274,1,1,1991,0,0,0,0,0,0,0,0,0,0
410274,2,1,1991,8,8,8,8,8,8,8,8,8,8
410274,3,1,1991,14,14,14,14,14,14,14,14,14,14
410275,0,1,1991,33,33,33,33,33,33,33,33,33,33
410275,1,1,1991,0,0,0,17,0,0,0,20,0,0
410276,1,1,1991,4,4,4,4,4,4,4,4,4,4
410277,1,1,1991,21,21,21,21,21,21,21,21,21,21
410277,2,1,1991,0,0,0,0,8,0,0,0,0,0
410278,0,1,1991,0,0,0,0,0,0,0,0,0,0
410278,1,1,1991,0,0,0,0,0,0,0,0,0,0
410279,1,1,1991,3,3,3,3,3,3,3,3,3,3
410280,1,1,1991,0,0,22,0,0,16,22,0,13,0
410281,1,1,1991,0,0,0,0,0,0,0,0,0,0
410281,2,1,1991,0,0,0,0,0,0,0,0,0,0
410282,1,1,1991,0,0,0,0,0,0,0,0,0,0
410283,1,1,1991,16,16,16,16,16,16,16,16,16,16
410284,1,1,1991,0,0,0,0,0,0,0,0,0,0
410284,2,1,1991,0,0,0,0,0,0,0,0,0,0
410285,1,1,1991,12,12,12,12,12,12,12,12,12,12
410286,1,1,1991,6,6,6,6,6,6,6,6,6,6
410287,1,1,1991,15,15,15,15,15,15,15,15,15,15
410288,0,1,1991,18,18,18,18,18,18,18,18,18,18
410288,1,1,1991,0,0,0,0,0,0,0,0,0,0
410290,1,1,1991,20,20,20,20,20,20,20,20,20,20
410291,1,1,1991,0,0,0,0,0,0,0,0,0,0
410291,2,1,1991,0,0,0,0,0,0,0,0,0,0
410292,1,1,1991,0,0,0,0,0,0,0,0,0,0
410292,2,1,1991,0,0,0,0,0,0,0,0,0,0
410293,1,1,1991,11,11,11,11,11,11,11,11,11,11
410293,2,1,1991,0,0,0,25,0,0,0,0,0,31
410294,1,1,1991,0,0,0,0,0,0,0,0,0,0
410295,1,1,1991,0,0,0,0,0,0,0,0,0,0
410296,1,1,1991,0,0,0,0,0,0,0,0,0,0
410297,1,1,1991,0,0,0,0,0,0,0,0,0,0
410298,1,1,1991,0,0,0,0,0,0,0,0,0,0
410298,2,1,1991,0,0,0,0,0,0,0,0,0,0
410299,1,1,1991,0,0,0,0,0,0,0,0,0,0
410299,2,1,1991,0,0,0,0,0,0,0,0,0,0