ST_CASE,VEH_NO,PER_NO,YEAR,P1,P2,P3,P4,P5,P6,P7,P8,P9,P10
420142,1,1,1991,15,15,15,15,15,15,15,15,15,15
420143,1,1,1991,33,33,33,33,33,33,33,33,33,33
420144,1,1,1991,0,0,0,0,0,10,0,0,0,0
420145,0,1,1991,20,20,20,20,20,20,20,20,20,20
420145,1,1,1991,0,0,0,0,0,0,0,0,0,0
420146,0,1,1991,0,0,0,0,0,0,0,0,0,0
420146,1,1,1991,0,0,0,0,0,0,0,0,0,0
420147,1,1,1991,29,29,29,29,29,29,29,29,29,29
420148,1,1,1991,8,8,8,8,8,8,8,8,8,8
420149,1,1,1991,11,0,0,0,0,0,24,0,0,0
420149,2,1,1991,0,0,0,0,0,0,0,0,0,0
420150,1,1,1991,0,24,29,13,0,0,11,0,28,0
420151,0,1,1991,10,10,10,10,10,10,10,10,10,10
420151,0,2,1991,0,0,0,0,0,0,28,18,0,34
420151,1,1,1991,0,0,0,0,0,0,0,0,0,0
420152,0,1,1991,0,0,26,0,0,0,24,0,19,12
420152,1,1,1991,0,17,15,29,6,18,16,22,30,21
420153,0,1,1991,22,0,0,0,0,0,0,0,0,0
420153,1,1,1991,0,0,0,0,0,0,0,0,0,0
420154,1,1,1991,0,0,0,0,0,32,0,0,0,0
420154,2,1,1991,0,0,0,0,0,0,0,0,0,0
420155,1,1,1991,24,24,24,24,24,24,24,24,24,24
420156,0,1,1991,0,0,0,19,0,0,0,0,0,0
420156,1,1,1991,0,0,0,0,0,0,0,0,0,0
420156,2,1,1991,0,0,0,0,0,0,0,0,0,0
420157,1,1,1991,5,5,5,5,5,5,5,5,5,5
420157,2,1,1991,0,0,0,0,0,0,0,0,0,0
420158,1,1,1991,0,0,0,0,0,0,0,0,0,0
420158,2,1,1991,0,0,0,0,0,0,0,0,0,0
420158,3,1,1991,0,0,0,0,0,9,0,0,0,0
420159,0,1,1991,0,0,0,0,0,0,0,0,0,0
420159,1,1,1991,0,0,0,0,0,0,0,0,0,0
420160,0,1,1991,0,0,0,0,0,0,0,0,0,0
420160,1,1,1991,0,0,0,0,0,0,0,0,20,0
420161,0,1,1991,0,0,0,0,0,0,0,0,0,0
420161,1,1,1991,0,0,0,0,0,0,0,0,0,0
420162,0,1,1991,0,0,0,0,0,0,0,0,0,0
420162,1,1,1991,14,14,14,14,14,14,14,14,14,14
420163,0,1,1991,0,0,0,0,0,0,0,0,0,0
420163,1,1,1991,0,0,0,0,0,0,0,0,0,0
420164,1,1,1991,18,18,18,18,18,18,18,18,18,18
420165,1,1,1991,0,0,0,0,0,0,0,0,0,0
420165,2,1,1991,0,0,0,0,0,0,0,0,0,0
420166,1,1,1991,21,21,21,21,21,21,21,21,21,21
420166,2,1,1991,0,0,0,0,0,0,0,0,0,0
420167,0,1,1991,0,0,0,0,0,24,0,0,0,0
420167,1,1,1991,10,10,10,10,10,10,10,10,10,10
420168,1,1,1991,0,0,0,0,0,0,0,0,0,0
420168,2,1,1991,0,0,0,0,0,0,3,0,0,0
420169,1,1,1991,0,0,0,0,0,0,0,0,21,0
420169,2,1,1991,0,0,0,0,0,0,0,0,0,0
420170,1,1,1991,12,12,12,12,12,12,12,12,12,12
420171,0,1,1991,0,0,0,0,0,0,0,31,0,0
420171,1,1,1991,0,0,0,0,0,0,0,0,0,0
420172,0,1,1991,12,0,0,0,0,53,5,0,0,0
420172,1,1,1991,0,0,0,0,0,0,0,0,0,0
420173,1,1,1991,14,0,22,0,31,14,18,0,0,0
420174,1,1,1991,6,18,13,0,10,20,0,0,0,4
420175,1,1,1991,0,0,11,0,42,36,20,29,24,0
420176,1,1,1991,9,9,9,9,9,9,9,9,9,9
420177,1,1,1991,0,0,8,0,0,0,0,0,0,0
420177,2,1,1991,0,0,0,0,0,0,0,0,0,0
420178,1,1,1991,13,0,29,13,0,0,16,0,21,0
420178,2,1,1991,15,15,15,15,15,15,15,15,15,15
420179,1,1,1991,0,0,0,0,0,0,0,0,6,19
420179,2,1,1991,0,0,0,0,0,15,0,0,23,0
420180,1,1,1991,10,0,0,0,0,0,0,0,0,0
420181,1,1,1991,32,22,18,17,20,10,19,32,21,28
420182,0,1,1991,0,0,0,0,0,0,0,0,0,0
420182,1,1,1991,0,0,0,0,0,0,0,0,0,0
420183,1,1,1991,0,0,0,0,0,0,0,0,0,0
420183,2,1,1991,0,0,0,0,0,0,0,0,0,0
420184,1,1,1991,0,0,0,0,0,0,0,0,0,0
420184,2,1,1991,0,0,0,0,0,0,0,0,0,0
420185,1,1,1991,0,0,0,0,0,0,0,0,0,0
420186,1,1,1991,0,0,0,0,0,0,0,0,0,0
420186,2,1,1991,0,0,0,0,0,0,0,0,0,0
420187,1,1,1991,0,0,0,0,0,0,0,0,0,0
420187,2,1,1991,0,0,0,0,0,0,0,0,0,0
420187,3,1,1991,0,0,0,8,0,0,0,0,0,0
420187,4,1,1991,0,0,0,22,0,0,0,0,0,0
420187,5,1,1991,0,0,0,0,0,0,0,0,0,0
420188,1,1,1991,11,11,11,11,11,11,11,11,11,11
420188,2,1,1991,0,0,0,0,0,0,0,0,0,0
420189,1,1,1991,0,0,0,0,0,17,0,43,25,14
420190,0,1,1991,0,0,0,0,23,0,0,0,0,0
420190,1,1,1991,0,0,0,0,0,0,0,0,0,0
420191,1,1,1991,19,19,19,19,19,19,19,19,19,19
420192,1,1,1991,0,0,0,0,0,0,0,0,0,0
420192,2,1,1991,0,0,0,0,0,0,0,0,0,0
420193,1,1,1991,0,0,0,0,0,0,0,0,0,0
420193,2,1,1991,0,0,0,0,0,0,0,0,0,0
420194,1,1,1991,0,0,0,0,0,0,0,0,0,0
420194,2,1,1991,0,0,0,0,0,0,0,0,0,0
420195,1,1,1991,10,6,5,20,9,14,21,4,13,15
420196,0,1,1991,4,17,0,17,37,25,25,9,37,13
420196,1,1,1991,7,0,0,0,11,0,0,0,4,0
420197,1,1,1991,15,13,29,0,0,19,0,7,30,9
420198,1,1,1991,0,0,0,0,0,0,0,0,0,0
420199,1,1,1991,22,22,22,22,22,22,22,22,22,22
420200,0,1,1991,0,0,0,0,0,0,0,0,0,0
420200,1,1,1991,0,0,0,0,0,0,0,0,0,0
420201,1,1,1991,13,13,13,13,13,13,13,13,13,13
420201,2,1,1991,0,0,0,0,0,0,0,0,0,0
420202,0,1,1991,0,0,0,0,0,0,0,0,0,0
420202,1,1,1991,0,0,0,0,0,0,0,0,0,0
420203,1,1,1991,23,23,23,23,23,23,23,23,23,23
420203,2,1,1991,0,0,0,0,0,0,0,0,0,0
420204,1,1,1991,11,11,11,11,11,11,11,11,11,11
420205,0,1,1991,0,0,0,0,0,0,0,0,0,0
420205,1,1,1991,0,10,0,0,0,0,0,0,0,0
420206,1,1,1991,19,19,19,19,19,19,19,19,19,19
420207,1,1,1991,23,12,8,0,20,14,12,10,9,14
420208,1,1,1991,19,19,19,19,19,19,19,19,19,19
420210,1,1,1991,21,21,21,21,21,21,21,21,21,21
420211,1,1,1991,19,19,19,19,19,19,19,19,19,19
420212,1,1,1991,23,23,23,23,23,23,23,23,23,23
420213,1,1,1991,0,0,0,0,0,0,0,0,0,0
420213,2,1,1991,0,0,0,0,0,0,0,0,0,0
420214,1,1,1991,0,0,0,0,0,0,0,0,0,0
420215,0,1,1991,39,39,39,39,39,39,39,39,39,39
420215,1,1,1991,0,0,0,0,0,0,0,0,0,0
420216,1,1,1991,0,0,0,0,0,0,0,0,0,0
420217,1,1,1991,9,9,9,9,9,9,9,9,9,9
420218,1,1,1991,19,19,19,19,19,19,19,19,19,19
420219,1,1,1991,0,0,0,0,20,0,0,0,0,0
420219,2,1,1991,0,0,0,0,0,0,0,0,0,0
420220,1,1,1991,0,0,0,0,0,0,0,0,0,0
420220,2,1,1991,0,0,0,0,0,0,0,0,0,0
420221,1,1,1991,18,18,18,18,18,18,18,18,18,18
420222,1,1,1991,34,0,0,0,0,21,0,0,0,0
420223,1,1,1991,0,0,0,0,51,14,0,0,0,6
420223,2,1,1991,0,0,0,10,0,6,0,0,6,7
420224,1,1,1991,0,0,0,0,0,12,0,0,0,0
420225,1,1,1991,0,0,0,0,0,0,0,0,0,0
420225,2,1,1991,0,0,0,0,0,0,11,0,0,0
420226,1,1,1991,0,0,0,0,0,0,0,0,0,0
420226,2,1,1991,0,0,0,0,0,0,9,0,0,0
420226,3,1,1991,0,0,0,0,0,0,4,0,0,0
420227,1,1,1991,0,0,0,0,0,0,0,0,0,0
420228,1,1,1991,16,16,16,16,16,16,16,16,16,16
420229,1,1,1991,2,2,2,2,2,2,2,2,2,2
420229,2,1,1991,2,2,2,2,2,2,2,2,2,2
420230,1,1,1991,6,6,6,6,6,6,6,6,6,6
420230,2,1,1991,0,0,0,0,0,0,0,0,0,0
420231,1,1,1991,0,0,0,13,14,0,0,0,0,0
420231,2,1,1991,0,0,0,0,0,0,0,0,0,0
420232,1,1,1991,0,0,0,0,0,0,0,0,0,0
420233,1,1,1991,0,0,0,0,0,0,0,0,0,0
420233,2,1,1991,0,0,0,0,0,0,0,0,0,0
420234,1,1,1991,0,0,0,0,0,0,0,0,0,0
420234,2,1,1991,0,0,0,0,0,0,0,0,0,0
420235,1,1,1991,17,0,9,0,13,0,0,0,12,0
420236,1,1,1991,0,0,9,0,0,0,0,0,0,0
420237,1,1,1991,0,0,0,0,0,0,0,0,0,0
420238,1,1,1991,0,0,0,0,0,0,0,0,0,0
420238,2,1,1991,0,11,0,0,0,0,17,0,0,6
420239,1,1,1991,23,23,23,23,23,23,23,23,23,23
420240,1,1,1991,0,0,0,0,0,0,0,0,0,0
420240,2,1,1991,0,0,0,0,0,0,0,0,0,0
420241,1,1,1991,0,0,0,0,0,0,0,0,0,0
420241,2,1,1991,0,0,0,0,0,0,0,0,0,0
420242,0,1,1991,0,0,0,0,0,0,0,0,0,0
420242,1,1,1991,0,0,0,0,0,0,0,0,0,0
420243,0,1,1991,0,0,0,0,0,0,0,0,0,0
420243,1,1,1991,32,0,0,0,30,0,0,0,0,0
420244,1,1,1991,0,0,0,0,0,0,0,0,0,0
420244,2,1,1991,19,19,19,19,19,19,19,19,19,19
420245,1,1,1991,0,19,0,0,0,10,0,15,6,33
420246,1,1,1991,0,13,12,0,25,0,0,0,0,12
420247,1,1,1991,27,0,19,17,13,37,18,30,23,27
420248,0,1,1991,0,0,0,0,0,0,0,0,0,0
420248,1,1,1991,15,0,0,0,0,0,0,0,0,0
420249,1,1,1991,0,0,0,0,0,0,0,0,0,0
420249,2,1,1991,0,0,0,0,0,7,0,0,0,0
420250,0,1,1991,0,0,0,22,0,0,0,15,29,26
420250,1,1,1991,0,0,27,0,13,0,0,0,0,24
420251,1,1,1991,0,0,0,0,0,0,0,0,0,0
420251,2,1,1991,0,0,0,0,0,0,0,0,0,0
420252,0,1,1991,0,0,0,0,0,0,0,0,0,0
420252,1,1,1991,0,0,0,0,0,0,0,0,0,0
420253,1,1,1991,0,0,0,0,0,0,0,0,0,0
420253,2,1,1991,0,0,0,0,0,0,0,0,0,0
420254,0,1,1991,22,22,22,22,22,22,22,22,22,22
420254,1,1,1991,23,23,23,23,23,23,23,23,23,23
420255,1,1,1991,0,0,0,8,0,0,0,4,12,0
420255,2,1,1991,0,14,0,0,0,16,0,0,0,0
420256,0,1,1991,0,0,0,0,0,0,0,0,0,0
420256,1,1,1991,0,0,0,0,0,0,0,0,0,0
420257,1,1,1991,0,0,0,0,0,0,0,0,0,0
420258,1,1,1991,0,0,0,0,0,0,0,0,0,0
420258,2,1,1991,0,0,0,0,0,0,0,0,0,0
420259,1,1,1991,18,18,18,18,18,18,18,18,18,18
420260,1,1,1991,0,0,0,0,0,0,0,0,0,0
420260,2,1,1991,0,0,0,0,0,0,0,0,0,0
420261,1,1,1991,4,4,4,4,4,4,4,4,4,4
420261,2,1,1991,0,0,0,0,0,0,0,0,0,0
420262,1,1,1991,0,0,0,0,0,0,0,0,0,0
420263,0,1,1991,0,0,0,0,0,0,0,0,0,0
420263,1,1,1991,0,0,0,10,0,17,0,0,0,0
420264,1,1,1991,0,0,0,0,0,0,0,0,0,0
420265,1,1,1991,17,17,17,17,17,17,17,17,17,17
420267,1,1,1991,21,21,21,21,21,21,21,21,21,21
420268,0,1,1991,0,0,0,0,0,23,0,0,17,0
420268,1,1,1991,0,0,0,0,0,0,0,0,0,0
420269,1,1,1991,0,0,0,0,0,0,0,0,0,0
420269,2,1,1991,0,0,0,0,0,0,0,0,0,0
420270,1,1,1991,0,0,0,0,0,0,0,0,0,0
420270,2,1,1991,0,0,0,0,0,0,0,0,0,0
420271,1,1,1991,0,0,0,0,0,0,0,0,0,0
420271,2,1,1991,0,0,0,0,0,0,0,6,0,0
420271,3,1,1991,0,0,0,0,0,0,0,0,0,0
420271,4,1,1991,0,0,0,0,0,0,0,0,0,0
420271,5,1,1991,0,0,0,0,0,0,0,0,0,0
420272,1,1,1991,15,0,0,0,0,5,0,0,9,17
420272,2,1,1991,0,0,0,0,0,0,0,0,0,0
420273,1,1,1991,35,35,35,35,35,35,35,35,35,35
420273,2,1,1991,0,0,0,0,0,0,0,0,0,0
420274,0,1,1991,0,0,0,0,0,0,0,0,0,0
420274,1,1,1991,0,0,0,0,0,10,0,0,0,0
420275,1,1,1991,20,20,20,20,20,20,20,20,20,20
420276,1,1,1991,0,0,0,0,0,0,0,0,0,0
420277,1,1,1991,0,0,0,0,0,0,0,0,0,0
420278,1,1,1991,0,0,0,0,0,0,0,0,0,0
420279,1,1,1991,0,0,0,0,0,0,0,0,0,0
420279,2,1,1991,8,8,8,8,8,8,8,8,8,8
420280,1,1,1991,0,0,0,0,0,0,0,0,0,0
420280,2,1,1991,1,1,1,1,1,1,1,1,1,1
420281,0,2,1991,0,0,0,0,0,0,0,0,0,0
420281,1,1,1991,0,0,0,0,0,0,0,0,0,0
420282,1,1,1991,17,17,17,17,17,17,17,17,17,17
420283,1,1,1991,20,20,20,20,20,20,20,20,20,20
420284,1,1,1991,0,0,0,0,0,0,0,0,0,0
420285,1,1,1991,0,0,0,0,0,3,0,0,0,17
420286,0,1,1991,0,0,0,0,0,0,0,0,0,0
420286,1,1,1991,0,0,0,0,0,0,0,0,9,0
420287,0,1,1991,14,14,14,14,14,14,14,14,14,14
420287,1,1,1991,13,13,13,13,13,13,13,13,13,13
420288,1,1,1991,0,0,0,0,0,0,0,0,0,0
420288,2,1,1991,0,0,0,0,0,0,0,0,0,0
420289,1,1,1991,0,0,0,0,0,0,0,0,0,0
420289,2,1,1991,5,5,5,5,5,5,5,5,5,5
420290,0,1,1991,0,0,0,0,0,0,0,0,0,0
420290,1,1,1991,0,0,0,0,0,0,0,0,0,0
420291,0,1,1991,0,0,0,0,0,0,0,0,0,0
420291,1,1,1991,6,6,6,6,6,6,6,6,6,6
420292,1,1,1991,20,20,20,20,20,20,20,20,20,20
420292,2,1,1991,0,0,0,0,0,0,0,0,0,0
420293,1,1,1991,27,27,27,27,27,27,27,27,27,27
420293,2,1,1991,9,35,12,13,0,0,20,9,7,9
420294,1,1,1991,24,24,24,24,24,24,24,24,24,24
420295,1,1,1991,0,0,0,0,0,0,0,0,0,0
420296,1,1,1991,26,26,26,26,26,26,26,26,26,26
420297,1,1,1991,0,0,0,0,0,0,0,0,0,0
420297,2,1,1991,0,0,0,0,0,0,0,0,0,0
420298,1,1,1991,0,0,0,0,0,0,0,0,0,0
420298,2,1,1991,0,0,0,0,0,0,0,0,0,0
420299,1,1,1991,23,23,23,23,23,23,23,23,23,23
420300,1,1,1991,19,19,19,19,19,19,19,19,19,19
420301,1,1,1991,22,22,22,22,22,22,22,22,22,22
420301,2,1,1991,0,0,25,0,0,0,0,0,8,0
420301,3,1,1991,0,0,0,0,0,0,0,0,0,0
420302,1,1,1991,14,0,5,14,19,5,6,10,5,5
420303,1,1,1991,0,0,0,0,0,0,0,0,0,0
420303,2,1,1991,0,0,0,0,0,0,0,0,0,0
420304,1,1,1991,0,0,0,0,0,0,0,0,0,0
420305,1,1,1991,16,16,16,16,16,16,16,16,16,16
420305,2,1,1991,38,0,15,0,0,0,0,0,0,0
420306,1,1,1991,27,27,27,27,27,27,27,27,27,27
420306,2,1,1991,0,0,19,0,0,17,0,0,0,0
420307,1,1,1991,13,13,13,13,13,13,13,13,13,13
420308,1,1,1991,0,0,6,0,0,12,19,0,0,0
420309,1,1,1991,0,0,0,0,0,0,0,0,0,0
420310,1,1,1991,0,0,0,0,0,0,0,0,0,0
420310,2,1,1991,0,0,0,0,0,0,0,0,0,0
420311,1,1,1991,0,0,0,0,0,0,0,0,0,0
420311,2,1,1991,0,0,0,0,0,0,0,0,0,0
420312,1,1,1991,31,31,31,31,31,31,31,31,31,31
420312,2,1,1991,0,0,0,0,0,0,0,0,0,0
420313,1,1,1991,21,21,21,21,21,21,21,21,21,21
420314,1,1,1991,26,26,26,26,26,26,26,26,26,26
420315,1,1,1991,0,0,0,0,0,0,0,0,0,0
420315,2,1,1991,0,0,0,0,0,0,0,0,0,0
420316,1,1,1991,0,0,0,0,0,0,0,0,0,0
420316,2,1,1991,4,4,4,4,4,4,4,4,4,4
420317,1,1,1991,15,15,15,15,15,15,15,15,15,15
420318,0,1,1991,0,0,0,0,0,0,0,0,0,0
420318,1,1,1991,10,9,11,16,15,8,14,26,7,21
420319,1,1,1991,3,3,3,3,3,3,3,3,3,3
420319,2,1,1991,0,0,0,0,0,0,0,0,0,0
420320,1,1,1991,9,9,9,9,9,9,9,9,9,9
420321,1,1,1991,16,16,16,16,16,16,16,16,16,16
420322,1,1,1991,0,0,0,0,0,0,10,0,0,0
420323,1,1,1991,24,24,24,24,24,24,24,24,24,24
420323,2,1,1991,6,6,6,6,6,6,6,6,6,6
420323,3,1,1991,0,0,0,0,0,0,0,0,0,0
420324,1,1,1991,16,16,16,16,16,16,16,16,16,16
420326,1,1,1991,11,11,11,11,11,11,11,11,11,11
420327,0,1,1991,0,0,0,0,0,0,0,0,0,0
420327,1,1,1991,0,0,0,0,0,0,0,0,0,0
420327,2,1,1991,0,0,31,0,0,16,0,0,0,0
420328,1,1,1991,25,25,25,25,25,25,25,25,25,25
420328,2,1,1991,0,0,0,0,0,0,0,0,0,0
420329,1,1,1991,0,0,0,0,0,0,0,0,0,0
420330,1,1,1991,0,21,0,0,12,0,0,27,0,14
420331,0,1,1991,0,0,0,0,0,0,0,0,0,0
420331,1,1,1991,0,0,0,0,0,0,0,0,0,21
420332,1,1,1991,19,19,19,19,19,19,19,19,19,19
420333,0,1,1991,0,0,0,0,0,0,0,0,0,0
420333,1,1,1991,0,0,0,0,0,0,25,0,0,0
420334,1,1,1991,0,0,0,0,0,0,0,0,0,0
420334,2,1,1991,0,0,0,0,0,0,0,0,0,0
420335,1,1,1991,11,0,0,0,0,0,0,0,0,0
420335,2,1,1991,0,0,0,0,0,0,0,0,0,0
420336,1,1,1991,26,26,26,26,26,26,26,26,26,26
420336,2,1,1991,0,0,0,0,0,0,0,0,0,0
420336,3,1,1991,0,0,14,10,0,0,0,0,0,0
420337,1,1,1991,0,0,0,0,0,0,0,0,0,0
420338,1,1,1991,0,0,0,0,0,0,0,0,0,0
420339,1,1,1991,5,0,0,0,0,0,0,0,0,0
420339,2,1,1991,0,0,0,0,0,0,0,0,0,0
420340,1,1,1991,0,0,0,0,0,0,0,0,0,0
420341,1,1,1991,16,16,16,16,16,16,16,16,16,16
420341,2,1,1991,0,0,0,0,0,0,0,0,0,0
420342,1,1,1991,25,25,25,25,25,25,25,25,25,25
420343,1,1,1991,0,0,0,0,0,0,0,0,0,0
420343,2,1,1991,0,0,0,0,0,0,0,0,0,0
420344,1,1,1991,0,0,0,0,0,0,0,0,0,0
420344,2,1,1991,0,0,0,0,0,0,0,0,0,0
420345,1,1,1991,23,23,23,23,23,23,23,23,23,23
420346,1,1,1991,20,20,20,20,20,20,20,20,20,20
420346,2,1,1991,0,0,0,0,0,0,0,0,0,0
420347,1,1,1991,0,0,0,0,0,0,0,0,0,0
420347,2,1,1991,0,0,0,0,0,0,0,0,0,0
420348,1,1,1991,11,11,11,11,11,11,11,11,11,11
420349,1,1,1991,0,0,0,0,0,0,0,0,0,0
420350,1,1,1991,0,0,0,0,0,0,0,9,0,0
420350,2,1,1991,0,0,0,0,0,0,0,0,0,0
420351,1,1,1991,0,0,0,0,0,0,0,0,0,0
420351,2,1,1991,0,0,0,0,0,6,0,0,0,0
420352,1,1,1991,16,16,16,16,16,16,16,16,16,16
420353,1,1,1991,0,0,28,23,10,0,0,30,0,23
420354,1,1,1991,0,0,0,0,0,0,0,0,0,0
420354,2,1,1991,0,0,0,0,0,16,0,21,0,17
420355,1,1,1991,0,0,0,0,0,0,0,0,0,14
420355,2,1,1991,0,0,0,0,0,36,0,0,0,0
420356,1,1,1991,17,0,31,18,22,6,35,0,12,0
420357,1,1,1991,25,25,25,25,25,25,25,25,25,25
420358,1,1,1991,0,0,0,0,0,0,0,0,0,0
420359,1,1,1991,0,0,0,0,0,0,0,0,0,0
420360,1,1,1991,16,16,16,16,16,16,16,16,16,16
420361,1,1,1991,23,18,17,22,17,15,14,26,18,4
420362,1,1,1991,17,14,12,15,16,19,15,9,15,9
420363,1,1,1991,22,22,22,22,22,22,22,22,22,22
420364,1,1,1991,0,0,0,0,0,0,0,0,0,0
420364,2,1,1991,0,0,0,0,0,0,0,0,0,0
420365,1,1,1991,16,16,16,16,16,16,16,16,16,16
420366,1,1,1991,0,0,0,0,0,0,0,0,0,0
420367,1,1,1991,0,0,0,0,0,0,0,0,0,0
420368,1,1,1991,0,16,12,0,14,11,24,8,0,0
420369,0,1,1991,0,0,0,0,0,0,0,0,0,0
420369,1,1,1991,0,0,0,0,0,0,0,3,0,0
420370,0,1,1991,21,8,0,12,0,9,0,11,8,0
420370,0,2,1991,21,0,19,27,23,0,0,9,11,27
420370,1,1,1991,0,0,0,0,0,0,0,0,0,0
420370,2,1,1991,0,0,0,0,0,0,10,0,0,0
420371,1,1,1991,0,14,0,14,0,20,0,0,14,9
420372,1,1,1991,0,0,5,22,0,0,0,0,0,0
420372,2,1,1991,0,0,0,0,0,0,0,0,0,14
420373,1,1,1991,0,0,0,0,0,0,0,0,0,0
420374,1,1,1991,5,5,5,5,5,5,5,5,5,5
420375,0,1,1991,0,0,10,21,0,0,0,0,0,0
420375,1,1,1991,0,0,0,0,17,0,0,0,0,0
420376,1,1,1991,0,0,0,0,0,19,7,8,0,0
420376,2,1,1991,0,0,0,0,6,0,0,7,0,0
420377,0,1,1991,0,18,11,13,0,0,0,0,0,0
420377,1,1,1991,0,0,0,11,25,12,0,0,0,0
420378,1,1,1991,0,5,12,10,0,17,21,23,21,22
420379,1,1,1991,0,0,0,0,0,0,0,0,6,0
420379,2,1,1991,0,0,13,0,0,12,0,22,0,0
420380,1,1,1991,12,12,12,12,12,12,12,12,12,12
420381,1,1,1991,6,28,7,0,7,11,13,15,5,0
420381,2,1,1991,12,0,14,0,33,16,10,21,10,0
420382,1,1,1991,0,0,0,0,0,0,0,0,0,0
420383,1,1,1991,0,24,0,0,17,8,0,0,12,0
420383,2,1,1991,0,0,0,0,0,0,0,0,0,0
420383,3,1,1991,19,19,16,2,0,25,0,0,0,6
420384,1,1,1991,0,8,29,0,14,18,23,0,0,0
420385,1,1,1991,14,14,14,14,14,14,14,14,14,14
420386,0,1,1991,0,0,0,0,0,27,10,0,15,0
420386,1,1,1991,22,0,0,0,0,0,0,0,0,0
420387,1,1,1991,0,0,0,0,0,0,0,0,0,0
420388,1,1,1991,30,30,30,30,30,30,30,30,30,30
420388,2,1,1991,0,0,0,0,0,0,0,0,0,0
420388,3,1,1991,0,0,11,0,0,0,0,0,0,0
420389,1,1,1991,0,0,23,0,0,0,0,0,0,0
420389,2,1,1991,0,0,0,0,0,0,0,0,0,0
420390,1,1,1991,0,0,0,0,0,0,0,0,0,0
420390,2,1,1991,0,0,0,0,0,0,0,0,0,0
420391,1,1,1991,0,0,0,0,0,0,0,0,0,0
420392,1,1,1991,0,0,0,0,0,0,0,0,0,0
420392,2,1,1991,0,0,0,0,0,0,0,0,0,0
420393,0,1,1991,18,18,18,18,18,18,18,18,18,18
420393,1,1,1991,0,0,0,0,0,0,0,0,0,0
420394,1,1,1991,0,0,0,0,0,0,0,0,0,0
420395,1,1,1991,15,15,15,15,15,15,15,15,15,15
420396,1,1,1991,6,6,6,6,6,6,6,6,6,6
420396,2,1,1991,0,0,0,0,17,0,0,0,0,0
420397,1,1,1991,0,0,0,0,0,0,0,0,0,0
420397,2,1,1991,0,0,0,0,0,0,0,0,0,0
420397,3,1,1991,0,0,0,0,0,0,0,0,0,0
420397,4,1,1991,0,0,0,0,0,0,0,0,0,0
420398,1,1,1991,30,26,21,12,23,35,13,15,17,0
420399,1,1,1991,0,0,0,0,0,0,0,0,0,0
420399,2,1,1991,16,15,0,13,0,2,0,0,24,13
420400,1,1,1991,0,0,0,0,0,0,0,0,0,0
420401,1,1,1991,0,0,22,6,18,19,0,18,5,22
420402,1,1,1991,21,21,21,21,21,21,21,21,21,21
420403,1,1,1991,12,12,12,12,12,12,12,12,12,12
420404,1,1,1991,0,0,0,0,0,0,0,0,0,0
420404,2,1,1991,0,0,0,0,0,0,0,0,0,0
420405,1,1,1991,20,20,20,20,20,20,20,20,20,20
420406,1,1,1991,20,20,20,20,20,20,20,20,20,20
420407,1,1,1991,0,0,0,0,0,0,0,0,0,0
420408,1,1,1991,23,23,23,23,23,23,23,23,23,23
420409,1,1,1991,0,0,0,0,0,0,0,0,0,0
420409,2,1,1991,0,0,0,0,0,0,0,0,0,0
420410,1,1,1991,0,0,0,0,0,0,0,0,0,0
420411,1,1,1991,8,8,8,8,8,8,8,8,8,8
420412,0,1,1991,0,0,0,0,0,0,0,0,0,16
420412,1,1,1991,0,0,0,0,0,0,0,0,0,0
420413,1,1,1991,14,14,14,14,14,14,14,14,14,14
420414,1,1,1991,14,14,14,14,14,14,14,14,14,14
420414,2,1,1991,0,0,0,0,0,0,0,0,0,0
420415,1,1,1991,8,8,8,8,8,8,8,8,8,8
420416,1,1,1991,0,0,0,0,0,0,0,0,0,0
420416,2,1,1991,0,0,0,0,0,0,0,0,0,0
420417,1,1,1991,0,0,0,0,0,0,7,0,0,0
420418,1,1,1991,0,0,0,0,0,0,0,0,0,0
420419,1,1,1991,16,16,16,16,16,16,16,16,16,16
420420,1,1,1991,0,0,0,0,0,0,0,0,0,0
420420,2,1,1991,13,13,13,13,13,13,13,13,13,13
420421,1,1,1991,16,16,16,16,16,16,16,16,16,16
420422,1,1,1991,8,8,8,8,8,8,8,8,8,8
420423,1,1,1991,0,0,0,0,0,0,0,0,0,0
420424,1,1,1991,0,5,0,0,12,0,0,9,7,0
420425,1,1,1991,0,0,0,0,0,0,0,0,0,0
420425,2,1,1991,0,0,0,0,0,0,0,0,0,0
420426,1,1,1991,20,6,11,20,19,13,19,0,7,36
420426,2,1,1991,0,0,0,0,0,0,0,0,0,0
420427,1,1,1991,12,12,12,12,12,12,12,12,12,12
420427,2,1,1991,11,0,13,0,7,0,0,0,0,0
420428,1,1,1991,0,0,0,0,0,0,0,0,0,0
420428,2,1,1991,0,0,0,0,0,0,0,0,0,0
420429,1,1,1991,15,15,15,15,15,15,15,15,15,15
420430,1,1,1991,0,0,0,0,0,0,0,0,0,0
420430,2,1,1991,0,0,0,0,0,0,0,0,0,0
420431,1,1,1991,0,0,0,0,0,0,0,0,0,0
420432,1,1,1991,0,0,0,0,0,0,0,0,0,0
420433,1,1,1991,0,0,0,0,0,0,0,0,0,0
420433,2,1,1991,0,0,0,0,0,0,0,0,0,0
420434,1,1,1991,0,0,0,0,0,0,0,0,0,0
420435,1,1,1991,20,20,20,20,20,20,20,20,20,20
420435,2,1,1991,0,0,0,0,0,0,0,0,0,0