ST_CASE,VEH_NO,PER_NO,YEAR,P1,P2,P3,P4,P5,P6,P7,P8,P9,P10
420436,1,1,1991,0,0,0,0,0,0,0,0,0,0
420436,2,1,1991,0,0,0,0,0,0,0,0,0,0
420437,1,1,1991,0,0,0,0,0,0,0,0,0,0
420437,2,1,1991,0,0,0,0,0,0,0,0,0,0
420437,3,1,1991,0,0,0,0,0,0,0,0,0,0
420438,1,1,1991,0,0,0,0,0,0,0,0,0,0
420438,2,1,1991,0,0,0,0,0,0,0,0,0,0
420439,1,1,1991,29,29,29,29,29,29,29,29,29,29
420440,0,1,1991,0,0,0,0,0,0,0,0,0,0
420440,1,1,1991,0,0,10,0,0,0,0,0,0,0
420441,1,1,1991,0,0,0,0,0,0,0,0,0,0
420441,2,1,1991,0,0,0,0,0,0,0,0,0,0
420442,1,1,1991,0,0,0,0,0,0,0,0,0,0
420442,2,1,1991,0,0,0,0,0,0,0,0,0,0
420443,0,1,1991,0,0,0,0,0,0,0,0,0,0
420443,1,1,1991,0,0,0,0,0,0,0,0,0,0
420444,1,1,1991,0,0,29,0,20,27,0,0,26,0
420445,1,1,1991,0,0,0,0,0,0,0,0,0,0
420445,2,1,1991,9,0,15,8,25,19,0,22,10,22
420446,1,1,1991,0,0,0,0,0,0,0,0,0,0
420446,2,1,1991,0,0,0,0,0,0,0,4,0,0
420447,1,1,1991,0,0,0,0,0,0,0,0,0,0
420447,2,1,1991,0,0,0,0,0,0,0,0,0,0
420447,3,1,1991,0,0,0,0,0,0,0,0,0,0
420448,0,1,1991,9,0,0,0,15,0,0,0,25,0
420448,1,1,1991,0,0,0,0,0,0,0,0,0,0
420449,1,1,1991,20,20,20,20,20,20,20,20,20,20
420450,1,1,1991,1,1,1,1,1,1,1,1,1,1
420451,1,1,1991,0,0,0,0,0,0,0,0,0,0
420451,2,1,1991,0,0,0,0,0,0,0,0,0,0
420452,1,1,1991,18,18,18,18,18,18,18,18,18,18
420452,2,1,1991,4,4,4,4,4,4,4,4,4,4
420453,1,1,1991,0,0,0,0,0,0,0,0,0,0
420454,1,1,1991,4,4,4,4,4,4,4,4,4,4
420455,1,1,1991,33,0,0,0,0,0,0,0,0,0
420456,1,1,1991,0,0,0,0,0,0,0,0,0,0
420456,2,1,1991,0,0,0,0,0,0,0,0,0,0
420457,1,1,1991,0,0,0,0,0,0,0,0,0,0
420458,1,1,1991,5,5,5,5,5,5,5,5,5,5
420459,1,1,1991,0,0,0,0,0,0,0,0,0,0
420460,1,1,1991,18,18,18,18,18,18,18,18,18,18
420461,1,1,1991,0,0,0,0,0,0,0,0,0,0
420462,0,1,1991,0,0,0,0,0,0,0,0,0,0
420462,0,2,1991,0,0,0,0,0,0,0,0,0,0
420462,1,1,1991,0,0,0,0,0,0,19,0,0,0
420463,1,1,1991,22,22,22,22,22,22,22,22,22,22
420464,1,1,1991,17,17,17,17,17,17,17,17,17,17
420464,2,1,1991,0,0,0,0,0,0,0,0,0,0
420464,3,1,1991,0,0,0,0,0,0,0,0,0,0
420465,0,1,1991,2,2,2,2,2,2,2,2,2,2
420465,1,1,1991,0,0,0,0,6,0,0,0,0,0
420466,1,1,1991,0,0,0,0,0,0,0,0,0,0
420466,2,1,1991,0,0,22,0,0,0,0,0,0,0
420466,3,1,1991,0,0,0,0,0,0,0,0,0,0
420467,1,1,1991,14,14,14,14,14,14,14,14,14,14
420468,1,1,1991,0,0,0,0,0,0,0,0,0,0
420468,2,1,1991,0,0,0,0,17,0,0,0,7,0
420469,1,1,1991,17,31,0,10,29,20,20,10,5,13
420470,1,1,1991,0,0,0,0,0,0,0,0,0,0
420470,2,1,1991,0,0,0,0,0,0,0,0,0,0
420471,1,1,1991,0,0,0,0,0,0,0,0,0,0
420472,1,1,1991,31,31,31,31,31,31,31,31,31,31
420473,1,1,1991,0,0,0,0,0,0,0,0,0,0
420474,1,1,1991,1,1,1,1,1,1,1,1,1,1
420474,2,1,1991,0,0,0,0,0,0,0,0,0,0
420475,1,1,1991,27,27,27,27,27,27,27,27,27,27
420476,0,1,1991,26,0,13,18,0,0,0,0,31,0
420476,1,1,1991,5,5,5,5,5,5,5,5,5,5
420477,1,1,1991,27,27,27,27,27,27,27,27,27,27
420478,1,1,1991,14,14,14,14,14,14,14,14,14,14
420479,1,1,1991,27,27,27,27,27,27,27,27,27,27
420480,1,1,1991,0,13,0,0,0,0,0,0,0,0
420481,1,1,1991,27,27,27,27,27,27,27,27,27,27
420481,2,1,1991,21,21,21,21,21,21,21,21,21,21
420482,1,1,1991,25,25,25,25,25,25,25,25,25,25
420483,1,1,1991,0,0,0,0,0,0,0,0,0,0
420484,1,1,1991,17,17,17,17,17,17,17,17,17,17
420485,1,1,1991,0,0,0,0,0,0,0,0,0,0
420485,2,1,1991,0,0,0,0,0,0,0,0,0,0
420486,0,1,1991,12,12,12,12,12,12,12,12,12,12
420486,1,1,1991,0,0,0,0,0,0,0,0,0,0
420487,1,1,1991,22,22,22,22,22,22,22,22,22,22
420488,1,1,1991,12,12,12,12,12,12,12,12,12,12
420489,0,1,1991,0,0,0,0,0,0,0,0,0,0
420489,1,1,1991,0,0,0,0,0,0,0,0,0,0
420490,1,1,1991,0,0,0,0,0,0,0,0,0,19
420490,2,1,1991,0,0,0,0,0,0,0,0,0,0
420491,1,1,1991,18,18,18,18,18,18,18,18,18,18
420491,2,1,1991,0,0,0,0,0,0,0,0,0,0
420492,1,1,1991,0,0,0,0,0,0,0,0,0,0
420492,2,1,1991,0,0,0,0,0,0,0,0,0,0
420493,0,1,1991,0,0,0,0,0,21,0,0,0,0
420493,1,1,1991,8,21,5,0,13,25,15,12,8,20
420494,1,1,1991,1,1,1,1,1,1,1,1,1,1
420495,0,1,1991,0,0,0,0,0,0,0,0,0,0
420495,1,1,1991,0,0,0,0,0,0,0,0,0,0
420496,1,1,1991,0,0,0,0,0,0,0,0,0,0
420496,2,1,1991,0,0,0,0,0,0,0,0,0,0
420496,3,1,1991,0,0,0,0,0,0,0,0,0,0
420497,1,1,1991,0,0,0,0,0,0,0,0,0,0
420498,1,1,1991,0,0,0,0,0,0,32,0,0,0
420498,2,1,1991,0,0,0,0,0,0,0,0,0,0
420499,0,1,1991,5,0,0,0,0,8,8,0,0,0
420499,1,1,1991,0,0,11,0,0,0,0,23,0,0
420500,0,1,1991,0,0,0,0,0,0,0,0,0,0
420500,1,1,1991,16,0,13,10,0,0,0,0,0,28
420501,1,1,1991,0,0,12,0,0,0,0,21,0,32
420501,2,1,1991,0,0,5,0,14,0,0,0,0,0
420502,1,1,1991,0,25,0,28,4,22,0,0,20,0
420502,2,1,1991,22,0,18,13,14,12,0,17,0,0
420503,0,1,1991,0,0,5,0,0,0,0,0,0,0
420503,1,1,1991,0,0,0,0,0,0,20,0,0,0
420504,1,1,1991,15,12,9,12,27,8,15,32,0,26
420504,2,1,1991,19,16,30,0,31,16,22,8,22,7
420505,1,1,1991,21,21,21,21,21,21,21,21,21,21
420506,0,1,1991,0,0,0,0,0,0,0,0,0,0
420506,1,1,1991,0,0,0,12,0,0,0,0,0,0
420507,1,1,1991,0,0,0,0,0,0,0,0,0,0
420507,2,1,1991,0,0,0,0,0,0,0,0,0,0
420508,1,1,1991,18,0,19,14,11,23,0,29,10,15
420509,1,1,1991,6,6,6,6,6,6,6,6,6,6
420510,1,1,1991,0,0,0,0,0,0,0,0,0,0
420511,1,1,1991,18,18,18,18,18,18,18,18,18,18
420512,1,1,1991,22,22,22,22,22,22,22,22,22,22
420512,2,1,1991,0,16,0,0,0,0,0,17,0,0
420513,1,1,1991,14,14,14,14,14,14,14,14,14,14
420514,1,1,1991,0,0,0,0,0,0,0,0,0,0
420515,1,1,1991,13,13,13,13,13,13,13,13,13,13
420515,2,1,1991,10,0,19,0,0,0,0,0,0,8
420516,1,1,1991,5,13,21,18,15,22,14,21,12,16
420517,1,1,1991,0,0,0,0,0,0,0,0,0,0
420518,1,1,1991,0,0,0,0,0,0,0,0,0,0
420519,1,1,1991,17,17,17,17,17,17,17,17,17,17
420520,1,1,1991,0,0,0,0,0,0,0,0,0,0
420521,1,1,1991,0,0,0,0,0,0,0,0,0,0
420521,2,1,1991,13,13,13,13,13,13,13,13,13,13
420522,1,1,1991,0,0,0,0,0,0,0,0,0,0
420522,2,1,1991,0,0,0,0,0,0,0,0,0,0
420523,1,1,1991,0,15,0,0,0,0,0,8,0,22
420523,2,1,1991,0,0,0,0,0,12,0,0,0,0
420523,3,1,1991,0,0,15,19,0,0,0,0,22,0
420523,4,1,1991,0,0,0,0,0,0,0,0,0,0
420524,1,1,1991,0,0,0,0,0,0,0,0,0,0
420524,2,1,1991,0,0,0,0,0,0,0,0,0,0
420525,1,1,1991,6,6,6,6,6,6,6,6,6,6
420526,1,1,1991,14,14,14,14,14,14,14,14,14,14
420526,2,1,1991,0,0,7,0,0,0,0,18,28,23
420527,1,1,1991,22,22,22,22,22,22,22,22,22,22
420528,1,1,1991,0,0,0,0,0,0,0,0,0,0
420529,1,1,1991,24,24,24,24,24,24,24,24,24,24
420530,1,1,1991,27,27,27,27,27,27,27,27,27,27
420530,2,1,1991,0,0,0,0,0,0,0,0,0,0
420531,1,1,1991,0,0,10,0,0,0,0,0,0,0
420532,1,1,1991,0,0,0,0,0,0,0,0,0,0
420532,2,1,1991,0,0,0,0,0,0,0,0,0,0
420533,1,1,1991,20,20,20,20,20,20,20,20,20,20
420533,2,1,1991,0,0,0,0,0,0,0,0,0,0
420534,1,1,1991,8,8,8,8,8,8,8,8,8,8
420535,1,1,1991,20,20,20,20,20,20,20,20,20,20
420535,2,1,1991,0,0,0,0,0,0,0,0,0,0
420536,0,1,1991,0,0,0,0,0,0,0,0,0,0
420536,1,1,1991,0,35,0,0,0,0,0,0,0,0
420537,1,1,1991,1,1,1,1,1,1,1,1,1,1
420538,0,1,1991,0,0,24,0,0,0,0,0,0,0
420538,1,1,1991,0,0,0,0,0,0,0,0,0,0
420539,1,1,1991,0,0,0,0,0,0,0,0,0,0
420540,0,1,1991,0,0,0,0,0,0,0,0,0,0
420540,1,1,1991,0,0,8,11,0,0,0,0,0,0
420540,2,1,1991,0,0,0,0,34,0,0,10,14,0
420540,3,1,1991,3,9,0,0,0,11,0,0,4,0
420540,4,1,1991,0,0,2,0,10,4,0,0,0,0
420541,1,1,1991,0,0,0,0,0,0,0,0,0,0
420541,2,1,1991,0,0,0,0,0,0,0,0,0,6
420542,0,1,1991,0,0,14,0,0,0,0,0,0,0
420542,1,1,1991,0,0,0,0,0,0,0,0,0,0
420543,1,1,1991,0,0,0,0,0,0,0,0,0,0
420543,2,1,1991,0,11,0,0,0,26,0,15,8,8
420544,1,1,1991,0,0,0,0,0,0,0,0,0,26
420544,2,1,1991,0,0,0,0,0,0,0,0,0,0
420544,3,1,1991,0,0,0,0,0,0,0,0,0,0
420545,1,1,1991,20,20,20,20,20,20,20,20,20,20
420546,0,1,1991,0,0,0,0,0,0,0,0,0,0
420546,1,1,1991,13,3,0,17,10,13,9,23,17,15
420547,1,1,1991,13,13,13,13,13,13,13,13,13,13
420548,0,1,1991,0,0,0,0,0,0,0,0,0,0
420548,0,2,1991,0,0,0,0,0,0,0,0,0,0
420548,0,3,1991,0,0,0,0,0,0,0,0,0,0
420548,1,1,1991,0,0,0,0,0,0,0,0,0,0
420549,1,1,1991,26,26,26,26,26,26,26,26,26,26
420550,1,1,1991,12,12,12,12,12,12,12,12,12,12
420551,1,1,1991,24,24,24,24,24,24,24,24,24,24
420552,1,1,1991,32,32,32,32,32,32,32,32,32,32
420553,1,1,1991,0,0,0,0,0,0,0,0,0,0
420554,1,1,1991,0,0,0,0,0,0,0,0,0,0
420556,1,1,1991,0,0,0,0,0,0,0,0,0,0
420556,2,1,1991,0,0,0,0,0,0,0,0,0,0
420557,1,1,1991,16,16,16,16,16,16,16,16,16,16
420558,0,1,1991,18,18,18,18,18,18,18,18,18,18
420558,1,1,1991,0,0,0,0,0,0,0,0,0,0
420559,1,1,1991,23,38,23,10,32,17,17,24,30,26
420560,1,1,1991,0,0,0,0,0,0,0,0,0,0
420560,2,1,1991,0,0,0,0,0,0,0,0,0,0
420561,1,1,1991,14,14,14,14,14,14,14,14,14,14
420561,2,1,1991,0,0,0,17,0,18,0,19,14,0
420562,1,1,1991,39,39,39,39,39,39,39,39,39,39
420563,1,1,1991,30,30,30,30,30,30,30,30,30,30
420564,1,1,1991,0,0,0,0,0,0,0,0,0,0
420565,1,1,1991,11,0,0,0,0,23,0,0,0,0
420566,1,1,1991,20,20,20,20,20,20,20,20,20,20
420567,1,1,1991,22,24,3,28,9,11,15,18,16,11
420568,1,1,1991,18,18,18,18,18,18,18,18,18,18
420569,1,1,1991,20,20,20,20,20,20,20,20,20,20
420569,2,1,1991,0,0,0,0,0,0,0,0,0,0
420570,1,1,1991,17,22,11,14,18,18,40,17,18,5
420571,0,1,1991,0,0,0,0,0,0,0,0,0,0
420571,1,1,1991,14,8,0,11,0,0,6,0,0,9
420572,1,1,1991,22,22,22,22,22,22,22,22,22,22
420573,1,1,1991,0,0,0,0,0,0,0,0,0,0
420573,2,1,1991,0,0,0,0,0,0,0,0,0,0
420574,1,1,1991,0,0,0,0,0,0,0,0,0,0
420574,2,1,1991,17,17,17,17,17,17,17,17,17,17
420575,0,1,1991,0,0,0,0,0,0,0,0,0,0
420575,1,1,1991,0,0,0,0,0,0,0,0,0,0
420576,0,1,1991,0,0,0,0,0,0,0,0,0,0
420576,1,1,1991,0,0,0,0,0,0,0,0,0,0
420576,2,1,1991,12,0,0,0,0,0,0,0,0,0
420577,1,1,1991,12,12,12,12,12,12,12,12,12,12
420578,1,1,1991,0,0,0,0,0,0,0,0,0,0
420578,2,1,1991,0,0,0,0,0,0,0,0,0,0
420579,1,1,1991,4,4,4,4,4,4,4,4,4,4
420580,0,1,1991,0,0,0,0,0,0,0,0,0,0
420580,0,2,1991,16,0,0,23,0,0,16,0,6,0
420580,1,1,1991,27,27,27,27,27,27,27,27,27,27
420581,1,1,1991,0,0,31,0,0,16,0,0,0,0
420582,1,1,1991,0,0,0,0,0,0,0,0,0,0
420582,2,1,1991,0,0,0,0,0,0,0,0,0,0
420584,1,1,1991,0,24,0,0,0,0,0,0,0,0
420584,2,1,1991,0,0,0,0,0,0,0,0,0,0
420585,1,1,1991,0,0,0,0,0,0,0,0,0,0
420586,1,1,1991,26,26,26,26,26,26,26,26,26,26
420587,1,1,1991,10,10,10,10,10,10,10,10,10,10
420587,2,1,1991,0,0,0,0,0,0,0,0,0,0
420588,1,1,1991,0,26,0,0,0,0,0,0,26,0
420589,1,1,1991,22,22,22,22,22,22,22,22,22,22
420590,1,1,1991,19,19,19,19,19,19,19,19,19,19
420590,2,1,1991,0,0,0,0,0,0,0,0,0,0
420590,3,1,1991,16,0,0,0,0,0,0,11,0,0
420591,1,1,1991,0,5,0,0,0,0,0,0,14,0
420591,2,1,1991,0,0,0,0,0,0,0,0,0,0
420592,1,1,1991,22,22,22,22,22,22,22,22,22,22
420593,1,1,1991,0,0,0,0,0,0,0,0,0,0
420594,1,1,1991,14,14,14,14,14,14,14,14,14,14
420595,1,1,1991,0,0,0,0,0,0,0,0,0,0
420596,1,1,1991,15,15,15,15,15,15,15,15,15,15
420597,1,1,1991,0,0,0,0,0,0,0,0,0,0
420597,2,1,1991,0,0,0,0,0,0,0,0,0,0
420598,1,1,1991,18,18,18,18,18,18,18,18,18,18
420599,0,1,1991,0,0,0,0,0,0,0,0,0,0
420599,1,1,1991,0,0,0,0,0,0,0,0,0,0
420600,0,1,1991,0,0,0,0,0,0,0,0,0,0
420600,1,1,1991,0,0,0,0,0,0,0,0,0,0
420601,0,1,1991,0,0,0,0,0,0,0,0,0,0
420601,1,1,1991,0,0,0,0,0,0,0,0,0,0
420602,1,1,1991,15,15,15,15,15,15,15,15,15,15
420602,2,1,1991,0,0,0,0,0,0,0,0,0,0
420603,1,1,1991,14,14,14,14,14,14,14,14,14,14
420604,1,1,1991,0,0,0,0,0,0,0,0,0,0
420604,2,1,1991,0,0,0,0,0,0,0,0,0,0
420605,0,1,1991,0,0,0,0,0,0,0,0,0,0
420605,1,1,1991,13,0,11,0,0,0,14,5,0,0
420606,1,1,1991,0,7,19,10,16,24,14,26,4,18
420606,2,1,1991,0,0,0,0,0,0,0,0,0,0
420607,1,1,1991,16,16,16,16,16,16,16,16,16,16
420608,0,1,1991,13,0,0,0,0,7,0,0,0,0
420608,1,1,1991,0,0,0,0,0,0,0,0,0,0
420609,1,1,1991,0,0,0,0,0,0,0,11,0,0
420609,2,1,1991,0,0,0,0,0,0,0,0,0,0
420610,1,1,1991,27,27,27,27,27,27,27,27,27,27
420611,1,1,1991,26,26,26,26,26,26,26,26,26,26
420612,1,1,1991,0,0,0,0,0,0,0,0,0,0
420612,2,1,1991,0,0,0,0,0,0,0,0,0,0
420613,0,1,1991,0,0,0,0,0,0,0,0,0,0
420613,1,1,1991,0,0,0,0,0,0,0,0,0,0
420614,1,1,1991,0,0,0,0,0,0,0,0,16,0
420614,2,1,1991,0,27,27,0,19,3,3,15,0,0
420615,1,1,1991,0,0,0,0,0,0,0,0,0,0
420615,2,1,1991,9,0,0,0,0,0,0,0,13,0
420616,1,1,1991,0,0,0,29,0,9,0,0,0,0
420616,2,1,1991,7,0,0,9,0,21,0,0,23,0
420617,1,1,1991,25,25,25,25,25,25,25,25,25,25
420617,2,1,1991,0,3,0,0,0,0,0,7,0,0
420618,1,1,1991,0,0,0,0,0,0,0,0,0,0
420619,1,1,1991,6,0,21,0,20,15,16,12,5,0
420619,2,1,1991,13,8,14,11,28,15,13,5,18,22
420620,1,1,1991,0,0,0,0,0,0,0,0,0,0
420621,0,1,1991,0,0,0,0,0,0,0,0,0,0
420621,1,1,1991,0,28,0,0,0,0,14,0,0,0
420622,0,1,1991,0,0,0,0,0,0,0,0,0,0
420622,1,1,1991,0,0,0,0,0,0,0,0,0,0
420623,1,1,1991,0,24,11,0,0,30,4,0,0,0
420624,1,1,1991,0,0,0,0,0,0,0,0,0,0
420624,2,1,1991,0,0,0,0,0,0,0,0,0,0
420625,0,1,1991,0,0,0,0,0,0,0,0,0,31
420625,1,1,1991,0,0,0,0,0,0,0,0,0,0
420626,1,1,1991,0,0,0,0,0,0,0,0,0,0
420626,2,1,1991,0,0,0,0,19,0,0,0,0,0
420626,3,1,1991,0,0,0,0,0,0,0,0,0,0
420628,1,1,1991,0,0,0,0,0,0,0,0,0,0
420628,2,1,1991,19,19,19,19,19,19,19,19,19,19
420629,1,1,1991,0,0,0,0,0,0,0,0,0,0
420629,2,1,1991,0,0,0,0,0,0,0,0,0,0
420630,1,1,1991,17,17,17,17,17,17,17,17,17,17
420631,1,1,1991,16,16,16,16,16,16,16,16,16,16
420632,1,1,1991,4,4,4,4,4,4,4,4,4,4
420632,2,1,1991,0,0,0,0,0,0,0,0,0,0
420633,1,1,1991,0,0,0,16,0,0,0,13,0,0
420633,2,1,1991,0,0,0,0,0,0,0,0,0,0
420633,3,1,1991,0,0,0,0,0,0,0,0,0,0
420634,1,1,1991,0,0,0,0,0,0,0,0,0,0
420635,1,1,1991,29,29,29,29,29,29,29,29,29,29
420636,1,1,1991,0,0,0,0,0,0,0,0,0,0
420637,1,1,1991,0,0,0,0,0,0,0,0,0,0
420638,1,1,1991,0,0,0,0,0,0,0,0,0,0
420639,1,1,1991,0,0,0,0,0,0,0,0,0,0
420639,2,1,1991,0,0,0,0,11,0,0,5,0,0
420640,1,1,1991,0,0,0,0,0,0,0,0,0,0
420641,1,1,1991,10,0,0,0,0,0,0,0,0,0
420642,1,1,1991,17,17,17,17,17,17,17,17,17,17
420643,1,1,1991,0,0,0,0,0,0,0,0,0,0
420643,2,1,1991,0,0,0,0,0,21,0,0,0,0
420644,0,1,1991,0,0,0,0,0,0,0,0,0,0
420644,0,2,1991,0,0,0,0,0,0,0,0,0,0
420644,1,1,1991,11,11,11,11,11,11,11,11,11,11
420645,1,1,1991,0,0,0,0,0,0,0,0,0,0
420645,2,1,1991,0,0,0,0,0,0,0,0,4,0
420645,3,1,1991,0,0,0,0,0,0,0,0,0,0
420646,1,1,1991,29,29,29,29,29,29,29,29,29,29
420647,1,1,1991,0,0,0,0,0,0,0,0,0,0
420647,2,1,1991,0,0,0,0,0,0,0,0,0,0
420648,1,1,1991,14,14,14,14,14,14,14,14,14,14
420649,0,1,1991,0,0,0,0,0,0,0,0,0,0
420649,1,1,1991,30,2,29,20,18,7,21,28,31,24
420650,1,1,1991,0,0,0,0,0,0,0,0,0,0
420651,1,1,1991,0,0,0,0,0,0,0,0,0,0
420651,2,1,1991,0,0,0,0,0,0,0,0,0,0
420652,1,1,1991,0,0,0,0,0,0,0,0,0,0
420653,1,1,1991,0,0,0,0,0,0,0,0,0,0
420654,1,1,1991,0,0,2,0,0,0,11,0,0,26
420654,2,1,1991,14,0,8,0,0,19,0,5,11,7
420655,1,1,1991,20,0,0,0,0,0,0,11,0,16
420656,1,1,1991,0,0,0,0,0,0,0,0,0,0
420656,2,1,1991,0,0,0,0,0,0,0,0,0,0
420657,1,1,1991,0,0,0,0,0,0,0,0,0,0
420657,2,1,1991,0,0,0,0,0,0,0,0,0,0
420658,1,1,1991,18,18,18,18,18,18,18,18,18,18
420659,0,1,1991,0,0,0,0,0,0,0,0,0,0
420659,1,1,1991,0,0,0,0,0,0,0,0,0,0
420660,1,1,1991,0,0,0,0,0,0,0,0,0,0
420660,2,1,1991,0,0,0,0,0,0,0,0,0,0
420661,1,1,1991,0,0,0,0,0,0,0,0,0,0
420661,2,1,1991,0,0,0,0,0,0,0,0,0,0
420662,1,1,1991,21,21,21,21,21,21,21,21,21,21
420662,2,1,1991,7,7,7,7,7,7,7,7,7,7
420663,1,1,1991,0,0,0,0,0,0,0,0,0,0
420663,2,1,1991,0,0,0,0,0,0,0,0,0,0
420664,1,1,1991,0,0,0,0,0,0,0,0,0,0
420664,2,1,1991,0,0,0,0,0,0,0,0,0,0
420665,1,1,1991,15,15,15,15,15,15,15,15,15,15
420666,1,1,1991,14,14,14,14,14,14,14,14,14,14
420667,0,1,1991,0,0,0,0,0,0,0,0,0,0
420667,1,1,1991,0,0,0,0,0,0,0,0,0,0
420668,1,1,1991,22,25,9,6,11,11,11,10,12,9
420669,1,1,1991,16,16,16,16,16,16,16,16,16,16
420669,2,1,1991,0,0,0,0,0,0,0,0,0,0
420670,1,1,1991,21,21,21,21,21,21,21,21,21,21
420670,2,1,1991,0,0,0,0,0,0,0,0,0,0
420671,1,1,1991,2,2,2,2,2,2,2,2,2,2
420671,2,1,1991,0,0,0,0,0,0,0,0,0,0
420672,1,1,1991,0,0,0,0,0,0,0,0,0,0
420672,2,1,1991,0,0,0,0,0,0,0,0,0,0
420673,1,1,1991,0,0,0,0,0,0,0,0,0,0
420673,2,1,1991,0,0,0,0,0,0,0,0,0,0
420674,1,1,1991,14,14,14,14,14,14,14,14,14,14
420675,1,1,1991,0,0,0,0,0,0,0,0,0,0
420675,2,1,1991,7,0,0,0,29,0,0,0,5,14
420676,1,1,1991,55,55,55,55,55,55,55,55,55,55
420677,1,1,1991,15,15,15,15,15,15,15,15,15,15
420678,0,1,1991,29,29,29,29,29,29,29,29,29,29
420678,1,1,1991,4,4,4,4,4,4,4,4,4,4
420679,1,1,1991,29,19,19,16,11,22,10,4,21,17
420680,1,1,1991,16,16,16,16,16,16,16,16,16,16
420681,0,1,1991,0,0,0,0,0,0,0,0,0,0
420681,1,1,1991,0,0,0,0,0,0,0,0,0,0
420682,1,1,1991,0,0,0,0,0,0,0,20,0,0
420682,2,1,1991,19,20,0,0,0,15,0,12,0,0
420683,1,1,1991,0,0,0,0,0,0,0,0,0,0
420684,1,1,1991,0,0,0,0,0,0,0,0,0,0
420685,1,1,1991,19,19,19,19,19,19,19,19,19,19
420685,2,1,1991,0,0,0,0,0,0,0,0,0,0
420685,3,1,1991,0,0,0,0,0,0,0,0,0,0
420686,1,1,1991,14,14,14,14,14,14,14,14,14,14
420687,1,1,1991,0,0,0,0,0,0,0,0,0,0
420687,2,1,1991,0,0,5,0,0,0,0,0,0,0
420688,1,1,1991,0,0,0,0,0,0,0,0,0,0
420689,1,1,1991,0,0,0,0,0,0,0,0,0,0
420689,2,1,1991,0,0,0,0,0,0,0,0,0,0
420690,1,1,1991,0,0,0,0,0,0,0,13,0,0
420690,2,1,1991,0,0,0,0,0,0,0,0,0,0
420691,1,1,1991,20,20,20,20,20,20,20,20,20,20
420692,1,1,1991,0,0,0,0,0,0,0,0,0,0
420692,2,1,1991,0,0,0,0,0,0,0,0,0,0
420693,0,1,1991,0,0,0,0,0,0,0,0,0,0
420693,1,1,1991,0,0,0,0,0,0,0,0,0,0
420694,1,1,1991,19,18,20,0,0,12,0,47,27,19
420694,2,1,1991,13,0,0,11,14,14,0,8,0,0
420695,1,1,1991,36,36,36,36,36,36,36,36,36,36
420695,2,1,1991,0,0,0,0,0,0,0,0,0,0
420696,1,1,1991,0,0,0,0,0,0,0,0,0,0
420696,2,1,1991,0,0,0,0,0,0,0,0,0,0
420697,1,1,1991,0,0,0,0,0,0,0,0,0,0
420697,2,1,1991,0,0,0,0,0,0,0,0,0,0
420698,1,1,1991,2,2,2,2,2,2,2,2,2,2
420698,2,1,1991,18,16,28,18,23,25,19,22,13,21
420699,1,1,1991,0,0,0,0,0,0,0,0,0,0
420699,2,1,1991,0,0,0,0,0,0,0,0,0,0
420700,1,1,1991,9,9,9,9,9,9,9,9,9,9
420701,1,1,1991,17,18,10,26,16,17,8,41,12,8
420701,2,1,1991,0,0,0,0,0,0,0,0,0,0
420702,1,1,1991,13,13,13,13,13,13,13,13,13,13
420703,1,1,1991,23,23,23,23,23,23,23,23,23,23
420704,1,1,1991,0,0,0,0,0,0,0,0,0,0
420704,2,1,1991,0,0,0,0,0,0,0,0,0,0
420705,1,1,1991,25,25,25,25,25,25,25,25,25,25
420705,2,1,1991,0,0,0,0,0,0,0,0,0,0
420706,1,1,1991,0,0,0,0,0,0,0,0,0,0
420707,1,1,1991,0,0,0,0,0,0,0,0,0,0
420708,1,1,1991,19,19,19,19,19,19,19,19,19,19
420709,1,1,1991,16,16,16,16,16,16,16,16,16,16
420710,1,1,1991,0,0,0,0,0,0,0,0,0,0
420710,2,1,1991,0,0,0,0,0,12,0,0,0,0
420711,1,1,1991,41,41,41,41,41,41,41,41,41,41
420712,1,1,1991,0,0,0,0,0,0,0,0,0,0
420712,2,1,1991,0,0,0,0,0,0,0,0,0,0
420713,1,1,1991,0,0,0,0,0,0,0,0,0,0
420713,2,1,1991,0,0,0,0,0,0,0,0,0,0
420714,1,1,1991,24,29,15,4,31,23,22,21,9,23
420715,1,1,1991,0,0,0,0,0,0,0,0,0,0
420715,2,1,1991,13,13,13,13,13,13,13,13,13,13
420716,1,1,1991,4,4,4,4,4,4,4,4,4,4
420716,2,1,1991,0,0,0,0,0,0,0,0,0,0
420717,1,1,1991,3,3,3,3,3,3,3,3,3,3
420717,2,1,1991,0,0,0,0,0,0,0,0,0,0
420719,1,1,1991,0,0,0,0,6,0,0,0,0,0
420719,2,1,1991,0,0,0,0,0,13,0,0,0,0
420720,1,1,1991,0,13,14,22,0,19,0,0,0,0
420721,1,1,1991,24,24,24,24,24,24,24,24,24,24
420722,1,1,1991,0,0,0,0,0,0,0,0,0,0
420723,1,1,1991,13,13,13,13,13,13,13,13,13,13
420723,2,1,1991,0,0,0,0,0,0,0,0,0,0
420724,1,1,1991,0,0,0,0,0,0,0,0,0,0
420724,2,1,1991,0,0,0,0,0,0,0,0,0,0