ST_CASE,VEH_NO,PER_NO,YEAR,P1,P2,P3,P4,P5,P6,P7,P8,P9,P10
421024,1,1,1991,0,0,0,0,0,0,0,0,0,0
421024,2,1,1991,0,0,0,0,0,0,0,0,0,0
421025,0,1,1991,0,0,0,0,0,0,0,0,0,0
421025,1,1,1991,0,0,0,0,0,0,0,0,0,0
421026,1,1,1991,9,9,9,9,9,9,9,9,9,9
421027,1,1,1991,17,17,17,17,17,17,17,17,17,17
421027,2,1,1991,0,0,0,0,0,0,0,0,0,0
421028,1,1,1991,18,18,18,18,18,18,18,18,18,18
421029,0,1,1991,6,6,6,6,6,6,6,6,6,6
421029,1,1,1991,15,0,0,0,0,5,25,19,0,16
421030,1,1,1991,4,4,4,4,4,4,4,4,4,4
421031,1,1,1991,0,0,0,0,0,0,0,0,0,0
421031,2,1,1991,0,0,0,0,0,0,0,0,0,0
421031,3,1,1991,0,0,0,0,0,0,0,0,0,0
421032,1,1,1991,0,0,0,0,0,0,0,0,0,0
421032,2,1,1991,0,9,4,12,0,0,0,18,0,7
421033,0,1,1991,0,0,0,0,0,0,0,0,0,0
421033,1,1,1991,0,0,0,0,0,0,0,0,0,0
421034,1,1,1991,29,29,29,29,29,29,29,29,29,29
421034,2,1,1991,0,0,0,0,10,0,26,6,6,0
421035,1,1,1991,0,0,0,0,0,0,0,0,0,0
421035,2,1,1991,0,0,0,0,0,0,0,0,0,0
421035,3,1,1991,19,0,0,0,0,0,0,0,0,0
421035,4,1,1991,0,0,0,0,0,0,0,0,0,0
421036,1,1,1991,25,25,25,25,25,25,25,25,25,25
421036,2,1,1991,0,0,0,0,0,0,2,0,0,0
421037,1,1,1991,0,0,0,0,0,0,0,0,0,0
421037,2,1,1991,0,0,0,0,0,0,0,0,0,0
421038,1,1,1991,21,21,21,21,21,21,21,21,21,21
421038,2,1,1991,0,0,21,0,0,0,0,3,0,7
421039,0,1,1991,0,0,0,0,0,0,0,0,0,0
421039,1,1,1991,0,0,0,0,0,0,0,0,0,0
421040,1,1,1991,0,0,0,0,0,0,9,0,0,18
421041,1,1,1991,0,0,0,0,0,0,0,0,0,0
421041,2,1,1991,0,0,21,0,0,0,0,0,0,0
421042,0,1,1991,0,0,0,0,0,0,0,0,0,0
421042,1,1,1991,0,0,0,0,0,0,0,0,0,0
421042,2,1,1991,0,0,0,0,0,0,0,0,0,0
421043,1,1,1991,0,0,0,0,0,0,0,0,0,0
421043,2,1,1991,0,0,0,0,0,0,0,0,0,0
421044,1,1,1991,30,30,30,30,30,30,30,30,30,30
421045,1,1,1991,33,33,33,33,33,33,33,33,33,33
421046,1,1,1991,36,19,21,45,20,18,15,22,22,22
421047,0,1,1991,0,0,0,0,0,0,0,0,0,0
421047,1,1,1991,13,0,0,13,0,0,0,8,0,8
421048,1,1,1991,0,0,0,0,0,0,0,0,0,0
421048,2,1,1991,0,0,0,0,0,0,0,0,0,0
421049,1,1,1991,21,21,21,21,21,21,21,21,21,21
421049,2,1,1991,0,0,0,0,0,0,0,0,0,0
421049,3,1,1991,0,0,0,0,0,0,0,0,0,0
421050,1,1,1991,20,20,20,20,20,20,20,20,20,20
421051,1,1,1991,0,0,0,0,0,0,0,0,0,0
421051,2,1,1991,0,0,0,0,0,0,0,0,0,0
421051,3,1,1991,0,0,0,0,0,0,0,0,0,0
421052,1,1,1991,22,22,22,22,22,22,22,22,22,22
421053,1,1,1991,0,0,0,5,0,0,0,0,12,0
421054,1,1,1991,0,0,0,0,0,0,0,0,0,0
421054,2,1,1991,0,0,0,0,0,0,0,0,0,0
421054,3,1,1991,0,0,0,0,0,0,0,0,0,0
421054,4,1,1991,0,0,0,0,0,0,0,0,0,0
421055,0,1,1991,0,0,0,0,0,0,33,0,0,0
421055,1,1,1991,0,0,0,0,18,0,0,0,0,0
421056,1,1,1991,20,20,20,20,20,20,20,20,20,20
421056,2,1,1991,0,0,0,0,0,0,0,0,0,0
421057,1,1,1991,23,23,23,23,23,23,23,23,23,23
421057,2,1,1991,0,7,0,0,0,0,7,0,0,0
421058,1,1,1991,0,0,0,0,0,0,0,0,0,0
421059,1,1,1991,0,0,0,0,0,0,0,0,0,0
421059,2,1,1991,0,0,0,0,0,0,0,0,0,0
421060,1,2,1991,0,0,0,0,0,0,0,0,0,0
421061,1,1,1991,15,15,15,15,15,15,15,15,15,15
421062,1,1,1991,29,29,29,29,29,29,29,29,29,29
421062,2,1,1991,0,0,0,0,0,0,0,0,0,0
421063,1,1,1991,31,31,31,31,31,31,31,31,31,31
421063,2,1,1991,0,0,0,0,0,0,0,0,0,0
421064,0,1,1991,0,0,0,0,0,0,0,0,0,0
421064,0,2,1991,0,0,0,0,0,34,0,14,0,0
421064,1,1,1991,0,0,0,0,0,0,0,0,0,0
421065,1,1,1991,20,20,20,20,20,20,20,20,20,20
421066,1,1,1991,24,24,24,24,24,24,24,24,24,24
421066,2,1,1991,0,8,19,0,0,0,0,0,0,0
421067,0,1,1991,0,22,0,10,0,0,9,12,12,31
421067,1,1,1991,17,20,7,9,10,0,0,0,13,0
421067,2,1,1991,18,0,0,0,0,0,0,0,0,0
421068,1,1,1991,14,25,0,0,29,17,0,0,17,22
421069,0,1,1991,17,17,17,17,17,17,17,17,17,17
421069,1,1,1991,20,21,0,0,0,0,12,0,0,0
421070,1,1,1991,6,6,6,6,6,6,6,6,6,6
421071,1,1,1991,0,4,15,0,16,0,0,0,11,0
421071,2,1,1991,0,6,14,0,0,0,0,0,15,0
421072,1,1,1991,0,0,0,0,0,0,0,0,0,0
421073,0,1,1991,18,13,23,37,0,24,19,16,0,20
421073,1,1,1991,24,7,14,7,11,21,31,22,15,17
421074,0,1,1991,0,12,20,0,0,0,0,0,0,0
421074,1,1,1991,0,0,21,0,0,13,0,0,15,0
421075,1,1,1991,0,0,0,0,0,0,0,0,0,0
421075,2,1,1991,0,0,0,0,0,0,0,0,0,0
421076,1,1,1991,0,0,0,0,0,0,0,0,19,0
421076,2,1,1991,0,0,0,0,0,0,0,0,0,0
421077,0,1,1991,0,0,0,0,0,0,0,0,0,0
421077,1,1,1991,0,0,0,0,0,0,0,0,0,0
421078,0,1,1991,0,0,0,0,0,0,0,0,0,0
421078,1,1,1991,0,0,0,0,0,7,0,0,0,0
421079,0,1,1991,14,14,14,14,14,14,14,14,14,14
421079,1,1,1991,0,0,0,0,0,0,0,0,0,0
421080,0,1,1991,0,0,0,0,0,0,0,0,0,0
421080,1,1,1991,0,0,4,0,0,0,0,2,0,10
421081,0,1,1991,0,0,0,0,0,0,0,0,0,0
421081,1,1,1991,11,12,0,0,0,0,0,0,0,0
421082,1,1,1991,0,0,15,13,20,0,0,10,0,18
421082,2,1,1991,0,0,0,0,0,0,0,0,0,0
421083,0,1,1991,0,0,0,0,0,0,0,0,0,0
421083,1,1,1991,0,0,0,0,0,0,22,0,0,0
421084,0,1,1991,0,0,0,0,0,0,0,0,0,0
421084,1,1,1991,0,0,0,0,0,0,0,0,0,0
421085,1,1,1991,0,18,13,0,0,0,10,0,16,0
421085,2,1,1991,0,0,0,0,0,0,0,15,4,0
421085,3,1,1991,0,0,0,0,0,0,0,0,8,0
421086,1,1,1991,22,35,0,0,0,24,31,23,16,12
421087,0,1,1991,0,6,0,20,0,14,14,22,14,18
421087,1,1,1991,0,0,7,0,0,0,0,15,0,20
421088,1,1,1991,19,25,16,12,8,26,18,14,14,19
421089,1,1,1991,0,21,0,0,14,0,0,25,0,0
421090,1,1,1991,0,0,0,0,0,0,0,0,0,0
421090,2,1,1991,0,0,0,0,0,0,0,0,0,0
421090,3,1,1991,0,0,0,0,0,0,0,5,0,0
421091,1,1,1991,4,4,4,4,4,4,4,4,4,4
421092,1,1,1991,0,0,0,0,0,0,0,0,0,0
421092,2,1,1991,12,0,0,0,0,0,0,0,0,0
421092,3,1,1991,0,0,0,0,0,0,0,0,0,0
421092,4,1,1991,0,0,0,0,0,0,0,0,0,0
421092,5,1,1991,0,0,0,0,0,0,0,0,0,0
421092,6,1,1991,0,0,0,0,0,0,0,0,0,0
421092,7,1,1991,0,0,0,0,0,0,0,0,0,0
421092,8,1,1991,0,0,0,0,0,0,0,0,0,0
421092,9,1,1991,0,0,0,0,0,0,5,0,0,0
421092,10,1,1991,0,0,0,0,0,0,0,0,0,0
421092,11,1,1991,0,0,0,0,0,0,0,0,0,0
421092,12,1,1991,0,0,0,0,0,0,0,0,0,0
421092,13,1,1991,0,9,0,0,0,0,0,0,0,0
421092,14,1,1991,0,0,0,0,0,0,0,12,0,0
421092,15,1,1991,0,0,0,0,0,0,0,0,0,0
421093,1,1,1991,25,25,25,25,25,25,25,25,25,25
421093,2,1,1991,0,0,0,0,0,0,0,0,0,10
421094,1,1,1991,0,0,0,0,0,0,0,0,0,0
421095,1,1,1991,0,0,0,0,0,0,0,0,0,0
421096,1,1,1991,0,0,0,0,0,0,0,0,0,0
421096,2,1,1991,0,0,0,0,0,0,0,0,0,0
421096,3,1,1991,0,0,0,0,0,0,0,0,0,0
421096,4,1,1991,0,0,0,0,0,0,0,0,0,0
421097,1,1,1991,28,0,0,0,0,0,0,0,0,0
421097,2,1,1991,0,25,0,0,0,0,0,0,0,0
421098,0,1,1991,0,0,0,0,0,0,0,0,0,0
421098,1,1,1991,0,0,0,0,0,0,0,0,0,0
421099,1,1,1991,0,0,0,0,0,0,0,0,0,0
421100,1,1,1991,0,0,0,0,0,0,0,0,0,0
421100,2,1,1991,0,0,0,0,0,0,0,0,0,0
421101,1,1,1991,22,22,22,22,22,22,22,22,22,22
421101,2,1,1991,15,15,15,15,15,15,15,15,15,15
421102,1,1,1991,0,0,0,0,0,0,3,0,0,0
421102,2,1,1991,0,0,0,0,0,0,0,0,0,0
421102,3,1,1991,0,0,0,0,0,0,0,0,0,0
421103,1,1,1991,17,17,17,17,17,17,17,17,17,17
421104,1,1,1991,0,0,0,0,0,0,0,0,0,0
421104,2,1,1991,0,0,0,0,0,0,0,0,0,0
421104,3,1,1991,0,0,0,0,0,0,0,0,0,5
421105,1,1,1991,12,12,12,12,12,12,12,12,12,12
421106,1,1,1991,25,25,25,25,25,25,25,25,25,25
421107,1,1,1991,11,11,11,11,11,11,11,11,11,11
421107,2,1,1991,0,0,0,0,0,0,0,0,0,0
421108,1,1,1991,12,12,12,12,12,12,12,12,12,12
421108,2,1,1991,0,0,0,0,5,0,6,25,15,3
421109,1,1,1991,15,15,15,15,15,15,15,15,15,15
421109,2,1,1991,27,0,7,0,9,24,14,0,0,0
421110,1,1,1991,13,13,13,13,13,13,13,13,13,13
421110,2,1,1991,0,0,0,0,0,0,0,0,0,0
421111,1,1,1991,19,19,19,19,19,19,19,19,19,19
421111,2,1,1991,0,0,0,0,0,0,0,0,0,0
421112,1,1,1991,22,22,22,22,22,22,22,22,22,22
421113,1,1,1991,0,0,0,0,0,0,0,0,9,0
421113,2,1,1991,0,0,0,0,0,0,0,0,0,0
421114,1,1,1991,0,0,0,0,0,0,0,0,0,0
421115,0,1,1991,0,32,26,36,0,17,0,17,41,18
421115,0,2,1991,0,0,0,0,0,0,0,0,0,0
421115,1,1,1991,0,0,22,0,0,0,0,12,0,0
421115,2,1,1991,0,0,0,0,0,0,0,0,0,0
421116,1,1,1991,0,0,0,0,0,0,0,0,0,0
421116,2,1,1991,0,0,0,0,0,0,0,0,0,0
421117,1,1,1991,0,0,0,0,0,0,0,0,0,0
421117,2,1,1991,0,0,0,0,0,0,0,0,0,0
421118,1,1,1991,0,0,0,0,0,0,0,0,0,0
421118,2,1,1991,0,0,0,0,0,0,0,0,0,0
421119,1,1,1991,0,0,18,0,0,0,0,0,0,0
421120,1,1,1991,14,0,30,22,0,35,14,13,31,23
421121,1,1,1991,0,0,0,0,0,0,0,0,0,0
421122,1,1,1991,35,35,35,35,35,35,35,35,35,35
421123,1,1,1991,0,6,0,15,0,2,0,21,0,10
421123,2,1,1991,11,11,11,11,11,11,11,11,11,11
421125,1,1,1991,20,20,20,20,20,20,20,20,20,20
421126,0,1,1991,0,0,0,0,0,0,0,0,0,0
421126,1,1,1991,0,0,0,0,15,0,0,0,0,0
421127,1,1,1991,6,12,0,4,0,0,0,0,0,0
421128,0,1,1991,0,0,0,0,0,0,0,0,0,0
421128,0,2,1991,0,0,0,0,0,0,0,0,0,0
421128,1,1,1991,12,12,12,12,12,12,12,12,12,12
421129,0,1,1991,0,3,15,0,0,26,0,0,0,0
421129,1,1,1991,0,0,0,0,0,0,0,2,0,0
421130,1,1,1991,25,16,19,24,34,13,9,24,31,20
421131,1,1,1991,22,22,22,22,22,22,22,22,22,22
421131,2,1,1991,0,0,0,0,5,0,0,10,0,0
421132,1,1,1991,20,20,20,20,20,20,20,20,20,20
421133,1,1,1991,0,0,0,0,0,0,0,0,0,0
421133,2,1,1991,0,0,0,0,0,0,0,0,0,0
421134,0,1,1991,0,0,0,0,0,26,7,24,0,0
421134,1,1,1991,0,0,0,0,0,0,0,0,0,0
421135,1,1,1991,0,0,0,0,0,0,0,0,0,0
421135,2,1,1991,0,0,0,0,0,0,0,0,0,0
421135,3,1,1991,0,0,0,0,0,0,0,0,0,0
421136,1,1,1991,9,0,44,3,9,0,13,14,9,10
421136,2,1,1991,0,0,0,0,0,0,0,0,0,0
421137,1,1,1991,14,14,14,14,14,14,14,14,14,14
421137,2,1,1991,0,0,0,0,0,0,0,9,7,0
421138,1,1,1991,20,20,20,20,20,20,20,20,20,20
421139,1,1,1991,20,20,20,20,20,20,20,20,20,20
421139,2,1,1991,17,14,0,0,0,0,0,0,0,0
421140,1,1,1991,21,21,21,21,21,21,21,21,21,21
421141,1,1,1991,15,15,15,15,15,15,15,15,15,15
421142,0,1,1991,0,0,0,0,0,0,0,0,0,0
421142,1,1,1991,0,0,0,0,0,0,0,0,0,0
421142,2,1,1991,0,0,0,0,0,0,0,0,0,0
421143,1,1,1991,0,10,0,0,0,0,0,0,0,0
421144,1,1,1991,0,0,0,0,0,0,0,0,0,0
421145,1,1,1991,0,0,0,0,0,0,0,0,0,0
421146,1,1,1991,29,0,0,0,0,0,0,0,0,0
421146,2,1,1991,0,0,0,0,0,0,0,0,0,0
421147,1,1,1991,5,5,5,5,5,5,5,5,5,5
421148,0,1,1991,0,0,0,0,0,0,0,0,0,0
421148,1,1,1991,0,0,0,0,0,0,0,0,0,0
421149,1,1,1991,0,0,0,0,0,0,0,0,0,0
421150,1,1,1991,0,0,0,0,0,0,0,0,0,0
421150,2,1,1991,0,0,0,0,0,0,0,0,0,0
421151,1,1,1991,27,27,27,27,27,27,27,27,27,27
421152,1,1,1991,0,0,0,0,0,0,0,0,0,0
421152,2,1,1991,0,0,0,0,0,0,0,0,0,0
421153,1,1,1991,0,0,0,0,0,0,0,0,0,0
421153,2,1,1991,0,0,0,0,0,0,0,0,0,0
421154,0,1,1991,0,0,0,0,0,0,0,0,0,0
421154,1,1,1991,0,0,0,0,0,0,0,0,0,0
421155,1,1,1991,0,0,0,0,0,0,0,0,0,0
421155,2,1,1991,0,0,10,0,0,0,0,0,0,0
421156,1,1,1991,0,10,11,11,0,0,0,15,0,0
421157,1,1,1991,0,0,0,0,0,0,0,0,0,0
421157,2,1,1991,0,0,0,0,0,0,0,0,0,0
421158,0,1,1991,0,0,0,0,0,0,0,0,0,0
421158,1,1,1991,0,0,0,0,0,0,0,0,0,21
421159,1,1,1991,0,10,0,17,0,0,0,0,21,0
421159,2,1,1991,0,0,0,0,0,0,0,0,0,0
421160,1,1,1991,0,0,0,9,8,0,26,0,9,13
421161,0,1,1991,0,0,0,0,0,0,0,0,0,0
421161,1,1,1991,0,0,0,0,0,0,0,0,0,0
421162,1,1,1991,0,0,0,0,0,0,0,0,0,0
421162,2,1,1991,0,0,0,0,0,0,0,0,0,0
421162,3,1,1991,0,0,0,0,0,0,0,0,0,0
421163,1,1,1991,21,21,21,21,21,21,21,21,21,21
421164,1,1,1991,41,27,10,35,11,39,20,18,20,18
421165,1,1,1991,6,0,0,0,14,0,0,0,16,0
421165,2,1,1991,0,0,0,0,4,12,17,18,11,0
421166,1,1,1991,0,0,0,0,0,0,0,0,0,0
421167,1,1,1991,0,0,0,0,0,0,0,0,0,0
421167,2,1,1991,0,0,0,0,0,0,0,0,0,0
421168,1,1,1991,0,0,0,0,0,0,0,0,0,0
421168,2,1,1991,0,22,0,15,0,0,0,0,0,6
421169,1,1,1991,0,0,0,0,0,0,0,0,0,0
421169,2,1,1991,0,0,0,0,0,0,0,0,0,0
421170,1,1,1991,24,24,24,24,24,24,24,24,24,24
421171,0,1,1991,0,0,0,0,0,0,0,0,0,0
421171,1,1,1991,0,0,0,0,0,0,0,0,0,0
421172,0,1,1991,0,0,0,0,0,0,0,0,0,0
421172,2,1,1991,0,0,0,0,0,0,0,0,0,0
421173,0,1,1991,0,0,0,0,0,0,0,0,0,0
421173,1,1,1991,0,0,0,0,0,0,0,0,0,0
421174,0,1,1991,10,17,41,21,32,34,21,10,29,15
421174,1,1,1991,0,0,0,0,0,0,0,0,9,0
421175,1,1,1991,22,22,22,22,22,22,22,22,22,22
421176,1,1,1991,0,14,0,0,21,25,0,0,0,13
421176,2,1,1991,0,0,0,0,0,0,0,0,10,0
421176,3,1,1991,0,14,0,14,0,0,0,0,4,7
421177,1,1,1991,0,0,0,0,0,0,7,0,0,0
421177,2,1,1991,0,20,0,0,9,0,0,0,0,0
421178,1,1,1991,0,0,0,0,0,0,0,0,0,0
421178,2,1,1991,25,25,25,25,25,25,25,25,25,25
421179,1,1,1991,0,0,0,13,0,0,0,0,0,0
421179,2,1,1991,0,14,0,0,0,0,21,0,0,12
421180,1,1,1991,16,16,16,16,16,16,16,16,16,16
421181,0,1,1991,0,0,0,0,0,0,19,0,0,0
421181,1,1,1991,0,0,0,0,0,0,0,0,0,0
421182,1,1,1991,0,0,0,0,0,0,0,0,0,0
421183,1,1,1991,0,0,0,0,0,0,0,0,0,0
421183,2,1,1991,0,0,0,0,0,0,0,0,0,0
421184,1,1,1991,0,21,0,0,7,0,0,0,0,0
421184,2,1,1991,0,0,0,0,0,0,0,11,0,0
421185,0,1,1991,0,5,12,0,0,0,0,0,0,0
421185,1,1,1991,0,0,0,0,0,0,0,0,0,0
421186,0,1,1991,0,0,0,0,0,0,0,0,0,0
421186,1,1,1991,0,0,0,0,0,0,0,0,0,0
421187,1,1,1991,21,17,9,28,11,22,16,0,0,0
421188,1,1,1991,0,0,0,0,0,0,0,0,0,0
421188,2,1,1991,0,0,0,0,0,0,0,0,0,0
421189,1,1,1991,0,0,0,0,0,0,0,0,0,0
421189,2,1,1991,0,0,0,0,0,0,0,0,0,0
421189,3,1,1991,0,0,0,0,0,0,0,0,0,0
421190,1,1,1991,0,0,0,0,0,0,0,0,0,0
421191,1,1,1991,14,14,14,14,14,14,14,14,14,14
421192,1,1,1991,0,0,0,0,0,0,0,0,0,0
421192,2,1,1991,0,0,0,0,0,0,0,0,0,0
421193,1,1,1991,17,17,17,17,17,17,17,17,17,17
421196,1,1,1991,0,0,0,0,0,0,0,0,22,0
421196,2,1,1991,0,0,0,0,0,0,0,0,0,0
421196,3,1,1991,0,0,0,0,0,0,0,0,0,0
421197,1,1,1991,40,40,40,40,40,40,40,40,40,40
421198,1,1,1991,17,17,17,17,17,17,17,17,17,17
421199,1,1,1991,0,0,0,0,0,0,0,0,0,0
421200,1,1,1991,0,0,0,0,0,0,0,0,0,0
421201,1,1,1991,23,23,23,23,23,23,23,23,23,23
421202,1,1,1991,9,9,9,9,9,9,9,9,9,9
421203,1,1,1991,20,20,20,20,20,20,20,20,20,20
421204,1,1,1991,11,11,11,11,11,11,11,11,11,11
421205,1,1,1991,20,20,20,20,20,20,20,20,20,20
421206,1,1,1991,19,19,19,19,19,19,19,19,19,19
421206,2,1,1991,0,11,0,0,0,0,0,0,0,0
421206,3,1,1991,12,0,0,9,0,24,0,0,0,0
421207,1,1,1991,0,0,0,0,0,0,0,0,0,0
421208,0,1,1991,33,33,33,33,33,33,33,33,33,33
421208,1,1,1991,14,14,14,14,14,14,14,14,14,14
421209,0,1,1991,4,4,4,4,4,4,4,4,4,4
421209,1,1,1991,0,11,0,0,0,0,0,0,0,0
421210,1,1,1991,2,0,0,0,10,6,13,0,0,8
421210,2,1,1991,0,0,0,0,0,0,0,0,0,0
421211,1,1,1991,0,0,0,0,0,0,0,0,24,0
421211,2,1,1991,6,19,0,0,0,0,0,0,4,0
421212,1,1,1991,0,0,0,0,0,0,0,0,0,0
421212,2,1,1991,0,0,0,0,0,0,0,0,0,0
421213,1,1,1991,0,0,0,0,0,0,0,0,0,0
421213,2,1,1991,0,0,0,0,0,0,0,0,0,0
421214,1,1,1991,18,0,27,0,27,0,27,24,18,0
421215,1,1,1991,27,27,27,27,27,27,27,27,27,27
421216,0,1,1991,0,0,0,0,0,0,0,0,0,0
421216,1,1,1991,20,20,20,20,20,20,20,20,20,20
421217,1,1,1991,0,0,0,0,0,0,0,0,0,0
421218,1,1,1991,0,0,0,0,0,0,0,0,0,0
421218,2,1,1991,0,0,0,0,0,0,0,0,0,0
421219,0,1,1991,0,0,0,0,0,0,0,0,0,0
421219,1,1,1991,0,0,0,0,0,0,0,0,0,0
421220,1,1,1991,5,13,19,23,12,11,17,8,5,18
421220,2,1,1991,0,0,0,0,0,0,0,0,0,0
421220,3,1,1991,0,0,0,0,0,0,0,0,0,0
421221,0,1,1991,8,8,8,8,8,8,8,8,8,8
421221,2,1,1991,0,0,0,0,0,0,0,0,0,0
421222,1,1,1991,4,4,4,4,4,4,4,4,4,4
421223,1,1,1991,15,15,15,15,15,15,15,15,15,15
421224,1,1,1991,0,0,0,0,0,0,0,0,0,0
421224,2,1,1991,0,0,0,0,0,0,0,0,0,0
421225,1,1,1991,13,13,13,13,13,13,13,13,13,13
421225,2,1,1991,0,0,0,0,0,0,0,0,0,0
421225,3,1,1991,27,0,0,0,0,0,0,0,0,0
421226,1,1,1991,0,0,0,0,0,0,0,0,9,0
421226,2,1,1991,0,0,0,0,0,0,0,0,0,0
421227,1,1,1991,0,0,10,0,0,0,0,0,0,0
421228,1,1,1991,0,0,0,0,0,0,0,0,0,0
421229,1,1,1991,0,0,22,30,28,5,0,24,18,0
421229,2,1,1991,0,0,0,0,0,0,0,0,0,0
421230,1,1,1991,0,0,0,0,0,0,0,0,0,0
421231,0,1,1991,0,0,0,0,0,0,0,0,0,0
421231,1,1,1991,0,0,0,0,0,0,0,0,0,0
421232,1,1,1991,0,0,0,0,0,0,0,0,0,0
421233,1,1,1991,0,0,0,0,0,0,12,0,14,0
421234,0,1,1991,0,0,0,0,0,0,0,0,0,0
421234,1,1,1991,0,0,0,0,0,0,0,0,0,0
421234,2,1,1991,0,12,5,0,25,0,0,0,0,0
421235,0,1,1991,0,0,0,0,0,0,0,0,0,0
421235,1,1,1991,0,0,0,0,0,0,0,0,0,0
421236,1,1,1991,9,0,9,0,0,0,0,0,0,0
421236,2,1,1991,0,0,0,0,0,0,0,0,0,0
421237,1,1,1991,22,27,23,26,30,0,11,22,20,0
421238,1,1,1991,15,15,15,15,15,15,15,15,15,15
421239,1,1,1991,3,3,3,3,3,3,3,3,3,3
421240,1,1,1991,20,20,20,20,20,20,20,20,20,20
421240,2,1,1991,14,18,21,13,11,0,0,5,6,17
421241,1,1,1991,0,0,0,0,0,0,0,0,0,0
421241,2,1,1991,10,0,0,0,0,0,17,0,0,0
421241,3,1,1991,0,0,0,0,0,0,0,0,0,0
421242,1,1,1991,11,11,11,11,11,11,11,11,11,11
421243,1,1,1991,0,0,0,0,0,0,0,0,0,0
421243,2,1,1991,0,0,0,0,0,0,0,0,0,0
421243,3,1,1991,0,0,0,0,0,0,0,0,0,0
421244,1,1,1991,26,26,26,26,26,26,26,26,26,26
421244,2,1,1991,0,0,0,0,0,0,0,0,0,0
421245,0,1,1991,0,0,0,0,0,0,0,0,0,0
421245,1,1,1991,12,2,0,0,0,0,0,0,0,0
421246,1,1,1991,0,19,0,0,0,0,0,0,0,0
421246,2,1,1991,0,0,0,0,0,0,0,0,0,0
421246,3,1,1991,0,0,0,0,0,0,0,0,0,41
421246,4,1,1991,0,0,0,0,0,0,0,0,0,14
421247,1,1,1991,0,0,0,0,0,0,0,0,0,0
421248,0,1,1991,25,36,28,33,0,22,24,33,0,11
421248,1,1,1991,20,0,0,33,0,0,0,21,0,0
421249,1,1,1991,11,11,11,11,11,11,11,11,11,11
421250,1,1,1991,0,0,0,0,0,0,0,0,0,0
421250,2,1,1991,0,0,0,0,0,0,0,0,0,0
421251,1,1,1991,24,24,24,24,24,24,24,24,24,24
421251,2,1,1991,0,0,0,0,0,0,0,0,0,13
421252,1,1,1991,25,25,25,25,25,25,25,25,25,25
421253,1,1,1991,13,10,17,11,12,5,21,0,0,0
421253,2,1,1991,0,5,0,0,4,15,0,0,0,0
421254,1,1,1991,0,0,0,0,0,0,0,0,0,0
421254,2,1,1991,0,0,0,0,0,0,0,0,0,0
421254,3,1,1991,0,0,0,0,0,0,0,0,0,0
421254,4,1,1991,0,0,0,0,0,7,0,0,0,0
421255,1,1,1991,0,0,0,0,0,0,0,0,0,0
421255,2,1,1991,0,0,0,0,0,0,0,0,0,0
421256,1,1,1991,21,21,21,21,21,21,21,21,21,21
421257,1,1,1991,4,4,4,4,4,4,4,4,4,4
421258,1,1,1991,13,13,13,13,13,13,13,13,13,13
421259,1,1,1991,0,0,0,0,0,0,0,0,0,0
421260,1,1,1991,0,0,0,0,0,0,0,0,0,0
421260,2,1,1991,0,0,0,0,0,0,0,0,0,0
421261,1,1,1991,0,0,0,0,0,0,0,0,0,0
421262,1,1,1991,0,0,0,0,0,0,0,0,0,0
421262,2,1,1991,0,0,0,0,0,0,0,0,0,0
421263,1,1,1991,10,10,10,10,10,10,10,10,10,10
421264,1,1,1991,15,15,15,15,15,15,15,15,15,15
421265,1,1,1991,0,0,0,0,0,0,0,0,0,0
421265,2,1,1991,0,0,0,0,0,0,0,0,0,0
421265,3,1,1991,0,0,0,0,0,0,0,0,0,0
421266,1,1,1991,6,6,6,6,6,6,6,6,6,6
421267,1,1,1991,11,11,11,11,11,11,11,11,11,11
421267,2,1,1991,0,0,0,0,0,0,0,0,0,0
421268,1,1,1991,0,9,0,0,0,0,0,20,0,0
421268,2,1,1991,0,0,0,0,0,0,0,0,0,0
421268,3,1,1991,0,0,3,0,0,0,0,0,0,0
421269,0,1,1991,24,24,24,24,24,24,24,24,24,24
421269,1,1,1991,1,1,1,1,1,1,1,1,1,1
421270,0,1,1991,35,35,35,35,35,35,35,35,35,35
421270,1,1,1991,0,0,0,20,0,4,20,0,0,0
421270,2,1,1991,0,0,0,0,0,0,0,0,0,0
421271,0,1,1991,0,0,0,0,0,0,0,0,0,0
421271,1,1,1991,0,0,0,0,0,0,0,0,0,3
421272,1,1,1991,0,0,0,0,0,0,0,0,0,0
421272,2,1,1991,0,0,0,0,0,0,0,0,0,0
421273,1,1,1991,24,24,24,24,24,24,24,24,24,24
421274,1,1,1991,24,24,24,24,24,24,24,24,24,24
421275,1,1,1991,0,0,0,0,0,0,0,0,0,0
421275,2,1,1991,0,0,0,0,0,0,0,0,0,0
421275,3,1,1991,0,0,0,0,0,0,0,0,0,0
421276,1,1,1991,0,0,0,0,0,0,0,0,0,0
421276,2,1,1991,0,0,0,0,0,0,0,0,0,0
421278,1,1,1991,0,0,0,0,0,0,0,0,0,0
421278,2,1,1991,0,0,0,0,0,0,11,0,0,0
421279,1,1,1991,0,0,0,0,0,0,0,0,0,0
421279,2,1,1991,0,0,0,0,0,0,0,0,0,0
421279,3,1,1991,0,0,0,0,0,0,0,0,0,0
421280,1,1,1991,0,0,0,0,0,0,0,0,0,0
421281,1,1,1991,13,13,13,13,13,13,13,13,13,13
421281,2,1,1991,0,0,0,0,0,0,0,0,0,0
421282,1,1,1991,26,0,7,0,20,8,0,11,0,14