ST_CASE,VEH_NO,PER_NO,YEAR,P1,P2,P3,P4,P5,P6,P7,P8,P9,P10
421283,1,1,1991,11,0,0,11,14,12,29,6,18,8
421284,0,1,1991,36,36,36,36,36,36,36,36,36,36
421285,0,1,1991,23,23,23,23,23,23,23,23,23,23
421285,1,1,1991,0,0,4,0,0,0,0,0,0,0
421286,1,1,1991,12,12,12,12,12,12,12,12,12,12
421287,1,1,1991,0,0,0,0,20,0,0,13,0,0
421288,1,1,1991,0,0,0,0,0,0,0,0,0,0
421288,2,1,1991,0,0,0,0,0,0,0,0,0,0
421289,0,1,1991,27,27,27,27,27,27,27,27,27,27
421289,1,1,1991,0,0,0,0,0,0,0,0,0,0
421290,1,1,1991,0,0,0,0,0,0,0,0,0,0
421291,1,1,1991,0,0,0,0,0,0,0,0,0,0
421291,2,1,1991,0,0,0,0,0,0,0,0,0,0
421292,1,1,1991,34,31,15,27,7,14,22,23,9,22
421293,1,1,1991,20,20,20,20,20,20,20,20,20,20
421294,1,1,1991,0,0,0,0,0,0,0,0,0,0
421295,1,1,1991,14,14,14,14,14,14,14,14,14,14
421296,1,1,1991,0,0,0,0,0,0,0,0,0,0
421296,2,1,1991,0,0,0,0,0,0,0,0,0,0
421297,0,1,1991,0,0,0,0,0,0,0,0,0,0
421297,1,1,1991,0,0,0,0,0,0,0,0,16,0
421298,1,1,1991,0,0,0,0,0,0,0,0,0,0
421298,2,1,1991,0,0,0,0,0,0,0,0,0,0
421299,1,1,1991,0,0,0,0,0,0,0,0,0,0
421299,2,1,1991,0,0,0,0,0,0,0,0,0,0
421300,1,1,1991,15,15,15,15,15,15,15,15,15,15
421301,0,1,1991,0,0,0,0,0,0,0,0,0,0
421301,1,1,1991,0,0,0,0,0,0,0,0,0,0
421302,1,1,1991,4,4,4,4,4,4,4,4,4,4
421302,2,1,1991,0,0,0,0,0,0,0,0,0,0
421303,1,1,1991,0,0,0,0,0,0,0,0,0,0
421303,2,1,1991,0,0,0,0,0,0,0,0,0,0
421304,0,1,1991,19,19,19,19,19,19,19,19,19,19
421304,1,1,1991,4,4,4,4,4,4,4,4,4,4
421305,1,1,1991,0,0,0,0,0,0,0,0,0,0
421305,2,1,1991,0,0,0,0,0,0,0,0,0,0
421306,1,1,1991,20,20,20,20,20,20,20,20,20,20
421307,0,1,1991,13,13,13,13,13,13,13,13,13,13
421307,0,2,1991,15,15,15,15,15,15,15,15,15,15
421307,1,1,1991,0,0,0,0,0,0,0,0,0,0
421308,1,1,1991,9,9,9,9,9,9,9,9,9,9
421309,1,1,1991,0,0,0,0,0,0,0,0,0,0
421310,1,1,1991,0,0,0,0,0,0,0,0,0,0
421311,1,1,1991,0,0,0,0,0,0,0,0,14,0
421312,1,1,1991,19,19,19,19,19,19,19,19,19,19
421313,0,1,1991,21,21,21,21,21,21,21,21,21,21
421313,1,1,1991,0,0,0,0,0,0,0,0,0,0
421314,1,1,1991,0,0,0,0,0,0,0,0,0,0
421314,2,1,1991,0,0,0,0,0,0,0,0,0,0
421315,1,1,1991,0,0,0,0,0,0,0,0,0,0
421315,2,1,1991,0,0,0,0,0,0,0,0,0,0
421316,1,1,1991,0,0,0,0,0,0,0,0,0,0
421317,1,1,1991,20,20,20,20,20,20,20,20,20,20
421318,1,1,1991,0,0,0,0,13,0,0,0,0,0
421318,2,1,1991,0,0,0,0,0,0,0,0,0,0
421319,1,1,1991,0,0,0,0,0,0,26,0,0,0
421320,0,1,1991,0,0,0,0,0,0,0,0,0,0
421320,1,1,1991,0,0,0,0,0,0,0,0,0,0
421321,1,1,1991,0,0,0,0,0,0,0,0,0,0
421321,2,1,1991,16,12,5,18,18,9,11,0,0,0
421322,0,1,1991,0,0,0,0,0,0,0,0,11,0
421322,1,1,1991,5,0,0,0,0,0,0,0,0,0
421323,0,1,1991,0,0,0,0,0,0,0,0,0,0
421323,0,2,1991,0,0,0,0,0,0,0,0,0,0
421323,1,1,1991,0,0,6,0,0,7,0,0,0,0
421323,2,1,1991,0,18,0,0,0,25,37,0,0,0
421323,3,1,1991,0,0,0,0,0,0,0,0,0,0
421323,4,1,1991,0,0,0,0,18,0,0,0,0,13
421323,5,1,1991,0,0,0,0,0,0,0,24,0,0
421323,6,1,1991,13,9,37,0,10,11,0,0,0,0
421323,7,1,1991,0,0,0,0,0,0,0,0,0,0
421323,8,1,1991,0,0,0,0,0,0,0,0,0,0
421324,1,1,1991,14,28,16,22,13,8,8,10,16,0
421325,1,1,1991,33,11,7,6,0,0,18,0,0,11
421326,1,1,1991,22,19,0,12,0,10,16,19,14,14
421327,1,1,1991,37,0,0,0,28,0,0,21,23,0
421328,1,1,1991,23,23,23,23,23,23,23,23,23,23
421329,0,1,1991,17,17,17,17,17,17,17,17,17,17
421329,1,1,1991,0,0,0,0,0,0,0,0,0,0
421330,1,1,1991,18,18,18,18,18,18,18,18,18,18
421330,2,1,1991,0,0,0,0,14,13,0,0,0,12
421331,1,1,1991,0,0,0,0,0,0,0,0,0,0
421331,2,1,1991,0,0,0,0,0,0,0,0,0,0
421332,1,1,1991,0,0,0,0,0,0,0,0,0,0
421333,1,1,1991,7,7,7,7,7,7,7,7,7,7
421333,2,1,1991,0,0,0,0,0,0,0,0,0,0
421334,0,1,1991,0,0,0,0,0,0,0,0,0,0
421334,1,1,1991,0,0,0,0,0,0,0,0,0,0
421335,1,1,1991,0,0,0,0,0,0,0,0,0,0
421335,2,1,1991,10,10,10,10,10,10,10,10,10,10
421336,1,1,1991,0,0,0,0,0,0,0,0,0,0
421336,2,1,1991,0,0,0,0,0,0,0,0,0,13
421337,1,1,1991,0,0,0,0,0,0,0,0,0,0
421338,1,1,1991,12,12,12,12,12,12,12,12,12,12
421339,1,1,1991,0,0,0,0,0,0,0,0,0,0
421340,1,1,1991,0,0,0,0,0,0,0,0,0,0
421340,2,1,1991,0,0,0,0,0,0,0,0,0,0
421341,1,1,1991,30,30,30,30,30,30,30,30,30,30
421342,1,1,1991,0,0,0,0,0,0,0,0,0,0
421342,2,1,1991,0,0,0,0,0,0,0,0,0,0
421343,1,1,1991,0,0,0,0,0,0,0,0,0,0
421343,2,1,1991,0,0,0,0,0,0,0,0,0,0
421344,1,1,1991,0,0,0,0,0,0,0,0,0,0
421345,1,1,1991,0,0,0,0,0,0,0,0,0,0
421345,2,1,1991,0,0,0,0,0,0,0,0,0,0
421345,3,1,1991,0,0,0,0,0,0,0,0,0,0
421345,4,1,1991,0,4,0,0,0,0,0,0,0,0
421345,5,1,1991,0,5,0,0,0,0,14,0,0,0
421345,6,1,1991,0,0,0,0,0,0,0,0,0,0
421345,7,1,1991,0,0,0,0,0,0,0,0,0,0
421346,1,1,1991,0,0,0,0,0,0,0,0,0,0
421346,2,1,1991,0,0,0,0,0,0,0,0,0,0
421347,1,1,1991,32,32,32,32,32,32,32,32,32,32
421348,1,1,1991,27,27,27,27,27,27,27,27,27,27
421349,1,1,1991,0,0,0,0,0,0,0,0,0,0
421350,1,1,1991,0,0,7,0,0,0,0,0,0,0
421350,2,1,1991,2,0,0,0,0,0,0,0,0,0
421351,0,1,1991,0,0,0,0,0,0,0,0,0,0
421351,1,1,1991,0,0,0,24,0,0,0,0,20,0
421352,1,1,1991,0,0,0,0,0,0,0,0,0,0
421353,1,1,1991,8,9,18,0,8,10,28,29,30,0
421354,0,1,1991,0,0,0,0,0,0,0,0,0,0
421354,1,1,1991,0,0,0,0,0,0,0,0,0,0
421355,1,1,1991,0,0,0,0,0,0,0,0,0,0
421355,2,1,1991,0,0,0,0,0,0,0,0,0,0
421355,3,1,1991,0,0,0,0,0,0,0,0,0,0
421356,1,1,1991,12,12,12,12,12,12,12,12,12,12
421357,1,1,1991,7,7,7,7,7,7,7,7,7,7
421357,2,1,1991,0,0,0,0,0,0,0,0,0,0
421358,1,1,1991,23,23,23,23,23,23,23,23,23,23
421359,0,1,1991,0,0,0,0,0,0,0,0,0,0
421359,1,1,1991,0,0,0,0,0,0,0,0,0,0
421360,1,1,1991,0,0,0,0,0,0,0,0,0,0
421361,1,1,1991,0,16,0,0,0,0,0,8,0,0
421361,2,1,1991,0,16,0,0,0,0,20,13,0,0
421362,0,1,1991,0,0,0,0,0,0,0,0,0,0
421362,1,1,1991,19,0,0,0,0,0,0,0,0,0
421363,1,1,1991,19,19,19,19,19,19,19,19,19,19
421364,1,1,1991,0,0,0,0,0,0,0,0,0,0
421364,2,1,1991,27,0,0,0,11,0,0,15,17,0
421365,0,1,1991,19,0,0,0,0,0,0,0,0,0
421365,1,1,1991,3,3,3,3,3,3,3,3,3,3
421366,1,1,1991,0,0,0,0,0,0,0,0,0,0
421366,2,1,1991,0,0,0,0,0,0,0,0,0,0
421367,0,1,1991,0,0,0,0,0,0,16,0,0,0
421367,0,2,1991,0,29,0,0,0,0,0,0,0,0
421367,1,1,1991,0,0,0,0,0,18,6,0,17,17
421368,1,1,1991,0,0,0,0,0,0,8,0,0,0
421368,2,1,1991,0,0,0,0,0,0,0,0,0,0
421369,0,1,1991,30,26,15,14,0,42,21,30,27,12
421369,1,1,1991,0,0,17,5,14,9,0,7,18,25
421370,1,1,1991,24,24,24,24,24,24,24,24,24,24
421371,1,1,1991,0,0,0,0,0,0,0,0,0,0
421371,2,1,1991,0,0,0,0,0,0,0,0,0,0
421372,1,1,1991,0,0,0,0,0,0,0,0,0,0
421373,0,1,1991,0,0,0,0,0,0,0,0,0,0
421373,1,1,1991,0,0,0,0,0,0,0,0,0,0
421374,1,1,1991,11,11,11,11,11,11,11,11,11,11
421375,1,1,1991,17,13,0,21,0,22,0,0,9,0
421376,1,1,1991,21,21,21,21,21,21,21,21,21,21
421377,1,1,1991,25,25,25,25,25,25,25,25,25,25
421378,0,1,1991,0,21,0,0,0,0,0,0,0,0
421378,1,1,1991,0,0,18,0,11,0,0,0,0,0
421379,1,1,1991,0,0,0,0,0,0,0,0,0,0
421379,2,1,1991,0,0,0,0,0,0,0,0,0,0
421380,1,1,1991,0,0,0,0,0,0,0,0,0,0
421380,2,1,1991,0,0,0,0,0,0,0,0,0,0
421381,1,1,1991,5,5,5,5,5,5,5,5,5,5
421381,2,1,1991,4,4,4,4,4,4,4,4,4,4
421382,1,1,1991,0,0,0,0,0,0,0,0,0,0
421382,2,1,1991,0,0,0,0,0,0,0,19,0,0
421382,3,1,1991,0,0,0,0,0,0,0,0,0,0
421383,1,1,1991,0,0,0,0,0,0,0,0,0,0
421383,2,1,1991,0,14,0,0,0,0,3,0,0,0
421383,3,1,1991,0,0,0,0,0,0,0,0,0,0
421384,1,1,1991,0,0,0,0,0,0,0,0,0,0
421385,0,1,1991,0,0,0,0,0,0,0,0,0,0
421385,1,1,1991,0,0,0,0,0,0,0,0,0,0
421386,1,1,1991,13,13,13,13,13,13,13,13,13,13
421387,1,1,1991,13,16,0,0,0,0,0,0,0,0
421387,2,1,1991,0,0,0,0,0,0,0,0,0,0
421388,1,1,1991,0,0,7,0,2,0,0,0,0,0
421389,1,1,1991,0,0,0,0,0,0,0,0,0,0
421390,1,1,1991,0,0,4,0,0,0,0,0,17,0
421390,2,1,1991,0,0,24,0,0,0,0,0,0,0
421391,0,1,1991,0,0,0,0,0,0,0,0,0,0
421391,1,1,1991,0,0,0,0,0,0,0,0,0,0
421392,0,1,1991,0,0,0,0,26,24,37,11,33,22
421392,1,1,1991,0,11,21,0,0,0,0,0,0,40
421393,1,1,1991,25,0,25,3,16,14,33,17,0,18
421394,1,1,1991,0,0,0,0,0,0,0,0,0,0
421394,2,1,1991,0,0,0,0,0,0,0,0,0,0
421395,1,1,1991,0,0,0,0,0,0,0,0,0,0
421395,2,1,1991,0,0,0,0,0,0,0,0,0,0
421396,1,1,1991,1,1,1,1,1,1,1,1,1,1
421396,2,1,1991,0,0,0,0,0,0,0,0,0,0
421397,1,1,1991,23,23,23,23,23,23,23,23,23,23
421397,2,1,1991,0,0,0,0,0,0,0,0,0,0
421398,1,1,1991,10,10,10,10,10,10,10,10,10,10
421399,0,1,1991,0,0,0,0,0,0,0,0,0,0
421399,1,1,1991,0,0,0,10,8,10,0,22,0,15
421400,1,1,1991,0,0,0,0,0,0,0,0,0,0
421400,2,1,1991,0,0,0,10,0,0,0,0,0,0
421401,1,1,1991,21,31,12,21,13,12,22,15,12,33
421402,1,1,1991,11,11,11,11,11,11,11,11,11,11
421403,1,1,1991,0,0,0,0,0,0,0,0,0,0
421403,2,1,1991,0,0,0,0,0,0,0,0,0,0
421404,0,1,1991,0,0,0,0,0,0,0,0,0,0
421404,1,1,1991,0,0,0,0,0,0,0,0,0,0
421405,1,1,1991,0,0,0,0,0,0,0,0,0,0
421406,1,1,1991,0,0,0,0,0,0,0,0,0,0
421406,2,1,1991,0,0,0,0,0,0,0,0,0,0
421406,3,1,1991,0,0,0,0,0,0,0,0,0,0
421407,1,1,1991,0,0,0,0,6,0,0,0,0,17
421408,1,1,1991,14,13,0,14,14,21,25,12,22,10
421409,1,1,1991,0,0,0,0,0,0,0,0,0,0
421409,2,1,1991,0,0,0,0,0,0,0,0,0,0
421410,1,1,1991,0,0,0,0,0,0,0,8,0,0
421410,2,1,1991,0,0,0,0,0,0,0,0,0,0
421411,0,1,1991,0,0,0,0,0,0,0,0,0,0
421411,0,2,1991,0,33,0,0,0,0,0,17,0,0
421411,1,1,1991,29,0,0,0,0,0,0,0,0,0
421412,1,1,1991,0,0,0,0,0,0,0,0,0,0
421412,2,1,1991,0,0,0,0,0,0,0,0,0,0
421413,1,1,1991,0,0,0,0,0,0,0,0,27,0
421413,2,1,1991,0,0,0,0,15,0,15,0,0,0
421413,3,1,1991,0,0,0,0,0,0,0,0,0,0
421414,1,1,1991,0,0,0,0,0,0,0,0,0,0
421414,2,1,1991,0,0,0,0,0,0,0,0,0,0
421414,3,1,1991,0,0,0,0,0,0,0,0,0,0
421415,1,1,1991,30,30,30,30,30,30,30,30,30,30
421416,1,1,1991,0,0,0,0,0,0,0,0,0,0
421416,2,1,1991,0,0,0,0,0,0,0,0,0,0
421417,0,1,1991,0,0,0,0,0,0,0,0,0,0
421417,1,1,1991,0,0,0,0,0,0,0,0,0,0
421417,2,1,1991,0,0,0,0,0,0,0,0,0,0
421418,1,1,1991,0,0,0,0,0,0,0,0,0,0
421418,2,1,1991,0,0,0,0,0,0,0,0,14,0
421419,1,1,1991,17,17,17,17,17,17,17,17,17,17
421419,2,1,1991,0,0,0,0,0,0,0,0,0,0
421420,0,1,1991,14,14,14,14,14,14,14,14,14,14
421420,0,2,1991,0,7,0,15,28,11,21,18,8,20
421420,1,1,1991,6,6,6,6,6,6,6,6,6,6
421421,1,1,1991,0,0,0,0,0,0,0,0,0,0
421422,1,1,1991,14,14,14,14,14,14,14,14,14,14
421423,1,1,1991,0,0,0,23,0,0,0,0,0,0
421423,2,1,1991,0,0,0,0,0,0,0,0,0,0
421423,3,1,1991,0,0,0,0,0,0,0,0,0,0
421423,4,1,1991,0,0,0,0,0,0,0,0,0,0
421424,1,1,1991,24,24,24,24,24,24,24,24,24,24
421425,1,1,1991,0,0,0,0,0,0,0,0,0,0
421426,0,1,1991,0,0,0,0,0,0,0,0,0,0
421426,1,1,1991,0,0,0,0,0,0,0,0,0,0
421427,1,1,1991,0,0,0,0,0,14,0,7,0,0
421428,1,1,1991,14,14,14,14,14,14,14,14,14,14
421429,1,1,1991,0,0,0,0,0,0,0,0,0,0
421429,2,1,1991,38,38,38,38,38,38,38,38,38,38
421430,1,1,1991,27,27,27,27,27,27,27,27,27,27
421431,1,1,1991,0,11,0,19,0,0,0,17,0,0
421431,2,1,1991,0,0,0,0,0,0,0,0,0,0
421432,0,1,1991,0,0,0,0,0,0,0,0,0,0
421432,1,1,1991,0,0,0,0,0,15,0,0,0,0
421433,1,1,1991,1,1,1,1,1,1,1,1,1,1
421434,1,1,1991,38,38,38,38,38,38,38,38,38,38
421435,1,1,1991,0,0,0,0,0,0,0,0,0,0
421435,2,1,1991,0,0,0,0,0,0,0,0,0,0
421436,1,1,1991,19,19,19,19,19,19,19,19,19,19
421437,0,1,1991,0,0,0,0,0,0,0,0,0,0
421437,1,1,1991,0,0,0,0,0,0,0,0,0,0
421438,1,1,1991,35,35,35,35,35,35,35,35,35,35
421439,1,1,1991,27,27,27,27,27,27,27,27,27,27
421440,1,1,1991,0,0,0,0,0,0,0,0,0,0
421440,2,1,1991,0,0,0,0,0,0,0,0,0,0
421441,1,1,1991,0,0,0,0,0,0,0,0,0,0
421441,2,1,1991,0,0,0,0,0,0,0,0,0,0
421442,1,1,1991,20,20,20,20,20,20,20,20,20,20
421443,0,1,1991,25,0,0,0,0,0,0,18,44,6
421443,1,1,1991,0,0,0,0,0,0,11,0,0,0
421444,1,1,1991,0,0,0,0,0,0,0,0,0,0
421445,1,1,1991,0,0,0,0,0,0,0,0,0,0
421446,1,1,1991,0,0,0,0,0,0,0,0,0,0
421446,2,1,1991,0,0,0,0,0,0,0,0,0,0
421447,0,1,1991,0,0,0,0,0,0,0,0,0,35
421447,1,1,1991,0,0,0,0,0,0,0,0,0,0
421448,1,1,1991,14,6,0,0,0,0,25,0,0,9
421448,2,1,1991,0,0,0,0,0,0,0,0,0,0
421449,1,1,1991,21,21,21,21,21,21,21,21,21,21
421449,2,1,1991,6,11,18,27,33,23,8,15,11,13
421450,1,1,1991,16,16,16,16,16,16,16,16,16,16
421451,1,1,1991,0,0,0,0,0,0,0,0,0,0
421452,1,1,1991,0,0,0,0,0,0,0,0,0,0
421453,1,1,1991,30,30,30,30,30,30,30,30,30,30
421454,1,1,1991,0,0,0,0,0,0,0,0,0,0
421455,1,1,1991,27,27,27,27,27,27,27,27,27,27
421455,2,1,1991,4,4,4,4,4,4,4,4,4,4
421456,1,1,1991,19,19,19,19,19,19,19,19,19,19
421457,1,1,1991,0,0,0,0,0,0,0,0,0,0
421457,2,1,1991,0,0,0,0,0,0,0,0,0,0
421458,1,1,1991,11,33,22,20,29,17,29,21,20,22
421459,1,1,1991,0,0,0,0,0,0,0,0,0,4
421459,2,1,1991,0,0,0,0,0,0,0,0,0,0
421460,1,1,1991,9,9,9,9,9,9,9,9,9,9
421460,2,1,1991,0,0,0,3,0,0,0,0,0,0
421461,1,1,1991,2,2,2,2,2,2,2,2,2,2
421461,2,1,1991,0,0,0,0,0,0,0,0,0,0
421462,1,1,1991,0,0,0,0,0,0,0,0,0,0
421463,1,1,1991,14,21,20,7,13,23,11,15,7,2
421464,1,1,1991,0,0,0,0,0,0,0,0,0,0
421464,2,1,1991,0,0,0,0,0,0,0,0,0,0
421465,0,1,1991,0,0,0,0,0,0,0,0,0,0
421465,1,1,1991,0,0,0,0,0,0,28,0,0,0
421466,1,1,1991,12,22,6,20,0,25,0,20,25,0
421467,1,1,1991,12,12,12,12,12,12,12,12,12,12
421467,2,1,1991,0,0,0,0,0,0,0,22,0,0
421468,1,1,1991,0,0,0,0,0,0,0,0,0,0
421468,2,1,1991,0,0,0,0,0,0,0,0,0,0
421469,0,1,1991,0,0,0,0,0,0,0,0,0,0
421469,1,1,1991,0,0,0,0,0,0,21,0,6,0
421470,0,1,1991,0,0,0,0,0,0,0,0,0,0
421470,1,1,1991,0,0,0,0,0,0,0,0,0,0
421471,1,1,1991,17,17,17,17,17,17,17,17,17,17
421472,1,1,1991,24,24,24,24,24,24,24,24,24,24
421472,2,1,1991,18,18,18,18,18,18,18,18,18,18
421473,1,1,1991,0,0,18,0,0,0,0,0,0,0
421473,2,1,1991,0,0,0,0,0,0,0,0,0,6
421474,0,1,1991,0,0,0,0,0,0,0,0,0,0
421474,1,1,1991,0,0,0,0,0,0,0,0,0,0
421475,1,1,1991,0,0,0,0,0,0,0,8,0,0
421475,2,1,1991,0,0,0,0,0,0,0,0,0,0
421476,1,1,1991,0,0,0,0,0,0,0,0,0,0
421476,2,1,1991,0,0,0,0,0,0,0,0,0,0
421477,1,1,1991,0,0,0,0,0,0,0,0,0,0
421477,2,1,1991,0,0,0,0,0,0,0,0,0,0
421478,0,1,1991,0,0,0,0,0,18,28,31,0,0
421478,1,1,1991,0,0,0,0,8,0,0,0,0,0
421479,1,1,1991,19,25,7,13,14,17,22,17,35,23
421480,1,1,1991,10,10,10,10,10,10,10,10,10,10
421480,2,1,1991,0,0,0,0,0,0,0,0,0,0
421481,1,1,1991,11,11,11,11,11,11,11,11,11,11
421482,0,1,1991,0,30,0,0,0,0,0,0,0,0
421482,1,1,1991,0,0,0,0,0,0,0,0,0,0
421483,1,1,1991,23,0,0,0,0,0,0,0,12,0
421483,2,1,1991,0,0,0,0,0,0,0,0,0,0
421484,1,1,1991,14,5,20,0,0,23,0,0,5,0
421484,2,1,1991,5,0,5,23,41,18,11,0,0,0
421485,1,1,1991,0,0,0,0,0,0,0,0,0,0
421486,1,1,1991,18,18,18,18,18,18,18,18,18,18
421486,2,1,1991,9,0,18,0,2,0,0,20,0,0
421486,3,1,1991,0,0,0,0,0,0,0,0,0,0
421486,4,1,1991,0,0,0,0,0,0,0,0,0,0
421486,5,1,1991,0,0,0,0,0,0,0,0,0,0
421487,1,1,1991,0,0,0,0,0,0,0,0,0,0
421487,2,1,1991,0,0,0,0,0,0,0,0,0,0
421488,0,1,1991,38,20,28,12,15,22,21,26,46,21
421488,1,1,1991,0,0,0,0,0,0,0,0,0,0
421489,1,1,1991,30,30,30,30,30,30,30,30,30,30
421490,1,1,1991,21,21,21,21,21,21,21,21,21,21
421491,1,1,1991,0,0,30,0,0,0,0,0,23,0
421492,1,1,1991,0,14,0,0,0,0,0,0,0,0
421492,2,1,1991,0,0,0,0,0,14,0,0,0,0
421493,1,1,1991,0,0,0,0,0,0,0,0,0,0
421493,2,1,1991,0,0,0,0,0,0,0,0,0,0
421493,3,1,1991,0,0,0,0,0,0,0,0,0,0
421494,0,1,1991,0,0,0,0,0,0,0,0,0,0
421494,1,1,1991,0,0,0,0,0,0,0,0,0,0
421495,1,1,1991,23,23,23,23,23,23,23,23,23,23
421495,2,1,1991,0,0,0,0,13,0,0,0,0,0
421496,1,1,1991,0,0,0,0,0,0,0,0,0,0
421497,1,1,1991,0,0,0,0,0,0,0,0,0,0
421497,2,1,1991,0,0,0,0,0,21,0,0,0,0
421498,1,1,1991,0,0,0,0,0,0,0,0,4,0
421498,2,1,1991,0,0,0,0,0,0,0,0,0,0
421499,1,1,1991,18,18,18,18,18,18,18,18,18,18
421500,0,1,1991,0,0,0,0,0,0,0,0,0,0
421500,1,1,1991,0,0,0,0,0,0,0,0,0,0
421501,0,1,1991,0,0,0,0,0,0,0,0,0,0
421501,1,1,1991,0,22,7,0,0,10,0,9,13,0
421502,0,1,1991,0,0,0,0,0,0,0,0,0,0
421502,1,1,1991,0,0,0,0,0,0,0,0,0,0
421503,1,1,1991,0,0,0,9,0,0,0,0,0,16
421504,1,1,1991,0,0,0,0,0,0,0,0,0,7
421504,2,1,1991,0,0,0,0,0,0,0,0,0,0
421505,1,1,1991,0,0,0,6,0,0,0,0,0,0
421506,1,1,1991,0,0,0,0,0,0,0,0,0,0
421507,0,1,1991,0,0,0,0,0,0,0,0,0,0
421507,1,1,1991,0,0,0,0,0,0,0,0,0,0
421508,1,1,1991,0,0,0,0,0,0,0,0,0,0
421509,1,1,1991,0,0,0,0,0,0,0,0,0,0
421509,2,1,1991,0,0,0,0,0,0,0,0,0,0
421510,1,1,1991,0,0,0,0,0,0,0,0,0,0
421511,0,1,1991,22,22,22,22,22,22,22,22,22,22
421511,1,1,1991,0,0,0,10,0,0,0,0,18,0
421512,1,1,1991,15,15,15,15,15,15,15,15,15,15
421513,1,1,1991,0,0,0,8,0,0,0,0,0,0
421513,2,1,1991,0,0,0,0,0,0,0,0,0,0
421514,1,1,1991,0,0,0,0,0,0,0,0,0,0
421515,0,1,1991,0,0,0,0,0,0,0,15,0,0
421515,1,1,1991,0,0,0,0,0,0,0,0,0,0
421516,1,1,1991,0,0,0,0,0,0,0,0,0,0
421516,2,1,1991,0,0,9,0,0,0,0,0,0,9
421516,3,1,1991,0,0,0,9,0,0,0,13,0,0
421517,0,1,1991,0,0,0,0,0,0,0,0,0,0
421517,1,1,1991,8,8,8,8,8,8,8,8,8,8
421518,1,1,1991,0,0,0,0,0,0,0,0,0,0
421519,1,1,1991,0,0,0,0,0,0,0,0,0,0
421520,1,1,1991,0,0,0,0,0,0,7,0,17,0
421520,2,1,1991,0,0,0,20,0,0,0,0,0,0
421521,0,1,1991,0,0,0,0,0,0,0,0,0,0
421521,1,1,1991,0,0,0,0,0,0,0,0,0,0
421522,1,1,1991,0,0,0,0,0,0,0,0,0,0
421522,2,1,1991,0,0,7,0,0,0,0,0,17,0
421522,3,1,1991,0,0,0,0,0,0,0,0,0,0
421523,1,1,1991,0,0,0,0,0,0,0,0,0,0
421524,1,1,1991,0,0,0,0,0,0,0,0,0,0
421524,2,1,1991,0,0,0,0,0,0,0,0,0,0
421525,0,1,1991,0,0,0,0,0,0,0,0,0,0
421525,1,1,1991,0,0,0,0,0,0,0,0,0,0
421526,0,1,1991,25,18,19,31,17,16,0,44,0,0
421526,1,1,1991,6,0,34,0,0,0,0,0,20,0
421527,1,1,1991,0,0,0,0,0,0,0,0,0,0
421527,2,1,1991,0,0,0,0,20,0,0,0,0,0
421528,1,1,1991,30,30,30,30,30,30,30,30,30,30
421529,0,1,1991,0,0,0,0,0,0,0,0,0,0
421529,0,2,1991,0,20,23,0,34,10,0,0,9,14
421529,1,1,1991,2,2,2,2,2,2,2,2,2,2
421530,1,1,1991,0,0,0,0,0,0,10,0,0,0
421530,2,1,1991,0,0,10,0,0,0,0,0,0,0
421532,1,1,1991,0,0,0,0,0,0,0,0,0,0
421532,2,1,1991,0,0,0,0,0,0,0,0,0,0
421532,3,1,1991,0,0,0,23,0,0,0,0,0,0
440001,0,1,1991,24,24,24,24,24,24,24,24,24,24
440001,1,1,1991,11,11,11,11,11,11,11,11,11,11
440002,1,1,1991,17,17,17,17,17,17,17,17,17,17
440002,2,1,1991,0,0,0,0,0,0,0,21,0,0
440003,1,1,1991,0,0,0,0,0,0,0,0,0,0
440004,1,1,1991,22,22,22,22,22,22,22,22,22,22
440004,2,1,1991,0,0,0,0,0,0,0,0,0,0
440005,1,1,1991,0,0,0,0,0,0,0,0,0,0
440005,2,1,1991,0,0,0,0,0,0,0,0,0,0
440006,1,2,1991,0,0,0,0,0,0,0,0,0,0
440006,2,1,1991,4,17,15,22,23,11,0,15,13,12
440007,1,1,1991,0,0,0,0,0,0,0,0,0,0
440007,2,1,1991,0,0,0,0,0,0,0,0,0,0
440008,0,1,1991,0,0,0,0,0,0,0,0,0,0
440008,1,1,1991,7,0,8,7,20,2,0,15,23,10
440009,1,1,1991,8,8,8,8,8,8,8,8,8,8
440010,1,1,1991,11,11,11,11,11,11,11,11,11,11
440011,1,1,1991,2,2,2,2,2,2,2,2,2,2
440011,2,1,1991,0,0,0,0,0,0,0,0,0,0
440012,1,1,1991,0,0,0,0,0,0,0,0,0,0
440012,2,1,1991,0,0,0,0,0,0,0,0,0,0
440013,1,2,1991,0,0,0,0,0,0,0,0,0,0
440013,2,1,1991,0,0,0,0,0,0,0,14,0,0
440014,1,1,1991,33,33,33,33,33,33,33,33,33,33
440015,1,1,1991,0,0,0,0,0,0,0,0,0,0
440015,2,1,1991,0,0,0,0,0,0,0,0,0,0
440016,1,1,1991,29,29,29,29,29,29,29,29,29,29
440017,1,1,1991,17,17,17,17,17,17,17,17,17,17
440018,1,1,1991,0,0,0,0,0,0,0,0,0,0
440019,1,1,1991,32,30,19,10,10,19,0,23,28,15
440019,2,1,1991,0,0,0,0,0,0,0,0,0,0
440020,0,1,1991,0,0,0,0,0,0,0,0,0,0
440020,1,1,1991,0,0,0,0,0,0,0,0,0,0
440021,1,1,1991,2,2,2,2,2,2,2,2,2,2
440021,2,1,1991,0,0,0,0,0,0,0,0,0,0
440022,1,1,1991,6,6,6,6,6,6,6,6,6,6
440022,2,1,1991,0,0,0,0,0,0,0,0,0,0
440022,3,1,1991,0,0,0,0,0,0,0,0,0,0