ST_CASE,VEH_NO,PER_NO,YEAR,P1,P2,P3,P4,P5,P6,P7,P8,P9,P10
450239,1,1,1991,0,0,0,0,0,0,0,0,0,0
450240,1,1,1991,0,0,0,0,0,0,0,0,0,0
450241,0,1,1991,0,0,0,0,0,0,0,0,0,0
450241,1,1,1991,0,24,22,11,0,15,8,0,0,33
450242,1,1,1991,0,17,0,0,0,0,0,0,0,0
450243,1,1,1991,0,0,0,0,0,0,0,0,0,0
450243,2,1,1991,0,0,0,0,0,0,0,0,0,0
450244,1,1,1991,0,0,0,0,0,0,0,0,0,0
450244,2,1,1991,0,0,0,0,0,0,0,0,0,0
450245,1,1,1991,21,21,21,21,21,21,21,21,21,21
450246,1,1,1991,0,0,0,0,0,0,0,0,0,0
450246,2,1,1991,0,0,0,0,0,0,0,0,0,0
450247,1,1,1991,0,0,0,0,0,0,0,0,0,0
450247,2,1,1991,0,0,0,0,0,0,0,0,0,0
450248,1,1,1991,0,0,0,0,0,0,0,0,0,0
450248,2,1,1991,0,0,0,0,0,0,0,0,0,0
450249,1,1,1991,27,27,27,27,27,27,27,27,27,27
450250,1,1,1991,17,17,17,17,17,17,17,17,17,17
450250,2,1,1991,0,0,0,0,0,0,0,0,0,0
450251,0,1,1991,0,0,0,0,0,0,0,0,0,0
450251,1,1,1991,0,0,0,0,0,0,0,0,0,0
450252,1,1,1991,23,23,23,23,23,23,23,23,23,23
450252,2,1,1991,8,8,8,8,8,8,8,8,8,8
450253,0,1,1991,0,0,27,0,0,0,0,0,0,0
450253,1,1,1991,8,8,8,8,8,8,8,8,8,8
450254,1,1,1991,0,0,0,0,0,0,0,0,0,0
450254,2,1,1991,0,0,0,0,0,0,0,0,0,0
450255,1,1,1991,0,0,0,0,0,0,0,0,0,0
450255,2,1,1991,0,0,0,0,0,0,0,0,0,0
450256,1,1,1991,0,0,0,0,0,0,0,0,0,0
450256,2,1,1991,0,0,0,0,0,0,0,0,0,0
450257,1,1,1991,0,0,0,0,0,0,0,0,0,0
450257,2,1,1991,5,0,0,0,0,0,0,0,0,0
450258,1,1,1991,1,1,1,1,1,1,1,1,1,1
450258,2,1,1991,12,12,12,12,12,12,12,12,12,12
450259,1,1,1991,0,0,0,0,0,0,0,0,0,0
450259,2,1,1991,0,0,0,24,0,0,0,0,0,0
450260,1,1,1991,21,21,21,21,21,21,21,21,21,21
450261,1,1,1991,29,29,29,29,29,29,29,29,29,29
450261,2,1,1991,0,0,0,0,0,0,0,0,0,0
450262,1,1,1991,0,0,0,0,0,0,0,0,0,0
450263,1,1,1991,0,0,0,0,0,32,0,0,0,0
450263,2,1,1991,0,0,0,0,0,0,0,0,0,0
450264,1,1,1991,7,0,0,0,0,0,0,0,0,8
450265,1,1,1991,0,0,0,0,0,0,0,0,0,0
450265,2,1,1991,0,0,0,0,0,0,0,0,0,0
450266,1,1,1991,30,30,30,30,30,30,30,30,30,30
450267,0,1,1991,0,0,0,0,0,0,0,0,0,0
450267,1,1,1991,0,0,0,0,0,0,0,0,0,0
450268,1,1,1991,0,0,0,0,0,0,15,0,0,0
450268,2,1,1991,0,0,0,0,0,0,0,0,0,0
450269,0,1,1991,0,0,0,0,0,0,0,0,0,0
450269,1,1,1991,0,0,0,0,0,0,0,0,0,10
450270,1,1,1991,0,0,0,0,0,0,0,0,0,0
450270,2,1,1991,0,0,0,0,0,0,0,0,0,0
450272,1,1,1991,0,0,0,0,0,0,0,0,0,0
450272,2,1,1991,0,0,0,0,0,0,0,0,0,0
450273,0,1,1991,0,0,0,16,11,0,27,25,0,0
450273,1,1,1991,0,0,0,0,0,0,0,0,0,0
450274,0,1,1991,23,23,23,23,23,23,23,23,23,23
450274,1,1,1991,0,0,0,0,0,0,0,0,0,0
450275,0,1,1991,0,0,0,0,0,0,0,0,0,0
450275,1,1,1991,0,0,0,0,0,0,0,0,0,0
450276,0,1,1991,0,0,0,0,0,0,0,16,0,0
450276,1,1,1991,0,0,0,0,7,5,0,0,0,26
450277,1,1,1991,0,0,0,10,0,0,14,0,0,10
450277,2,1,1991,0,0,0,0,0,0,0,0,0,0
450278,1,1,1991,0,0,0,0,0,0,0,0,0,0
450279,1,1,1991,0,0,0,0,0,0,0,0,0,0
450279,2,1,1991,0,0,0,3,0,0,0,8,0,0
450280,1,1,1991,23,23,23,23,23,23,23,23,23,23
450281,1,1,1991,17,17,17,17,17,17,17,17,17,17
450282,1,1,1991,0,0,0,0,0,0,0,0,0,0
450282,2,1,1991,0,0,0,0,0,0,0,0,0,0
450283,1,1,1991,0,0,0,0,0,0,0,0,0,0
450283,2,1,1991,18,18,18,18,18,18,18,18,18,18
450284,1,1,1991,0,0,0,0,0,0,0,0,0,0
450284,2,1,1991,0,0,0,0,0,0,0,0,0,0
450285,1,1,1991,0,0,0,0,0,0,0,0,0,0
450285,2,1,1991,0,0,0,0,0,0,0,0,0,0
450286,1,1,1991,0,0,0,0,0,0,0,0,0,0
450286,2,1,1991,0,0,0,0,0,0,0,0,0,0
450288,0,2,1991,0,0,0,19,0,0,0,15,16,16
450288,0,3,1991,0,0,0,0,0,0,0,0,0,0
450288,1,1,1991,0,0,0,0,13,0,0,19,0,0
450289,1,1,1991,0,0,0,0,0,0,0,0,0,0
450290,1,1,1991,0,27,0,0,0,0,0,13,0,0
450291,0,1,1991,0,0,0,0,0,0,0,0,0,0
450291,1,1,1991,19,0,0,0,0,0,0,0,0,0
450292,1,1,1991,0,0,0,0,0,0,0,0,0,0
450293,1,1,1991,0,0,0,0,0,0,0,0,0,0
450293,2,1,1991,0,0,0,0,0,0,0,0,0,0
450294,1,1,1991,0,0,0,0,0,0,0,0,0,0
450294,2,1,1991,0,0,0,0,0,0,0,0,0,0
450295,1,1,1991,0,0,0,0,0,0,0,0,0,0
450295,2,1,1991,0,0,0,0,18,24,0,0,0,0
450297,1,1,1991,0,0,0,0,0,0,0,0,10,0
450297,2,1,1991,0,0,0,0,0,0,0,0,0,0
450298,1,1,1991,5,5,5,5,5,5,5,5,5,5
450299,1,1,1991,8,0,0,0,10,0,0,0,0,0
450301,1,1,1991,0,0,0,0,0,0,0,0,0,0
450301,2,1,1991,0,0,0,0,0,0,0,0,0,0
450302,1,1,1991,0,0,0,0,0,0,0,0,0,0
450302,2,1,1991,0,0,0,0,0,0,0,0,0,0
450303,1,1,1991,0,0,0,0,0,0,0,0,0,0
450303,2,1,1991,0,0,0,0,0,0,0,0,0,0
450304,1,1,1991,0,0,0,0,0,0,0,0,0,0
450304,2,1,1991,0,0,0,0,0,0,0,0,0,0
450305,1,1,1991,9,9,9,9,9,9,9,9,9,9
450306,1,1,1991,0,0,0,0,11,0,0,0,0,0
450307,1,1,1991,26,26,26,26,26,26,26,26,26,26
450308,1,1,1991,0,0,0,0,0,0,0,0,0,0
450308,2,1,1991,0,0,0,0,0,0,0,0,0,0
450309,1,1,1991,0,0,0,0,0,0,0,0,0,0
450309,2,1,1991,0,0,0,0,0,0,0,0,0,0
450310,0,1,1991,27,27,27,27,27,27,27,27,27,27
450310,1,1,1991,13,13,13,13,13,13,13,13,13,13
450311,1,1,1991,0,0,0,0,0,0,0,0,0,0
450311,2,1,1991,0,0,0,0,0,0,0,0,0,0
450312,1,1,1991,0,0,0,0,0,0,0,0,0,0
450312,2,1,1991,0,0,0,0,0,0,0,0,0,0
450313,0,1,1991,0,0,0,0,0,0,0,0,0,0
450313,1,1,1991,0,0,0,0,0,0,0,0,0,0
450314,1,1,1991,11,12,33,14,12,22,28,15,25,11
450315,0,1,1991,0,0,0,0,10,17,32,0,20,8
450315,1,1,1991,0,17,0,8,16,0,0,0,0,0
450316,1,1,1991,0,0,0,0,0,0,0,8,0,0
450317,1,1,1991,0,0,0,0,0,0,0,0,0,0
450317,2,1,1991,0,0,0,17,0,0,3,0,0,0
450317,3,1,1991,0,0,0,0,0,0,0,0,0,0
450318,0,1,1991,0,0,0,0,0,0,0,0,0,0
450318,1,1,1991,0,0,0,0,0,0,0,0,0,0
450319,0,1,1991,0,0,0,0,0,0,0,0,0,0
450319,1,1,1991,0,0,0,0,0,0,0,0,0,0
450320,1,1,1991,14,14,14,14,14,14,14,14,14,14
450322,1,1,1991,15,0,16,8,12,21,0,16,0,13
450323,1,1,1991,0,0,0,0,0,0,0,0,0,0
450323,2,1,1991,10,10,10,10,10,10,10,10,10,10
450324,0,1,1991,0,20,24,0,0,0,0,0,0,0
450324,1,1,1991,0,0,5,0,0,0,0,0,0,0
450325,1,1,1991,0,0,0,0,0,0,0,0,0,0
450326,1,1,1991,0,0,0,0,0,0,0,0,0,0
450326,2,1,1991,0,0,0,0,0,0,0,0,0,0
450326,3,1,1991,0,0,0,0,0,0,0,0,0,0
450327,1,1,1991,0,0,0,0,0,0,0,0,0,0
450327,2,1,1991,2,2,2,2,2,2,2,2,2,2
450328,1,1,1991,18,18,18,18,18,18,18,18,18,18
450328,2,1,1991,0,0,0,0,0,0,0,0,0,0
450329,1,1,1991,17,17,17,17,17,17,17,17,17,17
450330,1,1,1991,0,0,0,0,0,0,0,0,0,0
450330,2,1,1991,10,10,10,10,10,10,10,10,10,10
450331,0,1,1991,0,0,0,0,0,0,0,0,0,0
450331,1,1,1991,0,0,0,0,0,0,0,0,0,0
450332,1,1,1991,0,0,0,0,0,0,0,0,0,0
450332,2,1,1991,0,0,0,0,0,0,0,21,0,0
450333,0,1,1991,11,11,11,11,11,11,11,11,11,11
450333,1,1,1991,0,0,0,0,0,0,0,0,0,0
450334,1,1,1991,0,0,0,0,0,23,0,0,0,0
450334,2,1,1991,0,0,0,0,0,0,0,0,0,0
450335,1,1,1991,0,0,11,0,0,0,0,0,0,0
450335,2,1,1991,0,0,0,0,0,0,0,0,0,0
450336,1,1,1991,17,17,17,17,17,17,17,17,17,17
450337,1,1,1991,0,0,7,0,0,0,0,20,0,0
450338,1,1,1991,13,0,0,26,0,14,19,0,0,0
450339,1,1,1991,0,0,0,0,0,0,0,0,0,0
450339,2,1,1991,0,0,0,0,0,0,0,0,0,0
450339,3,1,1991,0,0,0,0,0,16,23,0,0,0
450340,1,1,1991,0,0,0,0,0,0,0,0,0,0
450341,0,1,1991,0,26,0,0,0,15,0,0,38,0
450341,1,1,1991,0,0,0,20,0,0,16,17,6,3
450342,1,1,1991,0,0,0,0,0,0,0,0,0,0
450342,2,1,1991,20,20,20,20,20,20,20,20,20,20
450343,1,1,1991,26,26,26,26,26,26,26,26,26,26
450343,2,1,1991,0,0,0,0,0,0,0,0,0,0
450344,1,1,1991,0,18,17,0,11,32,0,0,0,22
450345,1,1,1991,34,20,18,26,0,6,19,0,8,6
450346,1,1,1991,0,0,0,0,0,0,0,0,0,0
450346,2,1,1991,0,0,0,0,0,0,0,0,0,0
450347,0,1,1991,18,18,18,18,18,18,18,18,18,18
450347,1,1,1991,20,0,0,0,0,0,0,0,0,0
450348,1,1,1991,0,0,0,0,0,0,19,0,0,0
450349,0,1,1991,17,8,48,20,12,30,16,13,15,29
450349,1,1,1991,0,0,0,11,0,0,0,0,8,0
450350,1,1,1991,22,22,22,22,22,22,22,22,22,22
450351,1,1,1991,23,23,23,23,23,23,23,23,23,23
450352,0,1,1991,0,0,11,0,0,0,0,0,0,0
450352,1,1,1991,0,0,0,0,0,0,0,0,0,0
450353,1,1,1991,24,24,24,24,24,24,24,24,24,24
450354,1,1,1991,0,0,0,0,12,0,19,0,6,0
450355,1,1,1991,0,0,0,0,0,0,11,0,0,0
450355,2,1,1991,0,0,0,0,0,0,0,0,0,0
450355,3,1,1991,0,0,0,0,0,0,0,0,0,0
450355,4,1,1991,0,0,0,0,0,0,0,0,0,0
450356,1,1,1991,0,0,0,0,0,21,22,0,16,0
450356,2,1,1991,16,4,12,22,21,15,15,5,5,17
450357,1,1,1991,0,0,0,0,0,0,0,0,0,0
450357,2,1,1991,22,22,22,22,22,22,22,22,22,22
450358,1,1,1991,0,0,0,0,0,0,0,6,23,0
450358,2,1,1991,8,8,8,8,8,8,8,8,8,8
450359,0,1,1991,20,20,20,20,20,20,20,20,20,20
450359,1,1,1991,0,0,0,0,0,0,0,0,0,0
450360,1,1,1991,0,0,0,0,0,0,0,0,0,0
450360,2,1,1991,0,0,0,0,0,0,0,0,0,0
450361,1,1,1991,0,0,0,0,0,0,0,0,0,0
450361,2,1,1991,13,13,13,13,13,13,13,13,13,13
450362,1,1,1991,0,0,0,0,0,0,0,0,0,0
450363,1,1,1991,25,6,13,12,22,18,20,18,19,19
450364,1,1,1991,0,0,0,0,0,0,0,0,0,0
450364,2,1,1991,12,12,12,12,12,12,12,12,12,12
450365,1,1,1991,10,0,0,0,0,0,0,0,0,0
450365,2,1,1991,0,0,0,0,0,0,0,0,0,0
450366,1,2,1991,0,0,0,0,0,0,0,0,0,0
450366,2,1,1991,0,0,0,0,0,22,0,17,0,4
450367,1,1,1991,0,0,0,0,0,0,0,0,0,0
450367,2,1,1991,16,16,16,16,16,16,16,16,16,16
450368,0,1,1991,0,0,0,0,0,0,0,0,0,0
450368,1,1,1991,0,0,0,0,0,0,0,0,0,0
450369,1,1,1991,11,11,11,11,11,11,11,11,11,11
450369,2,1,1991,0,0,0,0,0,0,0,0,0,0
450370,0,1,1991,0,0,0,0,0,0,0,0,0,0
450370,1,1,1991,31,15,51,16,9,21,14,24,11,20
450371,0,1,1991,0,28,0,0,0,0,0,21,0,8
450371,1,1,1991,0,0,0,0,0,0,0,0,0,0
450372,1,1,1991,0,0,0,0,0,0,0,0,0,0
450372,2,1,1991,20,20,20,20,20,20,20,20,20,20
450372,3,1,1991,0,0,0,0,0,0,0,0,0,0
450373,1,1,1991,22,24,29,8,6,10,18,8,5,38
450374,1,1,1991,15,15,15,15,15,15,15,15,15,15
450375,1,1,1991,14,14,14,14,14,14,14,14,14,14
450376,0,1,1991,24,24,24,24,24,24,24,24,24,24
450376,1,1,1991,0,0,0,22,0,0,0,0,0,0
450377,1,1,1991,18,18,18,18,18,18,18,18,18,18
450378,1,1,1991,0,0,0,0,0,0,0,0,0,0
450379,1,1,1991,17,17,17,17,17,17,17,17,17,17
450379,2,1,1991,0,0,0,0,0,0,0,0,0,0
450380,1,1,1991,7,7,7,7,7,7,7,7,7,7
450381,1,1,1991,16,16,16,16,16,16,16,16,16,16
450381,2,1,1991,0,0,0,0,0,4,10,0,8,0
450382,1,1,1991,31,31,31,31,31,31,31,31,31,31
450383,1,1,1991,0,0,0,0,0,0,0,0,0,0
450383,2,1,1991,20,22,13,17,10,27,34,29,16,13
450384,1,1,1991,17,7,8,6,13,11,4,19,19,7
450385,1,1,1991,0,0,0,0,0,12,0,17,0,0
450385,2,1,1991,16,16,16,16,16,16,16,16,16,16
450386,1,1,1991,26,26,26,26,26,26,26,26,26,26
450387,1,1,1991,5,0,0,0,0,0,0,13,0,5
450387,2,1,1991,16,16,16,16,16,16,16,16,16,16
450388,1,1,1991,0,0,0,0,0,0,0,0,0,0
450388,2,1,1991,0,0,0,0,0,0,0,0,0,0
450389,1,1,1991,17,19,7,10,23,28,10,10,14,18
450390,1,1,1991,0,0,0,14,18,0,0,0,0,0
450391,1,1,1991,16,16,16,16,16,16,16,16,16,16
450392,0,1,1991,0,0,0,0,0,0,0,0,0,0
450392,0,2,1991,0,0,0,0,0,0,0,0,0,0
450392,0,3,1991,0,0,0,0,0,0,0,0,0,0
450392,0,4,1991,0,0,0,0,0,0,0,0,0,0
450392,1,1,1991,0,0,0,0,0,0,0,0,0,0
450393,1,1,1991,0,0,0,0,0,0,0,16,0,0
450393,2,1,1991,0,0,0,0,0,0,0,0,0,0
450394,1,1,1991,0,0,0,0,0,0,0,0,0,0
450395,1,1,1991,0,0,0,0,0,0,0,0,0,0
450396,1,1,1991,0,0,0,0,0,0,0,0,0,0
450396,2,1,1991,0,0,0,0,0,0,0,0,0,0
450397,1,1,1991,0,0,0,0,0,0,0,0,0,0
450398,1,1,1991,0,0,0,0,0,0,12,0,0,0
450398,2,1,1991,0,0,0,0,0,0,0,0,0,0
450399,1,1,1991,0,0,0,0,0,0,0,0,0,0
450400,0,1,1991,0,0,0,0,0,0,0,0,0,0
450400,1,1,1991,0,0,0,0,0,0,0,0,0,0
450401,0,1,1991,17,17,17,17,17,17,17,17,17,17
450401,1,1,1991,17,17,17,17,17,17,17,17,17,17
450402,1,1,1991,0,17,13,0,10,0,22,27,28,35
450403,0,2,1991,0,0,4,19,0,0,0,0,18,10
450403,1,1,1991,0,0,0,0,0,0,0,26,0,0
450404,1,1,1991,33,29,0,0,23,0,0,0,0,33
450405,0,1,1991,0,0,0,0,0,0,0,0,0,0
450405,1,1,1991,10,11,6,10,23,0,20,9,7,11
450406,1,1,1991,0,0,0,0,0,0,0,0,0,0
450407,1,1,1991,26,11,43,7,2,0,18,9,0,8
450408,1,1,1991,0,0,0,0,0,0,0,0,0,0
450408,2,1,1991,3,3,3,3,3,3,3,3,3,3
450409,1,1,1991,0,0,0,0,0,0,0,0,0,0
450410,1,1,1991,5,0,0,0,3,12,0,0,0,0
450411,1,1,1991,0,4,0,14,33,10,17,0,0,0
450412,1,1,1991,16,16,16,16,16,16,16,16,16,16
450413,1,1,1991,27,34,0,0,0,13,18,20,0,0
450414,1,1,1991,23,23,23,23,23,23,23,23,23,23
450415,1,1,1991,0,0,0,0,0,0,0,0,0,0
450415,2,1,1991,0,0,0,0,0,0,0,0,0,0
450415,3,1,1991,0,0,0,0,0,0,0,0,0,0
450416,1,1,1991,27,27,27,27,27,27,27,27,27,27
450417,1,1,1991,16,0,12,11,24,15,18,0,24,35
450418,0,1,1991,32,0,0,13,0,0,0,0,0,0
450418,1,1,1991,12,23,10,0,0,0,0,0,0,5
450419,1,1,1991,0,0,0,0,0,0,0,0,0,0
450419,2,1,1991,5,5,5,5,5,5,5,5,5,5
450420,1,1,1991,0,0,0,0,0,0,0,0,0,0
450420,2,1,1991,0,0,0,41,0,0,0,0,0,0
450421,1,1,1991,9,9,9,9,9,9,9,9,9,9
450421,2,1,1991,0,0,21,0,0,0,0,0,0,0
450422,1,1,1991,31,31,31,31,31,31,31,31,31,31
450423,1,1,1991,5,22,7,17,4,12,14,11,0,7
450423,2,1,1991,5,5,5,5,5,5,5,5,5,5
450423,3,1,1991,0,0,0,0,0,0,0,0,0,0
450423,4,1,1991,0,0,0,0,0,9,7,0,0,0
450424,1,1,1991,0,0,0,0,13,0,0,0,0,0
450424,2,1,1991,0,0,0,0,0,0,0,0,0,0
450425,1,1,1991,0,14,0,0,0,0,0,0,0,19
450426,1,1,1991,0,0,0,0,0,0,0,0,0,0
450427,1,1,1991,0,0,0,0,0,0,0,0,0,0
450427,2,1,1991,0,0,0,0,0,0,0,0,0,0
450428,0,1,1991,0,0,0,30,15,44,19,0,0,20
450428,1,1,1991,0,0,0,0,0,0,0,0,0,0
450429,0,1,1991,26,26,26,26,26,26,26,26,26,26
450429,1,1,1991,16,12,23,15,28,35,12,9,19,20
450430,1,1,1991,18,18,18,18,18,18,18,18,18,18
450430,2,1,1991,0,0,0,0,0,0,0,0,0,0
450431,1,1,1991,0,0,0,0,0,0,0,0,0,0
450431,2,1,1991,0,0,0,0,0,0,0,0,0,0
450431,3,1,1991,0,0,0,0,0,0,0,0,0,0
450431,4,1,1991,0,0,0,0,0,0,0,0,0,0
450432,1,1,1991,0,0,0,0,0,0,0,0,0,0
450432,2,1,1991,0,0,0,0,0,0,0,0,0,0
450433,0,1,1991,0,0,0,0,0,0,0,0,0,0
450433,0,2,1991,0,0,0,0,0,0,0,0,0,0
450433,1,1,1991,0,0,0,13,0,0,0,0,0,18
450433,2,1,1991,0,22,0,0,0,0,0,0,10,0
450434,0,1,1991,0,0,0,0,0,0,0,0,0,0
450434,1,1,1991,0,0,0,0,0,0,0,0,0,0
450435,1,1,1991,17,17,17,17,17,17,17,17,17,17
450436,1,1,1991,0,0,0,0,0,0,0,0,0,0
450436,2,1,1991,0,0,33,0,0,0,0,0,0,0
450437,1,1,1991,0,0,0,0,0,0,0,0,0,0
450437,2,1,1991,0,0,0,4,0,0,0,0,0,0
450438,1,1,1991,11,14,11,21,15,14,7,6,16,10
450439,1,1,1991,0,0,0,0,0,0,0,0,0,0
450439,2,1,1991,0,0,0,0,0,0,0,0,0,0
450440,1,1,1991,24,0,24,14,13,15,8,13,13,25
450441,1,1,1991,0,0,0,0,0,0,0,0,0,0
450442,1,1,1991,2,2,2,2,2,2,2,2,2,2
450443,1,1,1991,0,0,0,0,0,0,0,0,0,0
450443,2,1,1991,16,16,16,16,16,16,16,16,16,16
450444,1,1,1991,0,0,0,0,0,0,0,0,0,0
450444,2,1,1991,0,0,0,0,0,0,0,0,0,0
450445,0,1,1991,0,0,32,0,0,8,32,0,26,0
450445,1,1,1991,0,0,0,0,0,0,0,0,0,0
450446,1,1,1991,17,17,17,17,17,17,17,17,17,17
450447,1,1,1991,0,0,0,0,0,0,0,0,0,0
450448,1,1,1991,0,0,0,0,0,0,0,0,0,0
450448,2,1,1991,17,17,17,17,17,17,17,17,17,17
450449,1,1,1991,0,0,0,0,0,0,0,0,0,0
450450,1,1,1991,24,9,0,0,0,0,24,13,0,0
450451,1,1,1991,0,12,0,0,0,0,0,0,0,0
450451,2,1,1991,19,19,19,19,19,19,19,19,19,19
450453,1,1,1991,0,0,0,0,0,0,0,0,0,0
450453,2,1,1991,0,0,0,0,0,0,0,0,0,0
450453,3,1,1991,0,0,0,0,0,0,0,0,0,0
450454,1,1,1991,0,0,0,0,0,0,0,0,0,0
450454,2,1,1991,0,0,0,0,0,0,0,0,13,16
450456,1,1,1991,0,0,0,0,0,0,0,0,0,0
450456,2,1,1991,0,0,0,0,0,0,0,0,0,8
450457,1,1,1991,23,23,23,23,23,23,23,23,23,23
450458,1,1,1991,23,7,12,15,21,10,6,25,14,7
450459,1,1,1991,0,0,0,0,0,0,0,0,0,0
450459,2,1,1991,0,0,0,0,0,0,0,0,0,0
450460,1,1,1991,0,12,17,0,10,0,0,0,0,0
450461,1,1,1991,14,14,14,14,14,14,14,14,14,14
450462,0,1,1991,24,22,28,13,7,32,10,21,43,18
450462,1,1,1991,20,4,0,18,15,0,0,8,29,9
450463,1,1,1991,23,23,23,23,23,23,23,23,23,23
450464,1,1,1991,18,13,23,18,19,13,18,29,13,7
450465,1,1,1991,0,36,21,0,28,0,0,0,30,16
450466,1,1,1991,0,0,0,0,0,0,0,0,0,0
450466,2,1,1991,0,0,0,0,0,0,0,0,0,0
450467,1,1,1991,32,32,32,32,32,32,32,32,32,32
450468,1,1,1991,17,17,17,17,17,17,17,17,17,17
450469,1,1,1991,0,0,0,20,0,0,0,0,0,0
450469,2,1,1991,0,0,0,0,0,0,0,0,0,0
450470,0,1,1991,0,0,0,0,0,7,0,13,0,0
450470,1,1,1991,19,16,30,18,26,27,16,18,17,24
450471,1,1,1991,0,0,0,0,0,0,0,0,0,0
450471,2,1,1991,0,0,0,0,0,0,0,0,0,0
450471,3,1,1991,0,0,0,0,0,0,0,0,0,0
450472,1,1,1991,20,20,20,20,20,20,20,20,20,20
450473,1,1,1991,27,0,0,0,0,0,0,15,9,11
450475,1,1,1991,0,0,0,0,0,0,0,0,0,0
450475,2,1,1991,0,0,0,0,0,0,0,0,0,0
450476,1,1,1991,8,0,15,0,14,0,0,9,30,15
450477,1,1,1991,12,12,12,12,12,12,12,12,12,12
450478,1,1,1991,22,22,22,22,22,22,22,22,22,22
450479,0,1,1991,0,0,0,20,22,0,0,28,21,0
450479,1,1,1991,0,0,0,0,0,0,0,0,0,11
450480,0,1,1991,0,0,0,39,0,0,0,0,0,0
450480,1,1,1991,12,25,32,21,30,19,8,22,8,14
450481,1,1,1991,0,0,0,0,0,0,0,0,0,0
450481,2,1,1991,0,0,23,0,0,0,0,0,0,0
450482,0,1,1991,0,7,0,0,0,21,0,7,25,22
450482,1,1,1991,0,0,0,0,0,0,0,0,0,0
450483,1,1,1991,0,0,0,0,0,0,0,0,0,0
450483,2,1,1991,0,0,0,0,0,0,0,0,0,0
450484,0,1,1991,0,0,0,0,0,0,0,0,0,0
450484,1,1,1991,3,3,3,3,3,3,3,3,3,3
450485,1,1,1991,16,16,16,16,16,16,16,16,16,16
450486,0,1,1991,0,0,0,0,0,0,0,11,0,0
450486,1,1,1991,29,5,0,7,18,6,0,11,0,6
450487,1,1,1991,23,23,23,23,23,23,23,23,23,23
450488,1,1,1991,11,11,11,11,11,11,11,11,11,11
450488,2,1,1991,0,0,0,10,0,0,0,0,0,0
450489,0,1,1991,0,0,0,0,0,0,0,0,0,0
450489,0,2,1991,0,0,0,0,0,0,18,0,0,0
450489,1,1,1991,0,0,0,0,0,0,0,0,0,0
450490,0,1,1991,0,0,0,18,16,0,0,0,0,0
450490,1,1,1991,25,0,20,29,19,17,21,17,21,20
450491,1,1,1991,0,0,0,0,0,0,0,0,0,0
450491,2,1,1991,0,0,0,0,0,0,0,0,0,0
450492,0,1,1991,0,0,0,0,0,0,0,0,0,0
450492,1,1,1991,13,0,0,0,0,0,0,0,0,0
450493,1,1,1991,0,0,0,0,0,0,0,0,0,0
450493,2,1,1991,0,0,0,0,0,0,0,0,0,0
450494,1,1,1991,0,0,0,0,0,0,0,0,0,0
450495,1,1,1991,0,0,0,0,0,14,13,19,0,24
450496,1,1,1991,0,0,0,0,37,0,0,0,0,0
450496,2,1,1991,0,0,0,0,0,0,0,0,0,0
450497,1,1,1991,20,18,0,14,13,10,14,7,25,0
450498,1,1,1991,0,0,0,0,0,0,0,0,0,0
450498,2,1,1991,0,0,0,0,0,0,0,0,0,0
450499,1,1,1991,0,0,18,15,0,20,25,0,0,0
450500,1,1,1991,0,0,0,0,0,0,0,0,0,0
450501,1,1,1991,0,0,0,0,0,0,0,0,0,0
450501,2,1,1991,0,0,0,0,0,0,0,0,0,0
450502,0,1,1991,0,0,0,0,0,0,0,0,0,0
450502,1,1,1991,0,0,0,0,14,15,0,10,0,0
450503,0,1,1991,36,36,36,36,36,36,36,36,36,36
450503,1,1,1991,0,0,0,0,0,0,0,0,0,0
450504,0,1,1991,0,0,0,0,0,0,0,0,0,0
450504,1,1,1991,0,0,0,0,0,0,0,0,0,0
450505,1,1,1991,33,33,33,33,33,33,33,33,33,33
450505,2,1,1991,19,19,19,19,19,19,19,19,19,19
450506,1,1,1991,0,0,0,0,0,0,0,0,0,0
450507,1,1,1991,0,0,0,0,0,0,0,0,0,0
450507,2,1,1991,0,0,0,0,0,0,0,0,0,0
450508,0,1,1991,0,0,0,0,0,0,0,0,0,0
450508,1,1,1991,11,0,0,0,0,0,0,0,0,0
450509,0,1,1991,0,0,0,0,0,0,0,0,0,18
450509,1,1,1991,0,0,0,0,0,0,0,0,0,0
450510,1,1,1991,0,0,0,0,0,0,0,0,0,0
450510,2,1,1991,22,22,22,22,22,22,22,22,22,22
450511,1,1,1991,0,0,0,0,0,0,0,26,0,0
450512,1,1,1991,0,0,0,0,0,0,0,0,0,0
450512,2,1,1991,13,12,24,22,21,20,8,15,33,17
450513,1,1,1991,0,14,19,13,0,15,0,0,18,9
450514,1,1,1991,0,0,0,0,0,0,0,0,0,0
450515,1,1,1991,0,0,0,0,0,0,0,0,0,0
450515,2,1,1991,0,0,0,0,0,0,0,0,0,0
450517,1,1,1991,0,12,0,0,0,0,0,0,0,0
450517,2,1,1991,10,10,10,10,10,10,10,10,10,10
450517,3,1,1991,0,0,0,0,20,0,0,0,0,0
450519,1,1,1991,19,19,19,19,19,19,19,19,19,19
450519,2,1,1991,25,25,25,25,25,25,25,25,25,25
450520,1,1,1991,0,0,0,20,0,0,21,0,0,0
450520,2,1,1991,0,0,0,0,0,8,0,0,9,0
450521,1,1,1991,0,0,0,9,0,0,0,0,0,0
450521,2,1,1991,0,0,0,0,0,0,0,0,0,0
450521,3,1,1991,0,0,0,0,0,0,0,0,0,0