ST_CASE,VEH_NO,PER_NO,YEAR,P1,P2,P3,P4,P5,P6,P7,P8,P9,P10
450522,1,1,1991,0,0,0,0,0,0,0,0,0,0
450523,1,1,1991,17,17,17,17,17,17,17,17,17,17
450524,1,1,1991,0,0,0,0,0,0,0,0,0,17
450524,2,1,1991,26,26,26,26,26,26,26,26,26,26
450525,0,1,1991,20,5,11,39,36,51,26,14,24,44
450525,1,1,1991,0,0,0,0,0,16,0,0,0,0
450526,1,1,1991,26,26,26,26,26,26,26,26,26,26
450528,1,1,1991,0,20,28,0,24,0,30,0,0,0
450529,1,1,1991,0,0,0,0,0,0,0,0,0,0
450530,1,1,1991,0,0,0,0,0,0,0,0,0,0
450530,2,1,1991,13,13,13,13,13,13,13,13,13,13
450531,1,1,1991,0,0,0,0,0,0,0,0,0,0
450531,2,1,1991,0,0,0,0,0,0,0,0,0,0
450531,3,1,1991,0,0,0,0,0,0,0,0,0,0
450532,1,1,1991,0,0,0,0,0,0,0,0,0,0
450532,2,1,1991,0,0,13,0,0,0,0,0,0,0
450533,1,1,1991,0,0,0,0,0,0,0,0,0,0
450533,2,1,1991,0,0,0,0,0,0,0,0,0,0
450534,1,1,1991,14,14,14,14,14,14,14,14,14,14
450535,0,1,1991,18,18,18,18,18,18,18,18,18,18
450535,1,1,1991,17,0,11,0,14,24,15,19,0,0
450536,1,1,1991,0,0,0,0,0,0,0,0,0,0
450536,2,1,1991,0,0,0,0,0,0,0,0,0,0
450537,1,1,1991,0,0,0,0,0,0,0,0,0,0
450537,2,1,1991,0,0,0,0,0,0,0,0,0,0
450538,1,1,1991,0,0,0,0,0,0,0,0,0,0
450540,1,1,1991,0,0,0,0,0,0,0,0,0,0
450540,2,1,1991,0,0,0,0,0,0,0,0,0,0
450541,1,1,1991,0,0,0,26,0,0,0,7,0,0
450542,1,1,1991,0,0,0,0,0,0,0,0,0,0
450543,1,1,1991,0,0,0,0,0,0,0,0,0,0
450543,2,1,1991,0,0,0,0,0,0,0,0,0,0
450543,3,1,1991,0,0,0,0,0,0,0,0,0,0
450544,1,1,1991,13,13,13,13,13,13,13,13,13,13
450545,1,1,1991,17,17,17,17,17,17,17,17,17,17
450546,1,1,1991,7,7,7,7,7,7,7,7,7,7
450547,1,1,1991,15,15,15,15,15,15,15,15,15,15
450548,1,1,1991,0,0,0,0,0,0,0,0,0,0
450548,2,1,1991,0,0,0,0,0,0,0,0,0,0
450549,1,1,1991,0,0,0,0,0,0,0,0,0,0
450549,2,1,1991,0,0,0,0,0,0,0,0,0,0
450550,0,1,1991,0,0,0,0,0,0,0,0,0,0
450550,1,1,1991,0,0,0,0,0,0,0,4,0,0
450551,1,1,1991,0,0,0,0,0,0,12,0,22,0
450552,1,1,1991,0,0,0,0,0,0,0,0,0,0
450552,2,1,1991,0,0,0,0,0,0,0,0,0,0
450552,3,1,1991,0,0,0,0,0,0,0,0,0,0
450552,4,1,1991,0,0,0,0,0,0,0,0,0,0
450553,0,1,1991,0,0,0,0,0,0,0,0,0,0
450553,0,2,1991,0,0,0,0,0,0,0,0,0,0
450553,0,3,1991,0,0,0,0,0,0,9,0,0,0
450553,1,1,1991,20,11,12,0,3,10,14,20,12,16
450554,1,1,1991,23,23,23,23,23,23,23,23,23,23
450555,0,1,1991,34,34,34,34,34,34,34,34,34,34
450555,1,1,1991,0,0,0,0,0,0,0,0,0,0
450556,1,1,1991,9,0,4,0,0,0,0,0,0,0
450557,0,1,1991,0,0,0,0,0,0,0,0,0,0
450557,1,1,1991,0,0,0,0,0,0,0,0,0,0
450558,0,1,1991,0,18,0,0,0,0,0,33,0,0
450558,1,1,1991,10,18,0,31,17,0,0,0,12,0
450559,1,1,1991,16,16,16,16,16,16,16,16,16,16
450560,1,1,1991,0,0,0,0,0,0,10,0,0,0
450560,2,1,1991,24,24,24,24,24,24,24,24,24,24
450561,1,1,1991,16,16,16,16,16,16,16,16,16,16
450562,0,1,1991,0,0,0,0,0,0,0,0,0,14
450562,1,1,1991,0,0,0,0,0,0,0,0,0,0
450563,1,1,1991,0,0,0,0,0,0,0,0,0,0
450563,2,1,1991,0,0,0,0,0,0,0,0,0,0
450563,3,1,1991,0,0,0,0,0,0,0,0,0,0
450564,0,1,1991,0,0,0,0,0,0,0,0,0,0
450564,1,1,1991,0,0,0,0,0,0,0,0,0,0
450566,1,1,1991,22,22,22,22,22,22,22,22,22,22
450567,1,1,1991,0,0,0,0,0,0,0,0,0,0
450567,2,1,1991,16,0,0,0,0,14,11,0,0,0
450568,0,1,1991,0,0,0,0,12,0,0,0,0,0
450568,1,1,1991,10,10,10,10,10,10,10,10,10,10
450569,1,1,1991,0,15,0,0,0,0,0,0,0,0
450569,2,1,1991,0,0,0,0,0,0,0,0,0,0
450570,0,1,1991,0,0,0,0,0,0,0,0,0,0
450570,1,1,1991,0,0,0,0,5,0,15,0,0,31
450571,1,1,1991,0,0,0,0,0,0,0,0,0,0
450571,2,1,1991,0,0,0,0,0,0,0,0,0,0
450572,1,1,1991,0,0,0,0,0,0,0,0,0,0
450572,2,1,1991,0,0,0,0,0,0,0,0,0,11
450573,1,1,1991,20,0,0,0,0,11,0,0,0,0
450574,0,1,1991,0,0,0,7,2,0,0,0,0,25
450574,1,1,1991,0,17,0,0,0,0,0,0,6,0
450575,1,1,1991,24,24,24,24,24,24,24,24,24,24
450576,1,1,1991,0,0,0,0,0,0,0,22,0,0
450576,2,1,1991,0,0,0,0,0,0,0,0,0,0
450577,1,1,1991,0,0,0,0,0,0,12,0,0,7
450578,1,1,1991,20,20,20,20,20,20,20,20,20,20
450579,1,1,1991,36,36,36,36,36,36,36,36,36,36
450580,1,1,1991,0,0,0,0,0,0,0,0,25,0
450581,1,1,1991,0,0,0,0,0,0,0,0,0,0
450581,2,1,1991,0,0,0,0,0,0,0,0,0,0
450581,3,1,1991,0,0,0,0,0,0,0,0,0,0
450582,0,1,1991,21,21,21,21,21,21,21,21,21,21
450582,1,1,1991,5,7,0,0,14,0,0,0,0,0
450583,1,1,1991,19,19,19,19,19,19,19,19,19,19
450583,2,1,1991,0,0,0,0,0,0,0,0,0,0
450584,1,1,1991,0,0,0,0,0,0,0,0,0,0
450584,2,1,1991,0,0,0,0,0,0,0,0,0,0
450585,1,1,1991,23,23,23,23,23,23,23,23,23,23
450586,0,1,1991,0,0,0,0,0,0,0,0,0,0
450586,0,2,1991,0,0,0,0,0,0,0,0,0,0
450586,1,1,1991,0,0,0,14,0,0,0,0,0,0
450587,1,1,1991,0,0,0,0,0,0,0,0,0,0
450587,2,1,1991,14,14,14,14,14,14,14,14,14,14
450588,0,1,1991,0,0,0,0,0,0,0,0,0,0
450588,1,1,1991,0,0,0,0,0,0,0,0,0,0
450589,1,1,1991,26,26,26,26,26,26,26,26,26,26
450590,0,1,1991,0,0,0,0,0,0,0,0,0,0
450590,1,1,1991,11,11,11,11,11,11,11,11,11,11
450591,1,1,1991,0,21,0,19,10,0,0,14,15,0
450591,2,1,1991,0,0,0,0,0,0,0,0,0,0
450592,1,1,1991,20,20,20,20,20,20,20,20,20,20
450593,1,1,1991,0,0,0,0,0,0,0,0,0,0
450593,2,1,1991,0,0,0,0,0,0,0,0,0,0
450594,1,1,1991,0,0,0,0,0,0,0,0,0,0
450594,2,1,1991,0,0,0,0,0,0,0,0,0,0
450596,1,1,1991,6,0,0,0,0,0,16,10,0,0
450597,1,1,1991,0,0,0,0,0,0,0,0,0,0
450597,2,1,1991,0,0,0,0,0,0,0,0,0,0
450598,1,1,1991,19,19,19,19,19,19,19,19,19,19
450599,1,1,1991,18,18,18,18,18,18,18,18,18,18
450599,2,2,1991,16,16,16,16,16,16,16,16,16,16
450599,3,1,1991,0,0,0,0,0,0,0,42,0,0
450600,1,1,1991,0,0,0,0,0,0,0,0,0,0
450600,2,1,1991,0,0,0,0,0,0,0,0,0,0
450601,1,1,1991,18,18,18,18,18,18,18,18,18,18
450602,1,1,1991,0,0,0,0,0,0,0,0,0,0
450602,2,1,1991,0,0,0,0,0,0,0,0,0,0
450603,1,1,1991,0,0,0,0,0,0,0,0,0,0
450604,1,1,1991,0,0,12,0,0,0,0,0,25,0
450605,0,1,1991,30,30,30,30,30,30,30,30,30,30
450605,1,1,1991,0,0,0,0,0,0,0,0,0,0
450606,1,1,1991,10,10,10,10,10,10,10,10,10,10
450607,1,1,1991,0,0,0,0,0,0,0,0,0,0
450607,2,1,1991,0,24,0,0,12,0,0,0,0,0
450608,0,1,1991,23,23,23,23,23,23,23,23,23,23
450608,1,1,1991,0,0,0,0,0,0,0,0,0,0
450609,1,1,1991,11,11,11,11,11,11,11,11,11,11
450609,2,1,1991,0,0,0,0,0,0,0,0,0,0
450610,1,1,1991,15,15,15,15,15,15,15,15,15,15
450611,1,1,1991,0,0,0,0,0,0,0,0,0,0
450611,2,1,1991,0,0,0,0,0,0,0,0,0,0
450611,3,1,1991,0,0,0,20,0,0,0,0,0,0
450612,1,1,1991,0,0,0,0,0,0,0,0,0,0
450612,2,1,1991,0,0,0,0,0,0,0,0,0,0
450613,1,1,1991,16,16,16,16,16,16,16,16,16,16
450614,0,1,1991,0,0,0,0,0,0,0,0,0,0
450614,1,1,1991,0,0,0,0,0,0,0,0,0,0
450615,1,1,1991,0,0,0,0,0,0,0,0,0,0
450615,2,1,1991,0,0,0,0,0,0,0,0,0,0
450616,1,1,1991,0,0,0,0,0,0,0,0,0,0
450616,2,1,1991,0,0,0,0,0,0,0,0,0,0
450617,1,1,1991,7,7,7,7,7,7,7,7,7,7
450617,2,1,1991,13,13,13,13,13,13,13,13,13,13
450618,1,1,1991,0,0,0,0,0,0,0,0,0,0
450618,2,1,1991,34,34,34,34,34,34,34,34,34,34
450619,1,1,1991,14,12,9,0,18,9,3,0,23,7
450620,0,1,1991,0,23,0,0,4,0,0,0,0,26
450620,1,1,1991,0,8,0,16,22,14,1,11,0,24
450621,1,1,1991,19,15,10,4,18,12,4,27,19,11
450621,2,1,1991,0,0,11,0,0,0,0,0,0,0
450622,1,1,1991,0,0,0,0,0,0,0,0,0,0
450622,2,1,1991,0,0,0,0,0,0,0,0,0,0
450624,1,1,1991,0,0,0,0,0,0,0,0,0,0
450624,2,1,1991,0,0,0,0,0,0,0,0,0,0
450625,1,1,1991,0,0,0,0,0,0,0,0,0,0
450626,1,1,1991,17,17,17,17,17,17,17,17,17,17
450627,1,1,1991,0,0,0,0,0,0,0,0,0,0
450627,2,1,1991,0,0,0,0,0,0,0,0,0,0
450627,3,1,1991,0,0,0,0,0,0,0,0,0,0
450627,4,1,1991,0,0,0,0,0,10,0,0,0,20
450628,1,1,1991,0,14,0,0,0,0,0,0,0,0
450628,2,1,1991,0,0,0,0,0,0,0,0,0,0
450629,1,1,1991,0,0,0,0,0,0,0,0,0,0
450629,2,1,1991,0,0,0,0,0,0,0,0,0,0
450630,1,1,1991,0,0,0,0,0,0,0,0,0,0
450630,2,1,1991,0,0,0,0,0,0,0,0,0,0
450631,1,1,1991,0,0,0,0,0,0,0,0,0,0
450631,2,1,1991,28,28,28,28,28,28,28,28,28,28
450632,1,1,1991,34,0,16,0,17,0,0,0,0,0
450633,1,1,1991,0,0,0,0,0,0,0,0,0,0
450633,2,1,1991,0,0,0,0,0,0,0,0,0,0
450634,1,1,1991,20,17,17,6,17,28,19,20,18,31
450635,1,1,1991,0,0,0,0,0,0,0,0,0,0
450635,2,1,1991,0,0,0,0,0,0,0,0,0,0
450636,0,1,1991,22,22,22,22,22,22,22,22,22,22
450636,1,1,1991,0,0,0,0,0,0,0,0,0,0
450637,0,1,1991,32,32,32,32,32,32,32,32,32,32
450637,1,1,1991,0,0,0,0,0,0,0,0,0,0
450638,1,1,1991,0,0,0,0,0,0,0,0,0,0
450639,1,1,1991,0,0,0,0,0,0,0,0,0,0
450639,2,1,1991,0,0,0,0,0,0,0,0,0,0
450640,0,1,1991,0,0,0,0,0,0,0,0,0,0
450640,1,1,1991,0,0,0,0,0,0,0,0,0,0
450641,1,1,1991,9,9,9,9,9,9,9,9,9,9
450642,1,1,1991,0,20,0,30,0,0,0,0,0,0
450642,2,1,1991,0,0,0,0,0,0,0,0,0,0
450643,1,1,1991,0,0,0,0,0,0,0,0,0,0
450643,2,1,1991,0,0,0,0,0,0,0,0,0,0
450644,1,1,1991,34,34,34,34,34,34,34,34,34,34
450645,1,1,1991,7,7,7,7,7,7,7,7,7,7
450646,1,1,1991,34,34,34,34,34,34,34,34,34,34
450646,2,1,1991,0,0,0,0,5,0,0,0,0,0
450647,0,1,1991,4,4,4,4,4,4,4,4,4,4
450647,1,1,1991,0,0,4,0,4,0,0,0,0,13
450648,1,1,1991,28,28,28,28,28,28,28,28,28,28
450649,0,1,1991,0,0,0,0,0,17,0,0,0,0
450649,1,1,1991,0,0,0,0,17,27,26,20,9,12
450650,1,1,1991,0,0,0,0,0,0,0,0,0,0
450652,1,1,1991,0,0,0,0,0,0,0,0,0,0
450652,2,1,1991,0,0,0,0,0,0,0,0,0,0
450655,1,1,1991,0,0,0,0,0,0,0,0,0,0
450655,2,1,1991,0,0,0,0,0,0,0,0,0,0
450656,0,1,1991,12,0,0,0,0,0,0,0,10,0
450656,1,1,1991,11,0,7,3,14,3,0,0,0,0
450657,1,1,1991,0,0,0,0,0,0,0,0,0,0
450658,0,1,1991,0,0,0,0,0,0,0,0,0,0
450658,1,1,1991,0,0,0,0,0,0,0,0,0,0
450659,0,1,1991,15,0,27,3,15,28,18,29,28,20
450659,1,1,1991,0,0,0,0,14,0,0,0,0,0
450660,1,1,1991,24,0,0,0,0,20,0,34,18,0
450661,1,1,1991,0,0,0,0,0,0,0,0,0,0
450661,2,1,1991,7,7,7,7,7,7,7,7,7,7
450662,1,1,1991,0,0,0,0,0,0,0,0,0,0
450662,2,1,1991,0,0,0,0,0,0,0,0,0,0
450663,1,1,1991,7,7,7,7,7,7,7,7,7,7
450663,2,1,1991,0,0,0,0,0,0,0,0,0,0
450664,0,1,1991,21,21,21,21,21,21,21,21,21,21
450664,1,1,1991,0,0,0,0,0,0,0,0,0,0
450665,1,1,1991,0,0,0,0,0,0,0,0,0,0
450666,0,1,1991,0,0,28,0,21,0,3,0,0,0
450666,1,1,1991,0,0,0,0,0,0,0,0,0,0
450667,1,1,1991,0,0,0,0,0,0,0,0,0,0
450667,2,1,1991,0,0,0,0,0,0,0,0,0,0
450668,1,1,1991,18,18,18,18,18,18,18,18,18,18
450669,1,1,1991,12,12,12,12,12,12,12,12,12,12
450670,1,1,1991,0,0,0,0,0,0,0,0,0,0
450670,2,1,1991,0,0,0,0,0,0,0,0,0,15
450671,0,1,1991,1,1,1,1,1,1,1,1,1,1
450671,1,1,1991,0,0,0,0,0,0,0,0,0,0
450672,1,1,1991,0,0,0,0,0,0,0,0,0,0
450672,2,1,1991,0,15,0,0,0,0,0,0,0,0
450673,1,1,1991,14,14,14,14,14,14,14,14,14,14
450673,2,1,1991,0,0,0,0,0,0,0,0,0,0
450674,1,1,1991,10,10,10,10,10,10,10,10,10,10
450675,1,1,1991,24,24,24,24,24,24,24,24,24,24
450675,2,1,1991,7,7,7,7,7,7,7,7,7,7
450676,0,1,1991,0,0,0,0,0,0,0,0,0,0
450676,1,1,1991,0,0,0,0,0,0,0,0,0,0
450677,1,1,1991,0,0,0,0,0,24,0,0,0,0
450677,2,1,1991,20,20,20,20,20,20,20,20,20,20
450678,1,1,1991,16,16,16,16,16,16,16,16,16,16
450679,1,1,1991,0,0,0,0,0,0,0,0,0,0
450679,2,1,1991,0,11,24,14,22,10,20,15,0,13
450680,0,1,1991,0,0,0,0,0,0,0,0,0,26
450680,1,1,1991,0,0,0,0,0,0,0,0,0,0
450681,1,1,1991,18,4,27,21,11,21,37,23,27,32
450682,1,1,1991,0,0,0,0,0,0,0,14,0,29
450682,2,1,1991,0,0,14,0,0,0,0,0,0,14
450683,1,1,1991,0,0,0,0,18,0,24,18,0,0
450684,0,1,1991,0,0,0,0,21,0,15,0,0,0
450684,1,1,1991,0,0,0,10,0,0,0,0,0,0
450685,1,1,1991,0,0,0,0,0,14,0,5,0,0
450685,2,1,1991,0,0,0,0,0,0,0,0,0,0
450686,1,1,1991,0,0,0,0,0,0,0,0,0,0
450687,1,1,1991,22,23,25,19,10,24,23,15,7,9
450688,1,1,1991,0,0,0,26,0,0,9,0,22,0
450689,1,1,1991,0,0,0,0,14,0,0,0,0,0
450690,1,1,1991,0,0,0,0,0,0,0,0,0,0
450690,2,1,1991,0,0,0,0,0,0,0,0,0,0
450691,1,1,1991,0,0,0,0,0,0,0,0,0,0
450691,2,1,1991,14,14,14,14,14,14,14,14,14,14
450692,0,1,1991,30,30,30,30,30,30,30,30,30,30
450692,1,1,1991,0,0,0,0,0,0,0,0,0,0
450693,1,1,1991,0,0,0,0,0,0,0,0,0,0
450694,1,1,1991,0,0,0,0,0,0,0,0,0,0
450694,2,1,1991,27,27,27,27,27,27,27,27,27,27
450695,1,1,1991,0,0,0,0,0,0,0,0,0,0
450695,2,1,1991,0,0,0,0,0,0,0,0,0,0
450696,1,1,1991,0,0,0,0,0,0,0,0,0,0
450696,2,1,1991,0,0,0,0,0,0,0,0,0,0
450697,1,1,1991,0,0,0,0,0,0,0,0,0,0
450698,1,1,1991,14,13,0,0,0,0,0,15,0,0
450699,1,1,1991,0,0,0,0,0,0,0,0,0,0
450699,2,1,1991,0,0,0,0,0,0,0,0,0,0
450699,3,1,1991,0,0,0,0,0,0,0,0,0,0
450699,4,1,1991,6,7,0,0,0,0,0,0,0,0
450700,1,1,1991,0,0,0,0,0,15,13,9,0,20
450701,1,1,1991,18,18,18,18,18,18,18,18,18,18
450702,1,1,1991,27,27,27,27,27,27,27,27,27,27
450703,0,1,1991,0,0,0,0,0,0,0,0,0,0
450703,1,1,1991,0,0,0,0,0,0,0,0,0,0
450704,1,1,1991,21,21,21,21,21,21,21,21,21,21
450705,1,1,1991,0,0,0,0,0,0,0,0,0,0
450705,2,1,1991,0,21,0,0,0,0,0,0,0,0
450705,3,1,1991,0,0,0,0,0,0,0,0,0,0
450706,1,1,1991,0,0,0,0,0,0,0,0,0,0
450706,2,1,1991,0,0,0,11,0,0,0,0,0,0
450707,1,1,1991,23,23,23,23,23,23,23,23,23,23
450708,1,1,1991,0,0,0,0,0,0,0,0,0,0
450708,2,1,1991,0,0,0,0,0,0,0,9,0,0
450709,1,1,1991,0,22,50,0,20,0,24,0,0,32
450710,1,1,1991,0,0,0,0,0,0,0,0,0,20
450710,2,1,1991,0,0,0,0,0,0,0,0,0,0
450711,1,1,1991,23,23,23,23,23,23,23,23,23,23
450712,1,1,1991,0,0,0,0,0,0,0,0,0,0
450712,2,1,1991,0,0,0,0,0,0,0,0,0,0
450712,3,1,1991,0,0,0,0,0,0,0,0,0,0
450713,1,1,1991,0,0,0,0,0,0,0,0,0,0
450714,0,1,1991,0,0,0,0,0,0,0,0,0,0
450714,1,1,1991,0,0,0,0,0,0,0,0,0,0
450715,1,1,1991,0,0,0,0,0,0,0,0,0,0
450716,1,1,1991,15,15,15,15,15,15,15,15,15,15
450717,1,1,1991,0,0,0,0,0,0,0,0,0,0
450717,2,1,1991,0,0,0,0,0,0,0,0,0,0
450718,1,1,1991,13,13,13,13,13,13,13,13,13,13
450719,1,1,1991,0,0,0,0,0,0,0,0,0,0
450719,2,1,1991,0,0,0,0,0,0,0,0,0,0
450722,1,1,1991,0,8,8,0,7,22,0,16,0,10
450723,1,1,1991,0,0,0,0,0,0,0,0,0,0
450723,2,1,1991,0,0,0,0,0,0,0,0,2,0
450724,1,1,1991,0,0,0,0,28,0,0,0,0,13
450725,0,1,1991,8,8,8,8,8,8,8,8,8,8
450725,1,1,1991,0,0,0,0,0,0,0,0,0,0
450726,1,1,1991,0,0,0,8,0,0,0,0,15,0
450727,1,1,1991,0,0,0,0,0,0,0,0,0,0
450727,2,1,1991,0,0,0,0,0,0,0,0,0,0
450728,1,1,1991,0,0,0,25,0,25,11,0,0,0
450728,2,1,1991,0,0,0,0,0,0,0,0,0,0
450729,1,1,1991,0,0,0,0,0,0,0,0,0,0
450729,2,1,1991,0,0,0,0,0,0,20,0,0,0
450730,1,1,1991,0,0,0,0,0,0,0,0,0,0
450730,2,1,1991,0,0,0,0,0,0,0,0,0,0
450730,3,1,1991,0,0,0,0,0,0,0,0,0,0
450730,4,1,1991,0,0,0,0,0,0,0,0,0,0
450731,0,1,1991,22,22,22,22,22,22,22,22,22,22
450731,1,1,1991,11,31,7,16,8,29,8,0,0,5
450732,1,1,1991,37,37,37,37,37,37,37,37,37,37
450733,0,1,1991,0,0,0,0,0,0,0,0,0,0
450733,1,1,1991,0,0,0,0,15,0,0,0,0,0
450734,1,1,1991,0,0,0,0,0,0,0,0,0,0
450735,1,1,1991,0,0,0,0,0,0,0,0,0,0
450736,1,1,1991,0,0,0,0,0,0,0,0,0,0
450736,2,1,1991,0,0,0,0,0,0,0,0,0,0
450737,0,1,1991,0,0,0,0,0,0,0,0,0,0
450737,1,1,1991,25,25,25,25,25,25,25,25,25,25
450738,1,1,1991,14,14,14,14,14,14,14,14,14,14
450738,2,1,1991,0,0,0,0,0,0,0,0,0,0
450739,1,1,1991,0,0,0,0,0,0,0,0,0,0
450739,2,1,1991,0,0,0,0,0,0,0,0,0,0
450740,1,1,1991,0,0,0,0,0,0,0,0,0,0
450740,2,1,1991,10,10,10,10,10,10,10,10,10,10
450741,1,1,1991,0,0,0,0,0,0,0,0,0,0
450742,1,1,1991,0,0,0,10,18,0,0,0,0,0
450742,2,1,1991,7,7,7,7,7,7,7,7,7,7
450743,1,1,1991,0,0,0,0,0,0,0,0,0,0
450744,1,1,1991,15,21,20,32,13,25,17,12,28,27
450745,1,1,1991,0,0,0,0,0,0,0,0,0,0
450745,2,1,1991,0,0,0,0,0,0,0,0,0,0
450746,1,1,1991,0,0,0,0,0,0,0,0,0,0
450746,2,1,1991,0,0,0,11,0,0,0,0,0,0
450747,1,1,1991,0,0,0,0,0,0,0,0,0,0
450747,2,1,1991,10,10,10,10,10,10,10,10,10,10
450748,1,1,1991,0,0,0,0,0,0,0,0,0,0
450749,1,1,1991,2,2,2,2,2,2,2,2,2,2
450749,2,1,1991,0,0,0,0,0,0,0,0,0,0
450750,1,1,1991,17,19,32,28,23,16,0,8,5,26
450751,1,1,1991,0,0,0,0,0,0,8,0,0,0
450752,1,1,1991,0,0,0,0,4,0,0,26,0,0
450752,2,1,1991,0,0,0,0,0,0,0,0,0,0
450753,0,1,1991,0,0,0,0,11,0,0,0,35,30
450753,1,1,1991,20,17,16,0,10,0,0,25,5,3
450754,1,1,1991,0,0,13,0,0,0,0,0,0,0
450754,2,1,1991,0,0,0,0,15,0,0,0,0,5
450755,1,1,1991,0,0,0,0,0,0,0,0,0,0
450755,2,1,1991,0,0,0,0,0,0,0,0,0,0
450755,3,1,1991,0,0,0,0,0,0,0,0,0,0
450756,1,1,1991,0,0,0,0,0,0,0,0,0,18
450756,2,1,1991,0,0,0,0,0,0,0,0,0,0
450756,3,1,1991,0,0,0,0,0,0,0,0,0,0
450757,1,1,1991,0,0,0,0,0,0,0,0,0,0
450757,2,1,1991,16,0,0,0,30,0,0,0,0,0
450758,1,1,1991,0,0,0,0,0,0,14,0,0,0
450759,1,1,1991,0,0,0,0,0,0,0,0,0,0
450759,2,1,1991,0,0,0,0,0,0,0,0,0,0
450760,0,1,1991,28,0,0,0,0,0,0,0,0,0
450760,1,1,1991,0,0,0,0,0,0,0,0,0,0
450761,1,1,1991,0,0,0,0,0,0,0,0,0,0
450762,1,1,1991,0,0,0,0,0,0,0,0,0,0
450762,2,1,1991,0,0,0,0,0,0,0,0,0,0
450763,1,1,1991,0,0,0,0,0,0,0,24,0,0
450763,2,1,1991,15,15,15,15,15,15,15,15,15,15
450764,1,1,1991,0,0,0,0,0,0,0,0,0,0
450764,2,1,1991,0,0,0,0,0,0,0,0,0,0
450765,1,1,1991,0,13,0,0,0,0,26,20,0,10
450766,1,1,1991,0,0,0,0,0,7,0,0,0,0
450766,2,1,1991,0,7,0,0,0,0,0,0,0,0
450767,1,1,1991,24,24,24,24,24,24,24,24,24,24
450768,1,1,1991,0,0,0,0,0,0,0,0,0,0
450768,2,1,1991,0,0,0,0,0,0,0,0,11,0
450768,3,1,1991,0,0,0,0,0,0,0,0,0,0
450769,0,1,1991,0,0,0,0,0,0,0,0,0,0
450769,1,1,1991,0,0,0,5,0,0,0,0,0,0
450770,1,1,1991,0,0,0,26,0,0,20,0,0,0
450771,1,1,1991,11,11,11,11,11,11,11,11,11,11
450772,1,1,1991,0,0,0,0,0,0,0,0,0,0
450772,2,1,1991,0,0,0,0,0,0,0,0,0,0
450773,1,1,1991,0,0,0,0,0,0,0,0,0,0
450773,2,1,1991,0,0,0,0,0,0,0,26,9,19
450774,1,1,1991,0,0,0,0,0,0,0,0,0,0
450775,1,1,1991,22,22,22,22,22,22,22,22,22,22
450776,1,1,1991,15,15,15,15,15,15,15,15,15,15
450776,2,1,1991,21,0,0,17,0,0,0,0,0,0
450777,1,1,1991,0,0,0,0,0,0,0,0,0,0
450777,2,1,1991,0,0,0,0,0,0,0,0,0,0
450778,1,1,1991,0,0,0,0,0,17,0,10,0,0
450778,2,1,1991,0,0,0,0,0,0,0,0,0,0
450779,1,1,1991,0,0,0,0,0,0,0,0,0,0
450780,1,1,1991,19,19,19,19,19,19,19,19,19,19
450781,1,1,1991,22,22,22,22,22,22,22,22,22,22
450782,1,1,1991,0,0,0,0,0,0,0,0,0,0
450782,2,1,1991,0,0,0,0,0,0,0,0,0,0
450783,1,1,1991,0,0,0,0,0,0,0,0,0,0
450784,1,1,1991,31,31,31,31,31,31,31,31,31,31
450785,0,1,1991,21,0,0,0,0,0,0,0,0,0
450785,1,1,1991,5,5,5,5,5,5,5,5,5,5
450786,1,1,1991,21,21,21,21,21,21,21,21,21,21
450787,1,1,1991,0,0,0,0,0,0,0,0,0,0
450787,2,1,1991,0,0,0,0,0,0,0,0,0,0
450788,1,1,1991,0,0,0,0,0,0,0,0,0,0
450789,1,1,1991,0,0,0,0,0,0,17,0,0,0
450790,1,1,1991,0,0,0,0,0,0,0,0,0,0
450790,2,1,1991,0,0,0,0,0,0,0,0,0,0
450791,1,1,1991,25,25,25,25,25,25,25,25,25,25
450791,2,1,1991,7,7,7,7,7,7,7,7,7,7
450792,1,1,1991,0,0,0,0,0,0,0,0,0,0
450792,2,1,1991,0,0,0,0,0,0,0,0,0,0
450793,1,1,1991,27,27,27,27,27,27,27,27,27,27
450794,1,1,1991,19,19,19,19,19,19,19,19,19,19
450795,1,1,1991,32,32,32,32,32,32,32,32,32,32
450796,1,1,1991,0,0,0,0,0,0,0,0,0,0
450796,2,1,1991,0,0,0,0,0,0,0,0,0,0
450798,1,1,1991,7,0,12,0,0,0,0,0,0,0
450799,0,1,1991,0,35,26,0,0,0,0,0,0,0
450799,1,1,1991,0,25,0,8,0,0,0,0,0,0
450800,0,1,1991,26,26,26,26,26,26,26,26,26,26
450800,1,1,1991,9,0,0,0,0,0,0,0,0,0
450801,0,1,1991,0,0,0,0,0,0,0,0,0,0
450801,1,1,1991,0,0,0,0,0,0,0,0,0,0
450802,1,1,1991,0,0,0,0,0,0,0,0,0,0
450802,2,1,1991,0,0,9,0,0,0,0,0,0,0
450803,1,1,1991,0,0,0,0,0,0,0,0,0,0
450803,2,1,1991,0,0,0,0,0,0,0,0,0,0
450804,1,1,1991,0,0,0,0,0,0,0,0,0,0
450804,2,1,1991,0,0,0,0,0,0,0,0,0,0
450805,1,1,1991,0,0,0,0,0,0,0,0,0,0
450805,2,1,1991,0,0,0,0,0,0,0,0,0,0
450806,1,1,1991,0,0,0,0,0,0,0,0,0,0
450806,2,1,1991,0,0,0,0,0,0,0,15,14,0
450807,1,1,1991,9,22,4,23,4,11,9,16,14,6
450807,2,1,1991,0,0,0,0,0,0,0,0,0,0