ST_CASE,VEH_NO,PER_NO,YEAR,P1,P2,P3,P4,P5,P6,P7,P8,P9,P10
470482,1,1,1991,0,0,0,0,0,0,0,0,0,0
470482,2,1,1991,20,20,20,20,20,20,20,20,20,20
470483,1,1,1991,22,22,22,22,22,22,22,22,22,22
470484,1,1,1991,6,15,15,3,11,22,5,12,9,10
470485,1,1,1991,0,0,0,0,0,0,0,0,0,0
470485,2,1,1991,7,7,7,7,7,7,7,7,7,7
470486,1,1,1991,0,0,0,0,0,0,0,0,0,0
470486,2,1,1991,0,0,0,0,0,0,0,0,0,0
470487,1,1,1991,0,0,0,0,0,0,0,0,0,0
470488,1,1,1991,0,0,0,0,0,0,0,0,0,0
470489,1,1,1991,14,14,14,14,14,14,14,14,14,14
470489,2,1,1991,6,6,6,6,6,6,6,6,6,6
470490,1,1,1991,0,0,0,0,0,0,0,0,0,0
470490,2,1,1991,9,0,31,20,19,8,3,12,24,2
470491,1,1,1991,0,0,0,0,0,0,0,0,0,0
470492,1,1,1991,0,0,0,0,0,0,0,0,0,0
470492,2,1,1991,14,14,14,14,14,14,14,14,14,14
470493,0,1,1991,22,22,22,22,22,22,22,22,22,22
470493,1,1,1991,0,0,0,0,0,0,0,0,0,0
470494,1,1,1991,24,24,24,24,24,24,24,24,24,24
470495,1,2,1991,21,22,31,0,26,0,23,0,36,15
470496,1,1,1991,16,16,16,16,16,16,16,16,16,16
470497,0,1,1991,30,30,30,30,30,30,30,30,30,30
470497,0,2,1991,6,6,6,6,6,6,6,6,6,6
470497,1,1,1991,0,0,0,0,0,0,0,0,0,0
470498,1,1,1991,0,0,0,0,0,0,0,0,0,0
470499,1,1,1991,0,0,0,0,0,0,0,0,0,0
470500,1,1,1991,10,10,10,10,10,10,10,10,10,10
470501,1,1,1991,12,12,12,12,12,12,12,12,12,12
470502,1,1,1991,0,0,0,0,0,0,0,0,0,0
470503,1,1,1991,10,0,9,19,19,20,36,16,0,0
470504,1,1,1991,23,23,23,23,23,23,23,23,23,23
470505,1,1,1991,0,0,0,0,0,0,0,0,0,0
470505,2,1,1991,0,0,0,0,0,0,0,0,0,0
470506,1,1,1991,17,17,17,17,17,17,17,17,17,17
470507,1,1,1991,0,0,0,0,0,0,0,0,0,0
470508,1,1,1991,19,19,19,19,19,19,19,19,19,19
470509,1,1,1991,11,11,11,11,11,11,11,11,11,11
470509,2,1,1991,0,0,0,0,0,0,0,0,0,0
470510,1,1,1991,0,0,0,0,0,0,0,0,0,0
470510,2,1,1991,0,0,0,0,0,0,0,0,0,0
470510,3,1,1991,0,0,0,0,0,0,0,0,0,0
470511,1,1,1991,23,23,23,23,23,23,23,23,23,23
470512,1,1,1991,0,0,0,0,0,0,0,0,0,0
470513,1,1,1991,0,0,0,0,0,0,0,0,0,0
470513,2,1,1991,0,17,0,0,0,11,0,0,13,0
470514,1,1,1991,27,27,27,27,27,27,27,27,27,27
470515,1,1,1991,0,0,0,0,0,0,0,0,0,0
470516,1,1,1991,19,19,19,19,19,19,19,19,19,19
470517,1,1,1991,0,20,0,26,0,13,0,0,0,0
470518,1,1,1991,0,13,0,30,18,21,0,12,17,0
470519,1,1,1991,18,18,18,18,18,18,18,18,18,18
470520,0,1,1991,34,34,34,34,34,34,34,34,34,34
470520,1,1,1991,0,0,0,0,0,0,0,0,0,0
470521,0,1,1991,0,0,0,0,0,0,0,0,0,0
470521,1,1,1991,0,0,4,23,20,20,0,6,13,3
470521,2,1,1991,12,18,0,0,35,2,10,16,8,11
470522,1,1,1991,27,27,27,27,27,27,27,27,27,27
470523,1,1,1991,0,0,0,0,0,0,0,0,0,0
470523,2,1,1991,0,0,0,0,0,0,0,0,0,0
470524,1,1,1991,0,0,0,0,0,0,0,0,0,0
470524,2,1,1991,0,0,0,0,0,0,0,0,0,0
470525,1,1,1991,19,19,19,19,19,19,19,19,19,19
470526,0,1,1991,0,0,0,0,0,0,0,0,0,0
470526,1,1,1991,23,0,0,0,0,0,0,0,0,0
470527,1,1,1991,19,19,19,19,19,19,19,19,19,19
470528,1,1,1991,0,0,0,0,0,0,0,0,0,0
470529,0,1,1991,0,0,0,0,0,0,0,0,0,0
470529,1,1,1991,15,6,7,12,10,0,11,10,8,15
470530,1,1,1991,7,7,7,7,7,7,7,7,7,7
470531,1,1,1991,0,0,0,0,0,0,0,0,0,0
470531,2,1,1991,0,0,0,0,0,0,0,0,0,0
470532,1,1,1991,34,34,34,34,34,34,34,34,34,34
470532,2,1,1991,0,0,0,0,0,0,0,0,0,0
470533,0,1,1991,0,0,0,0,0,0,0,0,0,0
470533,1,1,1991,0,0,0,0,0,0,0,0,0,0
470534,1,1,1991,0,0,0,0,0,0,0,0,0,0
470535,1,1,1991,0,0,0,0,0,0,0,0,0,0
470535,2,1,1991,0,0,0,0,0,0,0,0,0,0
470535,3,1,1991,17,17,17,17,17,17,17,17,17,17
470536,1,1,1991,0,0,0,0,0,0,0,0,0,0
470537,1,1,1991,22,11,17,11,22,28,0,28,23,24
470538,1,1,1991,14,14,14,14,14,14,14,14,14,14
470539,1,1,1991,16,16,16,16,16,16,16,16,16,16
470540,1,1,1991,0,0,0,0,0,0,0,0,0,0
470540,2,1,1991,24,0,0,9,0,0,0,0,0,0
470541,1,1,1991,0,0,0,0,0,0,0,0,0,0
470542,1,1,1991,13,13,13,13,13,13,13,13,13,13
470543,1,1,1991,0,0,0,0,0,0,0,0,0,0
470544,1,1,1991,0,0,0,0,0,0,0,0,0,0
470544,2,1,1991,0,0,0,0,0,0,0,0,0,0
470545,0,1,1991,0,0,0,0,0,0,0,0,0,0
470545,1,1,1991,0,0,0,0,0,0,0,0,0,0
470546,1,1,1991,0,0,0,0,0,0,0,0,0,0
470546,2,1,1991,0,0,0,0,0,0,0,0,0,0
470546,3,1,1991,0,0,0,0,0,0,0,0,0,0
470547,1,1,1991,29,29,29,29,29,29,29,29,29,29
470547,2,1,1991,0,0,0,0,0,0,0,0,0,0
470548,1,1,1991,28,28,28,28,28,28,28,28,28,28
470549,1,1,1991,0,0,0,0,0,0,0,0,0,0
470550,1,1,1991,0,0,0,0,0,0,0,0,0,0
470551,1,1,1991,16,16,16,16,16,16,16,16,16,16
470552,1,1,1991,0,0,0,0,0,0,0,0,0,0
470553,1,1,1991,1,1,1,1,1,1,1,1,1,1
470553,2,1,1991,0,0,0,0,0,0,0,0,0,0
470554,1,1,1991,0,0,0,0,0,0,0,0,0,0
470554,2,1,1991,0,0,0,0,0,0,0,0,0,0
470555,1,1,1991,0,0,0,0,0,0,0,0,0,0
470556,1,1,1991,29,29,29,29,29,29,29,29,29,29
470557,1,1,1991,9,9,9,9,9,9,9,9,9,9
470557,2,1,1991,2,2,2,2,2,2,2,2,2,2
470558,1,1,1991,43,43,43,43,43,43,43,43,43,43
470559,1,1,1991,0,0,0,0,0,0,0,0,0,0
470559,2,1,1991,15,15,15,15,15,15,15,15,15,15
470560,1,1,1991,16,16,16,16,16,16,16,16,16,16
470561,0,1,1991,0,21,16,14,17,3,13,13,29,18
470561,1,1,1991,6,6,6,6,6,6,6,6,6,6
470562,1,1,1991,0,0,0,0,0,0,0,7,0,0
470562,2,1,1991,0,0,0,0,0,0,0,0,0,0
470563,1,1,1991,28,28,28,28,28,28,28,28,28,28
470564,1,1,1991,0,0,0,0,0,0,0,0,0,0
470566,1,1,1991,0,0,0,0,0,0,0,0,0,0
470566,2,1,1991,0,0,0,0,0,0,0,0,0,0
470567,1,1,1991,0,0,0,5,0,0,0,0,0,0
470567,2,1,1991,0,0,0,0,0,0,0,0,0,0
470568,1,1,1991,14,14,14,14,14,14,14,14,14,14
470569,1,1,1991,0,0,0,0,0,0,0,0,0,0
470569,2,1,1991,0,0,0,0,0,0,0,0,0,0
470570,1,1,1991,6,6,6,6,6,6,6,6,6,6
470571,0,1,1991,0,0,0,0,0,0,0,0,0,0
470571,1,1,1991,0,0,0,0,0,0,0,0,0,0
470572,1,1,1991,14,14,14,14,14,14,14,14,14,14
470573,1,1,1991,15,15,15,15,15,15,15,15,15,15
470573,2,1,1991,0,0,0,0,0,0,0,0,0,0
470573,3,1,1991,0,0,0,0,0,0,0,0,0,0
470573,4,1,1991,0,0,0,0,0,0,0,0,0,0
470574,1,1,1991,13,13,13,13,13,13,13,13,13,13
470575,1,1,1991,0,0,0,0,0,0,0,0,0,0
470575,2,1,1991,0,0,0,0,0,0,0,0,0,0
470576,1,1,1991,0,0,0,0,0,0,0,0,0,0
470577,0,1,1991,26,26,26,26,26,26,26,26,26,26
470577,1,1,1991,0,0,9,0,0,0,9,0,14,0
470578,1,1,1991,4,4,4,4,4,4,4,4,4,4
470579,0,1,1991,0,0,0,0,0,0,0,0,0,0
470579,1,1,1991,0,0,0,0,0,0,0,0,27,0
470579,2,1,1991,0,0,0,0,0,0,0,0,0,0
470580,1,1,1991,0,0,0,0,0,0,5,0,0,0
470581,1,1,1991,9,9,9,9,9,9,9,9,9,9
470582,1,1,1991,14,14,14,14,14,14,14,14,14,14
470582,2,1,1991,0,0,0,0,0,0,0,0,0,0
470583,1,1,1991,9,9,9,9,9,9,9,9,9,9
470584,1,1,1991,14,14,14,14,14,14,14,14,14,14
470585,1,1,1991,0,0,0,0,0,0,0,0,0,0
470585,2,1,1991,0,0,0,0,0,0,0,0,0,0
470586,1,1,1991,15,15,15,15,15,15,15,15,15,15
470586,2,1,1991,0,0,0,0,0,0,0,0,0,0
470587,1,1,1991,19,19,19,19,19,19,19,19,19,19
470588,1,1,1991,29,21,23,15,17,12,31,0,19,13
470589,1,1,1991,0,0,0,0,0,0,0,0,0,0
470589,2,1,1991,0,0,0,0,0,0,0,0,0,0
470589,3,1,1991,0,0,0,0,0,0,0,0,0,0
470590,1,1,1991,28,28,28,28,28,28,28,28,28,28
470591,1,1,1991,13,13,13,13,13,13,13,13,13,13
470591,2,1,1991,0,0,0,0,0,0,0,0,0,0
470592,1,1,1991,34,34,34,34,34,34,34,34,34,34
470593,1,1,1991,0,0,0,0,0,26,0,0,0,0
470593,2,1,1991,0,0,0,0,0,0,0,0,0,0
470593,3,1,1991,0,0,0,0,0,0,0,0,0,0
470594,1,1,1991,8,8,8,8,8,8,8,8,8,8
470595,1,1,1991,11,11,11,11,11,11,11,11,11,11
470596,1,1,1991,16,11,20,14,13,21,26,5,16,29
470597,1,1,1991,0,0,0,0,0,0,0,0,0,0
470597,2,1,1991,0,0,0,0,0,0,0,0,0,0
470598,1,1,1991,13,13,13,13,13,13,13,13,13,13
470599,1,1,1991,0,0,0,0,0,0,0,0,0,0
470599,2,1,1991,0,0,0,0,0,0,0,0,0,0
470600,0,1,1991,0,0,0,0,0,0,0,0,0,0
470600,1,1,1991,0,0,0,0,0,0,0,0,0,0
470601,1,1,1991,0,0,0,0,12,0,0,0,0,0
470602,1,1,1991,30,30,30,30,30,30,30,30,30,30
470602,2,1,1991,0,0,0,0,0,0,0,0,0,0
470603,1,4,1991,0,5,6,0,0,0,0,0,0,0
470604,0,1,1991,0,0,0,0,0,0,0,0,0,0
470604,1,1,1991,0,0,0,0,0,0,0,0,0,0
470605,1,1,1991,48,48,48,48,48,48,48,48,48,48
470606,1,1,1991,17,17,17,17,17,17,17,17,17,17
470607,1,1,1991,14,14,14,14,14,14,14,14,14,14
470608,1,1,1991,0,0,0,0,0,0,0,0,0,0
470609,1,1,1991,10,18,16,0,14,26,7,0,17,6
470610,1,1,1991,0,0,0,0,0,0,0,0,0,0
470610,2,1,1991,0,0,0,0,0,0,0,0,0,0
470611,0,1,1991,0,0,0,0,0,0,0,0,0,0
470611,1,1,1991,26,12,33,5,5,4,11,16,23,9
470612,1,1,1991,21,21,21,21,21,21,21,21,21,21
470613,1,1,1991,24,29,23,18,24,22,5,6,15,35
470614,1,1,1991,15,15,15,15,15,15,15,15,15,15
470615,1,1,1991,12,12,12,12,12,12,12,12,12,12
470616,1,1,1991,0,0,0,0,0,0,0,0,0,0
470616,2,1,1991,0,0,0,0,0,0,0,0,0,0
470617,1,1,1991,8,8,8,8,8,8,8,8,8,8
470617,2,1,1991,0,0,0,0,0,0,0,0,0,0
470618,1,1,1991,11,18,19,13,8,12,28,21,12,5
470619,1,1,1991,8,8,8,8,8,8,8,8,8,8
470620,1,1,1991,0,0,0,0,0,0,0,0,0,0
470621,1,1,1991,0,0,0,0,0,0,0,0,0,0
470621,2,1,1991,0,0,0,0,0,0,0,0,0,0
470622,1,1,1991,7,7,7,7,7,7,7,7,7,7
470622,2,1,1991,0,0,0,0,0,0,0,0,0,0
470623,1,1,1991,0,0,0,0,0,0,0,0,0,0
470623,2,1,1991,0,0,0,0,0,0,0,0,0,0
470624,1,1,1991,28,28,28,28,28,28,28,28,28,28
470625,1,1,1991,0,0,0,0,0,0,0,0,0,0
470626,1,1,1991,0,0,0,0,0,0,0,0,0,0
470626,2,1,1991,0,26,0,0,0,0,0,0,0,10
470627,1,1,1991,0,0,0,0,0,0,0,0,0,0
470629,1,1,1991,0,0,0,0,0,0,0,0,0,7
470630,1,1,1991,20,20,20,20,20,20,20,20,20,20
470630,2,1,1991,0,0,0,0,0,0,0,0,0,0
470630,3,1,1991,0,0,0,0,0,0,0,0,0,0
470631,1,1,1991,0,0,0,0,0,0,0,0,0,0
470631,2,1,1991,0,0,0,0,0,0,0,0,0,0
470633,1,1,1991,25,25,25,25,25,25,25,25,25,25
470634,1,1,1991,16,16,16,16,16,16,16,16,16,16
470635,0,1,1991,0,0,0,0,0,0,0,0,0,0
470635,1,1,1991,0,0,0,0,0,0,0,0,0,0
470636,1,1,1991,0,0,0,0,0,0,0,0,0,0
470636,2,1,1991,0,0,0,0,0,0,0,0,0,0
470637,1,1,1991,0,0,0,0,0,0,0,0,0,0
470639,1,1,1991,14,14,14,14,14,14,14,14,14,14
470640,1,1,1991,17,17,17,17,17,17,17,17,17,17
470641,1,1,1991,0,0,0,0,0,0,0,0,0,0
470641,2,1,1991,0,0,0,0,0,0,0,0,0,0
470642,1,1,1991,32,17,12,0,23,28,18,24,11,5
470643,1,1,1991,0,0,0,0,0,0,0,0,0,0
470644,1,1,1991,0,0,0,0,0,0,0,0,0,0
470644,2,1,1991,0,0,0,0,0,0,0,0,0,0
470645,1,1,1991,20,20,20,20,20,20,20,20,20,20
470646,1,1,1991,18,18,18,18,18,18,18,18,18,18
470647,1,1,1991,24,14,6,13,10,4,18,0,7,16
470647,2,1,1991,24,0,0,34,0,0,0,0,0,0
470648,1,1,1991,8,8,8,8,8,8,8,8,8,8
470649,1,1,1991,6,6,6,6,6,6,6,6,6,6
470650,1,1,1991,0,0,0,0,0,0,0,0,0,0
470651,1,1,1991,18,18,18,18,18,18,18,18,18,18
470652,1,1,1991,0,0,7,0,0,0,0,0,0,0
470652,2,1,1991,0,0,3,0,0,0,0,0,0,0
470653,1,1,1991,0,0,0,0,0,0,0,0,0,0
470654,0,1,1991,16,16,16,16,16,16,16,16,16,16
470654,1,1,1991,0,0,0,0,0,0,0,0,0,0
470655,1,1,1991,0,0,0,0,0,0,0,0,0,0
470655,2,1,1991,0,0,0,0,0,0,0,0,0,0
470656,1,1,1991,0,0,0,0,0,0,0,0,0,0
470656,2,1,1991,0,0,0,0,0,0,0,0,0,0
470657,1,1,1991,24,24,24,24,24,24,24,24,24,24
470658,1,1,1991,25,25,25,25,25,25,25,25,25,25
470659,1,1,1991,7,7,7,7,7,7,7,7,7,7
470660,1,1,1991,0,15,29,7,24,17,20,18,23,8
470660,2,1,1991,0,0,0,0,0,0,0,0,0,0
470661,1,1,1991,4,4,4,4,4,4,4,4,4,4
470661,2,1,1991,0,0,0,0,0,25,0,0,0,0
470661,3,1,1991,18,18,18,18,18,18,18,18,18,18
470663,0,1,1991,0,0,0,0,0,0,0,0,0,0
470663,1,1,1991,0,0,0,0,0,0,0,0,0,0
470664,1,1,1991,14,14,14,14,14,14,14,14,14,14
470665,1,1,1991,0,0,0,0,0,0,0,0,0,0
470666,0,1,1991,18,18,18,18,18,18,18,18,18,18
470666,1,1,1991,0,0,0,0,0,0,0,0,0,0
470667,1,1,1991,0,0,0,0,0,0,0,0,0,0
470667,2,1,1991,15,15,15,15,15,15,15,15,15,15
470668,1,1,1991,21,21,21,21,21,21,21,21,21,21
470669,1,1,1991,0,0,0,0,0,0,22,0,0,9
470670,0,1,1991,0,0,0,0,0,0,0,0,0,0
470670,1,1,1991,7,7,7,7,7,7,7,7,7,7
470671,1,1,1991,0,0,0,0,0,0,0,0,0,0
470671,2,1,1991,0,0,0,0,0,0,0,0,0,0
470672,1,1,1991,37,37,37,37,37,37,37,37,37,37
470674,1,1,1991,0,0,0,0,0,0,0,0,0,0
470674,2,1,1991,0,0,0,0,0,0,0,0,0,0
470675,1,1,1991,0,0,0,0,0,0,0,0,0,0
470676,0,1,1991,32,5,0,31,0,25,18,25,13,36
470676,0,2,1991,21,15,8,12,0,48,27,12,10,25
470676,2,1,1991,0,0,0,0,0,20,0,0,14,0
470677,1,1,1991,25,25,25,25,25,25,25,25,25,25
470677,2,1,1991,0,0,0,0,0,0,0,0,0,0
470678,1,1,1991,0,0,0,0,0,0,0,0,0,0
470679,1,1,1991,10,10,10,10,10,10,10,10,10,10
470680,0,1,1991,0,0,0,0,0,0,0,0,0,0
470680,1,1,1991,0,0,0,0,0,0,0,0,0,0
470681,1,1,1991,18,18,18,18,18,18,18,18,18,18
470682,1,1,1991,0,0,0,0,0,0,0,0,0,0
470682,2,1,1991,4,4,4,4,4,4,4,4,4,4
470683,1,1,1991,0,0,0,0,0,0,0,0,0,0
470683,2,1,1991,0,17,0,0,28,0,16,0,0,23
470684,1,1,1991,0,0,0,0,0,0,0,0,0,0
470684,2,1,1991,0,0,0,0,0,0,0,0,0,0
470685,1,1,1991,10,14,15,12,9,11,5,10,13,19
470686,0,1,1991,0,0,0,0,0,0,0,0,0,0
470686,1,1,1991,0,0,0,0,0,0,0,0,0,0
470687,0,1,1991,0,0,0,0,0,0,0,0,0,0
470687,0,2,1991,0,0,0,0,0,0,0,0,0,0
470687,1,1,1991,0,0,0,0,0,0,0,0,0,0
470688,1,1,1991,0,0,0,0,0,0,0,0,0,0
470688,2,1,1991,0,0,0,0,0,0,0,8,0,0
470689,1,1,1991,0,0,0,0,0,0,0,0,0,0
470689,2,1,1991,0,0,0,0,0,0,26,0,0,0
470690,1,1,1991,0,0,20,0,0,10,0,0,0,0
470691,0,1,1991,16,16,16,16,16,16,16,16,16,16
470691,1,1,1991,0,0,0,0,0,0,0,0,0,0
470692,1,1,1991,23,23,23,23,23,23,23,23,23,23
470693,1,1,1991,34,34,34,34,34,34,34,34,34,34
470694,1,1,1991,0,0,0,0,0,0,0,0,0,0
470695,1,1,1991,0,20,0,0,0,0,0,0,0,0
470696,1,1,1991,0,0,0,0,0,0,0,0,0,0
470696,2,1,1991,0,0,0,0,0,0,0,0,0,0
470697,1,1,1991,14,14,14,14,14,14,14,14,14,14
470697,2,1,1991,2,2,2,2,2,2,2,2,2,2
470698,1,1,1991,0,0,0,0,0,0,0,0,0,0
470698,2,1,1991,0,0,0,0,0,0,0,0,0,0
470699,1,1,1991,0,0,0,0,0,0,0,0,0,0
470699,2,1,1991,0,0,0,0,0,0,0,0,0,0
470699,3,1,1991,0,0,0,0,0,0,0,0,0,0
470700,1,1,1991,20,20,20,20,20,20,20,20,20,20
470702,0,1,1991,0,0,0,0,0,0,0,0,0,0
470702,1,1,1991,0,0,0,0,0,0,0,0,0,0
470703,1,1,1991,13,13,13,13,13,13,13,13,13,13
470704,1,1,1991,29,29,29,29,29,29,29,29,29,29
470705,1,1,1991,12,12,12,12,12,12,12,12,12,12
470706,1,1,1991,24,26,18,34,24,19,16,33,28,14
470707,1,1,1991,9,13,35,25,13,10,28,9,36,24
470707,2,1,1991,0,0,0,0,0,0,0,0,0,0
470708,1,1,1991,0,0,0,0,0,0,0,0,0,0
470709,1,1,1991,0,0,0,0,0,0,0,0,0,0
470709,2,1,1991,0,0,0,0,0,0,0,0,0,0
470710,1,1,1991,0,0,0,0,0,0,0,0,0,0
470711,1,1,1991,29,29,29,29,29,29,29,29,29,29
470712,1,1,1991,16,16,16,16,16,16,16,16,16,16
470713,1,1,1991,43,17,35,30,28,18,16,18,23,17
470714,1,1,1991,1,1,1,1,1,1,1,1,1,1
470715,1,1,1991,0,4,0,24,0,0,33,16,0,0
470716,1,1,1991,4,4,4,4,4,4,4,4,4,4
470716,2,1,1991,0,0,0,0,0,0,0,0,0,0
470717,1,1,1991,0,0,0,0,0,0,0,0,0,0
470717,2,1,1991,25,25,25,25,25,25,25,25,25,25
470718,1,1,1991,0,0,0,0,0,0,0,0,0,0
470718,2,1,1991,0,0,0,0,0,0,0,0,0,0
470719,1,1,1991,16,16,16,16,16,16,16,16,16,16
470719,2,1,1991,0,0,0,0,0,0,0,0,0,0
470720,1,1,1991,0,0,0,0,0,0,0,0,0,0
470720,2,1,1991,3,3,3,3,3,3,3,3,3,3
470721,1,1,1991,0,0,0,0,0,0,0,0,0,0
470722,1,1,1991,40,12,3,9,20,21,24,14,24,20
470723,0,1,1991,15,15,15,15,15,15,15,15,15,15
470723,1,1,1991,0,0,0,0,0,0,0,0,0,0
470724,1,1,1991,0,0,0,0,0,0,0,0,0,0
470724,2,1,1991,0,0,0,0,0,0,0,0,0,0
470725,0,1,1991,0,0,0,0,0,0,0,0,0,0
470725,1,1,1991,0,0,0,0,0,0,0,0,0,0
470726,1,1,1991,28,28,28,28,28,28,28,28,28,28
470727,1,1,1991,12,12,12,12,12,12,12,12,12,12
470728,1,1,1991,23,23,23,23,23,23,23,23,23,23
470729,1,1,1991,23,34,27,16,16,24,27,20,16,26
470729,2,1,1991,13,13,13,13,13,13,13,13,13,13
470730,1,1,1991,0,0,15,8,14,19,0,0,0,0
470731,1,1,1991,0,0,0,0,0,0,0,0,0,0
470731,2,1,1991,0,0,0,0,0,0,0,0,0,0
470732,1,1,1991,0,19,21,0,0,19,0,25,0,11
470732,2,1,1991,0,0,0,0,0,0,0,0,0,0
470733,0,1,1991,28,0,0,0,9,0,6,0,21,26
470733,1,1,1991,0,0,0,0,0,0,0,0,0,0
470734,0,1,1991,20,20,20,20,20,20,20,20,20,20
470734,1,1,1991,0,0,0,0,0,0,0,0,0,0
470734,2,1,1991,0,0,0,0,0,0,0,0,0,0
470735,1,1,1991,0,0,0,0,0,0,0,0,0,11
470735,2,1,1991,0,0,0,0,0,0,0,0,0,0
470736,1,1,1991,21,21,21,21,21,21,21,21,21,21
470737,1,1,1991,0,0,0,0,0,0,0,0,0,0
470737,2,1,1991,5,5,5,5,5,5,5,5,5,5
470738,1,1,1991,0,11,0,0,0,0,0,0,0,0
470738,2,1,1991,0,0,0,30,0,0,0,0,0,0
470739,0,1,1991,27,27,27,27,27,27,27,27,27,27
470739,2,1,1991,19,19,19,19,19,19,19,19,19,19
470740,1,1,1991,0,0,0,0,0,0,0,0,0,0
470740,2,1,1991,0,0,0,0,0,0,0,17,0,0
470741,1,1,1991,42,42,42,42,42,42,42,42,42,42
470742,1,1,1991,28,28,28,28,28,28,28,28,28,28
470742,2,1,1991,0,0,0,0,0,0,0,0,0,0
470743,0,1,1991,0,0,22,9,24,0,38,12,0,17
470743,0,2,1991,0,0,0,0,0,0,0,0,0,0
470743,1,1,1991,0,0,0,0,0,0,0,0,0,0
470744,1,1,1991,0,0,0,0,0,0,0,0,0,0
470744,2,1,1991,0,0,0,0,0,0,0,0,0,0
470745,1,1,1991,0,0,0,0,0,0,0,0,0,0
470746,1,1,1991,0,0,0,0,0,3,0,11,13,0
470747,1,1,1991,13,13,13,13,13,13,13,13,13,13
470747,2,1,1991,16,16,16,16,16,16,16,16,16,16
470748,1,1,1991,0,0,0,0,0,0,0,0,0,0
470749,1,1,1991,0,0,0,0,0,0,0,0,0,0
470750,1,1,1991,8,8,8,8,8,8,8,8,8,8
470750,2,1,1991,11,11,11,11,11,11,11,11,11,11
470751,1,1,1991,0,0,0,0,0,0,0,0,0,0
470751,2,1,1991,18,18,18,18,18,18,18,18,18,18
470752,1,1,1991,0,0,0,0,0,0,0,0,0,0
470752,2,1,1991,0,0,0,0,0,18,0,0,0,0
470753,1,1,1991,0,0,0,0,0,0,0,0,0,0
470754,1,1,1991,0,0,0,0,0,0,0,0,0,0
470754,2,1,1991,0,0,0,0,0,0,0,0,0,0
470755,1,1,1991,17,17,17,17,17,17,17,17,17,17
470757,1,1,1991,17,17,17,17,17,17,17,17,17,17
470758,1,1,1991,0,0,0,0,0,0,0,0,0,0
470758,2,1,1991,0,0,0,0,0,0,0,0,0,0
470759,1,1,1991,0,0,0,0,0,0,0,0,0,0
470759,2,1,1991,0,0,0,0,0,0,0,0,0,0
470760,1,1,1991,26,26,26,26,26,26,26,26,26,26
470761,1,1,1991,0,0,0,0,0,0,0,0,0,0
470761,2,1,1991,0,0,0,0,0,0,0,0,0,0
470762,1,1,1991,0,0,0,0,0,0,0,0,0,0
470762,2,1,1991,0,0,0,0,0,0,0,0,0,0
470763,1,1,1991,0,0,0,0,0,0,0,0,0,10
470763,2,1,1991,0,0,0,0,0,0,0,0,0,0
470764,1,1,1991,0,0,0,0,0,0,0,0,0,0
470765,1,1,1991,0,6,0,0,0,0,0,0,0,0
470765,2,1,1991,0,0,0,0,0,0,0,0,0,0
470766,0,1,1991,11,11,11,11,11,11,11,11,11,11
470766,1,1,1991,3,35,8,0,0,0,0,0,5,20
470766,2,1,1991,11,0,27,19,0,0,0,0,0,0
470767,1,1,1991,0,0,0,0,0,0,0,0,0,0
470767,2,1,1991,1,1,1,1,1,1,1,1,1,1
470768,1,1,1991,23,23,23,23,23,23,23,23,23,23
470769,1,1,1991,0,0,0,0,0,0,0,0,0,0
470769,2,1,1991,0,0,0,0,0,0,0,0,0,0
470770,1,1,1991,3,3,3,3,3,3,3,3,3,3
470770,2,1,1991,0,0,0,0,0,0,0,0,0,0
470770,3,1,1991,0,0,0,0,0,0,0,0,0,0
470770,4,1,1991,0,0,0,0,0,0,0,0,0,0
470771,1,1,1991,6,6,6,6,6,6,6,6,6,6
470772,1,1,1991,0,0,0,0,0,0,0,0,0,0
470772,2,1,1991,0,19,0,0,10,0,2,0,0,0
470772,3,1,1991,0,0,0,0,0,0,0,0,0,0
470772,4,1,1991,5,5,5,5,5,5,5,5,5,5
470773,1,1,1991,1,1,1,1,1,1,1,1,1,1
470774,1,1,1991,0,0,0,0,0,0,0,0,0,0
470775,1,1,1991,0,0,9,0,29,0,0,0,7,0
470775,2,1,1991,0,0,16,0,0,0,0,0,0,0
470776,1,1,1991,12,12,12,12,12,12,12,12,12,12
470777,1,1,1991,0,0,0,0,0,0,0,0,0,0
470777,2,1,1991,0,0,0,0,0,0,0,0,0,0
470778,1,1,1991,4,4,4,4,4,4,4,4,4,4
470779,1,1,1991,0,0,0,0,0,0,0,0,0,0
470779,2,1,1991,0,0,0,0,0,0,0,0,0,0
470780,1,1,1991,18,18,18,18,18,18,18,18,18,18
470780,2,1,1991,0,31,9,5,0,8,10,0,0,6
470781,1,1,1991,0,0,0,0,0,0,0,0,0,0
470781,2,1,1991,0,0,0,0,0,0,0,0,0,0
470782,1,1,1991,0,0,0,0,0,0,0,0,0,0
470782,2,1,1991,26,26,26,26,26,26,26,26,26,26
470783,1,1,1991,14,14,14,14,14,14,14,14,14,14
470783,2,1,1991,0,0,0,0,0,0,0,0,0,0
470784,1,1,1991,26,26,26,26,26,26,26,26,26,26