ST_CASE,VEH_NO,PER_NO,YEAR,P1,P2,P3,P4,P5,P6,P7,P8,P9,P10
470784,2,1,1991,0,0,0,0,0,0,0,0,0,0
470785,1,1,1991,0,0,0,0,0,0,0,0,0,0
470786,1,1,1991,0,0,0,0,0,0,0,0,0,0
470786,2,1,1991,0,0,0,0,0,0,0,0,0,0
470787,1,1,1991,0,0,0,21,0,0,0,2,0,0
470787,2,1,1991,0,0,0,0,0,0,0,0,0,0
470787,3,1,1991,20,12,9,21,6,11,0,0,14,18
470788,1,1,1991,19,19,19,19,19,19,19,19,19,19
470789,1,1,1991,0,0,0,0,0,0,0,0,0,0
470789,2,1,1991,0,0,0,0,0,0,0,0,0,0
470790,1,1,1991,12,12,12,12,12,12,12,12,12,12
470791,1,1,1991,22,30,5,8,20,0,20,23,12,6
470791,2,1,1991,0,0,0,0,0,0,0,0,0,0
470792,1,1,1991,4,4,4,4,4,4,4,4,4,4
470793,1,1,1991,0,0,0,0,0,0,0,0,0,0
470794,1,1,1991,0,0,0,0,0,0,0,0,0,0
470794,2,1,1991,15,15,15,15,15,15,15,15,15,15
470795,1,1,1991,29,29,29,29,29,29,29,29,29,29
470796,1,1,1991,23,0,0,19,25,21,24,14,15,37
470797,1,1,1991,0,0,0,0,0,0,0,0,0,0
470798,1,1,1991,13,15,25,11,0,40,0,22,17,18
470798,2,1,1991,0,0,0,0,0,0,0,0,0,0
470799,1,1,1991,19,19,19,19,19,19,19,19,19,19
470800,1,1,1991,0,0,0,0,0,0,0,0,0,0
470801,1,1,1991,0,0,0,0,0,0,0,0,0,0
470802,1,1,1991,0,0,0,0,0,0,0,0,0,0
470802,2,1,1991,0,0,0,0,0,0,0,0,0,0
470802,3,1,1991,0,0,0,0,0,0,0,0,0,0
470803,1,1,1991,5,5,5,5,5,5,5,5,5,5
470804,1,1,1991,24,24,24,24,24,24,24,24,24,24
470805,1,1,1991,0,0,0,0,0,0,0,0,0,0
470806,1,1,1991,0,0,0,0,0,0,0,0,0,0
470806,2,1,1991,0,0,0,0,0,0,0,0,0,0
470807,1,1,1991,32,32,32,32,32,32,32,32,32,32
470808,1,1,1991,16,16,16,16,16,16,16,16,16,16
470809,1,1,1991,0,0,0,0,0,25,0,0,0,17
470810,1,1,1991,10,10,10,10,10,10,10,10,10,10
470811,1,1,1991,11,11,11,11,11,11,11,11,11,11
470812,1,1,1991,0,0,0,0,0,0,0,0,0,0
470812,2,1,1991,0,0,0,0,0,0,0,0,0,0
470813,1,1,1991,0,0,0,0,0,0,0,0,0,0
470814,1,1,1991,0,0,0,0,0,0,0,0,0,9
470814,2,1,1991,0,0,0,0,0,0,0,0,0,0
470815,1,1,1991,0,0,0,0,0,0,0,0,0,0
470816,0,1,1991,16,0,0,0,0,0,0,0,0,0
470816,1,1,1991,0,0,0,0,0,0,0,0,0,0
470817,1,1,1991,10,10,10,10,10,10,10,10,10,10
470817,2,1,1991,0,0,0,0,5,0,0,0,0,0
470818,1,1,1991,8,8,8,8,8,8,8,8,8,8
470819,1,1,1991,17,17,17,17,17,17,17,17,17,17
470820,1,1,1991,21,21,21,21,21,21,21,21,21,21
470821,1,1,1991,24,24,24,24,24,24,24,24,24,24
470822,1,1,1991,0,0,0,0,0,0,0,0,0,0
470822,2,1,1991,0,0,0,0,0,0,0,0,0,0
470823,1,1,1991,4,4,4,4,4,4,4,4,4,4
470824,1,1,1991,0,0,0,0,0,0,0,0,0,0
470824,2,1,1991,0,0,0,0,0,0,0,0,0,0
470825,1,1,1991,0,0,0,12,0,9,0,30,27,0
470826,1,1,1991,0,0,0,0,0,0,0,0,0,0
470826,2,1,1991,0,0,0,0,0,0,0,0,0,0
470827,1,1,1991,15,15,15,15,15,15,15,15,15,15
470828,1,1,1991,0,0,0,0,0,0,0,0,0,0
470829,1,1,1991,0,0,0,0,0,0,0,0,0,0
470830,1,1,1991,0,0,0,0,0,0,0,0,0,0
470830,2,1,1991,0,0,0,0,0,0,0,0,0,0
470831,1,1,1991,0,0,0,0,0,0,0,0,0,0
470831,2,1,1991,0,0,0,0,0,0,0,0,0,0
470831,3,1,1991,0,0,0,0,0,0,0,0,0,0
470832,1,1,1991,11,11,11,11,11,11,11,11,11,11
470833,1,1,1991,7,7,7,7,7,7,7,7,7,7
470834,1,1,1991,0,0,0,0,0,0,0,0,0,0
470835,1,1,1991,18,19,21,16,16,5,20,27,16,12
470836,1,1,1991,30,30,30,30,30,30,30,30,30,30
470837,1,1,1991,20,28,22,14,0,14,0,0,17,5
470838,1,1,1991,0,3,0,0,16,0,0,0,0,17
470839,1,1,1991,0,0,0,0,0,0,0,0,0,0
470839,2,1,1991,0,0,0,0,0,0,0,0,0,0
470840,1,1,1991,16,16,16,16,16,16,16,16,16,16
470841,1,1,1991,0,0,0,0,0,0,0,0,0,0
470841,2,1,1991,0,0,0,0,0,0,0,0,0,0
470842,1,1,1991,0,0,0,0,0,0,0,0,0,0
470842,2,1,1991,0,0,0,0,0,0,0,0,0,0
470842,3,1,1991,0,0,0,0,0,0,0,0,0,0
470843,1,1,1991,0,0,0,0,0,14,0,0,0,0
470844,1,1,1991,0,0,0,0,0,0,0,0,0,0
470845,1,1,1991,0,16,14,23,23,14,18,19,7,19
470845,2,1,1991,0,0,0,0,0,0,0,0,0,0
470845,3,1,1991,8,0,0,0,0,0,0,11,0,0
470846,1,1,1991,1,1,1,1,1,1,1,1,1,1
470847,1,1,1991,1,1,1,1,1,1,1,1,1,1
470848,1,1,1991,18,18,18,18,18,18,18,18,18,18
470849,1,1,1991,0,0,0,0,0,0,0,0,0,0
470849,2,1,1991,0,0,0,0,0,0,0,0,0,0
470850,0,1,1991,21,21,21,21,21,21,21,21,21,21
470850,1,1,1991,0,0,0,0,0,0,0,0,0,0
470851,1,1,1991,0,0,0,0,0,0,0,0,0,0
470852,1,1,1991,18,18,18,18,18,18,18,18,18,18
470853,1,1,1991,0,0,0,0,0,0,0,0,0,0
470853,2,1,1991,27,27,27,27,27,27,27,27,27,27
470854,1,1,1991,14,14,14,14,14,14,14,14,14,14
470855,0,1,1991,14,14,14,14,14,14,14,14,14,14
470855,1,1,1991,0,0,0,0,0,0,0,0,0,0
470855,2,1,1991,0,0,28,0,0,0,0,0,0,0
470856,1,1,1991,20,0,0,13,0,17,13,27,15,24
470857,1,1,1991,0,0,0,0,0,0,0,0,0,0
470857,2,1,1991,0,0,0,0,19,0,0,0,0,0
470858,1,1,1991,0,0,0,0,0,0,0,0,0,0
470858,2,1,1991,0,0,0,0,0,0,0,0,0,0
470858,3,1,1991,0,0,0,0,0,0,0,0,0,0
470859,1,2,1991,0,17,32,15,0,0,7,0,22,9
470860,1,1,1991,0,0,0,0,0,0,0,0,0,0
470860,2,1,1991,0,0,0,0,0,0,0,0,0,0
470861,1,1,1991,0,0,0,0,0,0,0,0,0,0
470861,2,1,1991,0,0,0,0,0,0,0,0,0,0
470862,1,1,1991,0,0,0,0,0,0,0,0,0,0
470863,1,1,1991,0,0,0,0,0,0,0,0,0,0
470863,2,1,1991,0,0,0,0,0,0,0,0,0,0
470864,1,1,1991,17,17,17,17,17,17,17,17,17,17
470865,1,1,1991,21,21,21,21,21,21,21,21,21,21
470866,1,1,1991,14,12,7,8,5,16,10,14,9,20
470867,1,1,1991,0,0,0,0,0,0,0,0,0,0
470868,1,1,1991,15,15,15,15,15,15,15,15,15,15
470868,2,1,1991,0,0,0,0,0,0,0,0,0,0
470869,1,1,1991,0,0,0,0,0,0,0,0,0,0
470869,2,1,1991,0,0,0,0,0,0,0,0,0,0
470870,1,1,1991,0,0,0,0,0,0,0,0,0,0
470870,2,1,1991,0,0,0,0,0,0,0,0,0,0
470872,0,1,1991,20,20,20,20,20,20,20,20,20,20
470872,1,1,1991,0,0,0,0,0,0,0,0,0,0
470873,1,1,1991,0,0,0,0,0,0,0,0,0,0
470873,2,1,1991,0,0,0,0,0,0,0,0,0,0
470873,3,1,1991,0,0,0,0,0,0,0,0,0,0
470873,4,1,1991,0,0,0,0,0,0,0,0,0,0
470873,5,1,1991,0,0,0,0,0,0,0,0,0,0
470874,1,1,1991,0,0,0,0,0,0,0,0,0,0
470875,1,1,1991,0,0,0,0,0,0,0,0,0,0
470876,1,1,1991,9,0,0,0,0,0,25,19,26,0
470876,2,1,1991,0,0,0,0,0,0,0,0,0,0
470877,1,1,1991,21,21,21,21,21,21,21,21,21,21
470878,1,1,1991,22,11,22,25,0,21,10,0,20,11
470878,2,1,1991,0,0,24,0,26,0,0,39,0,0
470879,1,1,1991,0,0,11,0,0,0,0,0,0,0
470879,2,1,1991,15,15,15,15,15,15,15,15,15,15
470881,1,1,1991,20,14,29,12,12,14,20,33,24,16
470882,1,1,1991,21,21,21,21,21,21,21,21,21,21
470884,1,1,1991,0,0,0,0,0,0,0,0,0,0
470884,2,1,1991,0,0,0,0,0,0,0,0,0,0
470885,0,1,1991,23,23,23,23,23,23,23,23,23,23
470885,1,1,1991,0,0,0,0,0,0,0,0,0,0
470886,1,1,1991,0,0,0,0,0,0,0,0,0,0
470887,1,1,1991,0,0,0,0,0,0,0,0,0,0
470887,2,1,1991,0,0,0,0,0,0,0,0,0,0
470888,1,1,1991,0,0,0,0,0,0,0,0,0,0
470889,1,1,1991,0,0,0,0,0,0,0,0,0,0
470889,2,1,1991,13,13,13,13,13,13,13,13,13,13
470890,1,1,1991,0,0,0,0,0,0,0,0,0,0
470891,1,1,1991,14,23,22,15,19,12,16,26,9,14
470892,0,1,1991,5,5,5,5,5,5,5,5,5,5
470892,1,1,1991,0,0,0,0,0,0,0,0,0,0
470893,0,1,1991,0,0,0,0,0,0,0,0,0,0
470893,1,1,1991,0,0,0,0,0,0,0,0,0,0
470894,1,1,1991,0,0,0,0,0,0,0,0,0,0
470894,2,1,1991,8,8,8,8,8,8,8,8,8,8
470895,1,1,1991,0,0,0,0,0,0,0,0,0,0
470895,2,1,1991,0,0,0,0,0,0,0,0,0,0
470896,1,1,1991,14,14,14,14,14,14,14,14,14,14
470896,2,1,1991,0,0,0,0,0,0,0,0,0,0
470897,1,1,1991,0,0,0,0,0,0,0,0,0,0
470898,1,1,1991,0,0,0,0,0,0,0,0,0,0
470898,2,1,1991,0,0,0,0,0,0,0,0,0,0
470899,1,1,1991,0,0,0,0,0,0,0,0,0,0
470899,2,1,1991,0,0,0,0,0,8,0,0,0,0
470900,1,1,1991,0,25,0,0,0,0,0,0,0,0
470901,1,1,1991,0,0,0,0,0,0,0,0,0,0
470901,2,1,1991,0,0,0,0,0,0,0,0,0,0
470902,1,1,1991,9,0,0,0,0,0,0,0,14,0
470902,2,1,1991,0,0,0,0,0,0,0,0,0,0
470903,1,1,1991,0,15,0,11,0,0,29,0,0,0
470903,2,1,1991,0,0,0,0,0,0,0,0,0,0
470904,1,1,1991,0,0,0,0,0,0,0,0,0,0
470904,2,1,1991,0,0,0,0,0,0,0,0,0,0
470905,1,1,1991,1,1,1,1,1,1,1,1,1,1
470905,2,1,1991,9,6,21,12,29,39,22,18,9,21
470906,0,1,1991,30,30,30,30,30,30,30,30,30,30
470906,1,1,1991,0,0,0,11,0,0,0,0,0,0
470906,2,1,1991,0,0,0,21,0,0,0,6,0,17
470907,1,1,1991,0,0,0,0,0,0,0,0,0,0
470908,1,1,1991,0,0,0,0,0,0,0,0,0,0
470909,0,1,1991,0,0,0,0,0,0,0,0,0,0
470909,1,1,1991,0,0,0,0,0,0,0,0,0,0
470910,1,1,1991,0,0,0,0,0,0,0,0,0,0
470910,2,1,1991,0,0,13,0,0,0,17,0,0,0
470911,1,1,1991,0,0,0,0,0,0,0,0,0,0
470912,1,1,1991,0,0,0,0,0,0,0,0,0,0
470912,2,1,1991,32,32,32,32,32,32,32,32,32,32
470914,1,1,1991,0,0,0,6,0,0,9,0,0,0
470915,1,1,1991,0,0,0,0,0,0,0,0,0,0
470915,2,1,1991,0,0,0,0,0,0,0,0,0,0
470915,3,1,1991,0,0,0,0,0,0,0,0,0,0
470916,1,1,1991,0,0,0,0,0,0,0,0,0,0
470916,2,1,1991,0,0,0,0,0,0,0,0,0,0
470917,1,1,1991,17,0,22,22,14,30,13,14,24,20
470918,1,1,1991,0,0,0,0,0,0,0,21,0,0
470918,2,1,1991,0,0,0,0,0,0,0,0,0,0
470918,3,1,1991,0,0,0,0,0,0,0,0,0,0
470918,4,1,1991,0,0,0,0,12,13,0,0,0,0
470919,1,1,1991,0,0,0,0,0,0,0,0,0,0
470919,2,1,1991,22,22,22,22,22,22,22,22,22,22
470919,3,1,1991,0,0,0,0,0,0,0,0,0,0
470920,1,1,1991,7,0,10,15,5,0,5,0,11,20
470921,1,1,1991,0,0,0,0,0,0,0,0,0,0
470921,2,1,1991,0,0,0,0,0,0,0,0,0,0
470922,1,1,1991,27,27,27,27,27,27,27,27,27,27
470923,0,1,1991,17,17,17,17,17,17,17,17,17,17
470923,1,1,1991,0,0,0,0,0,0,0,0,0,0
470924,1,1,1991,0,0,0,0,0,0,0,0,0,0
470925,1,1,1991,0,0,0,0,0,0,0,0,0,0
470926,1,1,1991,0,0,0,0,0,0,0,0,0,0
470926,2,1,1991,0,0,0,0,0,0,0,0,0,0
470927,1,1,1991,13,13,13,13,13,13,13,13,13,13
470928,1,1,1991,20,20,20,20,20,20,20,20,20,20
470929,1,1,1991,21,21,21,21,21,21,21,21,21,21
470930,1,1,1991,13,13,13,13,13,13,13,13,13,13
470931,1,1,1991,24,24,24,24,24,24,24,24,24,24
470932,0,1,1991,0,0,0,0,0,0,0,0,0,15
470932,2,1,1991,0,0,0,0,0,0,0,0,0,0
470933,1,1,1991,14,0,0,0,0,19,0,0,0,0
470934,1,1,1991,0,0,0,0,0,0,0,0,0,0
470935,1,1,1991,21,21,21,21,21,21,21,21,21,21
470935,2,1,1991,0,0,0,0,0,0,0,11,0,0
470936,1,1,1991,0,0,0,0,0,0,0,0,0,0
470937,1,1,1991,17,6,14,17,20,7,16,15,16,21
470938,1,1,1991,0,0,0,0,0,0,0,0,0,0
470938,2,1,1991,0,0,0,0,0,0,0,0,0,0
470939,1,1,1991,1,1,1,1,1,1,1,1,1,1
470940,1,1,1991,15,11,16,10,15,0,0,16,18,15
470940,2,1,1991,0,0,0,0,0,0,0,0,0,0
470941,1,1,1991,0,0,0,0,0,0,0,0,0,0
470941,2,1,1991,0,0,0,0,0,0,0,0,0,0
470942,1,1,1991,14,14,14,14,14,14,14,14,14,14
470943,1,1,1991,26,12,20,20,10,7,3,3,15,5
470944,1,1,1991,10,10,10,10,10,10,10,10,10,10
470945,1,1,1991,0,0,0,0,0,0,0,0,0,0
470945,2,1,1991,0,0,0,0,0,0,0,0,0,0
470947,1,1,1991,12,0,0,10,0,20,0,0,0,0
470948,0,1,1991,0,0,0,0,0,0,0,0,0,0
470948,1,1,1991,0,0,0,0,0,0,0,0,0,0
470949,0,1,1991,0,13,0,12,0,0,0,0,0,0
470949,1,1,1991,0,0,0,0,0,0,0,0,0,0
470949,2,1,1991,17,17,17,17,17,17,17,17,17,17
470949,3,1,1991,0,0,0,0,0,0,0,0,0,0
470950,0,1,1991,0,0,0,0,0,0,0,0,0,0
470950,1,1,1991,0,0,0,0,0,0,0,0,0,0
470951,1,1,1991,8,8,8,8,8,8,8,8,8,8
470952,1,1,1991,0,0,0,0,0,0,0,0,0,0
470952,2,1,1991,0,0,0,0,0,0,0,0,0,0
470953,1,1,1991,29,29,29,29,29,29,29,29,29,29
470954,0,1,1991,0,0,0,0,0,0,0,0,0,0
470954,1,1,1991,0,0,0,0,0,0,0,0,0,0
470955,1,1,1991,0,0,0,0,0,0,0,0,16,0
470956,1,1,1991,0,0,0,0,0,0,0,0,0,0
470957,1,1,1991,13,13,13,13,13,13,13,13,13,13
470957,2,1,1991,8,8,8,8,8,8,8,8,8,8
470958,1,1,1991,0,0,0,0,0,0,0,0,0,0
470958,2,1,1991,28,28,28,28,28,28,28,28,28,28
470959,1,1,1991,30,30,30,30,30,30,30,30,30,30
470960,1,1,1991,0,0,0,0,0,0,0,0,0,0
470961,1,1,1991,27,27,27,27,27,27,27,27,27,27
470962,1,1,1991,5,5,5,5,5,5,5,5,5,5
470962,2,1,1991,0,0,0,0,0,0,0,0,0,0
470963,1,1,1991,24,24,24,24,24,24,24,24,24,24
470963,2,1,1991,0,0,0,0,0,0,0,0,0,0
470964,1,1,1991,0,0,0,10,0,0,0,0,0,0
470966,1,1,1991,24,24,24,24,24,24,24,24,24,24
470967,1,1,1991,24,24,24,24,24,24,24,24,24,24
470967,2,1,1991,4,4,4,4,4,4,4,4,4,4
470968,1,1,1991,28,28,28,28,28,28,28,28,28,28
470969,1,1,1991,0,0,0,0,0,0,0,0,0,0
470970,1,1,1991,16,16,16,16,16,16,16,16,16,16
470971,1,1,1991,13,13,13,13,13,13,13,13,13,13
470971,2,1,1991,0,0,18,0,0,0,20,0,0,0
470972,1,1,1991,16,16,16,16,16,16,16,16,16,16
470973,0,1,1991,20,20,20,20,20,20,20,20,20,20
470973,1,1,1991,0,0,0,0,0,0,0,0,0,0
470974,1,1,1991,0,0,0,0,0,0,0,0,0,0
470975,1,1,1991,12,12,12,12,12,12,12,12,12,12
470977,1,1,1991,0,0,0,0,0,0,0,0,0,0
470977,2,1,1991,0,0,0,0,0,0,0,0,0,0
470978,1,1,1991,5,5,5,5,5,5,5,5,5,5
470978,2,1,1991,17,17,17,17,17,17,17,17,17,17
470979,1,1,1991,22,22,22,22,22,22,22,22,22,22
470980,0,1,1991,2,2,2,2,2,2,2,2,2,2
470980,1,1,1991,0,17,11,9,0,17,22,27,0,0
470981,1,1,1991,0,0,0,0,0,0,0,0,0,0
470981,2,1,1991,0,0,0,0,0,0,0,0,0,0
470982,1,1,1991,0,0,23,0,0,0,0,0,0,0
470982,2,1,1991,0,0,0,0,0,0,0,17,0,0
470982,3,1,1991,0,0,0,0,0,0,0,0,0,0
470983,1,1,1991,0,0,0,0,0,0,0,0,0,0
470984,1,1,1991,0,0,0,0,0,0,0,0,0,0
470985,1,1,1991,0,0,0,0,0,0,0,0,0,0
470985,2,1,1991,0,0,0,0,0,0,0,0,0,0
470986,1,1,1991,0,0,0,0,0,0,0,0,0,0
470986,2,1,1991,0,21,0,0,0,0,18,0,0,0
470987,1,1,1991,0,0,0,0,0,0,0,0,0,0
470987,2,1,1991,0,0,0,0,0,11,0,0,0,19
470988,1,1,1991,0,0,0,0,0,0,0,0,0,0
470988,2,1,1991,0,0,0,0,0,0,0,0,0,0
470989,1,1,1991,33,33,33,33,33,33,33,33,33,33
470990,1,1,1991,9,9,9,9,9,9,9,9,9,9
470991,1,1,1991,26,26,26,26,26,26,26,26,26,26
470992,1,1,1991,12,0,17,0,12,24,10,0,10,0
470993,1,1,1991,0,0,0,0,0,0,0,0,0,0
470994,1,1,1991,0,0,0,0,0,0,0,0,0,0
470994,2,1,1991,0,0,0,0,0,0,0,0,0,0
470995,1,1,1991,0,0,0,0,0,0,0,0,0,0
470995,2,1,1991,0,0,0,0,0,0,0,0,0,0
470996,1,1,1991,0,0,0,0,0,23,0,0,0,0
470997,1,1,1991,9,9,9,9,9,9,9,9,9,9
470999,1,1,1991,3,3,3,3,3,3,3,3,3,3
471000,0,1,1991,11,11,11,11,11,11,11,11,11,11
471000,1,1,1991,0,0,0,0,0,0,0,0,0,0
471001,1,1,1991,14,14,14,14,14,14,14,14,14,14
471001,2,1,1991,0,0,0,0,0,0,0,0,0,0
471002,1,1,1991,0,0,0,0,0,0,0,0,0,0
471003,0,1,1991,31,31,31,31,31,31,31,31,31,31
471003,1,1,1991,0,0,0,0,0,0,0,0,0,0
471004,1,1,1991,0,0,0,0,0,0,0,0,0,0
471004,2,1,1991,19,19,19,19,19,19,19,19,19,19
471005,1,1,1991,22,22,22,22,22,22,22,22,22,22
471006,1,1,1991,19,0,0,0,0,0,0,0,0,0
471006,2,1,1991,0,0,0,0,0,0,2,0,0,0
471007,1,1,1991,0,0,0,0,0,0,0,0,0,0
471007,2,1,1991,0,0,0,0,0,0,3,0,0,0
471008,1,1,1991,30,30,30,30,30,30,30,30,30,30
471009,1,1,1991,0,0,0,0,0,0,0,0,0,0
471010,1,1,1991,0,0,0,0,0,0,0,0,0,0
471010,2,1,1991,0,0,0,0,0,0,0,0,0,0
471011,1,1,1991,9,0,21,9,8,7,0,15,0,0
471013,0,1,1991,0,0,0,0,0,0,0,0,0,0
471013,1,1,1991,0,0,0,0,0,0,4,0,0,27
471014,0,1,1991,0,0,0,0,0,0,0,0,0,0
471014,0,2,1991,0,0,0,0,0,0,0,0,0,0
471014,0,3,1991,0,0,0,0,0,0,0,0,0,0
471014,0,4,1991,0,0,0,0,0,0,0,0,0,0
471014,0,5,1991,0,0,0,0,0,28,0,0,0,0
471014,1,1,1991,0,0,0,0,0,0,0,0,0,0
471015,0,1,1991,26,26,26,26,26,26,26,26,26,26
471015,1,1,1991,0,0,0,0,7,0,11,0,2,17
471016,1,1,1991,0,0,0,0,0,0,0,0,0,0
471016,2,1,1991,0,0,0,0,0,0,0,0,0,0
471017,1,1,1991,0,0,0,0,0,0,0,0,0,0
471017,2,1,1991,0,0,0,0,0,0,0,13,0,0
471018,1,1,1991,0,0,0,0,0,0,0,0,0,0
471018,2,1,1991,0,0,0,0,0,0,0,0,0,0
471019,1,1,1991,0,0,0,0,0,32,0,0,0,0
471020,1,1,1991,0,18,0,16,0,27,14,0,30,0
471022,1,1,1991,0,0,0,0,0,0,0,0,0,0
471022,2,1,1991,0,0,10,0,0,0,0,0,0,0
471023,1,1,1991,19,19,19,19,19,19,19,19,19,19
471024,1,1,1991,0,0,0,0,0,0,0,0,0,0
471024,2,1,1991,0,20,0,0,0,0,0,0,0,0
471026,1,1,1991,0,0,0,0,0,0,0,0,0,0
471026,2,1,1991,4,4,4,4,4,4,4,4,4,4
471027,1,1,1991,21,21,21,21,21,21,21,21,21,21
471028,1,1,1991,30,30,35,21,21,16,11,21,15,29
471029,1,1,1991,0,0,0,0,0,0,0,0,0,0
471029,2,1,1991,0,0,0,0,0,0,0,0,0,0
471029,3,1,1991,0,0,13,0,0,0,0,0,0,0
471030,1,1,1991,0,0,0,0,0,0,0,0,0,0
471030,2,1,1991,0,0,0,0,0,0,13,0,0,0
471031,0,1,1991,0,0,7,0,0,0,0,0,0,0
471031,1,1,1991,0,0,0,0,0,0,0,0,13,0
471032,1,1,1991,18,18,18,18,18,18,18,18,18,18
471033,1,1,1991,43,18,18,22,10,8,0,19,15,26
471034,1,1,1991,0,0,0,0,0,0,0,0,0,0
471034,2,1,1991,0,0,0,0,0,0,0,0,0,0
471035,0,1,1991,26,26,26,26,26,26,26,26,26,26
471035,1,1,1991,7,0,0,0,8,0,17,1,0,9
471036,1,1,1991,0,0,0,0,0,0,0,0,0,0
471037,0,1,1991,0,5,0,0,0,8,0,0,0,19
471037,0,2,1991,0,0,0,0,0,0,0,0,0,0
471037,0,3,1991,0,0,0,0,0,0,0,0,0,0
471037,0,4,1991,0,0,0,0,0,0,0,0,0,0
471037,0,5,1991,29,0,26,0,0,0,0,0,0,0
471037,1,1,1991,0,0,0,0,0,0,0,0,0,0
471038,1,1,1991,19,19,19,19,19,19,19,19,19,19
471039,1,1,1991,0,0,0,0,0,0,0,0,0,0
471039,2,1,1991,14,14,20,0,0,0,0,0,23,0
471040,1,1,1991,5,5,5,5,5,5,5,5,5,5
471041,1,1,1991,0,0,0,0,0,0,0,0,0,0
480001,1,1,1991,12,12,12,12,12,12,12,12,12,12
480002,1,1,1991,17,17,17,17,17,17,17,17,17,17
480003,1,1,1991,0,0,0,0,0,0,0,0,0,0
480004,0,1,1991,0,16,0,20,0,10,0,0,9,0
480004,1,1,1991,4,8,5,11,12,15,11,31,0,8
480005,1,1,1991,27,27,27,27,27,27,27,27,27,27
480006,1,1,1991,21,21,21,21,21,21,21,21,21,21
480007,1,1,1991,9,9,9,9,9,9,9,9,9,9
480008,1,1,1991,10,10,10,10,10,10,10,10,10,10
480009,0,1,1991,21,21,21,21,21,21,21,21,21,21
480009,1,1,1991,0,0,0,0,0,0,6,0,0,0
480010,1,1,1991,0,0,0,0,0,0,0,0,0,0
480010,2,1,1991,0,0,0,0,0,0,0,0,0,0
480011,1,1,1991,0,0,0,0,0,0,0,0,0,0
480012,1,1,1991,0,0,0,0,0,0,0,0,0,0
480013,1,1,1991,0,0,0,0,0,0,0,0,0,0
480013,2,1,1991,0,0,0,0,0,0,0,0,0,0
480014,0,1,1991,0,0,0,0,0,0,0,0,0,0
480014,1,1,1991,14,0,0,0,0,0,0,0,0,0
480015,1,1,1991,20,0,0,0,0,0,0,0,0,0
480015,2,1,1991,0,0,0,0,0,0,0,0,0,0
480015,3,1,1991,4,0,0,0,0,0,0,0,0,0
480016,1,1,1991,14,0,17,0,18,8,18,13,0,14
480017,1,1,1991,19,0,0,0,0,0,0,0,0,0
480018,1,1,1991,0,0,0,0,0,0,0,0,0,0
480018,2,1,1991,0,0,0,0,0,0,0,0,0,0
480019,1,1,1991,22,17,0,0,11,0,18,0,0,0
480019,2,1,1991,0,0,0,0,0,0,16,0,0,14
480020,1,1,1991,11,11,11,11,11,11,11,11,11,11
480021,0,1,1991,0,0,0,0,0,0,0,0,0,0
480021,1,1,1991,9,9,9,9,9,9,9,9,9,9
480022,1,1,1991,0,0,0,0,0,0,0,0,0,0
480022,2,1,1991,10,0,0,0,0,0,0,0,0,0
480023,1,1,1991,15,5,34,0,15,25,0,0,0,28
480024,1,1,1991,20,20,20,20,20,20,20,20,20,20
480025,1,1,1991,10,10,10,10,10,10,10,10,10,10
480025,2,1,1991,19,19,19,19,19,19,19,19,19,19
480026,1,1,1991,0,0,0,0,0,0,0,0,0,0
480026,2,1,1991,6,6,6,6,6,6,6,6,6,6
480027,1,1,1991,28,9,31,14,18,6,18,24,18,29
480028,1,1,1991,22,22,22,22,22,22,22,22,22,22
480029,1,1,1991,0,0,0,0,0,0,0,0,0,0
480030,1,1,1991,13,0,0,0,0,0,0,0,0,0
480031,1,1,1991,14,0,0,0,0,16,25,18,0,0
480032,1,1,1991,25,0,0,0,0,0,0,41,0,0
480032,2,1,1991,0,0,0,0,0,0,0,0,0,0
480033,1,1,1991,0,0,0,0,0,0,0,0,0,0
480033,2,1,1991,0,0,0,0,0,6,0,0,0,0
480034,1,1,1991,0,16,20,11,12,0,10,0,10,11
480035,1,1,1991,0,9,0,7,13,0,0,31,0,0
480036,1,1,1991,0,0,0,0,0,0,0,0,0,0
480037,1,1,1991,0,0,0,0,0,0,0,0,0,0
480038,1,1,1991,0,0,0,0,0,0,0,0,0,0
480039,1,1,1991,27,27,27,27,27,27,27,27,27,27
480040,1,1,1991,0,0,0,0,0,0,0,0,0,0
480040,2,1,1991,0,0,0,0,0,0,0,0,0,0
480041,0,1,1991,0,0,0,0,0,0,0,0,0,0
480041,1,1,1991,28,24,25,19,0,12,0,0,13,0
480042,1,1,1991,0,0,0,0,0,0,0,0,0,0
480043,1,1,1991,0,0,0,0,0,0,0,0,0,0
480044,1,1,1991,0,0,0,0,0,0,0,0,0,0
480044,2,1,1991,0,0,0,0,0,0,0,0,0,0
480045,0,1,1991,0,0,0,0,0,0,0,0,0,0
480045,1,1,1991,0,0,0,17,0,7,0,0,13,0
480045,2,1,1991,0,0,0,0,0,0,0,0,0,0
480046,1,1,1991,18,18,18,18,18,18,18,18,18,18
480046,2,1,1991,0,0,0,0,0,7,0,0,0,0
480047,0,1,1991,0,0,0,12,0,0,0,0,0,0
480047,1,1,1991,0,0,0,0,0,0,0,0,0,0
480048,0,1,1991,18,14,0,35,30,30,11,20,0,12
480048,1,1,1991,0,0,0,0,0,0,0,0,0,0
480049,1,1,1991,0,15,16,0,0,22,0,27,0,15