ST_CASE,VEH_NO,PER_NO,YEAR,P1,P2,P3,P4,P5,P6,P7,P8,P9,P10
480050,1,1,1991,0,0,0,0,0,0,0,0,0,0
480050,2,1,1991,0,0,0,0,0,0,0,0,0,0
480051,1,1,1991,0,0,0,0,0,20,0,0,0,0
480051,2,1,1991,0,6,0,0,0,0,0,13,0,0
480052,1,1,1991,26,26,26,26,26,26,26,26,26,26
480053,1,1,1991,0,0,0,0,0,0,0,0,0,0
480053,2,1,1991,10,10,10,10,10,10,10,10,10,10
480054,1,1,1991,0,0,0,0,0,0,0,0,0,10
480054,2,1,1991,0,0,0,0,0,0,0,0,0,0
480055,1,1,1991,19,10,0,8,4,7,19,3,11,18
480055,2,1,1991,15,0,22,0,0,17,14,0,0,0
480056,1,1,1991,0,0,0,0,0,0,0,0,0,0
480056,2,1,1991,0,0,0,0,0,0,0,0,0,0
480056,3,1,1991,0,0,0,0,0,0,0,0,0,0
480057,0,1,1991,40,40,40,40,40,40,40,40,40,40
480057,1,1,1991,0,0,0,0,0,0,41,0,0,0
480057,2,1,1991,0,0,0,0,0,0,0,0,0,0
480057,3,1,1991,0,0,0,0,0,0,0,0,0,0
480057,4,1,1991,0,0,0,0,0,0,0,0,0,0
480057,5,1,1991,0,0,0,0,0,0,0,0,0,0
480057,6,1,1991,0,0,0,0,0,0,0,0,0,0
480058,1,1,1991,0,0,0,0,0,0,0,0,0,0
480058,2,1,1991,0,0,0,0,0,0,0,0,0,0
480059,1,1,1991,0,0,0,0,0,0,0,0,0,0
480059,2,1,1991,0,0,0,0,0,0,0,0,0,0
480060,1,1,1991,5,5,5,5,5,5,5,5,5,5
480061,1,1,1991,0,0,0,0,0,0,0,0,0,0
480061,2,1,1991,0,0,0,0,0,0,0,0,0,0
480062,1,1,1991,0,0,0,0,0,0,0,0,0,0
480062,2,1,1991,0,0,0,0,0,0,0,0,0,0
480062,3,1,1991,0,0,0,0,0,0,0,0,0,0
480062,4,1,1991,0,0,0,0,0,0,0,0,0,0
480063,1,1,1991,0,0,0,0,0,0,0,0,0,0
480063,2,1,1991,0,0,0,0,0,0,0,0,0,0
480064,0,1,1991,0,0,0,0,0,0,0,0,0,0
480064,1,1,1991,0,0,0,0,36,0,22,17,10,0
480065,1,1,1991,15,15,15,15,15,15,15,15,15,15
480065,2,1,1991,16,21,19,11,3,20,10,13,13,21
480066,1,1,1991,0,0,10,0,0,0,0,11,7,13
480066,2,1,1991,0,0,0,0,0,0,0,0,0,0
480067,1,1,1991,22,22,22,22,22,22,22,22,22,22
480068,1,1,1991,0,0,0,0,0,0,0,0,0,0
480068,2,1,1991,0,0,0,0,0,0,0,0,0,0
480069,1,1,1991,19,19,19,19,19,19,19,19,19,19
480070,1,1,1991,6,6,6,6,6,6,6,6,6,6
480070,2,1,1991,0,0,0,0,0,0,0,0,0,0
480071,0,1,1991,0,0,0,0,0,0,0,0,0,0
480071,1,1,1991,0,0,0,0,0,0,0,0,0,0
480072,1,1,1991,18,14,12,0,0,0,0,14,28,26
480072,2,1,1991,15,8,19,15,0,19,13,14,15,0
480073,1,1,1991,17,17,17,17,17,17,17,17,17,17
480074,0,1,1991,0,0,0,0,0,0,0,0,0,0
480074,1,1,1991,0,0,0,0,3,0,0,0,0,0
480075,1,1,1991,25,25,25,25,25,25,25,25,25,25
480076,1,1,1991,19,19,19,19,19,19,19,19,19,19
480077,1,1,1991,0,0,6,16,0,0,0,0,0,0
480077,2,1,1991,0,0,0,0,0,0,0,0,0,0
480078,1,1,1991,0,0,0,0,0,0,0,0,0,0
480078,2,1,1991,0,11,0,0,3,0,0,0,0,0
480079,0,1,1991,0,0,0,0,0,0,0,0,0,0
480079,1,1,1991,0,0,0,0,0,0,0,0,0,0
480080,1,1,1991,0,0,0,0,0,0,0,0,0,0
480080,2,1,1991,0,0,0,12,0,11,0,0,0,0
480081,1,1,1991,11,11,11,11,11,11,11,11,11,11
480081,2,1,1991,0,0,0,0,0,0,0,0,0,0
480082,1,1,1991,0,0,0,0,0,0,0,0,0,0
480082,2,1,1991,0,0,0,0,0,0,0,0,0,0
480083,1,1,1991,0,0,0,0,0,0,0,0,0,0
480084,1,1,1991,26,26,26,26,26,26,26,26,26,26
480085,1,1,1991,19,19,19,19,19,19,19,19,19,19
480086,1,1,1991,0,0,0,0,0,0,0,0,16,0
480086,2,1,1991,0,0,0,0,0,0,0,0,0,0
480087,1,1,1991,21,21,21,21,21,21,21,21,21,21
480088,1,1,1991,0,12,13,0,0,0,0,13,0,0
480089,1,1,1991,0,0,0,0,0,3,0,0,0,0
480089,2,1,1991,0,18,0,0,0,0,0,15,0,17
480090,1,1,1991,0,0,0,0,0,0,0,0,0,8
480090,2,1,1991,0,15,0,0,0,18,13,0,0,0
480091,1,1,1991,7,7,7,7,7,7,7,7,7,7
480092,1,1,1991,11,11,11,11,11,11,11,11,11,11
480092,2,1,1991,7,0,26,0,0,0,0,0,0,0
480093,1,1,1991,0,0,4,0,0,0,0,0,0,0
480093,2,1,1991,23,23,23,23,23,23,23,23,23,23
480094,1,1,1991,14,14,14,14,14,14,14,14,14,14
480094,2,1,1991,32,32,32,32,32,32,32,32,32,32
480095,0,1,1991,0,28,18,27,24,0,20,0,0,0
480095,1,1,1991,0,0,0,24,18,0,10,0,0,0
480096,1,1,1991,0,0,0,0,0,0,0,0,0,0
480096,2,1,1991,0,0,0,0,0,0,0,0,0,0
480097,1,1,1991,0,0,0,0,0,0,18,0,0,0
480097,2,1,1991,0,0,0,0,0,0,0,0,0,0
480097,3,1,1991,0,20,0,0,0,0,0,0,0,0
480098,1,1,1991,0,0,0,11,12,0,0,0,0,0
480098,2,1,1991,7,7,7,7,7,7,7,7,7,7
480099,1,1,1991,8,8,8,8,8,8,8,8,8,8
480100,1,1,1991,1,1,1,1,1,1,1,1,1,1
480101,1,1,1991,11,11,11,11,11,11,11,11,11,11
480102,1,1,1991,11,11,11,11,11,11,11,11,11,11
480103,1,1,1991,0,0,0,0,0,0,0,0,0,0
480104,0,1,1991,0,0,0,0,0,0,0,0,16,12
480105,0,1,1991,8,8,8,8,8,8,8,8,8,8
480105,1,1,1991,18,0,0,0,20,0,8,24,17,0
480106,1,1,1991,0,0,0,0,0,0,0,0,0,0
480107,1,1,1991,0,0,25,0,0,0,0,0,0,10
480107,2,1,1991,28,28,28,28,28,28,28,28,28,28
480108,1,1,1991,0,9,0,0,0,0,0,0,0,0
480108,2,1,1991,0,0,0,0,0,0,0,0,0,0
480109,1,1,1991,0,0,0,0,0,0,0,0,0,0
480109,2,1,1991,0,0,0,0,0,0,0,16,0,0
480110,1,1,1991,0,0,0,0,0,0,0,0,0,0
480110,2,1,1991,0,0,0,0,0,0,0,0,0,18
480111,1,1,1991,0,0,0,0,0,9,0,0,0,13
480112,0,1,1991,17,17,17,17,17,17,17,17,17,17
480112,1,1,1991,8,8,8,8,8,8,8,8,8,8
480113,1,1,1991,0,0,0,0,0,0,0,0,0,0
480113,2,1,1991,0,6,16,0,0,0,13,0,0,0
480114,1,1,1991,0,0,0,0,0,0,0,0,0,0
480114,2,1,1991,0,0,0,0,13,0,0,0,0,15
480115,1,1,1991,0,0,0,0,0,0,0,0,0,0
480116,1,1,1991,2,2,2,2,2,2,2,2,2,2
480117,1,1,1991,0,0,0,0,0,0,0,0,0,0
480118,1,1,1991,0,0,0,19,15,10,0,10,16,19
480119,1,1,1991,25,25,25,25,25,25,25,25,25,25
480120,1,1,1991,28,28,28,28,28,28,28,28,28,28
480121,1,1,1991,23,23,23,23,23,23,23,23,23,23
480121,2,1,1991,17,16,12,9,14,16,7,0,11,0
480122,1,1,1991,15,0,8,10,18,0,0,0,0,0
480122,2,1,1991,16,0,18,0,0,19,9,0,19,0
480123,1,1,1991,21,21,21,21,21,21,21,21,21,21
480123,2,1,1991,0,5,0,19,4,16,0,0,0,0
480124,1,1,1991,10,10,10,10,10,10,10,10,10,10
480125,0,1,1991,0,0,7,0,25,19,0,0,0,20
480125,1,1,1991,0,22,0,0,0,13,15,0,0,0
480126,1,1,1991,11,11,11,11,11,11,11,11,11,11
480126,2,1,1991,15,0,29,6,0,0,0,9,0,0
480127,1,1,1991,16,0,0,11,15,11,15,14,18,0
480128,1,1,1991,23,23,23,23,23,23,23,23,23,23
480129,1,1,1991,0,0,24,20,0,17,11,20,36,0
480130,0,1,1991,14,12,4,8,22,31,19,15,22,38
480130,1,1,1991,0,0,0,0,0,0,9,0,0,0
480131,1,1,1991,28,28,28,28,28,28,28,28,28,28
480132,1,1,1991,19,19,19,19,19,19,19,19,19,19
480133,1,1,1991,0,0,0,0,0,0,0,0,0,0
480134,1,1,1991,0,0,22,0,0,0,5,0,0,10
480135,0,1,1991,0,0,0,0,0,0,0,0,0,0
480135,1,1,1991,0,0,0,0,0,0,0,0,0,0
480136,1,1,1991,15,15,15,15,15,15,15,15,15,15
480137,1,1,1991,0,0,0,0,0,0,0,0,0,0
480137,2,1,1991,0,0,0,0,0,0,0,0,0,0
480138,1,1,1991,27,27,27,27,27,27,27,27,27,27
480139,1,1,1991,0,0,0,0,0,0,0,0,0,0
480140,1,1,1991,0,0,0,0,0,0,0,0,0,0
480141,1,1,1991,0,21,11,20,29,20,12,14,15,12
480142,1,1,1991,0,17,0,0,11,17,14,0,30,0
480142,2,1,1991,0,16,13,31,0,14,0,0,26,0
480143,1,1,1991,0,0,0,0,0,0,0,0,0,0
480143,2,1,1991,0,27,0,7,0,0,4,0,0,0
480144,1,1,1991,22,22,22,22,22,22,22,22,22,22
480145,1,1,1991,12,12,12,12,12,12,12,12,12,12
480146,1,1,1991,0,0,0,0,0,0,0,17,0,0
480146,2,1,1991,9,0,0,0,0,0,0,0,0,0
480147,0,1,1991,0,0,0,0,0,0,0,0,0,0
480147,1,1,1991,0,0,0,0,0,15,0,0,0,0
480148,1,1,1991,0,0,0,0,0,0,0,0,0,0
480149,1,1,1991,0,0,0,0,0,0,0,0,0,0
480149,2,1,1991,0,0,0,0,0,0,19,0,0,14
480150,0,1,1991,15,15,15,15,15,15,15,15,15,15
480150,1,1,1991,9,0,24,0,28,25,5,0,0,17
480151,1,1,1991,0,0,0,0,0,0,0,0,0,0
480151,2,1,1991,15,19,0,0,0,0,10,0,18,27
480152,1,1,1991,0,0,0,0,0,0,14,0,0,0
480152,2,1,1991,20,20,20,20,20,20,20,20,20,20
480153,1,1,1991,0,0,0,0,0,0,0,0,0,0
480154,1,1,1991,22,22,22,22,22,22,22,22,22,22
480155,1,1,1991,0,0,0,0,0,0,0,0,0,0
480156,1,1,1991,0,0,0,0,0,0,0,0,0,0
480157,1,1,1991,33,33,33,33,33,33,33,33,33,33
480158,1,1,1991,0,17,13,8,0,7,19,0,16,32
480159,1,1,1991,26,26,26,26,26,26,26,26,26,26
480160,0,1,1991,0,0,0,0,0,0,0,0,0,0
480160,1,1,1991,9,0,9,0,0,0,0,0,0,0
480161,1,1,1991,0,0,0,0,0,0,0,0,0,0
480161,2,1,1991,17,17,17,17,17,17,17,17,17,17
480162,0,1,1991,0,0,0,0,0,0,0,0,0,0
480162,1,1,1991,0,0,0,0,0,0,0,0,0,0
480163,1,1,1991,0,0,0,0,0,0,0,0,0,0
480163,2,1,1991,0,0,0,0,0,0,0,0,0,0
480164,0,1,1991,38,38,38,38,38,38,38,38,38,38
480164,1,1,1991,0,0,0,0,0,0,0,0,0,0
480165,1,1,1991,0,0,0,0,0,0,0,0,0,0
480165,2,1,1991,18,18,18,18,18,18,18,18,18,18
480166,1,1,1991,0,0,38,0,33,15,0,20,0,0
480167,0,1,1991,0,0,0,0,0,0,0,0,0,0
480167,1,1,1991,0,7,15,0,0,0,18,0,0,0
480168,0,1,1991,12,12,12,12,12,12,12,12,12,12
480168,1,1,1991,0,0,0,0,0,0,0,0,0,0
480169,0,1,1991,31,31,31,31,31,31,31,31,31,31
480169,1,1,1991,4,11,12,14,14,14,4,27,14,0
480170,1,1,1991,0,0,0,0,0,0,0,0,0,0
480170,2,1,1991,0,0,0,0,0,0,0,0,0,0
480171,1,1,1991,19,19,19,19,19,19,19,19,19,19
480172,1,1,1991,26,26,26,26,26,26,26,26,26,26
480173,1,1,1991,19,19,19,19,19,19,19,19,19,19
480174,1,1,1991,26,26,26,26,26,26,26,26,26,26
480174,2,1,1991,0,0,0,0,0,0,0,0,0,0
480175,1,1,1991,19,19,19,19,19,19,19,19,19,19
480176,1,1,1991,0,18,16,16,9,0,14,13,0,0
480177,1,1,1991,21,21,21,21,21,21,21,21,21,21
480178,1,1,1991,0,0,0,0,0,0,0,0,0,0
480178,2,1,1991,0,0,0,0,0,0,0,0,0,0
480179,1,1,1991,44,21,26,32,0,14,12,16,9,0
480180,1,1,1991,0,0,0,0,0,0,0,0,19,0
480180,2,1,1991,12,18,0,0,0,0,0,0,0,0
480180,3,1,1991,0,0,0,0,0,0,0,0,0,0
480181,1,1,1991,23,23,23,23,23,23,23,23,23,23
480181,2,1,1991,15,0,0,10,0,0,0,0,0,0
480182,1,1,1991,0,0,0,0,0,0,0,0,0,0
480182,2,1,1991,0,0,0,0,0,0,0,0,0,0
480183,1,1,1991,0,0,0,0,0,0,0,0,0,0
480184,0,1,1991,0,0,0,0,0,0,0,0,0,0
480184,1,1,1991,0,0,0,0,0,0,0,0,0,0
480185,1,1,1991,0,0,0,0,0,0,0,22,0,21
480185,2,1,1991,0,0,0,0,0,0,0,0,0,0
480186,1,1,1991,16,16,16,16,16,16,16,16,16,16
480186,2,1,1991,0,27,0,0,0,0,26,21,0,0
480187,1,1,1991,14,14,14,14,14,14,14,14,14,14
480188,1,1,1991,24,24,24,24,24,24,24,24,24,24
480189,0,1,1991,0,0,0,0,0,0,0,0,0,33
480189,1,1,1991,0,0,0,0,0,0,0,0,0,11
480190,1,1,1991,34,34,34,34,34,34,34,34,34,34
480190,2,1,1991,0,0,0,0,0,0,0,0,0,0
480191,0,1,1991,39,11,21,8,18,9,48,18,21,12
480191,1,1,1991,3,3,3,3,3,3,3,3,3,3
480192,1,1,1991,28,28,28,28,28,28,28,28,28,28
480193,1,1,1991,21,21,21,21,21,21,21,21,21,21
480194,1,1,1991,20,20,20,20,20,20,20,20,20,20
480194,2,1,1991,15,0,0,0,19,0,0,0,24,17
480195,1,1,1991,18,18,18,18,18,18,18,18,18,18
480195,2,1,1991,0,0,0,5,0,0,0,0,0,0
480196,1,1,1991,8,8,8,8,8,8,8,8,8,8
480196,2,1,1991,0,0,0,0,0,0,0,0,0,0
480197,1,1,1991,23,23,23,23,23,23,23,23,23,23
480198,1,1,1991,17,17,17,17,17,17,17,17,17,17
480199,1,1,1991,20,20,20,20,20,20,20,20,20,20
480200,1,1,1991,13,13,13,13,13,13,13,13,13,13
480200,2,1,1991,0,0,0,0,0,0,0,0,0,0
480200,3,1,1991,0,0,0,0,0,17,0,0,14,0
480201,1,1,1991,0,0,0,0,0,0,0,0,0,0
480201,2,1,1991,0,0,0,9,0,0,0,0,0,0
480202,0,1,1991,0,0,0,0,0,0,0,0,0,0
480202,1,1,1991,0,0,0,0,0,0,0,0,0,0
480203,0,1,1991,0,0,0,0,0,0,0,0,0,0
480203,1,1,1991,0,0,0,0,0,0,0,0,4,0
480204,1,1,1991,4,4,4,4,4,4,4,4,4,4
480205,1,1,1991,0,0,13,0,0,0,0,0,0,0
480205,2,1,1991,14,0,0,0,0,0,0,0,0,0
480206,1,1,1991,22,22,22,22,22,22,22,22,22,22
480207,1,1,1991,18,18,18,18,18,18,18,18,18,18
480208,1,1,1991,17,15,14,16,7,20,19,4,19,20
480209,1,1,1991,17,17,17,17,17,17,17,17,17,17
480209,2,1,1991,0,0,0,0,0,13,0,0,12,0
480210,0,1,1991,0,0,0,0,7,5,30,10,27,0
480210,1,1,1991,0,0,0,0,23,17,0,0,0,5
480211,1,1,1991,22,22,22,22,22,22,22,22,22,22
480212,1,1,1991,31,0,8,17,9,16,10,0,0,9
480213,1,1,1991,0,0,0,0,0,0,0,0,0,0
480213,2,1,1991,5,5,5,5,5,5,5,5,5,5
480214,1,1,1991,0,0,0,17,0,0,0,3,10,7
480214,2,1,1991,22,22,22,22,22,22,22,22,22,22
480214,3,1,1991,0,0,0,0,0,0,0,0,17,0
480214,4,1,1991,0,0,0,0,0,23,0,0,0,0
480215,0,1,1991,3,3,3,3,3,3,3,3,3,3
480215,1,1,1991,9,9,9,9,9,9,9,9,9,9
480216,1,1,1991,0,4,18,0,0,0,0,0,0,11
480217,1,1,1991,24,24,24,24,24,24,24,24,24,24
480218,1,1,1991,14,20,10,17,13,9,8,26,6,17
480218,2,1,1991,0,16,6,4,25,17,4,7,14,13
480219,1,1,1991,0,0,0,0,0,0,0,0,0,0
480220,1,1,1991,0,0,0,0,0,0,0,0,0,0
480220,2,1,1991,0,0,0,0,0,0,0,0,0,0
480221,1,1,1991,3,3,3,3,3,3,3,3,3,3
480222,1,1,1991,0,0,0,9,0,0,0,0,0,0
480223,0,1,1991,0,0,0,0,0,0,0,0,0,0
480223,1,1,1991,0,0,0,0,0,0,0,0,0,0
480223,2,1,1991,0,0,0,0,0,0,0,8,14,0
480224,1,1,1991,2,2,2,2,2,2,2,2,2,2
480225,1,1,1991,0,0,0,0,0,0,0,0,0,0
480225,2,1,1991,0,0,0,0,0,0,0,0,17,0
480226,1,1,1991,0,0,0,0,0,0,0,0,0,0
480226,2,1,1991,0,0,0,0,0,0,0,0,0,0
480226,3,1,1991,0,0,13,0,0,0,0,0,0,0
480228,1,1,1991,17,17,17,17,17,17,17,17,17,17
480229,1,1,1991,0,17,19,0,0,0,24,0,26,23
480230,1,1,1991,27,27,27,27,27,27,27,27,27,27
480230,2,1,1991,0,12,11,0,0,8,0,0,0,0
480231,1,1,1991,0,0,0,0,0,0,0,0,0,0
480231,2,1,1991,0,0,0,0,0,0,0,0,0,0
480231,3,1,1991,0,0,0,0,0,0,0,0,0,0
480231,4,1,1991,0,0,12,0,0,0,0,14,23,0
480232,1,1,1991,22,22,22,22,22,22,22,22,22,22
480233,0,1,1991,0,0,0,0,0,0,0,0,0,0
480233,1,1,1991,0,0,0,0,0,0,0,0,0,0
480234,1,1,1991,0,0,0,0,7,0,0,0,0,10
480234,2,1,1991,10,0,11,18,0,16,10,6,13,9
480235,0,1,1991,0,0,0,0,0,0,0,0,0,0
480235,1,1,1991,0,0,0,0,0,5,0,0,0,0
480236,0,1,1991,0,0,0,0,0,0,0,0,0,0
480236,1,1,1991,9,0,0,9,0,0,23,0,0,0
480237,0,1,1991,0,0,0,0,0,0,0,0,0,0
480237,0,2,1991,0,0,0,0,0,0,0,0,0,0
480237,1,1,1991,0,0,0,0,11,0,0,0,0,0
480238,1,1,1991,0,0,0,0,0,0,0,0,0,0
480239,1,1,1991,28,0,6,0,0,0,0,19,13,0
480240,1,1,1991,34,34,34,34,34,34,34,34,34,34
480240,2,1,1991,0,0,14,0,0,0,0,0,0,0
480241,1,1,1991,12,12,12,12,12,12,12,12,12,12
480242,1,1,1991,0,0,0,0,0,0,0,0,0,0
480243,1,1,1991,0,0,0,0,0,0,0,0,0,0
480243,2,1,1991,0,0,0,0,0,0,0,0,0,0
480244,0,1,1991,0,0,0,0,0,0,0,0,0,0
480244,1,1,1991,0,0,0,0,13,0,0,0,0,0
480245,1,1,1991,25,25,25,25,25,25,25,25,25,25
480246,1,1,1991,0,0,0,0,0,0,0,0,0,0
480246,2,1,1991,0,0,0,0,0,0,0,0,0,0
480247,1,1,1991,5,5,5,5,5,5,5,5,5,5
480247,2,1,1991,0,0,0,0,7,0,0,0,0,0
480248,0,1,1991,19,0,0,0,23,40,0,0,0,0
480248,1,1,1991,0,0,14,0,0,9,0,0,0,0
480249,1,1,1991,0,0,0,0,0,0,0,0,0,0
480250,1,1,1991,0,0,0,0,0,0,0,0,0,0
480251,1,1,1991,0,0,0,0,0,0,0,0,0,0
480252,1,1,1991,24,24,24,24,24,24,24,24,24,24
480252,2,1,1991,0,0,0,0,0,0,0,0,0,0
480253,1,1,1991,0,0,8,0,0,0,0,0,0,0
480253,2,1,1991,0,0,0,0,0,0,0,0,0,0
480254,1,1,1991,0,16,0,0,0,0,0,0,0,0
480255,0,1,1991,17,17,17,17,17,17,17,17,17,17
480255,1,1,1991,0,0,0,0,0,0,0,0,0,0
480256,1,1,1991,16,16,16,16,16,16,16,16,16,16
480257,1,1,1991,0,0,0,3,0,0,0,0,0,0
480257,2,1,1991,0,0,0,0,0,0,0,0,0,0
480258,1,1,1991,23,23,23,23,23,23,23,23,23,23
480259,1,1,1991,0,0,0,19,0,0,8,0,0,0
480259,2,1,1991,17,19,0,18,0,5,31,15,14,6
480260,1,1,1991,0,0,0,0,11,0,20,0,4,15
480261,1,1,1991,0,11,0,0,16,10,0,15,0,7
480262,1,1,1991,0,0,0,0,0,0,0,0,0,0
480263,1,1,1991,12,12,12,12,12,12,12,12,12,12
480264,1,1,1991,28,19,0,3,38,19,30,14,0,26
480264,2,1,1991,0,0,0,0,0,0,0,0,0,0
480265,1,1,1991,0,0,0,0,0,0,0,0,0,0
480265,2,1,1991,0,0,0,0,0,0,0,0,0,0
480266,1,1,1991,24,24,24,24,24,24,24,24,24,24
480267,1,1,1991,34,34,34,34,34,34,34,34,34,34
480267,2,1,1991,10,10,10,10,10,10,10,10,10,10
480268,1,1,1991,0,13,0,0,0,0,0,0,0,0
480268,2,1,1991,0,0,0,0,0,15,0,0,8,0
480269,0,1,1991,32,32,32,32,32,32,32,32,32,32
480269,1,1,1991,0,0,0,0,0,0,22,22,13,0
480270,1,1,1991,0,0,0,0,0,0,0,0,0,0
480271,1,1,1991,0,0,0,0,0,8,0,0,0,0
480271,2,1,1991,0,0,0,0,0,0,0,0,0,0
480272,1,1,1991,0,0,0,0,0,0,0,0,0,0
480273,1,1,1991,14,14,14,14,14,14,14,14,14,14
480274,1,1,1991,1,1,1,1,1,1,1,1,1,1
480275,1,1,1991,0,0,0,0,0,0,0,0,0,0
480276,1,1,1991,11,11,11,11,11,11,11,11,11,11
480276,2,1,1991,0,0,0,0,0,0,0,0,0,0
480276,3,1,1991,0,0,0,0,0,0,0,0,0,0
480277,0,1,1991,10,5,8,0,0,17,27,0,25,22
480277,1,1,1991,0,22,15,3,34,6,7,0,19,20
480278,1,1,1991,5,12,24,7,0,8,24,7,34,17
480279,1,1,1991,0,0,0,0,0,0,0,0,0,0
480279,2,1,1991,4,4,4,4,4,4,4,4,4,4
480280,1,1,1991,0,0,0,0,0,0,0,0,0,0
480280,2,1,1991,0,0,0,0,23,0,20,16,0,0
480281,1,1,1991,0,0,0,0,0,0,0,0,0,0
480281,2,1,1991,0,0,0,0,0,0,0,0,0,0
480282,1,1,1991,0,0,0,0,0,0,0,0,0,0
480282,2,1,1991,0,0,0,0,0,0,0,0,0,0
480283,1,1,1991,0,0,0,0,0,0,0,0,0,0
480283,2,1,1991,0,0,0,0,0,0,0,0,0,0
480284,1,1,1991,0,0,0,0,0,0,0,0,0,0
480284,2,1,1991,0,0,0,0,0,0,0,0,0,0
480285,1,1,1991,0,0,0,0,0,0,0,0,0,0
480285,2,1,1991,0,0,0,0,0,0,0,0,0,0
480286,1,1,1991,0,0,0,0,0,0,0,0,0,0
480286,2,1,1991,0,0,0,0,0,0,0,0,0,0
480287,1,1,1991,0,0,0,6,0,0,15,0,0,0
480287,2,1,1991,0,0,7,0,0,0,0,0,13,0
480288,1,1,1991,13,13,13,13,13,13,13,13,13,13
480289,1,1,1991,0,0,0,0,0,0,0,0,0,0
480289,2,1,1991,0,0,0,0,0,0,0,0,0,0
480289,3,1,1991,0,0,0,0,0,0,0,0,0,6
480289,4,1,1991,0,0,0,0,0,0,0,0,0,0
480290,1,1,1991,12,12,12,12,12,12,12,12,12,12
480291,0,1,1991,24,24,24,24,24,24,24,24,24,24
480291,1,1,1991,9,12,0,0,8,19,20,0,0,0
480292,1,1,1991,29,7,25,12,18,26,33,15,28,19
480293,1,1,1991,0,0,0,0,0,0,0,0,0,0
480293,2,1,1991,0,0,0,14,0,0,0,7,0,0
480294,1,1,1991,25,17,29,12,6,23,29,11,12,20
480295,1,1,1991,4,0,19,22,14,0,16,0,0,18
480296,1,1,1991,0,0,0,0,0,0,0,0,0,0
480296,2,1,1991,0,0,0,0,0,0,0,0,0,0
480296,3,1,1991,0,0,0,0,0,0,0,0,0,0
480297,1,1,1991,19,19,19,19,19,19,19,19,19,19
480298,1,1,1991,16,16,16,16,16,16,16,16,16,16
480299,1,1,1991,0,0,0,0,0,0,0,0,0,0
480299,2,1,1991,12,12,12,12,12,12,12,12,12,12
480300,1,1,1991,0,0,0,0,0,0,0,0,0,0
480300,2,1,1991,0,0,0,0,0,0,0,0,0,0
480300,3,1,1991,0,0,0,0,0,0,0,0,0,0
480301,1,1,1991,18,18,18,18,18,18,18,18,18,18
480302,1,1,1991,0,23,6,0,16,19,8,11,22,9
480303,1,1,1991,27,27,27,27,27,27,27,27,27,27
480304,1,1,1991,0,0,0,0,0,0,0,0,0,0
480304,2,1,1991,0,0,0,0,22,0,0,0,0,3
480305,1,1,1991,0,0,0,0,0,0,0,0,0,0
480305,2,1,1991,19,33,27,16,0,0,16,25,15,22
480306,1,1,1991,0,0,0,0,0,0,0,0,0,0
480306,2,1,1991,0,0,0,0,0,0,0,0,0,0
480307,1,1,1991,0,0,0,0,0,0,0,0,0,0
480307,2,1,1991,0,0,0,0,0,15,0,0,0,0
480308,0,1,1991,0,0,20,0,18,33,20,15,2,29
480308,1,1,1991,0,8,0,0,0,17,0,0,0,0
480309,0,1,1991,0,0,0,0,0,0,0,0,0,0
480309,1,1,1991,0,0,0,0,0,0,0,0,0,23
480310,1,1,1991,0,0,0,0,0,0,0,0,0,0
480310,2,1,1991,0,0,0,0,0,0,0,0,0,0
480311,1,1,1991,0,10,13,0,0,0,0,26,0,0
480312,1,1,1991,24,24,24,24,24,24,24,24,24,24
480313,0,1,1991,0,0,0,21,0,0,0,0,0,0
480313,1,1,1991,0,0,0,0,0,0,12,0,0,0
480314,1,1,1991,8,0,0,0,0,0,0,0,0,0
480315,1,1,1991,0,0,0,18,9,0,0,0,24,0
480315,2,1,1991,0,0,0,0,0,0,0,0,0,0
480316,1,1,1991,9,9,9,9,9,9,9,9,9,9
480316,2,1,1991,0,0,0,0,0,0,0,0,0,0
480317,1,1,1991,0,0,0,0,0,0,0,0,0,0
480317,2,1,1991,12,0,0,0,0,0,0,14,0,0
480318,0,1,1991,20,11,42,22,6,14,40,8,23,29
480318,1,1,1991,0,0,0,0,0,0,0,0,0,0
480319,1,1,1991,0,0,0,22,0,0,0,0,0,19
480320,1,1,1991,0,0,0,0,0,0,0,0,0,0
480320,2,1,1991,0,0,0,0,0,0,0,0,0,0
480320,3,1,1991,0,0,0,0,0,0,0,0,0,0
480321,1,1,1991,20,20,20,20,20,20,20,20,20,20
480321,2,1,1991,0,0,40,13,0,0,0,0,0,0
480322,1,1,1991,0,0,0,0,0,0,0,0,0,0
480323,1,1,1991,0,0,0,0,0,0,0,0,0,0
480323,2,1,1991,0,0,0,0,0,0,0,0,0,0
480323,3,1,1991,0,0,0,0,0,0,0,0,0,0
480324,1,1,1991,0,0,0,0,0,0,0,0,0,0
480325,1,1,1991,0,0,0,0,0,0,0,0,0,0
480326,1,1,1991,16,16,16,16,16,16,16,16,16,16
480326,2,1,1991,9,26,16,0,0,3,25,5,19,26
480327,0,1,1991,0,0,0,0,0,0,0,0,0,0