ST_CASE,VEH_NO,PER_NO,YEAR,P1,P2,P3,P4,P5,P6,P7,P8,P9,P10
480327,1,1,1991,13,0,0,6,4,0,15,0,7,2
480328,1,1,1991,8,8,8,8,8,8,8,8,8,8
480329,0,1,1991,0,0,0,0,0,0,0,0,0,0
480329,1,1,1991,17,10,2,25,36,7,7,5,26,7
480330,0,1,1991,0,13,0,39,0,0,0,0,0,0
480330,1,1,1991,0,0,0,0,0,0,0,0,0,0
480331,1,1,1991,0,0,0,0,0,0,0,0,0,0
480331,2,1,1991,0,0,0,9,0,0,0,0,0,0
480332,1,1,1991,0,0,0,0,7,0,0,0,0,0
480332,2,1,1991,0,0,0,0,0,0,0,0,0,0
480332,3,1,1991,0,0,0,3,0,0,0,0,0,0
480332,4,1,1991,0,13,0,0,0,26,0,0,0,0
480333,1,1,1991,15,15,15,15,15,15,15,15,15,15
480334,0,1,1991,0,0,0,0,0,0,0,0,0,0
480334,1,1,1991,0,0,0,0,0,0,0,0,0,0
480335,0,1,1991,0,0,0,0,0,34,0,0,0,0
480335,1,1,1991,14,14,14,14,14,14,14,14,14,14
480336,0,1,1991,14,20,0,15,6,0,12,0,0,15
480336,1,1,1991,0,7,7,14,29,18,11,19,16,17
480337,0,1,1991,34,0,9,38,0,0,0,28,12,0
480337,1,1,1991,19,0,0,0,0,19,0,0,0,0
480338,1,1,1991,0,0,0,0,0,0,0,0,0,0
480339,1,1,1991,19,19,19,19,19,19,19,19,19,19
480340,1,1,1991,16,16,16,16,16,16,16,16,16,16
480341,1,1,1991,0,0,0,0,0,0,0,0,0,21
480341,2,1,1991,0,0,0,0,0,0,0,0,0,3
480342,1,1,1991,18,18,18,18,18,18,18,18,18,18
480342,2,1,1991,17,0,24,3,16,0,0,8,0,16
480344,1,1,1991,1,1,1,1,1,1,1,1,1,1
480345,0,1,1991,2,2,2,2,2,2,2,2,2,2
480345,1,1,1991,0,0,0,0,0,0,0,0,0,0
480346,1,1,1991,22,22,22,22,22,22,22,22,22,22
480346,2,1,1991,0,0,0,0,0,0,10,0,0,18
480346,3,1,1991,27,0,11,0,17,0,0,0,0,0
480347,1,1,1991,20,20,20,20,20,20,20,20,20,20
480348,1,1,1991,14,14,14,14,14,14,14,14,14,14
480349,0,1,1991,20,20,20,20,20,20,20,20,20,20
480349,1,1,1991,0,0,0,0,0,0,0,6,0,0
480350,0,1,1991,0,0,0,0,0,0,0,0,0,0
480350,1,1,1991,12,12,12,12,12,12,12,12,12,12
480351,1,1,1991,0,0,8,21,0,9,0,23,13,0
480352,1,1,1991,0,0,0,0,0,0,0,0,0,0
480352,2,1,1991,0,9,0,0,0,0,0,0,0,0
480353,1,1,1991,17,17,17,17,17,17,17,17,17,17
480354,1,1,1991,0,0,5,0,10,0,0,8,30,0
480354,2,1,1991,0,0,0,0,28,0,0,0,0,0
480355,1,1,1991,16,15,15,21,18,19,19,7,10,13
480356,0,1,1991,0,0,0,0,0,0,0,0,0,0
480356,0,2,1991,0,0,0,0,0,0,0,0,0,0
480356,1,1,1991,0,0,0,0,0,13,12,0,22,0
480357,1,1,1991,0,29,10,21,0,19,12,0,0,0
480358,1,1,1991,0,0,0,0,0,0,0,0,0,0
480358,2,1,1991,0,0,22,0,21,0,0,0,0,0
480359,1,1,1991,0,0,0,0,0,0,0,0,0,0
480359,2,1,1991,0,0,0,0,0,0,0,0,0,0
480360,1,1,1991,0,0,0,0,0,0,0,0,0,0
480360,2,1,1991,5,22,0,0,0,0,0,0,0,0
480360,3,1,1991,0,0,0,0,0,0,0,0,0,0
480361,0,1,1991,16,16,16,16,16,16,16,16,16,16
480361,1,1,1991,0,0,0,0,0,0,0,0,0,0
480362,1,1,1991,21,21,21,21,21,21,21,21,21,21
480363,1,1,1991,0,0,0,0,0,0,0,0,0,0
480363,2,1,1991,0,0,0,20,0,0,0,0,10,0
480364,1,1,1991,0,0,0,0,0,0,0,0,0,0
480364,2,1,1991,0,0,0,0,0,0,0,0,0,0
480365,1,1,1991,0,0,0,0,0,0,0,0,0,0
480365,2,1,1991,0,0,11,0,13,0,0,0,0,0
480366,1,1,1991,0,0,0,0,0,0,0,0,0,0
480366,2,1,1991,0,0,0,0,0,0,0,0,0,0
480367,0,1,1991,6,0,0,0,0,0,0,0,0,0
480367,1,1,1991,0,0,0,0,0,0,0,0,0,0
480368,1,1,1991,27,27,27,27,27,27,27,27,27,27
480369,1,1,1991,10,10,10,10,10,10,10,10,10,10
480370,0,1,1991,0,0,0,0,0,0,0,0,0,0
480370,1,1,1991,0,0,0,0,0,0,0,0,0,0
480371,1,1,1991,0,0,15,0,0,0,5,0,27,0
480371,2,1,1991,0,0,0,0,0,0,11,0,0,0
480372,0,1,1991,0,0,0,0,0,0,0,0,0,0
480372,1,1,1991,0,0,0,0,0,0,0,0,0,0
480373,1,1,1991,7,23,29,20,0,17,0,9,0,15
480374,1,1,1991,22,16,27,22,26,18,18,20,33,14
480375,0,1,1991,0,0,0,0,45,30,19,0,0,0
480375,1,1,1991,0,0,0,0,0,0,0,0,0,0
480376,1,1,1991,12,12,12,12,12,12,12,12,12,12
480376,2,1,1991,0,4,0,10,0,0,0,0,0,0
480377,1,1,1991,0,0,13,0,0,0,0,0,0,0
480377,2,1,1991,0,0,0,0,0,0,0,5,0,0
480378,1,1,1991,9,9,9,9,9,9,9,9,9,9
480379,1,1,1991,33,33,33,33,33,33,33,33,33,33
480380,1,1,1991,15,15,15,15,15,15,15,15,15,15
480381,1,1,1991,0,0,0,0,0,0,0,0,0,0
480382,1,1,1991,0,0,0,0,0,0,0,0,0,0
480382,2,1,1991,0,0,0,0,0,0,0,0,0,0
480383,1,1,1991,0,0,0,0,0,0,0,0,0,0
480383,2,1,1991,0,0,0,17,0,0,0,0,0,0
480384,0,1,1991,0,0,0,0,0,0,0,0,0,0
480384,1,1,1991,0,0,10,0,12,0,9,6,0,0
480385,1,1,1991,11,11,11,11,11,11,11,11,11,11
480386,0,1,1991,25,25,25,25,25,25,25,25,25,25
480386,1,1,1991,15,0,0,20,0,6,0,0,0,0
480387,1,1,1991,0,22,13,0,0,0,10,0,12,0
480388,1,1,1991,0,0,0,0,0,0,0,0,0,0
480389,1,1,1991,21,8,12,21,32,14,7,20,6,6
480389,2,1,1991,0,0,0,0,11,0,32,0,0,13
480390,1,1,1991,39,17,18,20,17,17,14,20,22,10
480391,0,1,1991,23,23,23,23,23,23,23,23,23,23
480391,1,1,1991,0,28,12,7,14,34,0,0,12,0
480391,2,1,1991,0,0,0,0,0,0,0,14,11,0
480392,0,1,1991,22,22,22,22,22,22,22,22,22,22
480392,1,1,1991,0,0,0,0,0,0,0,0,0,0
480393,1,1,1991,23,24,0,25,0,9,20,20,20,0
480394,1,1,1991,20,20,20,20,20,20,20,20,20,20
480395,1,1,1991,0,0,0,0,0,0,0,5,0,0
480395,2,1,1991,0,0,0,0,0,0,0,0,0,0
480396,0,1,1991,26,23,0,0,0,9,0,21,32,0
480396,0,2,1991,26,0,0,0,0,0,0,0,0,22
480396,1,1,1991,12,0,0,24,8,0,8,9,0,3
480397,1,1,1991,9,10,12,12,0,0,0,0,11,0
480397,2,1,1991,22,22,22,22,22,22,22,22,22,22
480398,1,1,1991,0,0,0,0,0,0,0,0,0,0
480398,2,1,1991,0,0,0,0,0,0,0,0,0,0
480399,1,1,1991,0,0,0,0,0,0,0,0,0,0
480399,2,1,1991,14,14,14,14,14,14,14,14,14,14
480400,1,1,1991,11,11,11,11,11,11,11,11,11,11
480400,2,1,1991,3,3,3,3,3,3,3,3,3,3
480401,1,1,1991,38,38,38,38,38,38,38,38,38,38
480402,1,1,1991,17,17,17,17,17,17,17,17,17,17
480403,1,1,1991,0,0,0,0,0,0,0,0,0,0
480404,0,1,1991,0,0,0,0,0,0,0,0,0,0
480404,1,1,1991,0,0,0,0,0,0,0,0,0,4
480405,0,1,1991,0,0,0,0,0,0,0,0,0,0
480405,0,2,1991,0,0,0,0,0,0,0,0,0,0
480405,1,1,1991,0,0,0,23,0,0,0,0,0,0
480406,1,1,1991,0,0,0,0,0,0,0,0,0,0
480406,2,1,1991,0,25,4,0,31,13,0,17,0,0
480407,0,1,1991,8,0,0,0,0,13,0,0,0,0
480407,1,1,1991,0,0,0,0,0,0,0,0,0,0
480408,1,1,1991,18,18,18,18,18,18,18,18,18,18
480408,2,1,1991,10,0,0,19,0,17,0,7,0,0
480409,1,1,1991,31,31,31,31,31,31,31,31,31,31
480409,2,1,1991,0,10,14,0,0,16,6,11,4,26
480410,0,1,1991,0,0,0,0,0,0,0,0,0,0
480410,1,1,1991,0,0,0,0,0,0,0,0,0,20
480410,2,1,1991,0,10,0,12,0,0,0,0,0,0
480411,1,1,1991,13,13,13,13,13,13,13,13,13,13
480412,1,1,1991,22,22,22,22,22,22,22,22,22,22
480413,0,1,1991,33,14,25,19,0,0,13,0,21,15
480413,1,1,1991,23,23,23,23,23,23,23,23,23,23
480413,2,1,1991,0,17,0,0,34,11,0,32,0,13
480414,1,1,1991,0,0,0,0,0,0,18,0,0,0
480415,1,1,1991,0,0,0,0,0,0,0,0,0,0
480415,2,1,1991,0,0,0,0,0,0,0,0,0,0
480416,1,1,1991,0,0,0,0,0,0,0,0,0,0
480417,1,1,1991,0,19,0,0,0,0,0,0,0,0
480418,1,1,1991,36,0,0,0,18,0,0,0,0,11
480418,2,1,1991,0,0,0,0,0,0,0,0,0,0
480418,3,1,1991,0,0,0,0,6,0,0,28,0,0
480418,4,1,1991,13,0,0,0,0,15,0,0,0,0
480419,1,1,1991,0,0,0,0,0,0,0,0,0,0
480420,0,1,1991,0,0,0,0,0,0,0,0,0,0
480420,1,1,1991,17,0,7,0,0,0,0,0,0,0
480421,1,1,1991,18,18,18,18,18,18,18,18,18,18
480422,1,1,1991,21,21,21,21,21,21,21,21,21,21
480423,0,1,1991,0,0,0,0,0,0,0,0,0,0
480423,1,1,1991,0,0,0,0,0,5,0,0,0,0
480424,0,1,1991,36,36,36,36,36,36,36,36,36,36
480424,1,1,1991,0,0,0,0,0,0,0,0,0,0
480425,1,1,1991,0,0,0,21,23,20,11,35,30,0
480425,2,1,1991,0,0,0,0,0,0,0,0,0,0
480426,1,1,1991,26,26,26,26,26,26,26,26,26,26
480426,2,1,1991,0,0,0,0,28,0,0,0,22,0
480427,1,1,1991,24,24,24,24,24,24,24,24,24,24
480428,1,1,1991,17,17,17,17,17,17,17,17,17,17
480428,2,1,1991,0,0,0,0,0,0,0,0,0,0
480429,1,1,1991,0,0,0,0,0,0,0,0,0,0
480429,2,1,1991,22,22,22,22,22,22,22,22,22,22
480430,1,1,1991,0,0,0,0,0,0,0,0,0,0
480431,1,1,1991,0,0,0,0,0,0,0,0,0,0
480431,2,1,1991,19,19,19,19,19,19,19,19,19,19
480432,1,1,1991,15,15,15,15,15,15,15,15,15,15
480432,2,1,1991,5,5,5,5,5,5,5,5,5,5
480433,1,1,1991,9,0,16,0,0,0,0,29,0,0
480433,2,1,1991,11,0,0,0,0,0,0,0,17,0
480434,1,1,1991,22,0,0,0,0,0,0,0,0,0
480434,2,1,1991,0,0,0,0,0,0,0,0,0,0
480435,1,1,1991,0,0,0,17,0,9,0,20,0,24
480436,1,1,1991,14,14,14,14,14,14,14,14,14,14
480437,1,1,1991,21,21,21,21,21,21,21,21,21,21
480438,1,1,1991,19,19,19,19,19,19,19,19,19,19
480438,2,1,1991,10,0,0,8,0,14,0,7,0,0
480439,1,1,1991,0,0,0,0,0,0,0,0,0,0
480439,2,1,1991,0,0,0,0,0,0,0,0,5,0
480440,1,1,1991,0,0,0,0,0,13,0,0,0,0
480440,2,1,1991,0,8,0,0,0,0,0,0,11,0
480441,1,1,1991,0,0,0,0,0,0,0,0,0,0
480442,1,1,1991,9,13,21,19,12,3,12,13,21,25
480443,0,1,1991,21,22,5,0,26,8,0,0,19,22
480443,1,1,1991,12,12,12,12,12,12,12,12,12,12
480444,1,1,1991,17,0,18,19,0,24,0,13,9,0
480445,1,1,1991,10,10,10,10,10,10,10,10,10,10
480446,0,1,1991,32,0,0,0,0,0,0,0,0,0
480446,1,1,1991,0,0,0,0,0,0,0,7,0,0
480447,1,1,1991,0,0,0,0,0,0,0,0,0,0
480448,1,1,1991,17,17,17,17,17,17,17,17,17,17
480448,2,1,1991,0,0,0,0,0,0,0,0,0,0
480449,0,1,1991,16,16,16,16,16,16,16,16,16,16
480449,1,1,1991,0,0,0,0,15,0,13,0,0,0
480450,1,1,1991,0,0,0,0,0,0,0,0,0,0
480450,2,1,1991,30,30,30,30,30,30,30,30,30,30
480451,0,1,1991,0,0,0,0,0,0,0,0,0,0
480451,1,1,1991,0,0,16,0,0,0,0,0,0,0
480452,0,1,1991,0,0,0,0,0,0,0,0,0,0
480452,1,1,1991,0,0,0,0,0,0,0,0,0,0
480453,1,1,1991,20,20,20,20,20,20,20,20,20,20
480454,1,1,1991,26,0,0,0,0,0,24,0,22,16
480455,1,1,1991,11,8,16,20,20,29,19,10,0,20
480455,2,1,1991,0,0,0,0,0,0,0,0,12,0
480456,1,1,1991,12,10,0,12,24,28,10,9,13,10
480458,1,1,1991,0,0,0,0,0,0,0,0,0,4
480458,2,1,1991,1,1,1,1,1,1,1,1,1,1
480459,0,1,1991,0,0,0,0,0,0,14,26,0,0
480459,1,1,1991,13,12,0,0,0,0,0,0,0,0
480460,1,1,1991,0,0,0,0,0,9,0,0,0,0
480460,2,1,1991,0,0,0,0,0,0,0,0,0,0
480461,1,1,1991,0,0,0,0,0,0,0,0,0,0
480461,2,1,1991,0,0,0,0,0,0,0,20,0,0
480462,1,1,1991,0,0,0,0,0,0,0,0,0,0
480462,2,1,1991,0,0,0,0,0,0,0,0,0,0
480462,3,1,1991,0,0,0,0,0,0,0,0,0,0
480463,1,1,1991,0,0,0,0,0,0,0,6,0,0
480464,0,1,1991,0,0,0,0,0,0,0,0,0,0
480464,1,1,1991,0,0,11,13,0,21,15,0,0,19
480465,1,1,1991,16,16,16,16,16,16,16,16,16,16
480465,2,1,1991,24,24,24,24,24,24,24,24,24,24
480466,1,1,1991,0,0,0,0,0,0,0,0,0,0
480466,2,1,1991,0,0,0,0,0,0,0,0,0,0
480467,1,1,1991,0,0,0,0,0,3,0,0,0,0
480467,2,1,1991,0,8,0,0,8,0,0,0,0,0
480468,0,1,1991,21,21,21,21,21,21,21,21,21,21
480468,1,1,1991,12,12,12,12,12,12,12,12,12,12
480469,1,1,1991,0,0,0,0,12,0,13,0,0,8
480469,2,1,1991,0,0,0,0,0,0,0,0,0,0
480470,0,1,1991,0,0,0,0,0,0,0,0,0,0
480470,1,1,1991,0,0,0,0,0,0,0,0,0,0
480471,1,1,1991,0,0,0,0,0,0,0,0,0,0
480471,2,1,1991,0,0,0,0,0,0,0,0,0,0
480472,1,1,1991,0,0,0,0,0,0,0,0,0,0
480472,2,1,1991,0,0,0,0,0,9,0,0,0,0
480473,1,1,1991,0,0,0,0,0,0,0,0,0,0
480473,2,1,1991,0,0,0,0,0,0,0,0,0,0
480474,0,1,1991,6,0,18,18,0,23,0,0,0,51
480474,2,1,1991,5,5,5,5,5,5,5,5,5,5
480475,1,1,1991,0,15,19,14,21,4,14,0,22,13
480475,2,1,1991,0,20,0,0,0,0,0,0,14,12
480476,1,1,1991,0,0,0,0,0,0,0,0,0,0
480476,2,1,1991,0,0,0,0,0,0,0,0,0,0
480477,1,1,1991,0,0,0,0,0,0,0,0,0,0
480477,2,1,1991,0,0,0,0,0,0,0,0,0,0
480477,3,1,1991,0,0,0,0,0,0,0,0,0,0
480477,4,1,1991,0,0,0,0,0,0,0,0,0,0
480478,1,1,1991,19,19,19,19,19,19,19,19,19,19
480479,0,1,1991,19,19,19,19,19,19,19,19,19,19
480479,1,1,1991,0,0,0,0,0,0,0,0,4,0
480480,0,1,1991,28,28,28,28,28,28,28,28,28,28
480480,1,1,1991,6,0,0,0,0,0,11,0,8,19
480481,0,1,1991,15,0,0,0,0,0,0,0,32,0
480481,0,2,1991,0,0,6,0,36,0,43,13,20,21
480481,1,1,1991,0,0,0,0,0,0,0,0,0,0
480482,0,1,1991,0,0,0,0,0,0,0,0,0,0
480482,1,1,1991,12,0,23,0,16,0,0,0,0,8
480483,1,1,1991,10,10,10,10,10,10,10,10,10,10
480484,1,1,1991,1,1,1,1,1,1,1,1,1,1
480485,1,1,1991,10,23,0,17,6,15,0,13,16,20
480485,2,1,1991,0,0,0,15,0,0,0,7,0,0
480486,1,1,1991,0,0,0,0,0,0,0,0,0,0
480487,1,1,1991,19,19,19,19,19,19,19,19,19,19
480488,1,1,1991,21,21,21,21,21,21,21,21,21,21
480489,1,1,1991,0,0,0,0,0,0,0,0,0,0
480489,2,1,1991,8,0,19,14,26,0,9,0,12,15
480490,1,1,1991,25,25,25,25,25,25,25,25,25,25
480491,0,1,1991,0,0,0,0,12,0,0,0,0,0
480491,1,1,1991,0,0,0,0,0,0,0,0,0,0
480492,1,1,1991,0,0,0,0,0,0,0,0,0,0
480492,2,1,1991,15,15,15,15,15,15,15,15,15,15
480493,1,1,1991,3,3,3,3,3,3,3,3,3,3
480494,0,1,1991,0,0,0,0,0,0,0,0,0,0
480494,1,1,1991,0,0,0,0,0,0,0,0,0,0
480495,1,1,1991,0,0,0,0,0,0,0,0,0,0
480495,2,1,1991,0,0,0,0,0,0,0,0,0,0
480495,3,1,1991,0,0,0,0,0,0,0,0,0,0
480496,0,1,1991,29,29,29,29,29,29,29,29,29,29
480496,1,1,1991,7,21,11,4,11,0,0,0,0,0
480497,1,1,1991,26,26,26,26,26,26,26,26,26,26
480498,1,1,1991,19,26,24,23,13,27,22,5,29,25
480499,1,1,1991,31,0,0,0,0,0,0,0,0,0
480499,2,1,1991,0,0,0,0,0,0,0,0,0,0
480500,1,1,1991,0,0,3,0,0,0,0,5,0,0
480500,2,1,1991,12,0,0,0,0,7,0,0,0,7
480501,1,1,1991,0,0,25,0,0,0,0,0,0,0
480502,1,1,1991,0,0,0,0,0,0,0,0,0,0
480502,2,1,1991,0,0,0,0,0,0,0,0,0,0
480503,1,1,1991,0,0,0,0,0,0,0,0,0,0
480504,1,1,1991,0,0,0,0,0,10,0,0,0,0
480504,2,1,1991,0,0,0,0,0,0,0,0,22,0
480504,3,1,1991,0,0,0,0,0,0,0,0,0,0
480505,1,1,1991,5,8,0,0,16,0,5,9,0,0
480506,1,1,1991,0,0,0,0,0,0,0,0,0,0
480506,2,1,1991,7,7,7,7,7,7,7,7,7,7
480507,1,1,1991,16,0,14,10,0,0,0,0,16,14
480508,1,1,1991,0,0,0,0,0,0,0,18,13,0
480508,2,1,1991,16,0,0,8,0,0,0,0,0,0
480509,0,1,1991,0,0,0,0,0,0,0,0,0,0
480509,1,1,1991,0,0,0,0,0,0,0,0,0,0
480510,1,1,1991,0,0,0,0,15,0,0,0,0,0
480511,1,1,1991,0,0,0,0,0,0,0,0,0,0
480512,1,1,1991,0,0,0,0,0,0,0,0,0,0
480512,2,1,1991,0,0,0,0,0,0,0,0,0,0
480513,1,1,1991,22,22,22,22,22,22,22,22,22,22
480513,2,1,1991,1,1,1,1,1,1,1,1,1,1
480514,0,1,1991,0,0,0,0,0,0,0,0,0,0
480514,1,1,1991,0,0,0,0,0,0,0,0,0,0
480514,2,1,1991,0,15,4,27,0,35,0,0,11,7
480515,0,1,1991,28,28,28,28,28,28,28,28,28,28
480515,1,1,1991,9,26,9,20,9,22,9,24,12,13
480516,0,1,1991,9,9,9,9,9,9,9,9,9,9
480516,1,1,1991,0,0,0,0,0,0,0,0,0,0
480517,0,1,1991,0,0,0,0,0,0,0,0,0,0
480517,1,1,1991,0,2,0,2,0,0,0,0,0,0
480518,1,1,1991,0,0,0,0,0,0,0,0,0,0
480518,2,1,1991,0,0,0,0,0,0,0,0,0,0
480519,0,1,1991,0,0,0,0,0,0,0,0,0,0
480519,1,1,1991,0,0,0,0,0,0,0,0,0,0
480520,1,1,1991,0,0,0,0,0,0,0,0,0,0
480520,2,1,1991,0,25,0,0,0,0,28,0,0,0
480521,1,1,1991,0,8,0,0,0,0,0,0,0,0
480521,2,1,1991,0,0,0,0,0,0,0,0,0,0
480522,0,1,1991,0,0,0,0,0,0,0,0,0,0
480522,1,1,1991,0,0,0,0,0,0,0,0,0,0
480523,1,1,1991,0,21,0,20,19,0,0,0,16,0
480523,2,1,1991,7,0,0,0,15,16,0,0,0,0
480524,0,1,1991,0,0,0,0,0,0,0,0,0,0
480524,1,1,1991,0,0,0,0,9,10,0,0,0,21
480525,0,1,1991,0,0,0,0,0,0,0,0,0,0
480525,1,1,1991,0,0,0,0,0,0,0,0,0,0
480526,1,1,1991,0,0,0,0,0,0,0,0,0,0
480526,2,1,1991,0,0,0,0,0,0,0,0,0,0
480527,1,1,1991,0,0,0,0,0,11,0,0,0,0
480527,2,1,1991,3,0,0,0,5,0,0,0,0,0
480528,1,1,1991,0,0,0,0,0,0,0,0,0,0
480529,1,1,1991,0,0,0,0,0,0,0,0,0,0
480529,2,1,1991,16,16,16,16,16,16,16,16,16,16
480530,1,1,1991,0,0,0,0,0,0,0,0,0,0
480530,2,1,1991,0,0,0,0,0,0,0,0,0,0
480531,1,1,1991,22,22,22,22,22,22,22,22,22,22
480532,1,1,1991,0,0,0,0,0,0,0,0,0,0
480533,1,1,1991,0,0,0,0,12,14,8,0,0,0
480533,2,1,1991,0,0,0,0,0,0,0,0,0,0
480534,1,1,1991,15,9,0,0,0,0,0,0,0,0
480534,2,1,1991,0,0,0,0,0,0,0,0,0,0
480535,1,1,1991,0,0,0,0,0,0,0,0,0,0
480535,2,1,1991,0,0,0,0,0,0,0,0,0,0
480536,1,1,1991,14,14,14,14,14,14,14,14,14,14
480536,2,1,1991,11,11,11,11,11,11,11,11,11,11
480537,1,1,1991,3,3,3,3,3,3,3,3,3,3
480538,1,1,1991,23,0,0,4,0,12,25,11,0,22
480539,1,1,1991,0,0,0,0,0,0,0,0,0,0
480540,1,1,1991,0,0,0,0,0,0,0,0,0,0
480540,2,1,1991,17,17,17,17,17,17,17,17,17,17
480541,1,1,1991,8,25,10,7,13,3,31,10,7,10
480542,0,1,1991,0,0,0,0,0,0,0,0,0,0
480542,1,1,1991,10,0,0,0,0,0,0,0,0,0
480543,1,1,1991,0,0,0,0,0,0,0,0,0,0
480544,1,1,1991,0,0,0,0,0,22,0,15,0,0
480545,1,1,1991,10,10,10,10,10,10,10,10,10,10
480546,1,1,1991,18,18,18,18,18,18,18,18,18,18
480547,1,1,1991,0,0,0,0,0,0,0,0,0,0
480547,2,1,1991,0,13,0,0,0,0,0,0,0,0
480548,1,1,1991,19,19,19,19,19,19,19,19,19,19
480549,1,1,1991,24,0,0,0,0,0,0,0,0,0
480549,2,1,1991,7,21,26,22,22,14,0,22,0,27
480549,3,1,1991,0,0,0,0,0,0,0,0,0,0
480550,1,1,1991,15,15,15,15,15,15,15,15,15,15
480551,1,1,1991,28,28,28,28,28,28,28,28,28,28
480552,1,1,1991,0,0,0,0,0,0,0,0,11,17
480552,2,1,1991,0,0,0,0,0,0,0,0,0,0
480553,1,1,1991,0,0,0,26,20,0,0,28,15,0
480553,2,1,1991,0,0,0,0,0,0,0,0,0,0
480554,1,1,1991,21,21,21,21,21,21,21,21,21,21
480555,1,1,1991,0,0,0,0,0,0,0,0,0,0
480555,2,1,1991,0,0,0,0,0,0,0,0,0,0
480556,1,1,1991,0,7,0,0,0,0,0,0,0,0
480556,2,1,1991,0,0,0,0,0,0,0,0,0,0
480557,1,1,1991,3,3,3,3,3,3,3,3,3,3
480558,1,1,1991,0,0,0,0,0,0,0,0,0,0
480558,2,1,1991,0,14,0,0,0,0,0,0,5,0
480559,1,1,1991,0,0,0,0,0,0,0,0,0,0
480560,0,1,1991,43,43,43,43,43,43,43,43,43,43
480560,1,1,1991,16,16,16,16,16,16,16,16,16,16
480561,1,1,1991,21,21,21,21,21,21,21,21,21,21
480562,2,1,1991,4,4,4,4,4,4,4,4,4,4
480563,1,1,1991,7,7,7,7,7,7,7,7,7,7
480563,2,1,1991,0,0,0,0,0,0,0,0,0,0
480564,1,1,1991,12,12,12,12,12,12,12,12,12,12
480565,1,1,1991,26,17,0,0,17,0,0,0,0,0
480566,0,1,1991,0,0,0,0,0,0,0,0,0,0
480566,1,1,1991,12,13,22,8,0,10,0,19,15,7
480567,1,1,1991,8,8,8,8,8,8,8,8,8,8
480568,1,1,1991,0,0,18,0,0,0,12,11,0,0
480568,2,1,1991,20,20,20,20,20,20,20,20,20,20
480569,1,1,1991,22,9,0,0,0,16,0,0,0,0
480569,2,1,1991,17,14,16,10,25,26,27,19,26,12
480570,1,1,1991,8,15,27,11,17,20,20,17,17,10
480570,2,1,1991,0,0,14,0,0,0,0,0,0,0
480571,1,1,1991,11,11,11,11,11,11,11,11,11,11
480572,1,1,1991,22,22,22,22,22,22,22,22,22,22
480572,2,1,1991,0,0,0,0,0,0,0,0,0,0
480573,0,1,1991,18,21,18,34,20,13,5,9,17,57
480573,1,1,1991,0,0,0,0,0,0,0,0,0,0
480573,2,1,1991,0,0,0,0,0,0,0,0,0,0
480574,1,1,1991,27,27,27,27,27,27,27,27,27,27
480575,1,1,1991,0,0,0,0,0,0,0,0,0,0
480575,2,1,1991,0,0,0,0,0,0,0,0,0,0
480575,3,1,1991,0,0,0,0,13,10,0,21,0,0
480575,4,1,1991,0,0,0,0,0,4,0,0,0,0
480575,5,1,1991,0,0,0,0,0,0,0,0,0,0
480576,1,1,1991,0,15,0,0,0,0,0,20,14,13
480576,2,1,1991,8,0,0,0,0,11,0,0,0,14
480578,1,1,1991,0,0,0,27,0,0,0,0,0,0
480578,2,1,1991,0,0,0,0,0,0,0,0,0,0
480579,1,1,1991,4,4,4,4,4,4,4,4,4,4
480579,2,1,1991,0,0,0,0,0,0,0,0,0,0
480580,0,1,1991,0,0,0,0,19,20,0,17,0,0
480580,1,1,1991,0,0,0,0,0,0,0,0,0,0
480581,1,1,1991,20,20,20,20,20,20,20,20,20,20
480581,2,1,1991,8,0,0,9,11,26,18,17,13,15
480582,1,1,1991,0,0,0,0,0,0,0,0,0,0
480583,1,1,1991,25,25,25,25,25,25,25,25,25,25
480584,0,1,1991,31,31,31,31,31,31,31,31,31,31
480584,1,1,1991,0,0,0,0,0,0,0,0,0,0
480585,1,1,1991,35,35,35,35,35,35,35,35,35,35
480586,0,1,1991,0,0,0,0,0,0,0,0,0,0
480586,1,1,1991,0,0,0,0,0,0,0,0,0,0
480587,0,1,1991,0,0,0,0,0,0,0,0,0,0
480587,1,1,1991,0,0,23,22,0,0,0,0,0,0
480588,1,1,1991,13,13,13,13,13,13,13,13,13,13
480589,1,1,1991,28,28,28,28,28,28,28,28,28,28
480590,1,1,1991,20,20,20,20,20,20,20,20,20,20
480590,2,1,1991,0,0,0,0,0,0,0,0,0,0
480591,1,1,1991,0,0,0,0,0,0,0,0,0,0
480592,1,1,1991,0,0,0,0,0,0,0,0,27,0
480592,2,1,1991,0,0,0,0,0,0,0,0,0,0
480592,3,1,1991,0,0,0,0,0,0,0,0,0,7
480593,0,1,1991,20,20,20,20,20,20,20,20,20,20
480593,0,2,1991,14,21,43,17,0,25,12,20,20,8
480593,1,1,1991,0,5,0,0,0,7,16,0,10,0
480594,1,1,1991,0,0,0,0,0,0,0,0,0,0
480594,2,1,1991,0,0,0,0,0,0,0,0,0,0
480595,0,1,1991,0,0,0,0,0,0,0,0,0,0