ST_CASE,VEH_NO,PER_NO,YEAR,P1,P2,P3,P4,P5,P6,P7,P8,P9,P10
480595,1,1,1991,0,0,0,0,0,0,0,0,0,0
480596,1,1,1991,9,0,0,0,10,0,0,0,0,0
480596,2,1,1991,0,7,0,0,0,0,0,0,0,0
480597,1,1,1991,0,0,0,0,0,0,0,0,0,0
480597,2,1,1991,0,0,0,0,0,0,0,0,0,0
480598,1,1,1991,0,0,0,0,0,0,0,0,0,0
480598,2,1,1991,19,19,19,19,19,19,19,19,19,19
480599,1,1,1991,20,20,20,20,20,20,20,20,20,20
480599,2,1,1991,0,13,14,0,0,0,0,0,0,5
480600,1,1,1991,15,15,15,15,15,15,15,15,15,15
480601,1,1,1991,16,16,16,16,16,16,16,16,16,16
480602,1,1,1991,6,0,0,8,9,0,0,0,20,0
480603,1,1,1991,0,0,0,0,0,0,0,0,0,0
480603,2,1,1991,0,0,0,0,0,0,0,0,0,0
480603,3,1,1991,0,10,0,0,0,0,0,0,0,0
480604,1,1,1991,20,20,20,20,20,20,20,20,20,20
480605,1,1,1991,12,12,12,12,12,12,12,12,12,12
480606,0,1,1991,0,0,0,0,0,0,0,0,0,0
480606,1,1,1991,0,17,0,0,14,0,13,6,0,0
480607,1,1,1991,0,0,0,0,0,0,0,0,0,0
480608,0,1,1991,18,13,23,14,0,25,21,9,40,28
480608,1,1,1991,19,19,19,19,19,19,19,19,19,19
480609,1,1,1991,11,0,16,0,0,0,0,0,0,0
480610,1,1,1991,11,11,11,11,11,11,11,11,11,11
480611,1,1,1991,33,33,33,33,33,33,33,33,33,33
480612,1,1,1991,0,0,0,0,0,0,0,0,0,0
480613,0,1,1991,0,0,0,0,0,0,23,0,0,0
480613,1,1,1991,0,0,0,0,0,0,0,0,0,0
480614,1,1,1991,30,30,30,30,30,30,30,30,30,30
480615,1,1,1991,14,0,24,4,0,0,0,0,0,0
480615,2,1,1991,0,0,0,0,0,0,0,0,0,0
480616,0,1,1991,0,2,29,0,0,0,10,11,12,20
480616,1,1,1991,12,15,8,0,20,0,16,18,18,24
480617,1,1,1991,11,11,11,11,11,11,11,11,11,11
480618,1,1,1991,16,16,16,16,16,16,16,16,16,16
480619,1,1,1991,14,14,14,14,14,14,14,14,14,14
480620,1,1,1991,5,5,5,5,5,5,5,5,5,5
480620,2,1,1991,2,2,2,2,2,2,2,2,2,2
480621,1,1,1991,10,10,10,10,10,10,10,10,10,10
480621,2,1,1991,0,21,0,0,0,0,0,0,0,0
480621,3,1,1991,0,0,0,9,5,0,0,0,0,0
480622,1,1,1991,17,17,17,17,17,17,17,17,17,17
480622,2,1,1991,0,0,0,0,0,0,0,0,0,0
480623,1,1,1991,0,0,0,0,0,0,0,0,0,0
480623,2,1,1991,0,0,0,0,0,0,0,0,0,0
480624,1,1,1991,0,0,0,0,0,0,0,0,0,0
480624,2,1,1991,0,0,0,0,0,0,0,0,0,0
480625,0,1,1991,0,0,0,0,0,0,0,0,0,0
480625,1,1,1991,0,0,0,0,0,0,0,0,0,0
480626,1,1,1991,23,12,7,0,0,21,10,13,0,21
480627,0,1,1991,0,0,0,0,0,0,0,0,0,0
480627,1,1,1991,0,0,0,0,0,0,0,0,0,0
480628,0,1,1991,26,26,26,26,26,26,26,26,26,26
480628,1,1,1991,0,0,0,0,23,0,0,0,0,0
480629,1,1,1991,0,0,0,0,0,0,0,0,0,0
480630,0,1,1991,0,0,20,0,0,0,0,0,26,25
480630,1,1,1991,0,0,16,23,0,0,0,0,0,0
480631,1,1,1991,32,20,15,18,17,19,30,32,14,17
480632,1,1,1991,14,8,17,0,0,0,0,26,7,14
480632,2,1,1991,0,25,0,0,0,0,0,15,0,0
480632,3,1,1991,0,6,0,0,0,0,0,0,0,0
480633,0,1,1991,27,27,27,27,27,27,27,27,27,27
480633,1,1,1991,0,0,0,0,0,0,0,0,0,0
480634,1,1,1991,0,0,0,0,0,0,0,0,0,0
480634,2,1,1991,0,0,0,0,0,0,0,0,0,0
480635,1,1,1991,0,0,0,0,0,0,0,0,0,0
480635,2,1,1991,0,0,0,0,0,0,0,0,0,0
480636,1,1,1991,0,0,0,0,0,0,0,0,0,0
480636,2,1,1991,0,0,0,0,0,0,0,0,0,0
480637,1,1,1991,0,0,0,0,0,0,0,0,0,0
480637,2,1,1991,2,23,17,24,0,0,0,15,0,0
480638,1,1,1991,24,24,24,24,24,24,24,24,24,24
480639,1,1,1991,0,0,0,0,0,0,0,0,0,0
480640,0,1,1991,0,0,0,0,0,0,0,0,0,0
480640,1,1,1991,15,33,16,6,19,14,28,14,16,5
480641,1,1,1991,0,0,19,0,0,0,0,0,0,0
480641,2,1,1991,0,0,0,0,0,0,0,0,0,0
480642,1,1,1991,21,21,21,21,21,21,21,21,21,21
480642,2,1,1991,0,0,0,0,0,0,0,0,0,0
480643,1,1,1991,0,0,0,0,0,0,0,0,0,0
480644,1,1,1991,22,22,22,22,22,22,22,22,22,22
480645,1,1,1991,5,16,14,11,25,15,27,12,11,4
480646,1,1,1991,0,0,0,0,0,0,0,0,0,0
480647,1,1,1991,22,6,15,22,9,0,0,20,19,0
480648,0,1,1991,22,22,22,22,22,22,22,22,22,22
480648,0,2,1991,0,0,0,0,0,0,0,0,0,0
480648,1,1,1991,0,0,0,0,0,27,11,0,10,0
480648,2,1,1991,0,12,0,0,0,0,0,0,0,0
480648,3,1,1991,0,0,0,13,0,0,0,19,4,19
480648,4,1,1991,0,0,0,0,0,0,0,0,0,0
480648,5,1,1991,0,0,0,0,0,0,0,0,0,0
480649,1,1,1991,0,0,0,0,0,0,0,0,0,0
480649,2,1,1991,23,23,23,23,23,23,23,23,23,23
480650,0,1,1991,7,7,7,7,7,7,7,7,7,7
480650,1,1,1991,12,33,23,21,38,24,39,0,0,34
480651,1,1,1991,0,0,0,0,0,0,0,0,0,0
480651,2,1,1991,0,0,0,0,0,0,0,0,0,0
480652,1,1,1991,0,0,10,0,0,0,0,0,10,0
480652,2,1,1991,0,0,0,0,0,0,0,0,0,0
480653,1,1,1991,0,0,0,0,0,0,16,0,0,6
480653,2,1,1991,6,6,6,6,6,6,6,6,6,6
480654,1,1,1991,0,0,0,0,0,0,0,0,0,0
480654,2,1,1991,0,0,0,0,0,0,0,0,0,0
480655,1,1,1991,20,20,20,20,20,20,20,20,20,20
480656,1,1,1991,14,14,14,14,14,14,14,14,14,14
480657,1,1,1991,18,18,18,18,18,18,18,18,18,18
480658,1,1,1991,22,0,0,0,18,0,18,0,13,19
480658,2,1,1991,0,0,0,0,0,0,0,0,0,0
480659,1,1,1991,0,13,0,17,0,0,0,0,0,0
480659,2,1,1991,0,0,0,0,0,0,0,0,0,0
480660,1,1,1991,10,0,0,0,0,0,14,37,0,0
480661,1,1,1991,18,18,18,18,18,18,18,18,18,18
480661,2,1,1991,0,0,0,0,0,0,0,0,0,0
480662,1,1,1991,0,0,0,0,0,0,0,0,0,0
480662,2,1,1991,24,24,24,24,24,24,24,24,24,24
480663,0,1,1991,20,20,20,20,20,20,20,20,20,20
480663,1,1,1991,0,0,6,0,15,0,0,21,0,0
480664,0,1,1991,0,0,0,0,0,0,0,0,0,0
480664,1,1,1991,0,0,0,0,0,0,0,0,0,0
480666,0,1,1991,0,0,0,0,0,0,0,0,0,0
480666,1,1,1991,0,0,0,0,31,0,0,0,10,0
480667,0,1,1991,9,9,9,9,9,9,9,9,9,9
480667,1,1,1991,18,0,0,0,0,0,0,0,24,0
480668,0,1,1991,0,0,0,0,0,0,0,0,0,0
480668,1,1,1991,0,0,0,0,0,0,0,0,0,0
480669,0,1,1991,0,0,0,0,0,0,0,0,0,0
480669,1,1,1991,28,9,29,25,26,5,12,10,22,8
480670,1,1,1991,14,14,14,14,14,14,14,14,14,14
480670,2,1,1991,0,0,0,0,0,0,11,0,0,15
480671,1,1,1991,0,19,19,19,4,23,11,8,17,0
480672,1,1,1991,18,18,18,18,18,18,18,18,18,18
480673,1,1,1991,10,10,10,10,10,10,10,10,10,10
480674,1,1,1991,11,11,11,11,11,11,11,11,11,11
480675,0,1,1991,13,13,13,13,13,13,13,13,13,13
480675,1,1,1991,0,0,0,0,0,0,0,0,0,0
480676,1,1,1991,13,13,13,13,13,13,13,13,13,13
480677,1,1,1991,0,0,0,0,3,0,0,0,0,0
480678,0,1,1991,0,0,0,0,0,0,0,0,0,0
480678,1,1,1991,0,0,0,0,0,0,0,0,0,0
480679,1,1,1991,9,17,33,25,0,40,17,13,4,0
480679,2,1,1991,0,0,0,0,0,2,0,17,0,0
480680,1,1,1991,10,10,10,10,10,10,10,10,10,10
480681,1,1,1991,14,18,18,0,10,20,11,27,0,13
480682,1,1,1991,18,18,18,18,18,18,18,18,18,18
480683,1,1,1991,23,11,0,0,0,0,0,0,0,0
480684,0,1,1991,0,0,0,0,0,0,0,0,0,0
480684,1,1,1991,0,0,0,11,0,0,0,0,0,0
480685,1,1,1991,3,10,0,6,18,0,0,19,20,22
480686,1,1,1991,12,12,12,12,12,12,12,12,12,12
480686,2,1,1991,14,8,0,0,0,6,5,0,0,0
480687,1,1,1991,0,0,0,0,0,0,0,0,0,0
480687,2,1,1991,0,0,17,0,0,0,0,0,0,0
480688,1,1,1991,11,11,11,11,11,11,11,11,11,11
480689,0,1,1991,0,0,0,0,0,0,0,0,0,0
480689,1,1,1991,0,0,0,0,0,0,0,0,0,0
480690,0,1,1991,0,20,0,0,14,12,22,0,0,12
480690,1,1,1991,12,12,12,12,12,12,12,12,12,12
480691,1,1,1991,16,12,23,8,21,13,21,0,43,15
480692,1,1,1991,26,26,26,26,26,26,26,26,26,26
480692,2,1,1991,0,0,0,0,0,0,0,0,0,0
480693,1,1,1991,28,24,14,25,7,16,10,19,13,25
480694,1,1,1991,2,2,2,2,2,2,2,2,2,2
480695,1,1,1991,12,8,0,0,0,20,0,0,0,0
480696,1,1,1991,0,0,0,0,0,0,0,0,0,0
480696,2,1,1991,7,7,7,7,7,7,7,7,7,7
480697,1,1,1991,0,0,0,0,0,0,0,0,0,0
480697,2,1,1991,19,19,19,19,19,19,19,19,19,19
480698,1,1,1991,9,9,9,9,9,9,9,9,9,9
480698,2,1,1991,5,0,0,0,0,0,0,0,0,18
480699,0,1,1991,29,0,0,15,24,16,13,39,34,9
480699,1,1,1991,28,28,28,28,28,28,28,28,28,28
480700,1,1,1991,12,12,12,12,12,12,12,12,12,12
480700,2,1,1991,0,0,0,0,0,0,0,0,0,0
480701,1,1,1991,0,0,0,0,0,0,0,0,0,0
480701,2,1,1991,0,0,0,0,0,0,0,0,0,0
480702,1,1,1991,0,7,17,0,0,0,2,8,0,0
480703,1,1,1991,9,14,0,0,0,0,0,0,0,0
480703,2,1,1991,0,0,0,0,0,0,0,0,0,0
480703,3,1,1991,0,0,0,0,0,0,0,0,0,0
480703,4,1,1991,0,0,0,0,0,0,0,0,0,0
480703,5,1,1991,0,0,0,0,0,0,0,0,0,0
480704,0,1,1991,0,0,0,0,0,0,0,0,0,0
480704,1,1,1991,0,0,0,0,0,0,0,0,0,0
480705,1,1,1991,30,24,20,15,16,11,22,38,27,13
480706,1,1,1991,0,0,0,0,0,0,0,0,0,0
480707,1,1,1991,0,0,0,0,0,0,0,0,0,0
480708,1,1,1991,0,0,0,0,0,0,0,0,0,0
480709,1,1,1991,8,0,0,0,0,20,0,11,19,0
480710,1,1,1991,0,0,0,0,0,0,0,0,0,0
480710,2,1,1991,0,0,0,0,0,0,0,0,0,0
480711,1,1,1991,0,0,0,0,0,0,0,0,0,0
480711,2,1,1991,0,0,0,0,0,0,0,0,0,0
480712,1,1,1991,31,21,25,12,12,8,7,15,6,7
480713,1,1,1991,0,0,21,0,22,0,0,0,0,0
480713,2,1,1991,0,0,0,0,0,14,0,0,0,0
480713,3,1,1991,0,0,0,0,0,0,0,0,0,10
480713,4,1,1991,0,12,0,0,0,0,0,0,0,0
480714,0,1,1991,0,0,0,0,0,0,0,0,0,0
480714,1,1,1991,0,0,16,0,0,18,0,10,23,12
480714,2,1,1991,13,0,0,0,0,0,0,0,0,0
480715,1,1,1991,0,0,0,9,0,12,0,0,4,10
480716,1,1,1991,0,0,0,0,0,0,0,0,0,0
480716,2,1,1991,6,6,6,6,6,6,6,6,6,6
480717,1,1,1991,23,23,19,10,0,15,18,32,9,21
480718,1,1,1991,30,30,30,30,30,30,30,30,30,30
480719,1,1,1991,0,0,0,0,0,0,0,0,0,0
480719,2,1,1991,0,0,0,0,0,0,0,0,0,0
480719,3,1,1991,0,0,0,0,0,0,0,0,0,0
480720,1,1,1991,19,19,19,19,19,19,19,19,19,19
480721,0,1,1991,25,25,25,25,25,25,25,25,25,25
480721,1,1,1991,0,0,0,0,0,0,0,8,0,0
480722,1,1,1991,36,36,36,36,36,36,36,36,36,36
480723,1,1,1991,16,16,16,16,16,16,16,16,16,16
480724,0,1,1991,0,0,0,0,0,0,0,0,0,0
480724,1,1,1991,0,0,22,14,0,16,12,16,23,0
480725,0,1,1991,12,0,0,8,7,0,0,0,0,21
480725,1,1,1991,11,25,0,10,13,19,16,7,12,23
480725,2,1,1991,32,12,12,0,24,16,15,0,25,35
480726,0,1,1991,30,30,30,30,30,30,30,30,30,30
480726,1,1,1991,0,0,0,0,0,0,0,0,0,0
480727,1,1,1991,0,0,0,0,0,0,0,0,0,0
480727,2,1,1991,2,2,2,2,2,2,2,2,2,2
480728,1,1,1991,14,24,16,21,18,0,0,0,0,6
480728,2,1,1991,14,14,14,14,14,14,14,14,14,14
480729,1,1,1991,0,14,0,8,0,13,15,0,0,0
480729,2,1,1991,0,0,0,0,0,0,0,0,15,0
480730,1,1,1991,0,0,0,0,0,0,0,0,0,0
480730,2,1,1991,0,0,0,0,0,0,0,0,0,0
480731,1,1,1991,0,0,0,7,0,0,0,0,0,0
480731,2,1,1991,9,0,0,0,0,0,0,0,0,0
480731,3,1,1991,0,0,0,0,0,0,22,0,0,0
480732,1,1,1991,0,0,0,0,0,0,0,0,0,0
480732,2,1,1991,0,0,0,0,0,0,0,0,0,0
480733,1,1,1991,0,0,0,0,0,0,0,0,0,0
480733,2,1,1991,10,0,0,0,0,0,0,13,0,0
480734,1,1,1991,5,5,5,5,5,5,5,5,5,5
480735,0,1,1991,0,0,0,24,0,0,0,14,0,27
480735,1,1,1991,0,0,2,0,0,12,0,0,0,7
480735,2,1,1991,0,0,0,0,0,0,10,0,0,0
480735,3,1,1991,0,0,0,0,20,16,0,0,0,0
480735,4,1,1991,0,0,0,18,16,0,0,0,20,0
480736,1,1,1991,24,24,24,24,24,24,24,24,24,24
480736,2,1,1991,13,13,13,13,13,13,13,13,13,13
480737,1,1,1991,14,14,14,14,14,14,14,14,14,14
480738,1,1,1991,14,8,33,18,23,27,12,18,20,24
480739,1,1,1991,15,15,15,15,15,15,15,15,15,15
480740,1,1,1991,9,9,9,9,9,9,9,9,9,9
480741,1,1,1991,20,20,20,20,20,20,20,20,20,20
480742,1,1,1991,23,23,23,23,23,23,23,23,23,23
480743,1,1,1991,7,7,7,7,7,7,7,7,7,7
480744,1,1,1991,0,0,0,0,0,0,0,0,0,0
480744,2,1,1991,0,0,0,0,0,0,15,0,0,0
480745,1,1,1991,21,21,21,21,21,21,21,21,21,21
480745,2,1,1991,10,6,3,0,0,3,10,0,0,22
480746,1,1,1991,14,0,0,0,0,0,6,7,0,0
480746,2,1,1991,12,0,0,0,0,0,0,22,0,0
480747,1,1,1991,0,0,0,0,0,0,0,0,0,0
480747,2,1,1991,0,0,0,0,0,0,0,0,0,0
480748,1,1,1991,0,0,0,0,0,0,0,0,0,0
480749,1,1,1991,12,12,12,12,12,12,12,12,12,12
480750,1,1,1991,0,0,0,0,0,0,0,0,0,0
480751,1,1,1991,16,0,0,0,0,0,0,0,0,0
480752,1,1,1991,17,17,17,17,17,17,17,17,17,17
480752,2,1,1991,0,0,0,0,0,0,0,0,9,0
480752,3,1,1991,0,0,0,0,0,0,0,0,0,0
480753,1,1,1991,0,0,0,0,0,0,0,0,0,0
480753,2,1,1991,0,0,0,0,0,0,0,0,0,0
480754,1,1,1991,0,0,0,0,0,0,0,0,0,0
480755,1,1,1991,0,0,0,0,0,0,0,0,0,0
480755,2,1,1991,0,0,0,0,0,0,0,0,0,0
480756,1,1,1991,22,22,22,22,22,22,22,22,22,22
480756,2,1,1991,0,0,0,0,0,0,0,0,0,0
480757,1,1,1991,27,27,27,27,27,27,27,27,27,27
480758,0,1,1991,21,18,21,53,18,0,12,26,0,17
480758,1,1,1991,3,19,0,29,6,0,18,0,24,0
480759,1,1,1991,8,0,30,0,17,10,26,21,0,21
480759,2,1,1991,27,27,27,27,27,27,27,27,27,27
480760,1,1,1991,5,5,5,5,5,5,5,5,5,5
480760,2,1,1991,0,0,0,0,0,0,0,0,0,0
480760,3,1,1991,0,0,0,0,0,15,11,0,0,0
480761,1,1,1991,14,14,14,14,14,14,14,14,14,14
480762,1,1,1991,12,12,12,12,12,12,12,12,12,12
480763,1,1,1991,3,3,3,3,3,3,3,3,3,3
480764,1,1,1991,9,9,9,9,9,9,9,9,9,9
480764,2,1,1991,0,0,0,0,0,0,0,0,0,0
480765,1,1,1991,16,29,16,8,4,10,27,12,27,20
480766,1,1,1991,0,0,0,0,0,0,0,0,0,0
480766,2,1,1991,0,0,0,0,0,0,0,0,0,0
480767,1,1,1991,37,37,37,37,37,37,37,37,37,37
480768,1,1,1991,28,28,28,28,28,28,28,28,28,28
480769,1,1,1991,0,0,0,0,0,0,0,0,0,0
480770,1,1,1991,14,0,39,0,0,19,15,0,0,0
480771,1,1,1991,0,0,0,5,0,0,0,16,0,0
480771,2,1,1991,0,0,0,0,0,0,0,0,0,0
480772,1,1,1991,15,15,15,15,15,15,15,15,15,15
480773,1,1,1991,7,7,7,7,7,7,7,7,7,7
480773,2,1,1991,0,0,0,0,0,0,0,0,0,0
480774,1,1,1991,0,0,0,0,0,0,0,0,0,0
480774,2,1,1991,0,0,0,0,0,0,0,0,0,0
480775,1,1,1991,0,0,0,0,0,0,0,0,0,0
480775,2,1,1991,0,20,0,0,0,17,0,0,7,0
480776,0,1,1991,0,0,0,0,0,0,0,0,0,0
480776,1,1,1991,0,0,7,0,0,0,0,33,0,0
480777,1,1,1991,0,0,0,0,0,0,0,0,0,0
480777,2,1,1991,31,31,31,31,31,31,31,31,31,31
480778,0,1,1991,0,0,0,0,0,0,0,0,0,0
480778,1,1,1991,0,0,0,0,0,0,0,0,19,16
480779,1,1,1991,31,31,31,31,31,31,31,31,31,31
480780,1,1,1991,14,19,19,36,18,25,14,22,0,28
480781,1,1,1991,28,28,28,28,28,28,28,28,28,28
480781,2,1,1991,0,0,0,0,0,0,0,0,0,0
480781,3,1,1991,0,0,0,0,0,0,0,0,0,28
480782,1,1,1991,25,25,25,25,25,25,25,25,25,25
480783,1,1,1991,0,0,0,0,0,0,0,0,0,0
480783,2,1,1991,0,0,0,0,0,0,6,0,0,0
480784,1,1,1991,0,0,0,0,0,0,0,0,0,0
480785,1,1,1991,17,17,17,17,17,17,17,17,17,17
480786,0,1,1991,0,13,0,0,14,18,13,24,14,8
480786,1,1,1991,25,0,0,0,19,11,0,18,15,4
480787,1,1,1991,14,14,14,14,14,14,14,14,14,14
480788,1,1,1991,0,0,0,0,0,0,0,0,0,0
480788,2,1,1991,0,0,0,0,0,0,0,0,0,0
480789,1,1,1991,18,17,21,22,20,26,22,0,41,14
480790,1,1,1991,22,22,22,22,22,22,22,22,22,22
480790,2,1,1991,0,0,0,0,0,0,0,0,0,0
480790,3,1,1991,0,0,0,0,0,0,0,0,0,0
480791,1,1,1991,0,7,0,0,0,0,0,0,0,0
480791,2,1,1991,0,18,0,0,13,0,0,14,0,0
480792,1,1,1991,0,0,0,0,0,0,0,0,0,0
480792,2,1,1991,0,0,0,0,7,0,0,0,0,0
480793,1,1,1991,0,0,0,0,0,0,0,0,0,0
480793,2,1,1991,0,0,0,0,7,10,0,0,0,0
480795,1,1,1991,0,15,0,0,0,0,16,10,0,0
480796,1,1,1991,0,0,0,0,0,0,0,0,0,0
480796,2,1,1991,11,0,0,0,0,0,0,0,0,0
480797,1,1,1991,27,27,27,27,27,27,27,27,27,27
480797,2,1,1991,0,0,0,0,0,0,0,0,0,0
480798,1,1,1991,19,19,19,19,19,19,19,19,19,19
480798,2,1,1991,0,0,0,11,0,0,13,22,13,0
480799,1,1,1991,18,18,18,18,18,18,18,18,18,18
480799,2,1,1991,19,19,19,19,19,19,19,19,19,19
480800,1,1,1991,0,0,0,0,0,0,0,0,0,0
480800,2,1,1991,16,16,16,16,16,16,16,16,16,16
480801,1,1,1991,14,25,0,10,26,21,0,0,0,0
480801,2,1,1991,25,12,13,9,13,0,0,21,16,0
480802,1,1,1991,12,12,12,12,12,12,12,12,12,12
480803,1,1,1991,0,0,0,0,0,0,0,9,0,0
480803,2,1,1991,18,0,4,0,20,7,0,12,0,0
480804,1,1,1991,21,0,19,0,0,19,18,24,0,0
480805,1,1,1991,36,36,36,36,36,36,36,36,36,36
480806,1,1,1991,0,24,0,0,28,0,10,14,0,0
480807,1,1,1991,0,0,0,0,0,0,0,0,0,0
480808,1,1,1991,7,0,0,10,0,0,2,0,0,0
480808,2,1,1991,0,0,0,0,0,0,0,0,0,0
480809,1,1,1991,0,0,14,0,9,0,0,0,0,0
480809,2,1,1991,12,0,10,0,27,17,0,0,0,0
480810,1,1,1991,0,0,0,0,0,15,0,0,0,0
480810,2,1,1991,0,0,0,0,0,0,0,0,0,0
480811,1,1,1991,18,18,18,18,18,18,18,18,18,18
480811,2,1,1991,18,18,18,18,18,18,18,18,18,18
480812,1,1,1991,22,22,22,22,22,22,22,22,22,22
480813,1,1,1991,0,0,0,0,0,0,0,0,0,0
480813,2,1,1991,0,12,0,0,11,0,0,22,0,0
480814,1,1,1991,16,14,12,0,0,0,5,0,0,0
480815,1,1,1991,0,0,0,0,0,0,21,0,22,0
480816,1,1,1991,0,0,5,0,0,0,0,0,0,0
480816,2,1,1991,0,0,0,0,0,0,0,24,0,0
480817,1,1,1991,0,0,0,5,2,0,0,0,4,6
480817,2,1,1991,0,0,0,0,0,0,0,0,0,0
480818,1,1,1991,23,23,23,23,23,23,23,23,23,23
480818,2,1,1991,0,0,0,0,0,0,0,0,0,0
480819,0,1,1991,8,0,0,0,0,0,0,0,0,0
480819,1,1,1991,0,13,0,0,0,0,0,0,0,0
480820,1,1,1991,0,0,0,0,0,0,0,0,0,0
480820,2,1,1991,0,0,0,0,0,0,0,0,0,0
480820,3,1,1991,0,0,0,0,0,0,0,0,0,0
480821,1,1,1991,0,0,0,0,20,28,0,0,0,0
480822,1,1,1991,0,0,0,0,0,0,0,0,0,0
480822,2,1,1991,0,0,0,0,0,0,0,0,0,0
480823,0,1,1991,12,15,20,0,16,34,30,22,24,23
480823,1,1,1991,0,0,17,0,13,0,0,0,0,0
480824,1,1,1991,32,32,32,32,32,32,32,32,32,32
480825,1,1,1991,30,23,0,12,12,7,5,44,38,9
480826,0,1,1991,0,0,0,0,30,0,0,0,17,9
480826,1,1,1991,0,0,0,0,10,0,0,23,0,0
480827,1,1,1991,0,0,0,28,19,19,6,0,0,0
480828,0,1,1991,0,0,0,0,0,0,0,0,0,0
480828,1,1,1991,24,24,24,24,24,24,24,24,24,24
480829,1,1,1991,27,27,27,27,27,27,27,27,27,27
480830,1,1,1991,0,0,0,0,0,0,9,0,0,0
480830,2,1,1991,0,0,0,0,0,0,0,0,0,0
480831,1,1,1991,6,6,6,6,6,6,6,6,6,6
480832,0,1,1991,0,0,0,0,0,0,0,0,0,0
480832,1,1,1991,0,0,0,0,0,0,0,0,0,0
480833,0,1,1991,28,28,28,28,28,28,28,28,28,28
480833,1,1,1991,0,0,0,0,0,0,0,0,0,0
480834,1,1,1991,15,15,15,15,15,15,15,15,15,15
480835,1,1,1991,14,14,14,14,14,14,14,14,14,14
480835,2,1,1991,0,0,0,0,0,0,0,0,0,0
480836,1,1,1991,10,10,10,10,10,10,10,10,10,10
480837,1,1,1991,0,0,0,11,0,0,15,0,0,16
480837,2,1,1991,0,0,0,0,0,0,0,0,0,0
480838,1,1,1991,0,0,0,0,0,0,0,0,0,0
480839,0,1,1991,6,6,6,6,6,6,6,6,6,6
480839,1,1,1991,0,0,0,0,0,0,0,0,0,0
480840,1,1,1991,0,0,0,0,0,0,0,0,0,0
480840,2,1,1991,0,0,0,0,0,0,0,0,0,0
480841,1,1,1991,14,14,14,14,14,14,14,14,14,14
480842,0,1,1991,42,42,42,42,42,42,42,42,42,42
480842,1,1,1991,0,0,0,0,0,0,0,11,0,8
480843,1,1,1991,12,12,12,12,12,12,12,12,12,12
480844,1,1,1991,0,0,0,0,0,0,0,0,0,0
480844,2,1,1991,0,0,0,0,0,0,0,0,0,0
480845,1,1,1991,13,13,13,13,13,13,13,13,13,13
480845,2,1,1991,0,0,0,0,0,0,0,0,0,0
480846,1,1,1991,15,15,15,15,15,15,15,15,15,15
480847,1,1,1991,0,0,21,0,0,0,0,0,14,17
480847,2,1,1991,0,19,0,11,15,0,28,22,0,12
480848,0,1,1991,0,0,0,0,0,0,23,0,0,0
480848,1,1,1991,0,0,0,0,0,4,0,0,0,0
480849,0,1,1991,35,35,35,35,35,35,35,35,35,35
480849,1,1,1991,9,17,0,0,26,29,0,7,9,0
480850,1,1,1991,0,0,0,0,25,0,14,0,27,4
480851,1,1,1991,0,0,0,0,0,0,0,0,0,0
480851,2,1,1991,0,0,0,0,0,0,0,0,0,0
480852,1,1,1991,15,0,0,0,10,0,0,0,5,0
480852,2,1,1991,0,0,0,0,0,0,0,0,0,0
480853,1,1,1991,18,18,18,18,18,18,18,18,18,18
480854,1,1,1991,0,0,12,0,0,12,0,15,0,11
480854,2,1,1991,0,0,0,0,0,8,0,0,0,0
480855,1,1,1991,0,14,0,0,0,0,0,0,0,0
480855,2,1,1991,0,0,0,0,0,0,0,0,0,0
480855,3,1,1991,0,0,0,0,0,0,0,0,0,0
480856,1,1,1991,16,0,16,14,30,25,11,7,10,16
480857,0,1,1991,0,0,23,0,0,0,0,17,0,17
480857,1,1,1991,14,14,14,14,14,14,14,14,14,14
480858,1,1,1991,0,0,0,0,0,0,0,0,0,0
480859,1,1,1991,0,0,0,0,0,0,0,0,0,0
480859,2,1,1991,22,22,22,22,22,22,22,22,22,22
480860,1,1,1991,0,0,0,0,0,0,0,0,0,0
480860,2,1,1991,0,0,17,0,0,0,0,0,0,0
480861,0,1,1991,25,25,25,25,25,25,25,25,25,25
480861,1,1,1991,0,8,0,9,11,0,0,0,0,0
480862,1,1,1991,0,0,0,0,0,0,0,0,0,0
480862,2,1,1991,0,0,0,0,0,0,0,0,0,0
480863,1,1,1991,23,23,23,23,23,23,23,23,23,23
480864,1,1,1991,16,16,16,16,16,16,16,16,16,16
480865,1,1,1991,18,18,18,18,18,18,18,18,18,18
480866,0,1,1991,13,13,13,13,13,13,13,13,13,13
480866,1,1,1991,22,19,12,13,5,16,4,6,24,22
480867,1,1,1991,0,0,0,0,0,0,0,0,0,0
480867,2,1,1991,0,0,0,0,0,0,0,0,0,0
480868,0,1,1991,13,13,13,13,13,13,13,13,13,13