ST_CASE,VEH_NO,PER_NO,YEAR,P1,P2,P3,P4,P5,P6,P7,P8,P9,P10
480868,1,1,1991,14,21,20,0,0,26,7,22,26,0
480869,1,1,1991,27,27,27,27,27,27,27,27,27,27
480870,1,1,1991,0,22,29,0,23,14,0,17,0,0
480870,2,1,1991,0,0,0,0,0,0,0,0,0,0
480871,1,1,1991,0,0,0,0,0,0,0,0,0,0
480871,2,1,1991,0,0,0,0,0,0,0,0,6,14
480872,1,1,1991,0,0,0,0,0,0,0,0,0,0
480872,2,1,1991,9,0,0,16,32,8,0,5,0,21
480873,1,1,1991,15,23,15,23,23,20,25,11,17,28
480874,0,1,1991,22,0,0,0,7,0,0,0,0,0
480874,1,1,1991,0,0,0,0,0,9,0,0,0,0
480875,1,1,1991,6,6,6,6,6,6,6,6,6,6
480876,0,1,1991,24,24,24,24,24,24,24,24,24,24
480876,1,1,1991,7,7,7,7,7,7,7,7,7,7
480877,0,1,1991,0,0,0,0,0,0,0,0,0,0
480877,1,1,1991,6,6,6,6,6,6,6,6,6,6
480878,1,1,1991,0,0,0,0,0,0,0,0,0,0
480878,2,1,1991,0,0,0,0,0,0,0,0,0,0
480879,1,1,1991,0,0,0,0,0,0,0,0,0,0
480879,2,1,1991,0,17,0,0,0,0,0,0,0,3
480880,1,1,1991,18,18,18,18,18,18,18,18,18,18
480880,2,1,1991,0,0,0,0,10,0,8,0,22,0
480881,1,1,1991,17,17,17,17,17,17,17,17,17,17
480882,1,1,1991,26,26,26,26,26,26,26,26,26,26
480882,2,1,1991,0,0,5,5,0,0,0,0,0,0
480883,0,1,1991,29,7,0,0,23,0,0,0,0,0
480883,1,1,1991,0,0,0,20,0,0,0,0,0,4
480884,1,1,1991,0,0,0,0,0,0,0,0,0,0
480885,1,1,1991,15,15,15,15,15,15,15,15,15,15
480886,1,1,1991,0,0,0,0,0,0,0,0,0,0
480886,2,1,1991,0,0,6,0,0,0,0,0,0,0
480887,1,1,1991,4,4,4,4,4,4,4,4,4,4
480888,1,1,1991,0,0,0,0,0,0,0,0,0,0
480888,2,1,1991,6,0,18,0,0,9,11,0,0,0
480889,1,1,1991,25,25,25,25,25,25,25,25,25,25
480890,1,1,1991,11,11,11,11,11,11,11,11,11,11
480891,1,1,1991,15,15,15,15,15,15,15,15,15,15
480892,1,1,1991,13,13,13,13,13,13,13,13,13,13
480893,1,1,1991,11,11,11,11,11,11,11,11,11,11
480894,1,1,1991,6,6,6,6,6,6,6,6,6,6
480895,1,1,1991,19,19,19,19,19,19,19,19,19,19
480895,2,1,1991,0,0,0,0,0,0,0,0,0,0
480896,1,1,1991,9,9,9,9,9,9,9,9,9,9
480897,1,1,1991,28,28,28,28,28,28,28,28,28,28
480897,2,1,1991,0,0,0,0,19,6,4,13,0,8
480897,3,1,1991,0,8,8,0,16,5,0,27,0,13
480898,0,1,1991,0,0,0,0,0,0,0,0,0,0
480898,1,1,1991,0,0,0,0,0,0,0,0,0,0
480899,0,1,1991,19,19,19,19,19,19,19,19,19,19
480899,1,1,1991,0,0,0,22,0,0,0,16,0,20
480900,1,1,1991,0,0,0,0,0,0,0,0,0,0
480901,1,1,1991,0,0,0,0,0,0,0,0,0,0
480901,2,1,1991,0,14,3,0,0,16,0,0,0,0
480902,1,1,1991,17,18,16,13,0,35,19,19,19,33
480903,0,1,1991,0,0,0,0,0,0,0,0,0,0
480903,1,1,1991,0,0,0,0,6,0,12,5,20,18
480904,1,1,1991,0,0,0,0,0,0,0,0,0,0
480904,2,1,1991,26,26,26,26,26,26,26,26,26,26
480905,0,1,1991,0,0,0,0,0,0,0,0,0,0
480905,1,1,1991,0,0,3,0,0,0,0,0,0,0
480906,1,1,1991,26,26,26,26,26,26,26,26,26,26
480907,1,1,1991,0,0,0,0,0,16,0,0,0,0
480907,2,1,1991,0,0,0,0,0,0,0,0,0,0
480908,1,1,1991,14,14,14,14,14,14,14,14,14,14
480908,2,1,1991,6,0,27,31,10,20,0,0,6,0
480909,1,1,1991,27,27,27,27,27,27,27,27,27,27
480910,1,1,1991,0,0,0,0,0,0,0,0,0,0
480911,1,1,1991,14,14,14,14,14,14,14,14,14,14
480912,1,1,1991,0,7,0,0,0,0,0,18,0,0
480913,1,1,1991,9,0,0,0,0,0,0,0,0,0
480913,2,1,1991,0,0,0,0,0,0,0,0,0,0
480914,1,1,1991,0,0,0,0,12,0,0,0,0,0
480914,2,1,1991,0,0,0,0,0,0,0,0,0,0
480915,1,1,1991,0,0,0,0,0,0,0,0,0,0
480915,2,1,1991,0,0,0,0,0,0,0,0,0,0
480916,1,1,1991,14,14,14,14,14,14,14,14,14,14
480917,1,1,1991,0,0,0,0,0,0,0,9,0,0
480917,2,1,1991,0,0,0,0,0,0,0,0,0,0
480918,0,1,1991,13,13,13,13,13,13,13,13,13,13
480918,1,1,1991,0,0,13,12,0,0,0,0,0,15
480919,0,1,1991,22,22,22,22,22,22,22,22,22,22
480919,1,1,1991,0,0,0,12,0,5,0,0,0,0
480920,1,1,1991,0,0,0,0,0,0,0,0,0,0
480920,2,1,1991,0,0,0,0,0,0,0,0,0,0
480921,1,1,1991,0,0,0,0,0,0,0,0,0,0
480921,2,1,1991,0,0,0,0,0,0,0,0,0,0
480921,3,1,1991,0,0,0,0,0,0,0,0,0,0
480922,1,1,1991,2,2,2,2,2,2,2,2,2,2
480922,2,1,1991,0,0,0,0,0,0,0,0,0,0
480923,0,1,1991,0,0,0,30,0,20,30,0,0,25
480923,0,2,1991,28,0,28,16,19,5,25,22,0,0
480923,0,3,1991,10,11,28,15,21,22,0,34,21,22
480923,1,1,1991,13,13,13,13,13,13,13,13,13,13
480924,1,1,1991,11,11,11,11,11,11,11,11,11,11
480925,1,1,1991,0,0,0,0,0,4,0,0,14,0
480925,2,1,1991,0,0,16,0,0,0,0,0,0,0
480926,1,1,1991,35,0,16,10,34,16,21,32,13,12
480927,0,1,1991,20,20,20,20,20,20,20,20,20,20
480927,1,1,1991,0,4,0,0,0,0,0,0,0,0
480928,0,1,1991,16,24,0,16,18,13,20,0,25,12
480928,1,1,1991,10,0,0,0,0,0,0,0,16,11
480929,1,1,1991,7,7,7,7,7,7,7,7,7,7
480930,0,1,1991,14,10,15,10,32,30,42,12,0,24
480930,1,1,1991,1,1,1,1,1,1,1,1,1,1
480931,1,1,1991,13,13,13,13,13,13,13,13,13,13
480931,2,1,1991,0,0,0,9,5,0,0,0,0,0
480932,1,1,1991,18,18,18,18,18,18,18,18,18,18
480933,1,1,1991,13,13,13,13,13,13,13,13,13,13
480935,1,1,1991,13,13,13,13,13,13,13,13,13,13
480936,1,1,1991,0,0,0,0,0,0,0,0,0,0
480937,1,1,1991,0,0,0,0,15,0,15,0,13,0
480938,0,1,1991,0,0,0,0,0,0,0,0,0,0
480938,1,1,1991,5,0,0,0,0,0,0,0,0,19
480939,1,1,1991,0,0,0,0,0,0,0,0,0,0
480939,2,1,1991,25,25,25,25,25,25,25,25,25,25
480940,1,1,1991,0,0,0,0,0,0,0,0,0,0
480941,1,1,1991,18,23,10,22,18,0,23,17,3,0
480942,1,1,1991,0,0,0,0,0,0,0,0,0,0
480942,2,1,1991,18,18,18,18,18,18,18,18,18,18
480943,1,1,1991,0,0,0,0,0,13,0,0,0,0
480944,1,1,1991,17,17,17,17,17,17,17,17,17,17
480945,1,1,1991,26,26,26,26,26,26,26,26,26,26
480945,2,1,1991,1,1,1,1,1,1,1,1,1,1
480946,1,1,1991,0,0,0,0,0,0,0,0,0,0
480946,2,1,1991,7,0,0,0,0,0,0,0,0,0
480947,1,1,1991,11,11,11,11,11,11,11,11,11,11
480948,1,1,1991,0,0,0,0,0,0,0,0,0,0
480948,2,1,1991,0,0,0,0,0,0,0,0,0,0
480948,3,1,1991,0,0,0,0,0,0,0,0,0,0
480949,0,1,1991,37,37,37,37,37,37,37,37,37,37
480949,1,1,1991,0,0,0,0,29,16,0,0,25,7
480950,1,1,1991,0,0,0,0,0,0,0,12,29,0
480950,2,1,1991,0,0,0,0,0,0,0,0,0,0
480950,3,1,1991,0,0,0,0,0,0,0,0,0,0
480951,1,1,1991,14,5,14,22,6,15,5,16,7,10
480952,1,1,1991,14,14,14,14,14,14,14,14,14,14
480953,1,1,1991,23,23,23,23,23,23,23,23,23,23
480954,1,1,1991,25,25,25,25,25,25,25,25,25,25
480955,1,1,1991,22,22,22,22,22,22,22,22,22,22
480955,2,1,1991,16,32,11,0,6,9,12,6,8,18
480956,0,1,1991,13,31,28,38,22,21,0,17,21,37
480956,1,1,1991,10,10,10,10,10,10,10,10,10,10
480957,1,1,1991,0,0,0,0,0,0,0,0,0,0
480957,2,1,1991,12,12,12,12,12,12,12,12,12,12
480958,0,1,1991,0,0,0,0,17,21,13,6,0,22
480958,1,1,1991,19,15,15,10,28,14,7,0,9,9
480959,1,1,1991,0,0,15,0,0,0,0,0,0,0
480959,2,1,1991,0,0,0,0,0,0,0,0,0,0
480959,3,1,1991,0,0,9,0,0,0,0,0,0,0
480959,4,1,1991,0,0,0,0,0,0,0,0,0,0
480959,5,1,1991,0,5,0,0,0,0,0,20,0,0
480959,6,1,1991,0,0,0,0,0,0,0,0,0,0
480960,1,1,1991,23,23,23,23,23,23,23,23,23,23
480961,1,1,1991,21,21,21,21,21,21,21,21,21,21
480962,0,1,1991,16,16,16,16,16,16,16,16,16,16
480962,0,2,1991,16,16,16,16,16,16,16,16,16,16
480962,1,1,1991,24,24,24,24,24,24,24,24,24,24
480963,1,1,1991,0,0,0,0,0,0,0,0,0,0
480963,2,1,1991,0,0,0,0,0,0,0,0,0,0
480964,0,1,1991,30,20,0,0,26,31,0,0,17,0
480964,1,1,1991,14,17,0,0,0,11,5,0,0,0
480965,1,1,1991,11,11,11,11,11,11,11,11,11,11
480966,1,1,1991,0,0,0,0,0,0,0,0,0,11
480966,2,1,1991,0,0,0,0,0,0,0,0,0,0
480967,1,1,1991,0,0,0,0,0,0,0,0,0,0
480968,0,1,1991,26,26,26,26,26,26,26,26,26,26
480968,1,1,1991,13,13,13,13,13,13,13,13,13,13
480969,1,1,1991,26,26,26,26,26,26,26,26,26,26
480970,1,1,1991,0,0,0,0,0,0,0,0,0,0
480971,0,1,1991,21,21,21,21,21,21,21,21,21,21
480971,1,1,1991,0,0,19,13,17,0,0,0,10,0
480972,1,1,1991,6,6,6,6,6,6,6,6,6,6
480973,1,1,1991,0,0,0,1,0,0,0,0,0,0
480973,2,1,1991,0,0,0,0,0,0,0,0,0,0
480974,1,1,1991,0,0,0,0,0,0,0,12,15,0
480975,1,1,1991,0,0,0,0,0,0,0,0,0,0
480975,2,1,1991,0,0,0,0,20,0,0,0,0,0
480976,1,1,1991,0,0,0,0,0,0,0,0,0,0
480977,1,1,1991,19,19,19,19,19,19,19,19,19,19
480977,2,1,1991,24,0,17,23,20,13,14,15,8,9
480978,0,1,1991,0,0,0,0,0,0,0,0,0,0
480978,1,1,1991,0,0,0,0,0,0,0,0,0,0
480979,1,1,1991,0,0,0,3,0,0,0,7,0,0
480979,2,1,1991,0,0,0,0,0,0,0,6,0,0
480980,1,1,1991,0,0,0,0,0,0,0,0,0,0
480980,2,1,1991,0,0,0,0,0,0,12,0,0,0
480980,3,1,1991,0,0,0,0,0,0,0,0,0,0
480981,1,1,1991,14,14,14,14,14,14,14,14,14,14
480981,2,1,1991,4,4,4,4,4,4,4,4,4,4
480982,1,1,1991,0,0,28,0,27,13,13,0,0,28
480982,2,1,1991,34,34,34,34,34,34,34,34,34,34
480983,1,1,1991,8,0,0,15,18,10,0,35,0,25
480983,2,1,1991,0,0,0,0,0,0,0,0,0,0
480984,1,1,1991,18,16,12,0,17,14,14,0,15,29
480985,1,1,1991,0,0,0,0,0,0,0,0,0,0
480985,2,1,1991,0,18,18,7,18,20,33,24,0,19
480986,1,1,1991,12,0,0,0,0,0,0,0,28,6
480986,2,1,1991,0,0,0,0,0,0,0,0,0,0
480987,0,1,1991,25,0,3,0,0,0,17,0,0,0
480987,0,2,1991,0,9,15,11,13,17,11,3,13,22
480987,1,1,1991,15,17,20,9,21,11,0,0,0,8
480988,0,1,1991,14,14,14,14,14,14,14,14,14,14
480988,1,1,1991,0,0,0,0,0,0,0,0,0,0
480989,1,1,1991,4,4,4,4,4,4,4,4,4,4
480989,2,1,1991,0,0,0,0,0,0,0,0,0,0
480989,3,1,1991,0,0,0,0,0,0,0,0,0,0
480990,1,1,1991,14,14,14,14,14,14,14,14,14,14
480991,1,1,1991,22,22,22,22,22,22,22,22,22,22
480992,1,1,1991,0,0,0,0,0,0,0,0,0,0
480992,2,1,1991,0,0,0,0,0,0,0,0,0,0
480993,0,1,1991,0,0,0,0,0,0,0,0,0,0
480993,1,1,1991,9,19,0,0,0,0,5,26,12,6
480994,1,1,1991,23,23,23,23,23,23,23,23,23,23
480995,1,1,1991,0,0,0,0,0,0,0,0,0,0
480995,2,1,1991,0,0,0,0,0,0,0,0,0,0
480996,1,1,1991,0,0,0,0,0,0,0,0,0,0
480996,2,1,1991,0,16,13,0,0,0,0,0,18,0
480997,1,1,1991,0,0,0,0,14,0,0,16,0,0
480997,2,1,1991,0,0,0,0,0,0,0,0,0,0
480998,0,1,1991,0,0,0,0,0,0,0,0,0,0
480998,1,1,1991,0,6,0,26,12,8,0,26,0,2
480999,1,1,1991,7,7,7,7,7,7,7,7,7,7
481000,0,1,1991,0,20,14,0,17,0,13,0,0,25
481000,1,1,1991,14,2,10,11,0,3,22,10,17,29
481001,1,1,1991,22,9,0,10,15,0,11,0,13,28
481001,2,1,1991,0,0,0,0,0,0,0,0,0,0
481002,1,1,1991,17,17,17,17,17,17,17,17,17,17
481003,1,1,1991,21,21,21,21,21,21,21,21,21,21
481004,0,1,1991,0,0,0,0,0,0,0,0,0,0
481004,1,1,1991,0,0,0,0,0,0,0,0,0,0
481005,1,1,1991,18,18,18,18,18,18,18,18,18,18
481005,2,1,1991,0,0,0,0,0,0,0,0,0,0
481006,1,1,1991,0,0,0,0,0,0,0,0,0,0
481007,1,1,1991,0,0,0,0,0,0,0,0,0,0
481007,2,1,1991,16,0,0,0,0,0,0,0,0,0
481007,3,1,1991,0,0,0,15,0,0,0,0,0,0
481008,0,1,1991,0,0,0,0,0,0,0,0,0,0
481008,1,1,1991,0,0,0,0,0,0,0,0,0,0
481009,1,1,1991,0,0,0,0,0,0,0,0,0,0
481009,2,1,1991,0,0,0,0,0,0,0,0,0,0
481010,1,1,1991,2,2,2,2,2,2,2,2,2,2
481011,0,1,1991,0,0,0,0,0,31,0,12,12,0
481011,1,1,1991,0,0,0,0,0,0,0,22,0,0
481012,1,1,1991,0,0,0,0,0,0,0,0,0,0
481012,2,1,1991,0,28,0,0,0,0,0,0,0,0
481013,1,1,1991,18,18,18,18,18,18,18,18,18,18
481013,2,1,1991,13,0,0,0,0,0,0,0,0,22
481014,1,1,1991,17,17,17,17,17,17,17,17,17,17
481014,2,1,1991,0,0,0,0,0,0,0,0,0,0
481014,3,1,1991,0,0,0,0,0,0,0,0,0,0
481015,1,1,1991,0,0,0,0,0,0,0,0,0,0
481015,2,1,1991,8,16,13,30,12,12,18,10,5,11
481015,3,1,1991,0,0,0,0,0,0,0,11,0,0
481016,1,1,1991,0,0,0,0,0,0,0,0,14,0
481016,2,1,1991,24,24,24,24,24,24,24,24,24,24
481017,1,1,1991,16,16,16,16,16,16,16,16,16,16
481018,1,1,1991,17,0,0,0,0,0,0,0,9,0
481019,0,1,1991,0,0,14,0,0,12,15,11,23,6
481019,1,1,1991,0,12,23,9,24,0,0,0,11,0
481020,1,1,1991,1,1,1,1,1,1,1,1,1,1
481021,1,1,1991,24,24,24,24,24,24,24,24,24,24
481022,1,1,1991,0,0,0,0,6,0,0,0,0,0
481022,2,1,1991,0,0,0,0,0,0,0,0,0,0
481023,1,1,1991,5,0,0,0,16,0,0,0,0,0
481024,1,1,1991,21,28,30,0,42,22,16,16,13,13
481025,1,1,1991,15,15,15,15,15,15,15,15,15,15
481026,1,1,1991,0,0,0,0,0,0,0,0,0,0
481027,1,1,1991,12,12,12,12,12,12,12,12,12,12
481028,1,1,1991,12,12,12,12,12,12,12,12,12,12
481029,1,1,1991,0,0,0,0,0,0,0,0,0,0
481029,2,1,1991,0,0,0,0,0,0,0,0,0,0
481029,3,1,1991,0,0,0,0,0,0,0,0,0,0
481030,0,1,1991,0,0,0,0,16,0,0,0,0,0
481030,0,2,1991,0,4,0,0,5,0,0,18,0,0
481030,1,1,1991,0,0,0,0,0,0,0,0,0,0
481031,1,1,1991,15,15,15,15,15,15,15,15,15,15
481032,0,1,1991,0,0,0,0,0,0,0,0,0,0
481032,1,1,1991,0,0,0,0,0,0,15,8,12,0
481033,1,1,1991,0,0,0,0,10,0,0,0,18,0
481033,2,1,1991,0,0,0,0,0,0,0,0,0,0
481034,1,1,1991,24,24,24,24,24,24,24,24,24,24
481034,2,1,1991,6,6,6,6,6,6,6,6,6,6
481035,1,1,1991,0,0,0,0,0,0,0,0,0,0
481035,2,1,1991,0,0,0,0,0,0,0,0,0,0
481036,1,1,1991,0,0,0,0,0,0,0,0,0,0
481036,2,1,1991,0,0,0,0,0,0,0,0,0,0
481037,1,1,1991,21,21,21,21,21,21,21,21,21,21
481038,1,1,1991,11,0,0,0,0,0,6,0,0,10
481038,2,1,1991,18,12,9,8,0,18,21,0,8,19
481039,1,1,1991,0,0,0,8,10,0,0,0,0,0
481039,2,1,1991,0,0,0,0,12,0,0,3,0,0
481039,3,1,1991,6,0,0,0,0,0,0,0,0,0
481040,1,1,1991,6,6,6,6,6,6,6,6,6,6
481041,1,1,1991,0,0,11,0,0,0,6,0,0,0
481041,2,1,1991,15,15,15,15,15,15,15,15,15,15
481042,1,1,1991,28,28,28,28,28,28,28,28,28,28
481042,2,1,1991,0,13,0,0,7,0,0,0,0,0
481042,3,1,1991,0,8,0,0,0,0,0,5,0,0
481043,1,1,1991,0,0,0,4,0,0,20,20,0,0
481044,1,1,1991,18,18,18,18,18,18,18,18,18,18
481045,0,1,1991,0,0,0,0,0,0,0,0,0,0
481045,1,1,1991,15,0,0,9,0,0,0,0,0,0
481046,1,1,1991,14,14,14,14,14,14,14,14,14,14
481047,1,1,1991,0,0,0,0,0,0,0,0,0,0
481048,1,1,1991,8,26,28,13,15,28,5,9,16,20
481049,1,1,1991,13,13,13,13,13,13,13,13,13,13
481050,1,1,1991,0,0,0,0,0,0,0,0,0,0
481051,1,1,1991,22,22,22,22,22,22,22,22,22,22
481052,0,1,1991,26,26,26,26,26,26,26,26,26,26
481052,1,1,1991,15,13,0,19,26,13,0,0,0,24
481053,1,1,1991,0,0,0,0,0,0,0,0,0,0
481053,2,1,1991,0,0,0,0,0,0,0,0,0,0
481054,1,1,1991,21,21,21,21,21,21,21,21,21,21
481055,0,1,1991,0,0,0,0,0,0,0,0,0,0
481055,1,1,1991,19,0,0,20,17,8,13,0,0,0
481055,2,1,1991,0,8,12,0,0,0,0,0,0,6
481056,1,1,1991,0,0,0,0,0,0,0,0,0,0
481056,2,1,1991,5,0,0,0,0,0,0,0,0,0
481056,3,1,1991,0,0,0,0,0,0,0,0,0,0
481056,4,1,1991,0,0,0,0,0,0,0,0,0,0
481056,5,1,1991,0,6,3,0,0,0,0,0,0,0
481056,6,1,1991,0,0,0,0,0,0,0,0,0,0
481056,7,1,1991,0,11,0,0,0,0,0,0,0,0
481056,8,1,1991,0,0,0,0,0,0,0,0,0,0
481057,1,1,1991,0,0,0,0,0,0,0,0,0,0
481058,1,1,1991,15,15,15,15,15,15,15,15,15,15
481059,1,1,1991,0,0,0,0,0,0,0,0,0,0
481059,2,1,1991,0,0,0,0,0,0,0,0,0,0
481060,1,1,1991,9,9,9,9,9,9,9,9,9,9
481061,1,1,1991,0,0,0,0,0,0,0,0,0,0
481062,0,1,1991,0,0,0,0,0,0,0,0,0,0
481062,1,1,1991,0,0,0,0,0,0,0,0,0,0
481063,0,1,1991,30,30,30,30,30,30,30,30,30,30
481063,1,1,1991,0,0,0,0,0,0,0,0,0,0
481064,1,1,1991,21,21,21,21,21,21,21,21,21,21
481064,2,1,1991,0,0,0,0,0,0,0,0,0,0
481065,0,1,1991,0,0,0,0,0,0,0,0,0,0
481065,1,1,1991,0,0,0,0,0,0,0,0,0,0
481066,1,1,1991,0,0,0,0,0,0,0,0,0,0
481067,1,1,1991,24,34,14,18,0,8,14,25,3,8
481068,0,1,1991,0,0,0,0,0,0,0,0,0,0
481068,1,1,1991,0,0,0,0,0,0,0,0,0,0
481069,1,1,1991,5,5,5,5,5,5,5,5,5,5
481070,1,1,1991,19,19,19,19,19,19,19,19,19,19
481070,2,1,1991,0,0,0,0,0,0,0,0,0,0
481071,0,1,1991,14,14,14,14,14,14,14,14,14,14
481071,0,2,1991,0,0,0,0,0,0,0,0,0,0
481071,1,1,1991,0,0,0,0,0,0,0,0,0,0
481072,1,1,1991,0,0,0,0,0,0,0,0,0,0
481073,1,1,1991,0,0,0,0,0,0,0,0,0,0
481073,2,1,1991,0,0,0,0,0,0,0,0,0,0
481074,0,1,1991,0,10,0,0,16,20,0,0,0,0
481074,0,2,1991,6,12,19,21,17,24,0,9,5,5
481074,1,1,1991,0,0,22,0,0,0,19,0,28,0
481075,1,1,1991,11,11,11,11,11,11,11,11,11,11
481076,1,1,1991,17,17,17,17,17,17,17,17,17,17
481077,1,1,1991,0,0,22,0,0,29,0,0,0,0
481078,1,1,1991,33,33,33,33,33,33,33,33,33,33
481078,2,1,1991,0,0,0,0,0,0,0,0,0,0
481079,1,1,1991,14,14,14,14,14,14,14,14,14,14
481080,1,1,1991,0,0,0,0,0,0,0,0,0,0
481080,2,1,1991,0,0,0,0,0,0,0,0,0,0
481081,1,1,1991,0,0,0,0,0,0,0,0,0,0
481081,2,1,1991,0,0,0,0,19,0,0,0,0,0
481082,1,1,1991,19,11,8,7,13,0,12,15,0,24
481083,1,1,1991,0,4,5,9,16,20,0,18,5,23
481084,1,1,1991,0,18,5,8,13,3,11,22,16,23
481084,2,1,1991,16,4,19,13,0,0,17,27,17,0
481085,1,1,1991,0,0,16,0,0,0,0,0,0,0
481086,1,1,1991,0,0,0,0,0,5,0,0,0,0
481087,1,1,1991,0,0,18,0,32,0,0,0,9,0
481087,2,1,1991,10,0,0,0,0,0,21,0,0,13
481088,1,1,1991,10,10,10,10,10,10,10,10,10,10
481088,2,1,1991,0,0,0,0,0,0,0,0,0,0
481089,1,1,1991,11,0,0,0,0,0,0,10,0,0
481089,2,1,1991,10,0,0,0,0,0,0,5,8,0
481090,0,1,1991,18,0,24,33,23,0,23,32,4,15
481090,1,1,1991,0,0,0,0,0,0,0,0,0,0
481091,1,1,1991,4,0,14,0,12,21,0,0,0,21
481092,0,1,1991,0,0,0,0,0,0,0,0,0,0
481092,1,1,1991,0,0,0,7,0,0,0,0,0,0
481093,1,1,1991,16,16,16,16,16,16,16,16,16,16
481093,2,1,1991,10,62,23,16,3,12,20,13,17,18
481094,0,1,1991,2,2,2,2,2,2,2,2,2,2
481094,0,2,1991,14,23,18,27,29,37,0,21,9,19
481094,1,1,1991,0,0,0,0,0,0,0,0,0,0
481094,2,1,1991,6,6,6,6,6,6,6,6,6,6
481095,1,1,1991,0,0,0,0,0,0,0,0,0,0
481095,2,1,1991,0,0,0,0,0,0,0,0,0,0
481095,3,1,1991,21,0,0,0,0,0,6,0,5,0
481096,1,1,1991,0,0,0,0,0,0,0,0,0,0
481096,2,1,1991,0,0,0,0,0,0,0,0,0,0
481097,1,1,1991,0,0,0,0,0,0,0,0,19,0
481097,2,1,1991,17,14,10,14,16,8,15,26,28,22
481098,1,1,1991,7,18,10,38,29,30,18,21,15,21
481099,1,2,1991,8,11,0,19,14,20,11,24,25,0
481100,1,1,1991,20,20,20,20,20,20,20,20,20,20
481101,1,1,1991,0,0,8,0,0,0,0,0,0,0
481102,0,1,1991,16,4,26,9,29,18,24,15,25,21
481102,1,1,1991,0,0,0,0,8,16,0,7,11,0
481103,1,1,1991,0,0,0,0,0,0,0,0,0,0
481104,0,1,1991,16,16,16,16,16,16,16,16,16,16
481104,1,1,1991,0,0,0,0,0,0,0,0,0,0
481104,2,1,1991,0,0,0,0,25,0,0,15,0,0
481104,3,1,1991,0,0,0,0,0,5,6,0,18,0
481105,1,1,1991,7,7,7,7,7,7,7,7,7,7
481105,2,1,1991,14,0,0,23,0,29,17,0,0,0
481106,1,1,1991,28,5,14,14,9,17,13,15,19,18
481107,1,1,1991,0,0,0,0,0,20,0,0,0,0
481107,2,1,1991,13,13,13,13,13,13,13,13,13,13
481107,3,1,1991,0,0,0,0,0,0,0,0,0,0
481108,1,1,1991,0,0,0,0,0,0,0,3,8,0
481109,1,1,1991,0,27,14,0,0,6,0,0,13,13
481109,2,1,1991,0,0,0,19,4,0,0,0,0,7
481110,1,1,1991,22,22,22,22,22,22,22,22,22,22
481110,2,1,1991,0,0,0,0,0,0,0,0,0,0
481111,1,1,1991,25,25,25,25,25,25,25,25,25,25
481112,0,1,1991,0,0,0,0,15,0,0,18,22,0
481112,1,1,1991,16,13,0,0,0,11,0,8,0,0
481112,3,1,1991,20,0,22,0,0,0,8,0,0,0
481113,1,1,1991,5,5,5,5,5,5,5,5,5,5
481114,1,1,1991,0,0,0,0,0,0,0,0,0,0
481114,2,1,1991,0,0,0,0,0,0,0,0,0,0
481114,3,1,1991,0,0,0,7,0,3,0,0,11,0
481115,1,1,1991,15,15,15,15,15,15,15,15,15,15
481115,2,1,1991,6,0,13,0,0,14,11,0,0,11
481116,0,1,1991,27,56,14,10,10,19,10,29,35,20
481116,1,1,1991,4,0,0,0,0,0,0,0,14,0
481117,0,1,1991,33,33,33,33,33,33,33,33,33,33
481117,1,1,1991,0,10,0,0,0,0,0,0,0,0
481118,0,1,1991,17,17,17,17,17,17,17,17,17,17
481118,1,1,1991,6,0,28,0,0,0,32,8,0,0
481119,1,1,1991,9,9,9,9,9,9,9,9,9,9
481119,2,1,1991,4,15,0,16,0,0,20,18,12,25
481120,1,1,1991,7,3,23,18,20,15,22,0,18,14
481121,1,1,1991,15,13,24,27,19,23,10,12,17,23
481122,1,1,1991,11,11,11,11,11,11,11,11,11,11
481122,2,1,1991,0,0,0,0,9,0,0,0,0,0
481123,1,1,1991,0,11,19,16,9,0,9,7,10,12
481123,2,1,1991,9,0,0,0,0,0,0,0,0,0
481124,1,1,1991,0,0,0,0,0,0,0,0,0,0
481125,1,1,1991,0,0,0,0,3,0,10,2,0,0
481125,2,1,1991,0,0,0,0,0,0,0,0,0,0
481126,1,1,1991,7,7,7,7,7,7,7,7,7,7
481126,2,1,1991,0,0,0,0,0,0,0,0,0,0
481127,1,1,1991,4,4,4,4,4,4,4,4,4,4
481127,2,1,1991,11,0,0,0,0,0,0,12,0,20
481128,0,1,1991,0,0,0,0,0,0,0,0,0,0
481128,1,1,1991,0,0,8,20,0,0,21,0,0,0
481129,1,1,1991,15,15,15,15,15,15,15,15,15,15
481130,1,1,1991,0,0,0,0,0,0,0,0,0,0
481131,1,1,1991,0,0,0,0,0,0,0,0,0,0
481131,2,1,1991,0,0,0,0,0,0,0,0,0,0
481132,1,1,1991,0,0,0,0,0,0,0,0,0,0