ST_CASE,VEH_NO,PER_NO,YEAR,P1,P2,P3,P4,P5,P6,P7,P8,P9,P10
481132,2,1,1991,0,0,0,0,0,0,0,0,0,0
481133,1,1,1991,0,0,0,19,0,0,0,0,0,0
481133,2,1,1991,0,0,0,0,0,0,0,0,0,0
481134,1,1,1991,0,7,0,0,0,12,0,8,0,0
481135,0,1,1991,22,22,22,22,22,22,22,22,22,22
481135,1,1,1991,0,0,0,0,0,0,0,0,0,0
481135,2,1,1991,0,0,0,0,0,0,5,0,0,0
481136,1,1,1991,0,0,0,0,0,0,0,0,0,0
481137,0,1,1991,0,0,0,0,0,0,0,0,0,0
481137,0,2,1991,0,0,0,0,0,0,0,0,0,0
481137,1,1,1991,10,0,0,0,0,0,0,12,0,15
481138,1,1,1991,12,12,12,12,12,12,12,12,12,12
481139,1,1,1991,0,0,0,0,0,16,10,0,0,0
481139,2,1,1991,0,0,0,0,0,0,0,0,0,0
481140,0,1,1991,28,28,28,28,28,28,28,28,28,28
481140,1,1,1991,0,0,0,15,12,11,0,7,0,0
481141,1,1,1991,0,0,0,0,0,0,0,0,0,0
481141,2,1,1991,0,0,0,0,0,0,0,29,0,0
481142,1,1,1991,0,0,0,0,0,0,0,0,0,0
481142,2,1,1991,0,0,0,0,0,0,0,0,0,0
481143,1,1,1991,0,0,0,0,0,0,0,0,0,0
481143,2,1,1991,0,0,0,0,0,0,0,0,0,0
481144,1,1,1991,0,0,0,0,0,0,0,0,0,0
481144,2,1,1991,0,0,0,0,0,0,0,0,0,0
481145,1,1,1991,2,2,2,2,2,2,2,2,2,2
481146,0,1,1991,0,0,0,0,0,0,0,0,0,0
481146,1,1,1991,10,10,10,10,10,10,10,10,10,10
481147,1,1,1991,0,0,0,21,0,0,0,0,0,0
481148,1,1,1991,0,24,19,31,24,21,26,0,29,31
481149,1,1,1991,0,0,0,0,0,0,0,0,0,0
481150,1,1,1991,7,7,7,7,7,7,7,7,7,7
481151,1,1,1991,0,0,0,0,0,0,0,15,0,0
481152,1,1,1991,0,15,0,0,27,0,0,22,0,30
481153,1,1,1991,12,26,16,0,18,19,21,35,30,18
481154,1,1,1991,0,0,0,0,0,0,0,0,0,0
481155,1,1,1991,0,0,0,0,0,0,0,0,0,0
481156,1,1,1991,0,0,0,0,0,0,10,0,0,0
481157,1,1,1991,0,0,9,0,0,0,19,0,0,0
481157,2,1,1991,0,0,0,0,0,0,0,0,0,0
481158,1,1,1991,8,8,8,8,8,8,8,8,8,8
481159,0,1,1991,10,10,10,10,10,10,10,10,10,10
481159,1,1,1991,17,0,25,0,0,0,7,0,0,15
481160,1,1,1991,0,18,18,0,0,0,12,0,12,10
481160,2,1,1991,0,0,0,0,0,0,0,0,0,0
481161,1,1,1991,0,0,0,0,0,0,0,0,0,0
481162,1,1,1991,22,22,22,22,22,22,22,22,22,22
481163,1,1,1991,33,33,33,33,33,33,33,33,33,33
481163,2,1,1991,0,0,0,0,0,0,0,0,0,0
481164,1,1,1991,27,27,27,27,27,27,27,27,27,27
481164,2,1,1991,0,0,0,0,0,0,0,0,0,0
481165,1,1,1991,16,16,16,16,16,16,16,16,16,16
481165,2,1,1991,12,0,0,0,23,0,0,0,0,0
481165,3,1,1991,0,0,0,0,0,0,0,0,0,0
481166,1,1,1991,0,0,0,0,0,0,0,0,0,0
481166,2,1,1991,3,3,3,3,3,3,3,3,3,3
481167,1,1,1991,0,0,0,18,0,16,0,0,0,16
481167,2,1,1991,0,0,0,18,23,13,0,0,0,0
481168,0,1,1991,0,0,0,0,0,0,0,0,0,0
481168,1,1,1991,0,0,3,6,0,14,0,0,0,0
481169,1,1,1991,14,0,28,24,17,12,0,0,30,0
481170,1,1,1991,15,15,15,15,15,15,15,15,15,15
481171,1,1,1991,0,23,0,0,18,23,0,0,0,14
481171,2,1,1991,0,0,0,0,0,0,0,0,25,0
481172,1,1,1991,22,22,22,22,22,22,22,22,22,22
481173,1,1,1991,22,0,20,0,12,3,15,10,32,8
481174,1,1,1991,13,13,13,13,13,13,13,13,13,13
481175,1,1,1991,24,24,24,24,24,24,24,24,24,24
481176,1,1,1991,0,0,0,0,0,0,0,0,0,0
481176,2,1,1991,0,0,0,0,0,0,0,17,0,0
481176,3,1,1991,0,0,0,0,3,0,0,19,0,0
481176,4,1,1991,0,0,0,22,0,0,13,14,0,0
481177,1,1,1991,14,14,14,14,14,14,14,14,14,14
481177,2,1,1991,22,22,22,22,22,22,22,22,22,22
481178,0,1,1991,0,0,0,0,0,28,0,18,18,0
481178,0,2,1991,0,0,17,0,0,0,0,0,0,0
481178,0,3,1991,0,0,0,0,0,0,0,0,0,0
481178,1,1,1991,13,13,13,13,13,13,13,13,13,13
481179,1,1,1991,0,0,0,0,0,0,0,0,0,0
481179,2,1,1991,0,0,0,0,0,0,0,0,0,0
481180,1,1,1991,9,0,0,9,26,0,17,17,0,18
481180,2,1,1991,27,27,27,27,27,27,27,27,27,27
481181,1,1,1991,19,23,15,15,5,4,17,13,23,17
481182,1,1,1991,17,17,17,17,17,17,17,17,17,17
481182,2,1,1991,17,17,17,17,17,17,17,17,17,17
481183,1,1,1991,0,0,0,0,0,0,0,0,0,0
481183,2,1,1991,0,27,5,0,19,0,0,12,15,0
481184,1,1,1991,0,0,0,0,0,0,0,0,0,0
481184,2,1,1991,0,0,0,6,0,0,0,0,0,0
481184,3,1,1991,0,0,0,0,0,13,0,0,0,0
481184,4,1,1991,0,0,0,0,0,0,0,3,0,0
481184,5,1,1991,0,0,0,0,0,0,0,0,0,0
481184,6,1,1991,0,0,9,0,0,0,0,0,0,0
481185,1,1,1991,14,14,14,14,14,14,14,14,14,14
481185,2,1,1991,0,0,0,4,0,0,0,13,0,0
481186,0,1,1991,0,29,21,12,33,0,0,0,17,0
481186,1,1,1991,0,20,17,0,11,13,0,0,0,0
481187,1,1,1991,0,0,0,0,0,0,0,0,0,0
481187,2,1,1991,0,0,0,0,0,0,0,0,0,0
481187,3,1,1991,0,0,0,0,0,0,0,0,0,0
481188,1,1,1991,6,6,6,6,6,6,6,6,6,6
481189,1,1,1991,0,0,0,0,0,0,0,0,0,0
481190,1,1,1991,12,12,12,12,12,12,12,12,12,12
481190,2,1,1991,0,0,0,0,0,0,0,0,0,0
481191,0,1,1991,1,1,1,1,1,1,1,1,1,1
481191,1,1,1991,0,0,0,0,0,0,0,0,0,0
481192,0,1,1991,15,0,37,27,0,0,0,0,22,0
481192,1,1,1991,5,0,0,0,0,4,0,0,0,0
481193,0,1,1991,20,16,23,25,27,13,19,14,18,19
481193,1,1,1991,0,0,0,0,0,0,0,0,0,0
481194,1,1,1991,15,15,15,15,15,15,15,15,15,15
481195,1,1,1991,0,0,0,0,0,0,0,0,0,0
481196,0,1,1991,29,26,29,30,24,21,35,18,29,10
481196,1,1,1991,0,0,0,0,4,0,0,8,0,0
481197,1,1,1991,0,0,20,0,0,0,0,0,0,0
481197,2,1,1991,19,9,17,15,0,20,22,15,11,21
481198,1,1,1991,19,19,19,19,19,19,19,19,19,19
481198,2,1,1991,0,0,18,0,21,0,0,28,5,41
481199,1,1,1991,15,25,19,20,7,36,10,0,29,19
481200,0,1,1991,0,0,0,0,0,0,0,0,0,0
481200,1,1,1991,11,11,11,11,11,11,11,11,11,11
481201,1,1,1991,0,0,10,0,0,0,0,13,13,0
481202,1,1,1991,4,4,4,4,4,4,4,4,4,4
481203,1,1,1991,6,6,6,6,6,6,6,6,6,6
481204,0,1,1991,0,0,0,0,0,0,0,0,0,0
481204,0,2,1991,0,0,0,0,0,0,0,0,0,0
481204,1,1,1991,0,0,0,0,0,0,0,0,0,0
481205,1,1,1991,20,20,20,20,20,20,20,20,20,20
481206,1,1,1991,0,0,0,0,0,0,0,0,0,0
481206,2,1,1991,0,0,0,0,0,0,0,0,0,0
481207,1,1,1991,38,27,7,12,38,31,0,19,33,20
481208,1,1,1991,0,0,0,0,0,0,0,0,0,0
481208,2,1,1991,0,0,0,0,0,0,0,0,0,0
481209,1,1,1991,0,0,0,0,0,0,0,0,0,0
481210,1,1,1991,0,0,0,0,0,0,0,0,0,0
481210,2,1,1991,0,0,0,0,0,0,0,0,0,0
481211,1,1,1991,15,15,15,15,15,15,15,15,15,15
481212,1,1,1991,0,0,0,0,20,0,0,0,0,0
481212,2,1,1991,0,0,0,0,0,0,0,0,0,0
481213,1,1,1991,17,17,17,17,17,17,17,17,17,17
481214,1,1,1991,20,20,20,20,20,20,20,20,20,20
481215,0,1,1991,0,0,0,0,0,0,0,0,24,0
481215,1,1,1991,0,0,0,0,18,0,0,0,0,31
481216,1,1,1991,24,24,24,24,24,24,24,24,24,24
481217,1,1,1991,0,0,0,0,0,0,0,0,0,0
481217,2,1,1991,0,0,0,0,0,0,0,0,0,0
481217,3,1,1991,0,0,0,0,0,0,0,0,0,0
481218,1,1,1991,0,0,0,0,0,0,0,0,0,0
481218,2,1,1991,0,0,0,0,0,10,0,0,0,0
481219,1,1,1991,0,10,0,14,11,0,0,0,16,0
481220,1,1,1991,0,0,0,0,0,0,0,0,0,0
481220,2,1,1991,0,0,0,0,0,0,0,0,0,0
481221,1,1,1991,26,26,26,26,26,26,26,26,26,26
481221,2,1,1991,9,9,9,9,9,9,9,9,9,9
481222,1,1,1991,7,7,7,7,7,7,7,7,7,7
481223,1,1,1991,0,0,0,0,0,0,0,0,0,0
481223,2,1,1991,0,0,0,4,0,22,0,0,0,0
481224,1,1,1991,16,16,16,16,16,16,16,16,16,16
481224,2,1,1991,0,0,0,13,25,12,15,0,17,0
481225,1,1,1991,0,0,0,0,0,0,0,0,0,0
481225,2,1,1991,0,0,0,0,0,13,0,0,0,0
481226,1,1,1991,0,0,0,0,0,0,0,0,0,0
481226,2,1,1991,0,0,0,0,0,0,0,0,0,0
481227,1,1,1991,25,25,25,25,25,25,25,25,25,25
481228,1,1,1991,0,0,0,0,0,14,0,0,0,0
481228,2,1,1991,22,22,22,22,22,22,22,22,22,22
481229,1,1,1991,24,24,14,15,30,20,13,23,18,19
481229,2,1,1991,29,7,0,0,0,12,0,0,0,0
481230,1,1,1991,0,0,0,0,7,0,0,0,0,0
481231,1,1,1991,0,0,0,0,0,0,0,0,0,0
481231,2,1,1991,0,0,0,0,0,0,0,0,0,0
481232,0,1,1991,2,2,2,2,2,2,2,2,2,2
481232,1,1,1991,0,0,0,0,0,0,0,0,0,0
481233,0,1,1991,0,8,0,17,0,8,35,0,11,14
481233,0,2,1991,26,19,20,13,2,31,25,21,2,2
481233,1,1,1991,13,0,11,0,0,0,28,0,0,0
481234,1,1,1991,0,0,0,0,0,0,0,0,0,0
481234,2,1,1991,0,0,0,0,0,0,0,0,0,0
481235,1,1,1991,19,19,19,19,19,19,19,19,19,19
481236,1,1,1991,7,7,7,7,7,7,7,7,7,7
481236,2,1,1991,0,0,0,0,0,0,0,0,0,0
481237,1,1,1991,0,0,0,0,0,0,0,0,0,0
481237,2,1,1991,0,0,0,0,0,0,0,0,0,0
481238,1,1,1991,8,8,8,8,8,8,8,8,8,8
481239,1,1,1991,13,13,13,13,13,13,13,13,13,13
481240,0,1,1991,22,3,19,21,15,10,17,0,4,9
481240,1,1,1991,0,11,9,0,0,0,0,5,0,0
481241,1,1,1991,12,12,12,12,12,12,12,12,12,12
481242,0,1,1991,0,0,0,0,0,0,0,0,0,0
481242,1,1,1991,0,0,0,0,0,12,0,0,0,0
481243,1,1,1991,15,15,15,15,15,15,15,15,15,15
481244,1,1,1991,14,14,14,14,14,14,14,14,14,14
481245,1,1,1991,4,4,4,4,4,4,4,4,4,4
481246,1,1,1991,0,0,0,0,12,0,0,0,0,0
481246,2,1,1991,0,0,0,0,0,0,0,0,0,0
481247,1,1,1991,29,29,29,29,29,29,29,29,29,29
481248,1,1,1991,7,20,15,17,19,16,25,29,20,19
481249,0,1,1991,5,5,5,5,5,5,5,5,5,5
481249,1,1,1991,0,0,0,0,0,0,0,0,0,0
481250,1,1,1991,0,0,0,0,0,0,0,0,0,0
481250,2,1,1991,0,0,0,0,0,0,0,0,0,0
481251,1,1,1991,13,13,13,13,13,13,13,13,13,13
481251,2,1,1991,0,0,20,0,0,5,8,0,0,15
481252,1,1,1991,9,9,9,9,9,9,9,9,9,9
481253,0,1,1991,0,0,0,0,0,0,0,0,0,0
481253,1,1,1991,0,0,0,0,0,0,0,0,0,0
481254,1,1,1991,17,17,17,17,17,17,17,17,17,17
481255,0,1,1991,0,0,0,0,0,0,0,0,0,0
481255,1,1,1991,0,0,0,0,0,0,0,0,0,0
481256,1,1,1991,0,0,0,0,0,0,0,0,0,0
481257,1,1,1991,0,0,0,0,0,0,0,0,0,0
481257,2,1,1991,0,0,0,0,0,0,0,0,0,0
481257,3,1,1991,0,0,0,0,0,0,0,0,0,0
481258,1,1,1991,0,0,0,0,0,0,0,0,0,0
481258,2,1,1991,0,0,0,13,0,0,0,0,0,0
481259,0,1,1991,13,8,34,17,10,26,18,12,20,15
481259,1,1,1991,0,0,0,0,22,10,10,12,0,0
481260,1,1,1991,18,18,18,18,18,18,18,18,18,18
481261,0,1,1991,30,30,30,30,30,30,30,30,30,30
481261,1,1,1991,0,0,0,0,0,0,0,0,0,0
481262,1,1,1991,12,12,12,12,12,12,12,12,12,12
481263,1,1,1991,26,26,26,26,26,26,26,26,26,26
481263,2,1,1991,0,0,0,0,0,0,0,0,0,0
481264,1,1,1991,24,24,24,24,24,24,24,24,24,24
481265,1,1,1991,25,6,24,3,0,13,23,0,27,0
481265,2,1,1991,0,0,0,0,0,0,0,0,8,0
481266,0,1,1991,0,36,11,25,0,5,0,8,8,13
481266,1,1,1991,12,0,0,0,0,0,0,8,0,0
481267,1,1,1991,16,16,16,16,16,16,16,16,16,16
481268,1,1,1991,22,22,22,22,22,22,22,22,22,22
481270,1,1,1991,15,15,15,15,15,15,15,15,15,15
481270,2,1,1991,0,0,0,0,0,0,0,0,13,0
481271,1,1,1991,0,0,0,0,0,0,0,0,0,0
481271,2,1,1991,0,0,0,0,0,0,0,0,0,0
481272,0,1,1991,16,16,16,16,16,16,16,16,16,16
481272,1,1,1991,0,0,0,0,0,16,0,0,0,0
481273,1,1,1991,21,0,0,21,0,0,0,0,13,0
481273,2,1,1991,0,0,0,0,0,0,0,20,8,9
481274,1,1,1991,31,31,31,31,31,31,31,31,31,31
481275,1,1,1991,29,29,29,29,29,29,29,29,29,29
481275,2,1,1991,0,0,0,0,0,0,0,0,0,0
481276,1,1,1991,0,0,16,0,0,0,0,0,0,0
481277,0,1,1991,0,0,0,0,0,0,0,0,0,0
481277,1,1,1991,0,0,0,0,0,0,0,0,0,0
481278,1,1,1991,0,0,0,0,0,0,0,0,0,0
481279,0,1,1991,16,16,16,16,16,16,16,16,16,16
481279,1,1,1991,6,11,16,11,16,14,5,10,9,8
481280,1,1,1991,2,2,2,2,2,2,2,2,2,2
481281,1,1,1991,25,25,25,25,25,25,25,25,25,25
481282,1,1,1991,22,22,22,22,22,22,22,22,22,22
481283,1,1,1991,0,11,5,11,4,12,10,9,26,18
481283,2,1,1991,34,34,34,34,34,34,34,34,34,34
481284,1,1,1991,3,3,3,3,3,3,3,3,3,3
481284,2,1,1991,7,7,7,7,7,7,7,7,7,7
481285,1,1,1991,0,0,0,0,0,0,0,0,0,0
481286,1,1,1991,0,0,0,0,0,0,0,0,0,0
481287,1,1,1991,0,0,0,0,0,0,0,0,0,0
481288,1,1,1991,11,0,0,0,0,0,0,0,0,0
481288,2,1,1991,0,0,0,0,0,0,0,0,0,0
481289,1,1,1991,0,0,0,0,0,21,0,0,0,0
481289,2,1,1991,0,0,0,0,0,21,0,0,0,0
481290,1,1,1991,9,9,9,9,9,9,9,9,9,9
481290,2,1,1991,0,0,0,0,0,0,0,0,0,0
481291,1,1,1991,0,0,0,0,0,0,0,0,0,0
481292,1,1,1991,19,19,19,19,19,19,19,19,19,19
481293,1,1,1991,0,0,0,0,0,0,0,0,0,0
481293,2,1,1991,0,0,0,0,0,0,0,9,0,0
481293,3,1,1991,0,0,0,0,0,0,0,0,0,0
481294,1,1,1991,0,0,0,0,0,0,0,0,0,0
481294,2,1,1991,0,11,9,0,19,7,0,13,0,0
481295,1,1,1991,0,0,0,0,0,0,0,22,0,0
481295,2,1,1991,0,0,8,0,0,0,37,0,0,0
481296,1,1,1991,0,0,0,0,0,0,0,0,0,0
481296,2,1,1991,13,13,13,13,13,13,13,13,13,13
481296,3,1,1991,0,17,0,15,11,15,24,0,22,0
481296,4,1,1991,0,0,0,0,0,0,0,13,0,0
481297,1,1,1991,0,0,0,0,0,0,0,0,0,0
481297,2,1,1991,18,0,0,22,0,32,0,17,0,0
481298,1,1,1991,11,0,0,27,18,11,16,14,8,16
481299,1,1,1991,13,13,13,13,13,13,13,13,13,13
481300,1,1,1991,0,9,0,0,18,0,20,0,0,0
481300,2,1,1991,0,0,0,13,0,0,0,0,0,0
481301,1,1,1991,0,14,0,0,0,0,0,18,0,0
481301,2,1,1991,0,0,0,0,0,0,0,0,0,0
481302,1,1,1991,20,11,25,0,0,23,16,32,10,6
481303,1,1,1991,0,0,0,0,27,0,11,0,0,0
481303,2,1,1991,0,9,0,13,0,0,0,0,0,0
481304,0,1,1991,24,24,24,24,24,24,24,24,24,24
481304,1,1,1991,0,0,0,0,9,10,0,0,15,0
481305,1,1,1991,18,18,18,18,18,18,18,18,18,18
481305,2,1,1991,0,0,0,0,0,0,0,30,0,0
481306,1,1,1991,5,5,5,5,5,5,5,5,5,5
481306,2,1,1991,0,0,0,0,0,0,0,12,23,11
481307,1,1,1991,20,20,20,20,20,20,20,20,20,20
481307,2,1,1991,4,4,4,4,4,4,4,4,4,4
481308,1,1,1991,0,0,0,0,0,0,0,0,0,0
481308,2,1,1991,0,0,0,0,0,0,0,0,0,0
481309,0,1,1991,0,0,0,0,0,0,0,0,0,0
481309,1,1,1991,0,0,0,0,0,18,29,0,0,0
481310,1,1,1991,24,24,24,24,24,24,24,24,24,24
481311,0,1,1991,0,0,0,0,0,0,0,0,0,0
481311,1,1,1991,0,0,0,0,0,0,0,0,0,0
481312,0,1,1991,21,21,21,21,21,21,21,21,21,21
481312,1,1,1991,12,0,0,0,0,0,0,0,14,0
481313,0,1,1991,0,0,0,0,0,0,0,0,0,0
481313,0,2,1991,0,0,0,10,0,0,17,21,0,0
481313,1,1,1991,16,16,16,16,16,16,16,16,16,16
481314,1,1,1991,0,0,0,0,0,0,0,0,0,0
481315,1,1,1991,24,0,0,14,4,16,0,7,17,0
481316,0,1,1991,33,33,33,33,33,33,33,33,33,33
481316,1,1,1991,0,0,0,0,0,0,0,0,0,0
481317,0,1,1991,0,0,0,0,0,0,0,0,0,0
481317,1,1,1991,0,0,0,0,0,0,0,0,21,15
481318,1,1,1991,0,0,0,0,0,0,0,0,0,0
481318,2,1,1991,11,0,0,0,0,0,0,0,0,0
481319,0,1,1991,22,22,22,22,22,22,22,22,22,22
481319,1,1,1991,0,0,0,0,0,0,0,0,0,0
481320,1,1,1991,0,10,16,0,18,0,0,0,0,0
481320,2,1,1991,0,0,0,0,0,0,0,0,0,0
481321,1,1,1991,0,0,0,0,0,0,0,0,0,0
481321,2,1,1991,0,0,0,0,0,0,0,0,0,0
481322,1,1,1991,17,17,17,17,17,17,17,17,17,17
481322,2,1,1991,0,0,0,0,0,15,0,0,0,11
481323,0,1,1991,0,0,0,0,27,39,0,0,0,0
481323,1,1,1991,0,15,0,0,16,33,0,3,0,26
481324,1,1,1991,7,7,7,7,7,7,7,7,7,7
481325,1,1,1991,18,18,18,18,18,18,18,18,18,18
481325,2,1,1991,15,0,15,21,14,33,28,26,13,12
481326,1,1,1991,13,13,13,13,13,13,13,13,13,13
481326,2,1,1991,0,0,0,0,0,0,0,0,0,0
481327,0,1,1991,0,0,0,0,0,0,0,0,0,0
481327,1,1,1991,22,0,0,0,0,0,0,0,0,19
481328,0,1,1991,23,0,7,18,0,25,10,0,0,12
481328,1,1,1991,0,0,0,0,0,0,0,9,13,0
481328,2,1,1991,0,0,17,0,0,29,23,28,18,8
481328,3,1,1991,0,0,0,14,0,25,6,0,0,0
481328,4,1,1991,23,0,0,0,0,0,11,13,8,0
481328,5,1,1991,0,0,0,15,6,0,0,12,0,0
481329,1,1,1991,6,6,6,6,6,6,6,6,6,6
481330,1,1,1991,0,0,0,0,0,0,0,0,0,0
481331,1,1,1991,0,0,0,0,0,0,0,0,0,0
481331,2,1,1991,0,0,0,0,0,0,0,0,0,0
481332,1,1,1991,0,0,0,4,0,0,0,0,0,0
481333,1,1,1991,13,13,13,13,13,13,13,13,13,13
481334,0,1,1991,0,0,0,0,0,0,0,0,0,0
481334,0,2,1991,0,0,0,0,0,0,10,0,18,0
481334,1,1,1991,14,10,13,0,7,16,28,13,0,0
481335,1,1,1991,14,14,14,14,14,14,14,14,14,14
481336,1,1,1991,8,8,8,8,8,8,8,8,8,8
481337,1,1,1991,28,28,28,28,28,28,28,28,28,28
481338,1,1,1991,0,0,0,0,0,0,0,0,0,0
481338,2,1,1991,0,0,0,0,0,0,0,0,0,0
481339,1,1,1991,21,21,21,21,21,21,21,21,21,21
481340,1,1,1991,0,14,17,21,11,21,26,14,7,30
481341,1,1,1991,0,0,0,0,0,0,0,0,0,0
481341,2,1,1991,0,0,0,0,0,0,0,7,0,0
481342,1,1,1991,13,13,13,13,13,13,13,13,13,13
481343,1,1,1991,15,15,15,15,15,15,15,15,15,15
481344,1,1,1991,13,13,13,13,13,13,13,13,13,13
481345,1,1,1991,0,0,0,0,0,0,0,0,0,0
481345,2,1,1991,0,0,0,0,0,0,0,0,0,0
481346,1,1,1991,22,22,22,22,22,22,22,22,22,22
481347,0,1,1991,0,0,0,0,0,0,0,0,0,0
481347,1,1,1991,7,23,0,10,24,0,11,0,0,33
481348,1,1,1991,7,0,5,0,0,9,24,0,0,21
481349,1,1,1991,0,0,0,0,0,0,0,0,0,0
481350,0,1,1991,25,25,25,25,25,25,25,25,25,25
481350,1,1,1991,28,11,0,0,14,22,20,17,23,0
481351,0,1,1991,28,28,28,28,28,28,28,28,28,28
481351,1,1,1991,0,0,11,15,0,0,0,11,0,0
481352,1,1,1991,0,0,0,0,0,0,0,0,0,0
481353,0,1,1991,21,21,21,21,21,21,21,21,21,21
481353,1,1,1991,0,0,0,0,0,0,0,0,0,0
481354,1,1,1991,0,0,0,7,0,0,0,0,0,0
481354,2,1,1991,15,15,15,15,15,15,15,15,15,15
481355,1,1,1991,15,15,15,15,15,15,15,15,15,15
481356,1,1,1991,24,24,24,24,24,24,24,24,24,24
481356,2,1,1991,0,0,0,0,0,0,0,0,0,0
481357,1,1,1991,0,0,0,0,0,0,0,0,0,0
481358,1,1,1991,0,0,0,0,0,0,0,0,0,0
481359,1,1,1991,18,18,18,18,18,18,18,18,18,18
481360,1,1,1991,0,0,0,0,0,0,0,0,0,0
481361,0,1,1991,0,0,0,0,0,0,0,0,0,0
481361,1,1,1991,37,0,0,22,11,0,0,11,14,16
481362,1,1,1991,0,0,0,0,0,0,0,0,0,0
481362,2,1,1991,0,0,0,0,0,0,0,0,0,0
481363,1,1,1991,5,0,0,0,0,24,0,17,20,0
481364,1,1,1991,22,22,22,22,22,22,22,22,22,22
481364,2,1,1991,0,0,0,0,0,0,0,0,0,0
481365,1,1,1991,6,6,6,6,6,6,6,6,6,6
481366,1,1,1991,0,0,0,0,0,0,0,0,0,0
481366,2,1,1991,0,0,6,0,0,0,0,0,0,0
481366,3,1,1991,0,0,0,0,0,0,0,0,0,0
481367,1,1,1991,0,0,0,0,0,0,0,0,0,0
481368,1,1,1991,0,0,0,0,0,0,0,0,0,0
481368,2,1,1991,0,0,0,0,0,0,0,0,0,0
481368,3,1,1991,0,0,0,0,8,23,0,15,0,0
481368,4,1,1991,0,0,0,0,0,0,0,0,0,0
481368,5,1,1991,0,0,0,0,0,0,0,0,0,0
481368,6,1,1991,0,0,0,0,0,0,0,11,0,0
481369,1,1,1991,0,0,0,0,0,0,0,0,0,0
481370,1,1,1991,15,41,16,23,0,7,0,0,0,23
481371,1,1,1991,0,0,0,0,0,0,0,29,0,29
481372,1,1,1991,6,0,0,0,0,0,0,0,0,0
481372,2,1,1991,9,11,0,18,0,37,0,26,19,0
481373,1,1,1991,0,0,0,0,16,0,0,0,0,0
481373,2,1,1991,0,0,0,0,11,0,0,0,0,0
481374,1,1,1991,0,0,0,0,0,0,0,10,6,0
481375,0,1,1991,21,35,40,0,32,21,0,45,45,8
481375,1,1,1991,12,12,12,12,12,12,12,12,12,12
481376,1,1,1991,0,0,0,0,0,0,0,0,0,0
481377,1,1,1991,0,0,0,0,0,0,0,0,0,0
481378,1,1,1991,0,0,0,0,0,0,15,0,0,0
481378,2,1,1991,0,0,0,0,0,0,0,0,0,0
481379,0,1,1991,0,10,11,0,24,43,0,0,0,13
481379,0,2,1991,5,12,49,0,26,45,25,0,0,14
481379,2,1,1991,21,21,21,21,21,21,21,21,21,21
481380,1,1,1991,0,0,0,0,0,0,0,0,0,0
481380,2,1,1991,0,0,0,17,0,0,13,0,0,0
481381,1,1,1991,11,11,11,11,11,11,11,11,11,11
481382,0,1,1991,0,0,0,0,0,0,0,0,0,0
481382,1,1,1991,0,0,0,0,0,0,0,0,0,0
481383,1,1,1991,13,13,13,13,13,13,13,13,13,13
481384,1,1,1991,0,0,0,0,0,0,0,0,0,0
481385,1,1,1991,14,14,14,14,14,14,14,14,14,14
481386,1,1,1991,0,0,0,0,0,0,0,0,0,0
481386,2,1,1991,0,0,0,0,0,0,13,0,12,0
481387,1,1,1991,0,0,0,0,0,0,0,0,0,0
481387,2,1,1991,0,0,0,0,0,0,0,0,0,0
481388,1,1,1991,10,19,0,0,17,6,24,30,14,17
481389,1,1,1991,0,9,0,12,13,0,0,0,0,8
481389,2,1,1991,0,0,0,4,0,0,20,0,0,0
481390,1,1,1991,8,8,8,8,8,8,8,8,8,8
481391,1,1,1991,0,0,0,23,0,0,0,0,0,0
481392,1,1,1991,31,31,31,31,31,31,31,31,31,31
481393,1,1,1991,27,27,27,27,27,27,27,27,27,27
481394,1,1,1991,14,14,14,14,14,14,14,14,14,14
481394,2,1,1991,0,0,0,0,0,0,0,0,16,0
481395,1,1,1991,0,9,0,0,0,7,11,15,0,17
481395,2,1,1991,9,9,9,9,9,9,9,9,9,9
481396,1,1,1991,0,0,0,0,0,0,0,0,0,23
481396,2,1,1991,0,0,0,0,0,0,0,0,0,0
481397,1,1,1991,12,12,12,12,12,12,12,12,12,12
481398,1,1,1991,0,0,0,0,0,0,0,0,0,0
481399,0,1,1991,27,27,27,27,27,27,27,27,27,27
481399,0,2,1991,15,15,15,15,15,15,15,15,15,15
481399,1,1,1991,0,0,22,19,0,11,21,16,20,0
481400,1,1,1991,0,0,0,0,0,0,0,0,0,0
481401,1,1,1991,0,11,0,11,0,0,22,9,0,0
481402,0,1,1991,23,0,0,0,20,14,25,34,24,20
481402,0,2,1991,0,0,0,0,0,0,0,0,0,0
481402,0,3,1991,0,0,19,0,15,16,21,0,29,24
481402,0,4,1991,0,0,0,0,0,0,0,0,0,0
481402,0,5,1991,19,16,29,43,10,0,13,16,36,16
481402,0,6,1991,20,0,13,0,9,13,0,23,0,15
481402,1,1,1991,0,0,0,0,0,2,19,0,0,0