ST_CASE,VEH_NO,PER_NO,YEAR,P1,P2,P3,P4,P5,P6,P7,P8,P9,P10
481956,2,1,1991,0,0,0,0,0,0,0,0,0,2
481957,1,1,1991,13,20,2,13,0,7,13,24,18,13
481958,1,1,1991,1,1,1,1,1,1,1,1,1,1
481959,1,1,1991,14,0,0,0,10,0,0,0,0,0
481960,0,1,1991,30,30,30,30,30,30,30,30,30,30
481960,1,1,1991,0,0,0,0,0,0,17,0,0,6
481960,2,1,1991,26,7,18,0,8,0,10,26,0,19
481960,3,1,1991,14,0,0,0,12,31,0,11,25,0
481962,1,1,1991,0,0,0,0,0,7,0,24,0,0
481962,2,1,1991,35,23,0,0,0,0,0,21,0,0
481963,1,1,1991,0,0,0,0,0,0,0,0,0,0
481964,1,1,1991,34,34,34,34,34,34,34,34,34,34
481965,1,1,1991,30,30,30,30,30,30,30,30,30,30
481966,1,1,1991,16,16,16,16,16,16,16,16,16,16
481967,1,1,1991,0,0,0,0,0,0,0,0,0,0
481967,2,1,1991,0,0,0,10,0,0,0,0,16,0
481968,0,1,1991,22,22,29,20,27,24,0,13,38,32
481968,1,1,1991,0,0,0,0,18,20,28,12,38,0
481969,1,1,1991,0,0,0,0,0,0,0,0,0,0
481969,2,1,1991,0,0,0,0,0,0,0,0,0,0
481970,1,1,1991,0,0,0,0,0,0,0,0,0,0
481970,2,1,1991,0,0,0,0,0,0,0,0,9,0
481971,1,1,1991,20,20,20,20,20,20,20,20,20,20
481972,0,1,1991,0,0,0,0,0,0,0,0,0,0
481972,1,1,1991,0,0,0,0,0,0,0,0,0,0
481973,1,1,1991,30,30,30,30,30,30,30,30,30,30
481973,2,1,1991,0,0,0,0,0,0,0,0,0,0
481974,1,1,1991,27,27,27,27,27,27,27,27,27,27
481975,0,1,1991,0,0,0,0,0,0,0,0,0,0
481975,1,1,1991,0,0,0,0,6,17,0,0,0,0
481976,1,1,1991,0,0,0,0,0,0,0,0,0,0
481976,2,1,1991,25,17,18,13,12,17,31,15,9,20
481977,1,1,1991,10,8,16,18,0,0,17,5,26,0
481977,2,1,1991,13,13,13,13,13,13,13,13,13,13
481978,1,1,1991,17,17,17,17,17,17,17,17,17,17
481979,1,1,1991,13,13,13,13,13,13,13,13,13,13
481979,2,1,1991,0,0,11,0,0,20,0,0,0,12
481980,1,1,1991,0,0,0,0,0,0,0,0,0,0
481980,2,1,1991,0,0,0,0,0,0,0,0,0,0
481980,3,1,1991,0,0,0,0,0,0,0,0,0,0
481981,1,1,1991,33,17,8,21,0,27,27,25,16,13
481982,1,1,1991,23,10,11,16,15,4,10,27,15,34
481982,2,1,1991,0,0,10,0,0,0,0,0,0,4
481982,3,1,1991,3,11,0,0,0,0,21,0,14,0
481983,1,1,1991,9,9,9,9,9,9,9,9,9,9
481984,1,1,1991,20,20,20,20,20,20,20,20,20,20
481985,0,1,1991,0,0,0,0,0,0,0,0,0,0
481985,1,1,1991,0,0,0,0,0,0,5,0,14,0
481986,0,1,1991,0,0,0,0,0,0,0,0,0,0
481986,0,2,1991,0,0,0,0,0,0,0,0,0,0
481986,1,1,1991,0,0,0,0,0,0,0,0,0,0
481987,1,1,1991,0,3,0,0,0,0,0,0,0,0
481987,2,1,1991,0,0,0,0,0,0,0,0,0,0
481987,3,1,1991,0,0,0,0,0,0,0,0,0,0
481988,0,1,1991,0,0,0,0,0,0,0,0,0,0
481988,1,1,1991,0,0,0,0,0,0,0,0,0,0
481989,0,1,1991,14,14,14,14,14,14,14,14,14,14
481989,1,1,1991,3,3,3,3,3,3,3,3,3,3
481990,0,1,1991,0,0,0,0,0,0,0,0,0,0
481990,1,1,1991,0,0,0,0,0,0,0,0,0,0
481991,1,1,1991,10,15,0,16,11,0,14,0,1,14
481991,2,1,1991,0,0,0,0,0,0,0,0,0,0
481992,1,1,1991,0,0,0,0,16,0,7,0,6,0
481993,1,1,1991,8,0,16,26,16,14,0,25,26,12
481994,1,1,1991,23,23,23,23,23,23,23,23,23,23
481994,2,1,1991,26,19,0,22,0,10,0,0,19,0
481995,1,1,1991,32,22,30,0,8,22,0,11,0,16
481996,1,1,1991,16,16,16,16,16,16,16,16,16,16
481996,2,1,1991,11,11,11,11,11,11,11,11,11,11
481997,0,1,1991,3,3,3,3,3,3,3,3,3,3
481997,1,1,1991,20,0,24,0,15,0,0,0,25,22
481998,1,1,1991,15,15,15,15,15,15,15,15,15,15
481999,1,1,1991,11,10,9,7,18,16,17,9,2,13
481999,2,1,1991,8,20,23,16,14,16,15,13,23,13
482000,1,1,1991,3,3,3,3,3,3,3,3,3,3
482000,2,1,1991,0,0,0,0,0,0,0,0,0,0
482001,1,1,1991,0,0,0,0,0,0,0,0,0,0
482001,2,1,1991,0,0,0,0,0,0,0,0,0,0
482002,1,1,1991,0,27,8,33,12,25,6,16,15,18
482003,1,1,1991,0,0,0,0,0,0,0,0,0,0
482004,1,1,1991,0,0,0,0,0,0,0,0,0,0
482005,1,1,1991,3,3,3,3,3,3,3,3,3,3
482006,1,1,1991,0,0,0,0,0,0,0,0,0,0
482007,0,1,1991,0,0,0,0,0,0,0,0,0,0
482007,1,1,1991,0,0,0,0,0,0,0,0,9,0
482008,1,1,1991,0,0,0,0,0,0,0,0,0,0
482008,2,1,1991,0,0,0,0,0,0,0,0,0,0
482009,1,1,1991,6,6,6,6,6,6,6,6,6,6
482010,0,1,1991,0,0,0,0,0,0,0,0,0,0
482010,1,1,1991,0,0,0,0,0,0,0,0,0,0
482011,1,1,1991,0,0,0,8,9,0,0,0,0,0
482012,0,1,1991,0,0,0,0,0,0,8,0,0,0
482012,1,1,1991,0,0,0,0,0,0,0,0,0,0
482013,1,1,1991,0,0,0,0,0,0,0,0,0,0
482013,2,1,1991,0,0,0,0,0,0,0,0,0,0
482014,1,1,1991,0,0,0,0,0,0,0,0,0,0
482014,2,1,1991,0,0,0,0,0,0,0,0,0,0
482015,1,1,1991,0,0,0,0,0,0,0,0,0,0
482015,2,1,1991,0,0,0,0,0,0,0,0,0,0
482016,1,1,1991,0,0,16,0,4,19,0,0,0,0
482016,2,1,1991,7,0,0,0,0,0,0,0,0,0
482017,1,1,1991,21,21,21,21,21,21,21,21,21,21
482017,2,1,1991,0,0,0,0,0,0,0,0,0,0
482018,1,1,1991,0,0,13,0,19,21,7,16,0,0
482019,1,1,1991,0,0,0,0,0,0,0,0,0,0
482019,2,1,1991,31,31,31,31,31,31,31,31,31,31
482020,0,1,1991,0,0,0,0,0,0,0,0,0,0
482020,1,1,1991,0,0,0,0,0,0,0,0,0,0
482021,1,1,1991,6,6,6,6,6,6,6,6,6,6
482021,2,1,1991,0,0,0,5,0,0,0,0,0,0
482022,1,1,1991,27,27,27,27,27,27,27,27,27,27
482023,0,1,1991,25,25,25,25,25,25,25,25,25,25
482023,1,1,1991,0,0,0,0,0,9,8,0,14,0
482023,2,1,1991,0,0,0,0,0,0,10,0,0,0
482024,1,1,1991,22,22,22,22,22,22,22,22,22,22
482024,2,1,1991,0,0,0,0,0,0,0,0,29,11
482025,0,1,1991,20,0,25,0,23,16,0,7,29,16
482025,1,1,1991,0,0,0,0,0,0,0,0,0,0
482026,1,1,1991,22,22,22,22,22,22,22,22,22,22
482027,1,1,1991,19,19,19,19,19,19,19,19,19,19
482028,1,1,1991,0,0,0,11,0,0,7,0,0,0
482028,2,1,1991,0,0,0,0,0,0,0,0,0,0
482029,1,1,1991,39,39,39,39,39,39,39,39,39,39
482030,1,1,1991,0,0,0,0,0,0,0,0,9,0
482031,0,1,1991,0,0,0,0,0,0,0,0,0,0
482031,1,1,1991,0,0,0,0,11,0,0,0,0,0
482032,1,1,1991,0,0,0,0,0,0,0,0,0,0
482032,2,1,1991,0,0,10,0,0,0,0,0,10,0
482033,0,1,1991,4,4,4,4,4,4,4,4,4,4
482033,1,1,1991,21,21,21,21,21,21,21,21,21,21
482034,1,1,1991,0,0,0,0,0,0,0,0,0,0
482035,0,1,1991,19,0,16,0,0,17,0,0,10,0
482035,1,1,1991,2,25,11,33,6,3,6,3,4,16
482036,1,1,1991,0,0,0,0,0,0,0,0,0,0
482036,2,1,1991,0,0,0,0,0,0,0,0,0,19
482037,1,1,1991,21,21,21,21,21,21,21,21,21,21
482038,1,1,1991,14,14,14,14,14,14,14,14,14,14
482039,1,1,1991,10,10,10,10,10,10,10,10,10,10
482040,1,1,1991,6,6,6,6,6,6,6,6,6,6
482041,1,1,1991,17,16,0,21,19,8,9,0,17,20
482041,2,1,1991,14,9,19,3,28,17,10,2,15,13
482042,1,1,1991,0,0,0,0,16,23,0,0,0,10
482043,0,1,1991,0,0,0,0,0,0,0,0,0,0
482043,1,1,1991,0,0,0,0,0,0,7,0,0,0
482044,1,1,1991,15,6,8,22,11,17,11,17,10,19
482045,1,1,1991,0,0,0,0,0,0,0,0,0,0
482045,2,1,1991,0,0,0,0,0,0,0,0,0,0
482045,3,1,1991,0,3,0,0,0,0,0,0,0,0
482046,0,1,1991,26,26,26,26,26,26,26,26,26,26
482046,1,1,1991,9,0,0,0,0,10,0,0,0,0
482047,0,1,1991,0,0,0,0,0,0,0,0,0,0
482047,1,1,1991,7,14,11,11,13,19,10,9,16,15
482048,1,1,1991,3,0,21,25,13,9,16,19,31,18
482049,0,1,1991,0,0,0,0,0,11,0,0,0,0
482049,1,1,1991,10,10,10,10,10,10,10,10,10,10
482050,1,1,1991,14,14,14,14,14,14,14,14,14,14
482051,1,1,1991,15,15,15,15,15,15,15,15,15,15
482052,1,1,1991,0,0,0,0,0,0,0,0,0,0
482052,2,1,1991,0,0,0,0,0,0,0,0,0,0
482053,1,1,1991,0,0,0,0,0,0,0,12,0,0
482054,1,1,1991,3,3,3,3,3,3,3,3,3,3
482054,2,1,1991,0,6,0,0,0,0,0,0,0,0
482055,0,1,1991,0,0,0,0,0,0,0,0,0,0
482055,1,1,1991,0,0,0,0,0,0,0,0,0,0
482056,1,1,1991,0,0,17,0,29,0,0,0,0,0
482056,2,1,1991,0,0,0,0,0,0,0,0,0,0
482057,1,1,1991,0,0,0,0,0,0,0,0,0,0
482057,2,1,1991,0,0,0,0,0,0,0,0,0,0
482058,1,1,1991,19,19,19,19,19,19,19,19,19,19
482059,1,1,1991,28,10,0,0,0,10,0,10,22,22
482060,1,1,1991,0,0,0,0,0,0,0,0,0,0
482060,2,1,1991,17,17,17,17,17,17,17,17,17,17
482061,1,1,1991,0,0,0,0,0,0,0,0,0,0
482062,1,1,1991,14,14,14,14,14,14,14,14,14,14
482062,2,1,1991,0,0,0,0,0,0,0,0,0,0
482063,1,1,1991,12,10,27,29,13,18,15,28,19,32
482064,1,1,1991,0,0,0,0,0,0,0,0,0,0
482064,2,1,1991,0,0,0,0,0,0,0,0,0,0
482065,1,1,1991,0,0,0,0,0,0,0,0,0,0
482066,1,1,1991,24,24,24,24,24,24,24,24,24,24
482067,1,1,1991,0,0,0,0,0,7,0,0,0,0
482067,2,1,1991,8,8,8,8,8,8,8,8,8,8
482068,1,1,1991,0,0,0,0,0,0,0,0,0,37
482068,2,1,1991,0,0,0,0,0,0,0,0,0,0
482069,1,1,1991,27,31,21,8,35,13,33,11,27,17
482070,1,1,1991,23,23,23,23,23,23,23,23,23,23
482071,1,1,1991,18,18,18,18,18,18,18,18,18,18
482072,1,1,1991,0,0,0,0,7,0,0,0,0,0
482073,1,1,1991,28,28,28,28,28,28,28,28,28,28
482074,1,1,1991,15,15,15,15,15,15,15,15,15,15
482074,2,1,1991,0,0,0,0,0,0,0,13,0,0
482075,1,1,1991,28,28,28,28,28,28,28,28,28,28
482076,1,1,1991,16,16,16,16,16,16,16,16,16,16
482077,1,1,1991,8,0,0,0,0,0,0,0,0,11
482078,0,1,1991,17,17,17,17,17,17,17,17,17,17
482078,1,1,1991,0,0,0,0,0,11,0,0,0,0
482079,1,1,1991,0,19,0,3,19,17,0,10,22,3
482080,1,1,1991,26,0,0,0,0,0,0,0,0,0
482081,1,1,1991,0,0,0,0,0,7,19,0,0,0
482082,1,1,1991,0,0,0,0,0,0,0,0,0,0
482082,2,1,1991,0,28,6,0,0,0,0,0,0,0
482083,0,1,1991,23,23,23,23,23,23,23,23,23,23
482083,1,1,1991,27,27,27,27,27,27,27,27,27,27
482084,1,1,1991,0,0,0,0,0,12,11,0,0,0
482084,2,1,1991,25,25,25,25,25,25,25,25,25,25
482085,1,1,1991,0,0,0,0,0,0,0,0,0,0
482086,1,1,1991,0,0,0,0,0,0,0,0,0,0
482087,0,1,1991,9,9,9,9,9,9,9,9,9,9
482087,1,1,1991,11,11,11,11,11,11,11,11,11,11
482088,1,1,1991,19,19,19,19,19,19,19,19,19,19
482089,1,1,1991,21,21,21,21,21,21,21,21,21,21
482090,0,1,1991,16,16,16,16,16,16,16,16,16,16
482090,1,1,1991,17,0,0,11,18,0,14,14,0,0
482091,1,1,1991,0,0,0,0,0,0,0,0,0,0
482091,2,1,1991,0,0,0,0,0,0,0,0,0,0
482092,1,1,1991,22,22,22,22,22,22,22,22,22,22
482093,0,1,1991,17,17,17,17,17,17,17,17,17,17
482093,1,1,1991,0,0,0,0,0,0,0,0,0,0
482094,1,1,1991,21,21,21,21,21,21,21,21,21,21
482094,2,1,1991,17,6,3,0,0,0,24,18,0,0
482095,1,1,1991,0,0,0,0,0,0,0,0,0,0
482096,1,1,1991,0,8,0,0,0,0,0,0,0,0
482097,1,1,1991,9,9,9,9,9,9,9,9,9,9
482097,2,1,1991,0,0,0,0,0,0,0,0,0,0
482098,1,1,1991,11,11,11,11,11,11,11,11,11,11
482099,1,1,1991,0,0,0,0,0,0,0,0,0,0
482099,2,1,1991,6,6,6,6,6,6,6,6,6,6
482100,1,1,1991,0,0,0,0,0,0,0,0,0,0
482100,2,1,1991,0,20,0,0,0,0,0,0,0,0
482101,1,1,1991,0,0,0,0,0,13,0,0,0,0
482101,2,1,1991,13,0,5,0,0,9,13,24,0,0
482102,0,1,1991,0,0,0,0,0,31,0,0,0,0
482102,1,1,1991,0,6,0,0,0,15,0,0,0,0
482103,0,1,1991,29,0,0,6,0,43,12,0,0,14
482103,1,1,1991,0,0,0,13,16,7,21,29,0,20
482104,0,1,1991,0,0,0,0,0,0,0,0,0,0
482104,1,1,1991,0,0,0,0,0,0,0,11,0,0
482105,1,1,1991,17,17,17,17,17,17,17,17,17,17
482106,0,1,1991,0,0,0,0,0,0,0,0,0,0
482107,1,1,1991,0,0,0,0,0,0,0,0,0,0
482107,2,1,1991,0,0,0,0,0,0,0,0,0,0
482108,1,1,1991,19,19,19,19,19,19,19,19,19,19
482108,2,1,1991,0,0,0,0,0,0,0,0,0,0
482109,0,1,1991,0,0,0,0,0,0,0,0,5,0
482109,1,1,1991,0,0,0,0,0,0,0,0,0,0
482109,2,1,1991,0,0,0,0,0,0,0,8,0,0
482110,1,1,1991,17,2,38,0,23,12,17,19,13,10
482110,2,1,1991,0,0,0,4,0,0,5,0,0,0
482111,1,1,1991,20,0,22,35,11,33,16,0,14,0
482112,1,1,1991,22,22,22,22,22,22,22,22,22,22
482113,1,1,1991,0,0,0,0,0,0,0,0,0,0
482113,2,1,1991,0,12,0,0,0,0,0,0,24,12
482114,1,1,1991,0,0,0,0,0,0,0,0,0,12
482114,2,1,1991,0,0,0,0,0,0,0,0,0,0
482115,1,1,1991,0,0,0,0,0,0,0,0,0,0
482115,2,1,1991,0,0,0,0,0,0,0,0,0,0
482116,1,1,1991,4,4,4,4,4,4,4,4,4,4
482116,2,1,1991,0,0,0,0,0,0,0,0,16,0
482117,0,1,1991,16,16,16,16,16,16,16,16,16,16
482117,1,1,1991,20,20,20,20,20,20,20,20,20,20
482118,1,1,1991,0,0,0,0,0,0,4,0,0,0
482118,2,1,1991,0,0,0,0,14,0,0,0,0,0
482119,1,1,1991,0,0,0,0,0,0,0,0,0,0
482119,2,1,1991,0,0,0,0,0,22,0,14,0,0
482119,3,1,1991,0,0,0,0,0,5,0,0,0,0
482119,4,1,1991,0,0,0,0,0,0,0,0,0,0
482120,1,1,1991,0,0,0,0,26,0,29,0,0,0
482120,2,1,1991,8,8,8,8,8,8,8,8,8,8
482121,1,1,1991,0,0,0,0,0,0,0,0,0,24
482122,0,1,1991,20,20,20,20,20,20,20,20,20,20
482122,1,1,1991,0,0,0,0,0,0,0,0,0,3
482122,2,1,1991,0,0,0,0,0,0,0,4,0,0
482123,1,1,1991,20,20,20,20,20,20,20,20,20,20
482124,1,1,1991,0,0,0,0,0,0,0,0,0,0
482124,2,1,1991,0,0,0,0,14,0,0,0,0,0
482125,1,1,1991,22,22,22,22,22,22,22,22,22,22
482125,2,1,1991,0,0,0,0,0,8,0,0,0,0
482126,0,1,1991,20,20,20,20,20,20,20,20,20,20
482126,1,1,1991,20,20,20,20,20,20,20,20,20,20
482127,0,1,1991,0,0,0,0,0,0,0,0,0,0
482127,1,1,1991,0,0,0,0,0,0,0,0,0,0
482128,1,1,1991,25,25,25,25,25,25,25,25,25,25
482129,1,1,1991,10,10,10,10,10,10,10,10,10,10
482129,2,1,1991,20,20,20,20,20,20,20,20,20,20
482130,1,1,1991,0,0,0,0,0,0,0,0,0,0
482130,2,1,1991,0,0,0,0,0,0,0,0,0,0
482130,3,1,1991,0,0,0,0,0,0,0,0,0,0
482131,1,1,1991,0,0,0,0,0,0,0,0,0,0
482131,2,1,1991,0,0,0,0,0,0,0,0,0,0
482132,1,1,1991,0,0,0,0,0,8,23,0,0,0
482132,2,1,1991,21,0,0,0,14,0,11,0,15,0
482133,0,1,1991,35,30,19,19,34,0,0,16,21,10
482133,1,1,1991,0,13,0,0,10,0,14,0,0,0
482134,0,1,1991,38,38,38,38,38,38,38,38,38,38
482134,1,1,1991,0,0,0,8,0,0,6,0,16,0
482135,1,1,1991,27,27,27,27,27,27,27,27,27,27
482136,1,1,1991,0,0,7,0,0,0,19,0,0,0
482136,2,1,1991,7,0,0,0,0,0,0,0,0,0
482137,0,1,1991,19,28,9,0,0,0,0,0,0,0
482137,1,1,1991,33,7,33,0,22,5,0,18,30,38
482138,1,1,1991,29,29,29,29,29,29,29,29,29,29
482139,0,1,1991,0,0,0,20,0,0,30,0,0,0
482139,1,1,1991,0,0,0,0,0,0,0,0,0,0
482140,1,1,1991,9,9,9,9,9,9,9,9,9,9
482141,1,1,1991,2,2,2,2,2,2,2,2,2,2
482141,2,1,1991,0,0,0,0,0,0,0,0,0,0
482142,1,1,1991,0,0,0,0,0,0,0,0,0,0
482143,1,1,1991,17,17,17,17,17,17,17,17,17,17
482143,2,1,1991,0,0,0,0,0,0,0,0,0,0
482144,1,1,1991,0,0,0,0,0,0,0,0,0,44
482144,2,1,1991,0,4,0,0,0,0,0,0,10,0
482145,0,1,1991,32,32,32,32,32,32,32,32,32,32
482145,0,2,1991,32,32,32,32,32,32,32,32,32,32
482145,1,1,1991,11,14,35,0,0,0,3,0,0,0
482146,1,1,1991,8,8,8,8,8,8,8,8,8,8
482146,2,1,1991,0,0,0,13,0,0,0,0,0,0
482147,1,1,1991,0,0,0,0,0,0,0,0,0,0
482147,2,1,1991,0,0,0,0,0,0,0,0,0,0
482148,1,1,1991,25,15,27,23,9,12,23,24,0,31
482149,1,1,1991,0,0,0,0,0,0,0,0,0,0
482150,0,1,1991,0,0,0,0,0,0,0,0,0,0
482150,1,1,1991,22,22,22,22,22,22,22,22,22,22
482151,0,1,1991,0,0,0,0,11,0,0,0,0,0
482151,1,1,1991,0,0,0,0,0,0,0,0,0,0
482152,1,1,1991,0,0,0,0,0,0,0,0,0,0
482152,2,1,1991,0,0,0,0,0,0,0,0,0,0
482153,1,1,1991,0,0,0,0,0,0,3,0,0,0
482153,2,1,1991,0,0,0,0,0,0,0,0,0,0
482154,1,1,1991,18,24,16,27,25,0,12,28,29,19
482155,0,1,1991,0,0,0,0,0,0,0,0,0,0
482155,1,1,1991,0,0,0,0,0,0,0,0,0,0
482156,1,1,1991,0,0,11,16,0,3,0,6,23,0
482157,0,1,1991,32,32,32,32,32,32,32,32,32,32
482157,1,1,1991,0,0,5,15,17,24,11,0,0,40
482158,0,1,1991,0,0,0,0,0,0,0,0,0,0
482158,1,1,1991,15,15,15,15,15,15,15,15,15,15
482159,1,1,1991,0,0,0,0,0,0,0,0,0,0
482159,2,1,1991,0,0,0,0,0,0,0,0,0,0
482160,1,1,1991,0,7,0,0,0,0,0,0,0,0
482160,2,1,1991,0,0,0,0,0,0,0,0,0,0
482160,3,1,1991,0,0,0,0,0,0,0,0,0,0
482161,1,1,1991,0,0,0,0,0,4,0,0,0,0
482161,2,1,1991,0,0,0,12,0,0,0,0,0,0
482162,1,1,1991,20,0,15,15,20,25,28,8,0,14
482162,2,1,1991,17,17,17,17,17,17,17,17,17,17
482163,1,1,1991,7,7,7,7,7,7,7,7,7,7
482164,1,1,1991,0,0,0,0,0,0,0,0,0,0
482164,2,1,1991,0,0,0,0,0,0,0,0,0,0
482165,0,1,1991,48,0,10,17,12,40,31,0,10,15
482165,0,2,1991,4,25,30,15,18,0,46,0,7,14
482165,0,3,1991,27,8,0,17,20,0,0,16,0,13
482165,1,1,1991,0,0,0,9,19,0,34,7,21,3
482166,1,1,1991,0,0,0,0,15,0,0,0,0,0
482167,1,1,1991,0,0,0,0,0,0,0,11,0,0
482168,0,1,1991,0,0,0,0,0,0,0,0,0,0
482168,1,1,1991,0,0,0,0,0,0,0,19,0,0
482169,1,1,1991,17,17,17,17,17,17,17,17,17,17
482170,0,1,1991,19,24,18,32,26,12,40,31,41,8
482170,1,1,1991,14,0,0,16,15,10,0,20,0,0
482171,0,1,1991,0,0,0,0,0,0,0,0,0,8
482171,1,1,1991,0,0,0,0,0,0,0,0,0,0
482172,1,1,1991,13,13,13,13,13,13,13,13,13,13
482173,0,1,1991,0,0,0,0,0,0,0,0,0,0
482173,0,2,1991,0,11,0,0,0,0,0,0,0,0
482173,1,1,1991,0,0,0,0,0,0,0,0,0,0
482174,1,1,1991,0,0,0,0,0,0,0,0,0,0
482175,1,1,1991,32,19,12,16,13,8,30,0,26,0
482176,1,1,1991,15,12,8,14,21,17,25,5,9,17
482177,0,1,1991,23,14,18,9,18,35,11,32,11,12
482177,1,1,1991,0,16,0,0,0,17,0,0,0,0
482178,1,1,1991,22,22,22,22,22,22,22,22,22,22
482179,1,1,1991,20,14,2,19,5,21,21,24,25,15
482180,1,1,1991,11,11,11,11,11,11,11,11,11,11
482180,2,1,1991,1,1,1,1,1,1,1,1,1,1
482180,3,1,1991,0,6,0,16,14,0,0,0,0,24
482181,1,1,1991,10,10,10,10,10,10,10,10,10,10
482182,0,1,1991,0,0,0,0,0,0,0,0,0,0
482182,0,2,1991,0,0,0,0,0,0,0,0,0,0
482182,1,1,1991,0,0,0,0,0,0,0,0,0,0
482183,1,1,1991,0,0,0,0,0,0,0,0,0,0
482183,2,1,1991,0,0,0,0,0,0,0,0,0,0
482184,0,1,1991,22,22,22,22,22,22,22,22,22,22
482184,1,1,1991,0,0,15,0,6,17,0,0,0,0
482185,1,1,1991,0,16,13,0,0,21,8,0,30,0
482186,1,1,1991,0,0,0,0,0,0,0,0,0,0
482186,2,1,1991,0,0,0,0,0,0,0,0,0,0
482187,0,1,1991,0,0,0,0,0,0,0,0,0,0
482187,1,1,1991,0,0,0,0,0,0,0,0,0,0
482188,1,1,1991,0,0,4,6,0,0,0,24,0,0
482188,2,1,1991,0,0,0,0,0,0,0,0,0,0
482189,1,1,1991,19,19,19,19,19,19,19,19,19,19
482189,2,1,1991,0,0,0,0,0,0,0,0,0,0
482190,1,1,1991,0,0,0,0,0,0,0,0,0,0
482190,2,1,1991,0,0,0,0,0,0,0,0,0,0
482191,0,1,1991,21,21,21,21,21,21,21,21,21,21
482191,1,1,1991,14,0,15,0,0,0,37,0,0,0
482192,1,1,1991,25,25,25,25,25,25,25,25,25,25
482193,1,1,1991,0,0,0,0,0,0,0,0,0,0
482193,2,1,1991,0,0,0,0,17,5,0,0,0,0
482194,1,1,1991,0,0,0,0,14,9,18,16,14,0
482195,1,1,1991,35,35,35,35,35,35,35,35,35,35
482196,1,1,1991,0,0,0,0,0,0,0,0,0,0
482197,1,1,1991,0,0,0,0,0,29,0,17,0,0
482197,2,1,1991,0,0,0,20,0,0,0,0,0,0
482199,0,1,1991,0,0,0,0,0,0,0,0,0,0
482199,1,1,1991,0,0,0,0,0,0,0,0,0,0
482200,0,1,1991,0,0,0,0,0,0,0,0,0,0
482200,1,1,1991,0,0,0,0,0,0,0,0,0,0
482201,0,1,1991,9,15,23,27,32,25,31,21,10,0
482201,0,2,1991,0,9,26,16,15,21,13,24,24,0
482201,1,1,1991,11,11,11,11,11,11,11,11,11,11
482202,1,1,1991,0,0,0,0,0,0,0,0,0,0
482203,1,1,1991,0,0,0,0,0,0,0,0,0,0
482203,2,1,1991,0,0,0,0,0,0,0,0,34,0
482204,1,1,1991,0,0,0,9,0,0,0,0,0,0
482204,2,1,1991,0,0,0,0,0,0,0,0,0,0
482205,1,1,1991,0,26,0,0,23,10,0,0,0,0
482206,0,1,1991,35,35,35,35,35,35,35,35,35,35
482206,1,1,1991,0,0,0,26,0,0,0,0,0,0
482207,1,1,1991,35,35,35,35,35,35,35,35,35,35
482208,1,1,1991,0,0,0,0,0,0,0,0,0,0
482208,2,1,1991,39,0,0,0,0,0,7,12,0,0
482208,3,1,1991,0,0,0,0,0,0,0,0,0,0
482208,4,1,1991,0,0,0,0,0,0,0,0,0,0
482208,5,1,1991,0,0,0,0,0,0,0,0,10,0
482209,0,1,1991,0,0,0,0,0,0,0,0,0,0
482209,1,1,1991,9,26,0,0,0,0,0,0,16,28
482210,1,1,1991,0,0,0,0,0,0,0,0,0,0
482210,2,1,1991,9,9,9,9,9,9,9,9,9,9
482211,1,1,1991,9,9,9,9,9,9,9,9,9,9
482211,2,1,1991,9,9,9,9,9,9,9,9,9,9
482212,1,1,1991,20,15,20,8,19,35,22,10,21,10
482213,1,1,1991,0,14,15,19,9,16,0,12,14,17
482214,1,1,1991,0,0,0,0,0,0,0,0,0,0
482214,2,1,1991,20,20,20,20,20,20,20,20,20,20
482215,0,1,1991,0,0,8,0,0,14,0,17,0,6
482215,1,1,1991,0,0,2,19,7,0,0,4,13,0
482216,1,1,1991,0,0,0,0,0,0,0,0,0,0
482216,2,1,1991,0,0,0,0,0,0,0,0,0,0
482217,1,1,1991,0,0,0,0,0,0,0,0,0,0
482217,2,1,1991,11,12,0,0,0,18,0,0,0,18
482218,1,1,1991,20,20,20,20,20,20,20,20,20,20
482219,1,1,1991,0,0,0,0,0,0,0,0,0,0
482219,2,1,1991,0,0,0,0,0,0,0,0,0,0
482220,1,1,1991,16,16,16,16,16,16,16,16,16,16
482221,1,1,1991,0,0,12,0,0,0,0,0,0,0
482221,2,1,1991,19,26,13,17,22,5,22,21,24,7
482222,1,1,1991,22,30,9,7,15,40,25,15,24,18
482223,1,1,1991,20,17,0,22,11,29,25,26,26,11
482224,1,1,1991,0,0,25,16,25,0,0,0,0,0
482225,1,1,1991,0,0,0,0,0,0,0,0,0,0
482226,1,1,1991,0,0,0,0,0,0,0,0,0,0
482226,2,1,1991,0,0,0,0,0,0,0,0,0,0
482227,1,1,1991,0,0,0,0,10,0,0,0,0,0
482227,2,1,1991,0,0,0,0,0,0,0,0,0,0
482228,1,1,1991,0,14,7,20,9,24,0,11,15,15