ST_CASE,VEH_NO,PER_NO,YEAR,P1,P2,P3,P4,P5,P6,P7,P8,P9,P10
482499,1,1,1991,0,0,0,0,0,0,0,0,0,0
482499,2,1,1991,0,0,0,0,0,0,0,0,0,0
482500,1,1,1991,16,16,16,16,16,16,16,16,16,16
482501,1,1,1991,0,0,0,0,0,0,0,0,0,0
482501,2,1,1991,0,0,0,0,0,14,0,0,17,0
482502,1,1,1991,0,0,0,0,0,0,0,0,0,0
482503,0,1,1991,0,0,0,0,0,0,0,0,0,0
482503,1,1,1991,0,0,0,0,0,0,0,0,0,0
482504,0,1,1991,17,17,17,17,17,17,17,17,17,17
482504,0,2,1991,19,19,19,19,19,19,19,19,19,19
482504,1,1,1991,0,0,0,0,0,0,0,10,21,0
482505,1,1,1991,15,15,15,15,15,15,15,15,15,15
482505,2,1,1991,15,0,0,9,45,0,0,28,6,0
482506,1,1,1991,0,10,0,0,0,0,0,0,0,0
482506,2,1,1991,0,0,0,0,0,0,0,0,0,0
482506,3,1,1991,0,0,0,0,0,0,0,0,0,0
482507,1,1,1991,22,22,22,22,22,22,22,22,22,22
482507,2,1,1991,0,0,0,16,0,0,9,0,0,0
482508,1,1,1991,6,6,6,6,6,6,6,6,6,6
482508,2,1,1991,0,0,0,0,0,0,0,0,0,0
482509,1,1,1991,23,23,23,23,23,23,23,23,23,23
482510,1,1,1991,0,0,0,0,0,0,0,19,0,0
482510,2,1,1991,0,0,0,0,0,0,0,0,0,0
482511,1,1,1991,0,0,0,0,0,0,0,0,0,0
482511,2,1,1991,0,0,0,0,0,0,0,0,2,0
482512,1,1,1991,33,33,33,33,33,33,33,33,33,33
482513,0,1,1991,0,0,0,0,0,0,0,0,0,0
482513,1,1,1991,0,0,0,0,0,0,0,0,0,0
482514,0,1,1991,36,36,36,36,36,36,36,36,36,36
482514,1,1,1991,0,25,0,21,5,10,0,0,0,13
482515,1,1,1991,33,33,33,33,33,33,33,33,33,33
482516,1,1,1991,0,0,0,0,0,0,0,0,0,0
482516,2,1,1991,0,0,0,0,0,0,0,0,0,0
482517,1,1,1991,10,36,3,17,25,19,14,13,10,0
482518,1,1,1991,22,22,22,22,22,22,22,22,22,22
482518,2,1,1991,17,17,17,17,17,17,17,17,17,17
482519,1,1,1991,0,0,0,0,0,0,0,0,0,0
482519,2,1,1991,0,0,0,0,0,0,0,0,0,0
482520,1,1,1991,0,0,0,0,0,0,0,0,0,0
482520,2,1,1991,0,0,0,0,0,0,0,0,0,0
482521,0,1,1991,0,0,0,0,0,0,0,0,0,0
482521,1,1,1991,0,0,0,0,0,0,0,0,0,0
482522,1,1,1991,12,0,0,0,17,0,0,0,0,0
482523,1,1,1991,26,26,26,26,26,26,26,26,26,26
482524,1,1,1991,0,0,0,0,0,0,0,0,0,0
482524,2,1,1991,8,8,8,8,8,8,8,8,8,8
482525,1,1,1991,0,9,0,0,14,19,10,20,0,11
482526,1,1,1991,12,10,6,12,0,0,28,36,9,17
482527,0,1,1991,16,16,16,16,16,16,16,16,16,16
482527,1,1,1991,0,0,18,0,0,0,0,10,0,0
482528,0,1,1991,16,28,0,0,28,0,0,0,0,39
482528,1,1,1991,0,0,0,0,0,0,0,0,0,0
482529,1,1,1991,31,29,19,0,27,25,15,10,20,0
482530,1,1,1991,0,0,0,16,0,0,25,9,0,0
482531,0,1,1991,0,0,0,0,0,0,0,0,0,0
482531,1,1,1991,0,0,0,0,0,0,0,0,0,0
482532,0,1,1991,0,0,0,0,0,0,0,0,0,0
482532,1,1,1991,0,3,0,0,0,0,0,0,0,0
482533,0,1,1991,16,16,16,16,16,16,16,16,16,16
482533,1,1,1991,0,0,0,14,0,6,12,0,0,17
482534,1,1,1991,0,0,0,0,0,0,0,0,0,0
482535,0,1,1991,0,6,20,0,0,0,0,7,0,0
482535,1,1,1991,0,0,0,0,0,0,0,0,0,0
482536,1,1,1991,25,25,25,25,25,25,25,25,25,25
482536,2,1,1991,16,16,16,16,16,16,16,16,16,16
482537,1,1,1991,0,0,0,0,0,0,0,0,0,0
482537,2,1,1991,0,0,0,0,0,0,0,0,0,0
482538,1,1,1991,19,19,19,19,19,19,19,19,19,19
482538,2,1,1991,0,0,0,0,0,0,0,0,0,0
482539,1,1,1991,0,0,0,0,0,0,0,0,0,0
482539,2,1,1991,0,0,0,0,0,0,0,16,0,0
482540,1,1,1991,0,0,0,0,18,0,0,0,0,0
482540,2,1,1991,14,0,18,18,15,0,0,17,0,0
482541,1,1,1991,0,0,0,0,0,0,0,0,0,0
482541,2,1,1991,0,0,0,0,0,0,0,0,0,0
482542,1,1,1991,16,16,16,16,16,16,16,16,16,16
482543,0,1,1991,18,18,18,18,18,18,18,18,18,18
482543,1,1,1991,0,4,0,0,0,0,0,0,0,0
482544,1,1,1991,0,0,0,0,0,0,0,0,0,0
482544,2,1,1991,0,0,0,0,0,0,0,0,0,0
482545,1,1,1991,0,0,0,0,0,0,0,0,0,0
482545,2,1,1991,0,0,0,0,0,0,0,0,0,0
482546,1,1,1991,0,0,0,0,0,0,0,0,0,0
482546,2,1,1991,0,0,0,0,0,0,0,0,0,0
482547,0,1,1991,0,0,0,0,0,0,0,0,0,0
482547,1,1,1991,0,0,0,0,0,11,0,11,0,0
482548,0,1,1991,5,0,0,0,0,0,0,0,0,0
482548,1,1,1991,0,3,0,0,0,10,0,0,0,0
482549,1,1,1991,0,0,0,0,0,0,0,0,0,0
482549,2,1,1991,0,0,0,0,0,0,0,0,0,0
482550,1,1,1991,18,18,18,18,18,18,18,18,18,18
482550,2,1,1991,17,17,17,17,17,17,17,17,17,17
482551,1,1,1991,18,18,18,18,18,18,18,18,18,18
482552,0,1,1991,22,22,22,22,22,22,22,22,22,22
482552,1,1,1991,0,2,0,0,0,0,5,0,0,0
482553,1,1,1991,22,27,5,11,27,18,21,0,14,4
482553,2,1,1991,0,18,0,0,0,11,14,0,0,0
482554,1,1,1991,0,0,19,0,0,15,0,6,0,5
482555,1,1,1991,0,0,0,0,0,0,0,0,0,0
482555,2,1,1991,0,10,14,0,16,19,13,26,5,12
482556,1,1,1991,0,0,0,0,0,0,0,0,0,0
482557,1,1,1991,0,0,0,0,0,0,0,0,0,0
482557,2,1,1991,0,7,0,12,0,0,4,0,0,0
482557,3,1,1991,0,0,0,22,4,0,0,0,0,0
482557,4,1,1991,7,0,0,0,19,22,0,22,0,0
482558,1,1,1991,0,0,0,0,0,0,0,0,0,0
482558,2,1,1991,0,0,0,0,0,0,0,0,0,0
482559,1,1,1991,7,7,7,7,7,7,7,7,7,7
482559,2,1,1991,0,16,17,0,0,30,19,24,10,15
482560,1,1,1991,11,28,15,26,16,20,27,15,28,19
482561,1,1,1991,20,0,11,28,7,0,17,10,0,20
482561,2,1,1991,0,0,17,12,11,0,0,16,0,10
482562,1,1,1991,0,25,21,0,0,19,0,0,0,0
482563,0,1,1991,0,0,0,0,0,0,0,0,0,0
482563,1,1,1991,0,26,0,0,10,0,15,0,0,16
482564,1,1,1991,21,21,21,21,21,21,21,21,21,21
482565,1,1,1991,19,19,19,19,19,19,19,19,19,19
482566,1,1,1991,0,0,0,0,0,0,0,0,0,0
482566,2,1,1991,0,0,0,0,0,0,0,0,0,0
482566,3,1,1991,0,0,0,0,0,0,0,0,0,11
482567,1,1,1991,9,9,9,9,9,9,9,9,9,9
482568,1,1,1991,0,32,0,0,12,0,0,0,21,15
482569,1,1,1991,0,0,0,0,0,0,0,0,0,0
482569,2,1,1991,0,0,0,0,0,0,0,0,0,0
482570,0,1,1991,1,1,1,1,1,1,1,1,1,1
482570,1,1,1991,17,11,15,0,0,0,0,9,0,4
482571,0,1,1991,14,21,22,12,31,17,25,0,22,18
482571,1,1,1991,4,0,9,0,10,5,0,0,9,8
482572,0,1,1991,11,12,30,11,31,20,24,19,16,0
482572,1,1,1991,12,12,12,12,12,12,12,12,12,12
482573,1,1,1991,17,17,17,17,17,17,17,17,17,17
482573,2,1,1991,20,20,20,20,20,20,20,20,20,20
482574,1,1,1991,18,18,18,18,18,18,18,18,18,18
482575,1,1,1991,18,18,18,18,18,18,18,18,18,18
482576,1,1,1991,0,0,0,0,0,0,0,0,0,0
482576,2,1,1991,4,4,4,4,4,4,4,4,4,4
482577,0,1,1991,0,0,0,0,0,0,44,0,22,0
482577,1,1,1991,0,5,0,0,11,0,0,0,0,0
482578,1,1,1991,0,0,0,0,0,0,0,0,0,0
482579,1,1,1991,2,2,2,2,2,2,2,2,2,2
482579,2,1,1991,0,11,0,0,0,0,0,18,0,0
482580,1,1,1991,0,0,0,0,0,0,0,0,0,0
482580,2,1,1991,3,3,3,3,3,3,3,3,3,3
482581,1,1,1991,0,0,0,0,0,0,0,0,0,0
482581,2,1,1991,23,23,23,23,23,23,23,23,23,23
482582,1,1,1991,20,20,20,20,20,20,20,20,20,20
482582,2,1,1991,17,17,17,17,17,17,17,17,17,17
482583,1,1,1991,1,1,1,1,1,1,1,1,1,1
482583,2,1,1991,0,0,0,0,0,0,0,0,0,0
482584,1,1,1991,0,9,0,0,0,0,0,0,0,0
482585,1,1,1991,13,0,8,10,0,0,15,0,0,15
482585,2,1,1991,0,0,0,0,0,0,15,0,0,0
482586,1,1,1991,0,0,0,0,0,0,0,0,0,0
482587,1,1,1991,0,20,8,0,6,0,14,13,20,0
482588,1,1,1991,0,0,0,0,0,0,0,0,0,0
482589,1,1,1991,14,14,14,14,14,14,14,14,14,14
482589,2,1,1991,16,0,0,0,12,26,0,21,0,0
482590,0,1,1991,0,0,0,0,0,0,0,0,0,0
482590,1,1,1991,0,0,0,0,0,0,0,4,0,0
482591,1,1,1991,28,28,28,28,28,28,28,28,28,28
482592,0,1,1991,0,0,0,0,0,0,0,0,0,0
482592,1,1,1991,0,0,0,0,15,0,0,0,0,0
482593,0,1,1991,25,25,25,25,25,25,25,25,25,25
482593,1,1,1991,7,19,20,13,27,24,0,19,22,29
482594,1,1,1991,10,10,10,10,10,10,10,10,10,10
482595,1,1,1991,9,0,0,0,13,0,0,14,0,14
482596,0,1,1991,0,0,29,8,0,0,0,28,0,41
482596,1,1,1991,0,0,0,11,2,0,0,0,0,0
482597,1,1,1991,0,0,0,0,0,0,0,0,7,0
482597,2,1,1991,0,0,0,0,0,0,0,0,0,0
482598,1,1,1991,17,13,28,21,24,22,16,31,28,19
482599,1,1,1991,16,0,0,0,0,0,0,0,0,0
482599,2,1,1991,0,0,0,0,0,0,0,0,0,0
482600,1,1,1991,0,0,0,9,0,22,0,9,0,0
482601,0,1,1991,22,22,22,22,22,22,22,22,22,22
482601,1,1,1991,15,3,0,21,0,0,0,4,0,9
482602,1,1,1991,0,0,0,0,0,0,0,0,0,0
482602,2,1,1991,0,0,0,0,0,0,0,0,0,0
482603,0,1,1991,21,0,20,0,18,5,0,0,0,21
482603,1,1,1991,0,0,0,0,21,0,11,11,0,0
482604,1,1,1991,0,0,0,0,0,0,0,0,0,0
482604,2,1,1991,0,0,0,0,0,0,0,0,0,0
482605,1,1,1991,0,26,18,0,0,0,0,0,33,13
482605,2,1,1991,0,6,0,0,13,0,0,0,0,13
482606,0,1,1991,0,0,0,25,0,0,43,0,0,0
482606,1,1,1991,0,0,31,22,15,16,14,0,0,0
482607,0,1,1991,0,0,0,0,0,0,0,0,0,0
482607,1,1,1991,22,22,22,22,22,22,22,22,22,22
482608,1,1,1991,11,11,11,11,11,11,11,11,11,11
482609,1,1,1991,19,19,19,19,19,19,19,19,19,19
482610,1,1,1991,0,0,24,0,7,9,0,0,17,23
482611,0,1,1991,23,35,25,20,8,13,0,0,16,18
482611,1,1,1991,0,0,0,0,0,0,8,0,0,0
482612,1,1,1991,0,0,0,0,0,0,0,0,17,0
482612,2,1,1991,0,0,0,0,0,13,0,0,0,0
482613,1,1,1991,14,14,0,0,0,0,18,19,11,0
482614,1,1,1991,0,18,12,0,11,10,18,26,24,16
482615,1,1,1991,10,24,14,22,10,15,19,14,15,12
482616,1,1,1991,0,0,0,0,0,0,0,0,0,0
482616,2,1,1991,15,15,15,15,15,15,15,15,15,15
482617,1,1,1991,0,18,16,12,0,0,0,0,0,0
482617,2,1,1991,12,14,31,29,19,16,18,0,0,7
482618,0,1,1991,12,12,12,12,12,12,12,12,12,12
482618,1,1,1991,8,0,16,0,28,0,0,0,17,10
482619,1,1,1991,12,13,7,11,13,13,21,9,15,15
482620,1,1,1991,0,0,0,0,0,0,24,0,0,0
482620,2,1,1991,24,0,0,0,0,0,0,0,0,0
482621,1,1,1991,9,0,0,0,0,0,0,0,0,2
482622,0,1,1991,14,14,14,14,14,14,14,14,14,14
482622,1,1,1991,0,19,14,0,10,0,0,0,0,0
482623,1,1,1991,10,8,11,0,13,22,0,15,19,13
482624,1,1,1991,0,0,0,0,16,0,0,0,0,15
482625,1,1,1991,20,20,20,20,20,20,20,20,20,20
482625,2,1,1991,7,0,27,6,9,26,0,0,0,0
482626,1,1,1991,18,18,18,18,18,18,18,18,18,18
482627,0,1,1991,0,0,0,0,0,0,0,0,0,0
482627,1,1,1991,22,16,15,10,15,14,8,28,5,19
482628,1,1,1991,17,17,17,17,17,17,17,17,17,17
482629,1,1,1991,0,0,0,0,0,0,0,0,0,0
482629,2,1,1991,0,0,0,0,0,0,0,0,0,0
482629,3,1,1991,0,0,0,0,0,0,0,0,0,15
482630,1,1,1991,0,0,0,0,0,0,0,0,0,0
482630,2,1,1991,0,0,0,0,0,0,0,0,0,0
482630,3,1,1991,0,0,0,0,0,17,0,0,0,0
482631,1,1,1991,0,0,0,0,0,0,0,0,0,0
482632,1,1,1991,0,9,0,0,0,0,0,0,10,0
482632,2,1,1991,25,25,25,25,25,25,25,25,25,25
482633,0,1,1991,0,0,0,0,0,0,0,0,0,0
482633,1,1,1991,0,0,0,0,0,13,0,0,0,0
482634,1,1,1991,21,11,14,20,10,29,20,24,5,5
482634,2,1,1991,0,0,15,7,0,0,0,0,10,0
482635,1,1,1991,20,15,0,18,22,31,26,0,18,12
482636,0,1,1991,0,0,0,0,0,0,0,0,0,0
482636,1,1,1991,0,0,0,0,0,0,0,0,0,0
482637,0,1,1991,16,0,0,0,0,0,0,12,0,30
482637,0,2,1991,0,0,4,0,0,35,14,17,0,5
482637,1,1,1991,0,0,0,0,0,0,0,0,14,0
482637,2,1,1991,20,12,0,0,0,2,0,0,0,0
482638,1,1,1991,0,0,0,0,0,0,0,0,0,0
482638,2,1,1991,0,0,0,0,0,0,0,0,0,0
482639,1,1,1991,0,0,0,0,0,0,0,0,0,0
482639,2,1,1991,0,18,0,0,0,0,0,0,0,0
482640,1,1,1991,0,0,0,0,0,12,0,0,0,17
482640,2,1,1991,0,0,0,0,0,0,0,0,0,0
482641,1,1,1991,15,15,15,15,15,15,15,15,15,15
482642,1,1,1991,7,11,10,5,0,9,3,8,10,17
482642,2,1,1991,0,0,0,22,0,0,0,0,0,12
482643,0,1,1991,0,0,0,0,0,0,0,0,0,0
482643,1,1,1991,0,0,0,0,0,0,0,0,0,0
482644,1,1,1991,0,0,0,0,0,0,0,0,0,0
482644,2,1,1991,0,0,0,0,25,0,0,14,0,0
482645,1,1,1991,10,0,0,0,0,0,0,0,0,14
482646,0,1,1991,13,13,13,13,13,13,13,13,13,13
482646,1,1,1991,0,0,0,0,0,0,0,0,0,0
482647,1,1,1991,0,0,0,0,0,0,0,0,0,0
482648,1,1,1991,24,24,24,24,24,24,24,24,24,24
482649,0,1,1991,0,0,0,0,0,0,0,0,0,0
482649,1,1,1991,0,0,0,0,0,0,0,0,0,0
482650,1,1,1991,0,0,0,0,0,0,0,0,0,0
482651,1,1,1991,12,12,12,12,12,12,12,12,12,12
482651,2,1,1991,0,0,12,14,0,0,0,0,0,0
482651,3,1,1991,6,0,6,0,0,20,0,0,0,0
482651,4,1,1991,0,0,0,0,14,0,0,9,0,0
482651,5,1,1991,15,0,12,14,0,0,17,0,0,0
482652,0,1,1991,21,20,8,24,12,17,28,8,22,14
482652,1,1,1991,0,0,0,0,13,0,0,23,0,0
482653,1,1,1991,7,13,0,0,0,0,7,0,12,0
482654,1,1,1991,0,0,0,0,0,0,0,0,0,0
482654,2,1,1991,5,5,5,5,5,5,5,5,5,5
482655,1,1,1991,8,8,8,8,8,8,8,8,8,8
482656,1,1,1991,8,8,8,8,8,8,8,8,8,8
482656,2,1,1991,0,0,0,0,0,0,27,0,8,0
482657,0,1,1991,26,29,13,33,18,13,11,28,15,39
482657,1,1,1991,30,0,0,0,6,0,10,14,18,0
482658,1,1,1991,21,0,9,2,16,38,25,16,22,18
482659,0,1,1991,0,0,0,0,0,0,0,0,0,0
482659,1,1,1991,18,7,0,17,17,23,12,1,0,7
482660,1,1,1991,17,17,17,17,17,17,17,17,17,17
482661,1,1,1991,0,0,0,0,0,0,0,0,0,0
482661,2,1,1991,0,0,0,0,0,0,0,0,0,0
482662,1,1,1991,34,34,34,34,34,34,34,34,34,34
482663,1,1,1991,0,0,0,0,0,0,0,0,0,0
482663,2,1,1991,0,12,0,0,0,0,0,0,0,0
482664,1,1,1991,20,20,20,20,20,20,20,20,20,20
482665,1,1,1991,7,7,7,7,7,7,7,7,7,7
482666,1,1,1991,14,14,14,14,14,14,14,14,14,14
482666,2,1,1991,10,10,10,10,10,10,10,10,10,10
482667,0,1,1991,33,0,0,23,0,0,0,0,0,0
482667,1,1,1991,0,16,0,0,0,0,11,0,14,0
482668,0,1,1991,26,26,26,26,26,26,26,26,26,26
482668,1,1,1991,8,0,0,0,0,9,0,0,0,0
482669,1,1,1991,0,0,0,0,0,0,0,0,0,0
482669,2,1,1991,0,0,0,0,0,0,0,0,0,0
482670,1,1,1991,18,18,18,18,18,18,18,18,18,18
482670,2,1,1991,0,0,0,0,0,0,0,0,0,0
482671,1,1,1991,0,0,0,0,0,0,6,0,0,0
482671,2,1,1991,0,0,0,0,0,0,0,14,0,0
482672,1,1,1991,0,0,0,0,22,0,28,21,0,0
482673,1,1,1991,0,0,0,0,0,14,0,0,0,0
482673,2,1,1991,0,0,0,0,0,0,0,0,0,0
482674,1,1,1991,0,0,0,0,15,0,15,0,0,0
482674,2,1,1991,11,0,0,0,0,0,12,0,32,0
482675,1,1,1991,0,0,0,0,19,0,0,0,0,0
482676,1,1,1991,0,0,0,0,6,0,0,0,0,7
482677,1,1,1991,0,15,0,0,17,0,0,0,0,0
482678,0,1,1991,20,35,22,0,16,0,0,0,9,36
482678,1,1,1991,0,0,0,0,0,19,0,0,3,18
482679,0,1,1991,17,0,19,25,27,37,17,20,9,35
482679,1,1,1991,0,12,0,0,0,0,0,0,0,4
482680,1,1,1991,0,0,0,0,0,0,0,0,15,0
482681,1,1,1991,0,0,7,0,0,0,0,0,0,0
482681,2,1,1991,0,0,0,0,0,0,0,0,0,0
482682,1,1,1991,7,12,0,14,0,29,19,8,0,6
482683,1,1,1991,0,0,5,0,9,18,0,0,0,0
482683,2,1,1991,0,23,11,0,0,25,0,13,0,12
482684,0,1,1991,14,14,14,14,14,14,14,14,14,14
482684,1,1,1991,6,0,0,0,0,0,37,8,0,7
482685,1,1,1991,39,0,12,0,30,0,0,4,21,0
482686,1,1,1991,8,0,6,0,0,0,0,0,0,0
482687,1,1,1991,0,0,0,0,0,0,0,0,0,0
482687,2,1,1991,7,0,14,0,0,0,0,0,0,0
482687,3,1,1991,0,0,0,0,15,0,0,0,0,0
482687,4,1,1991,0,0,0,0,0,0,0,0,0,0
482688,1,1,1991,19,19,19,19,19,19,19,19,19,19
482689,1,1,1991,0,0,0,0,0,0,0,0,0,0
482689,2,1,1991,0,0,0,0,0,0,0,10,0,0
482690,0,1,1991,38,33,11,14,36,29,0,43,0,23
482690,1,1,1991,7,0,9,29,4,16,20,26,28,27
482691,1,1,1991,11,11,11,11,11,11,11,11,11,11
482691,2,1,1991,0,0,14,0,0,0,0,0,13,0
482693,1,1,1991,0,30,0,0,0,18,0,0,7,16
482694,1,1,1991,17,31,19,17,17,14,13,11,11,0
482695,0,1,1991,0,0,0,0,0,29,0,30,0,9
482695,1,1,1991,12,8,17,12,3,13,8,22,6,15
482696,0,1,1991,19,0,0,0,0,0,0,0,0,0
482696,1,1,1991,0,0,0,0,0,0,0,0,0,0
482697,1,1,1991,0,0,0,0,0,0,0,0,0,0
482697,2,1,1991,0,0,0,0,36,0,0,0,0,0
482698,1,1,1991,11,0,0,0,13,0,24,0,14,24
482699,0,1,1991,22,22,22,22,22,22,22,22,22,22
482699,1,1,1991,0,25,31,0,7,21,25,18,0,0
482700,1,1,1991,8,8,8,8,8,8,8,8,8,8
482700,2,1,1991,18,18,18,18,18,18,18,18,18,18
482701,0,1,1991,0,19,16,0,20,24,26,18,17,14
482701,1,1,1991,8,0,0,0,19,0,0,0,0,0
482701,2,1,1991,17,17,17,17,17,17,17,17,17,17
482702,1,1,1991,11,8,16,15,0,24,0,2,12,8
482703,1,1,1991,16,18,19,12,14,10,15,19,8,13
482704,1,1,1991,0,0,0,0,0,0,0,0,0,0
482705,1,1,1991,21,13,36,27,31,23,20,21,12,21
482706,1,1,1991,11,11,11,11,11,11,11,11,11,11
482706,2,1,1991,23,23,23,23,23,23,23,23,23,23
482707,1,1,1991,0,0,0,0,0,0,0,0,0,0
482707,2,1,1991,15,0,0,0,0,0,0,0,0,0
482708,0,1,1991,0,0,0,0,0,0,0,0,0,0
482708,1,1,1991,21,0,0,0,22,11,0,0,10,27
482709,1,1,1991,0,0,0,0,0,0,0,0,0,0
482709,2,1,1991,0,0,0,0,14,0,0,0,0,0
482709,3,1,1991,0,12,0,0,0,0,0,0,0,0
482710,0,1,1991,15,24,0,37,0,36,30,26,0,14
482710,0,2,1991,26,7,20,19,35,0,14,0,36,0
482710,1,1,1991,0,0,0,0,4,0,0,7,8,0
482711,1,1,1991,30,0,0,0,0,11,0,15,28,12
482712,1,1,1991,0,0,0,0,0,0,0,0,0,0
482712,2,1,1991,0,0,0,0,0,7,0,0,0,0
482713,1,1,1991,0,0,0,0,0,0,0,0,0,0
482714,1,1,1991,0,0,0,0,0,0,0,0,0,0
482715,1,1,1991,0,0,0,0,0,0,0,0,0,0
490001,1,1,1991,0,0,0,0,0,0,0,0,0,0
490001,2,1,1991,0,0,0,0,0,0,0,0,0,0
490001,3,1,1991,0,0,0,0,0,0,0,0,0,0
490001,4,1,1991,0,0,0,0,0,0,0,0,0,0
490001,5,1,1991,0,0,0,0,0,0,0,0,0,0
490001,6,1,1991,0,0,0,0,0,0,0,0,0,0
490001,7,1,1991,0,0,0,0,0,0,0,0,0,0
490001,8,1,1991,0,0,0,0,0,0,0,0,0,0
490001,9,1,1991,0,0,0,0,0,0,0,0,0,0
490001,10,1,1991,0,0,0,0,0,0,0,0,0,0
490001,11,1,1991,0,0,0,0,0,0,0,0,0,0
490001,12,1,1991,0,0,0,0,0,0,0,0,0,0
490001,13,1,1991,0,0,0,0,0,0,0,0,0,0
490001,14,1,1991,0,0,0,0,0,0,0,0,0,0
490001,15,1,1991,0,0,0,0,0,0,0,0,0,0
490001,16,1,1991,0,9,0,0,0,0,0,0,0,0
490001,17,1,1991,0,0,0,0,0,0,0,0,0,0
490001,18,1,1991,0,0,0,0,0,0,0,0,0,0
490001,19,1,1991,0,0,0,0,0,0,0,0,0,0
490001,20,1,1991,0,0,0,0,0,0,0,0,0,0
490001,21,1,1991,0,0,0,0,0,0,0,0,0,0
490001,22,1,1991,0,0,0,0,0,0,0,0,0,0
490001,23,1,1991,0,0,0,0,0,0,0,0,0,0
490001,24,1,1991,0,16,0,0,0,0,0,0,0,0
490002,1,1,1991,0,0,0,0,0,0,0,0,0,0
490002,2,1,1991,0,0,0,0,0,0,0,0,0,0
490003,1,1,1991,22,27,20,23,28,16,29,21,1,18
490004,1,1,1991,0,0,0,0,0,0,0,0,0,21
490004,2,1,1991,0,0,0,0,0,0,0,0,0,0
490004,3,1,1991,0,0,0,0,0,0,0,0,0,0
490005,1,1,1991,0,0,0,0,0,0,0,0,0,0
490007,1,1,1991,18,18,18,18,18,18,18,18,18,18
490008,1,1,1991,0,0,0,0,0,0,0,0,0,0
490009,0,1,1991,0,0,0,0,0,0,0,0,0,0
490009,1,1,1991,22,22,22,22,22,22,22,22,22,22
490010,0,1,1991,0,8,0,0,25,0,0,0,16,0
490010,1,1,1991,0,0,0,0,0,0,0,0,0,0
490011,0,1,1991,0,0,0,0,0,0,0,0,0,0
490011,1,1,1991,0,0,0,0,0,0,0,0,0,0
490012,1,1,1991,0,0,0,0,0,0,0,0,0,0
490012,2,1,1991,26,26,26,26,26,26,26,26,26,26
490013,0,1,1991,0,0,0,0,0,0,0,0,0,0
490013,1,1,1991,0,0,0,0,0,0,0,0,0,0
490014,1,1,1991,0,0,0,0,0,0,0,0,0,0
490016,0,1,1991,0,0,0,0,0,0,0,0,0,0
490016,1,1,1991,24,24,24,24,24,24,24,24,24,24
490017,1,1,1991,0,0,0,0,0,0,0,0,0,0
490018,0,1,1991,0,0,0,0,0,0,0,0,0,0
490018,1,1,1991,0,0,0,0,0,0,0,0,0,0
490020,1,1,1991,0,0,0,0,0,0,0,0,0,0
490021,1,1,1991,0,0,0,0,0,0,0,0,0,0
490021,2,1,1991,0,0,12,0,0,0,0,0,0,0
490023,1,1,1991,0,0,0,0,0,0,0,0,0,0
490023,2,1,1991,0,0,0,0,0,0,0,0,0,0
490023,3,1,1991,0,0,19,0,0,0,0,0,0,0
490023,4,1,1991,0,0,0,0,0,0,0,0,0,0
490025,1,1,1991,0,0,0,0,0,0,0,12,0,0
490026,1,1,1991,8,8,8,8,8,8,8,8,8,8
490027,1,1,1991,0,0,0,0,0,0,0,0,0,0
490028,0,1,1991,0,0,0,0,0,0,0,0,0,0
490028,1,1,1991,0,0,0,0,0,0,0,0,0,0
490029,0,1,1991,0,0,0,0,0,0,0,0,0,0
490029,1,1,1991,0,0,0,0,0,0,0,0,0,0
490030,1,1,1991,0,0,0,0,0,0,0,0,0,0
490030,2,1,1991,0,0,0,0,0,0,0,0,0,0
490031,1,1,1991,0,0,0,0,0,0,0,0,0,0
490031,2,1,1991,0,0,0,0,0,0,0,0,0,0
490031,3,1,1991,0,0,0,0,0,0,0,0,0,0
490031,4,1,1991,0,0,0,0,0,0,0,0,0,0
490031,5,1,1991,0,0,0,0,0,0,0,0,0,0
490032,1,1,1991,0,0,0,0,0,0,0,0,0,0
490033,1,1,1991,32,32,32,32,32,32,32,32,32,32
490034,1,1,1991,0,0,0,0,0,0,0,0,0,0
490034,2,1,1991,0,0,0,0,0,0,0,0,0,0
490034,3,1,1991,0,0,0,0,0,0,0,0,0,0
490035,0,1,1991,0,0,0,0,0,0,0,0,0,0
490035,1,1,1991,0,0,0,0,0,0,0,0,0,0
490036,1,1,1991,6,6,6,6,6,6,6,6,6,6
490037,1,1,1991,0,0,0,0,0,35,0,0,0,0
490038,1,1,1991,0,0,0,0,0,0,0,0,0,0
490038,2,1,1991,33,33,33,33,33,33,33,33,33,33
490039,1,1,1991,0,0,0,0,0,0,0,0,0,0
490040,1,1,1991,3,3,3,3,3,3,3,3,3,3
490040,2,1,1991,0,0,0,0,0,0,0,0,0,0
490041,0,1,1991,0,16,0,0,0,0,0,0,23,0
490041,1,1,1991,0,0,0,0,0,0,0,0,0,0
490042,1,1,1991,0,0,0,0,0,0,0,0,0,0
490042,2,1,1991,0,0,0,0,0,0,0,0,0,0
490042,3,1,1991,0,0,0,0,0,0,0,0,0,0
490043,0,1,1991,0,0,0,0,0,0,0,0,0,0
490043,1,1,1991,0,0,0,0,0,0,0,0,0,0
490044,1,1,1991,0,0,0,0,0,0,0,0,0,0