ST_CASE,VEH_NO,PER_NO,YEAR,P1,P2,P3,P4,P5,P6,P7,P8,P9,P10
490045,1,1,1991,0,0,0,0,0,0,0,0,0,0
490045,2,1,1991,0,0,0,0,0,0,0,0,0,0
490046,1,1,1991,0,0,0,0,0,0,0,0,0,0
490047,1,1,1991,0,0,0,0,0,0,0,0,0,0
490047,2,1,1991,0,0,0,0,0,0,0,0,0,0
490048,1,1,1991,27,27,27,27,27,27,27,27,27,27
490049,1,1,1991,0,0,0,0,0,0,0,0,0,0
490049,2,1,1991,0,0,0,0,0,0,0,0,0,0
490050,1,1,1991,0,0,0,0,0,0,0,0,0,0
490050,2,1,1991,0,0,0,0,0,0,0,0,0,0
490051,1,1,1991,0,0,0,0,0,0,0,0,0,0
490051,2,1,1991,0,0,0,0,0,0,0,0,0,0
490051,3,1,1991,0,0,0,0,0,0,0,0,0,0
490053,1,1,1991,21,21,21,21,21,21,21,21,21,21
490053,2,1,1991,0,0,0,0,0,0,0,0,0,0
490054,1,1,1991,0,0,0,0,0,0,0,0,0,0
490055,1,1,1991,0,0,0,0,0,0,0,0,0,0
490055,2,1,1991,0,0,0,0,0,0,0,0,0,16
490056,0,1,1991,0,0,0,0,0,0,0,0,0,0
490056,1,1,1991,0,0,0,0,0,0,0,0,0,0
490057,1,1,1991,0,0,0,0,0,0,0,0,0,0
490057,2,1,1991,0,0,0,0,0,0,0,0,0,0
490058,0,1,1991,14,21,32,0,0,17,19,9,16,38
490058,1,1,1991,9,9,9,9,9,9,9,9,9,9
490059,1,1,1991,18,18,18,18,18,18,18,18,18,18
490059,2,1,1991,2,2,2,2,2,2,2,2,2,2
490060,1,1,1991,0,0,0,0,0,0,0,0,0,0
490060,2,1,1991,2,2,2,2,2,2,2,2,2,2
490061,1,1,1991,0,0,0,0,0,0,0,0,0,0
490061,2,1,1991,0,0,0,0,0,0,0,0,0,0
490062,1,1,1991,0,16,21,0,0,0,0,0,0,0
490062,2,1,1991,0,0,0,0,0,0,0,0,0,0
490063,1,1,1991,0,0,0,0,0,0,0,0,0,0
490064,1,1,1991,0,0,0,0,0,0,0,0,0,0
490065,1,1,1991,0,0,0,0,0,0,0,0,0,0
490066,1,1,1991,0,0,0,0,0,0,0,0,0,0
490067,1,1,1991,11,11,11,11,11,11,11,11,11,11
490068,0,1,1991,0,0,0,0,0,0,0,0,0,0
490068,1,1,1991,0,0,0,0,19,0,0,0,0,0
490068,2,1,1991,0,0,0,22,0,0,0,0,0,0
490068,3,1,1991,0,0,0,0,24,0,0,0,0,22
490068,4,1,1991,4,13,0,0,0,0,0,0,0,0
490068,5,1,1991,0,10,0,0,0,8,0,0,0,31
490068,6,1,1991,0,0,0,0,0,0,0,0,0,0
490068,7,1,1991,11,18,18,0,12,18,0,26,14,0
490069,1,1,1991,0,0,0,0,0,0,0,0,0,0
490069,2,1,1991,0,0,0,0,0,11,0,0,0,0
490070,1,1,1991,11,11,11,11,11,11,11,11,11,11
490071,1,1,1991,11,11,11,11,11,11,11,11,11,11
490072,1,1,1991,0,0,0,0,0,0,0,0,0,0
490072,2,1,1991,0,0,0,0,0,0,0,0,0,0
490073,1,1,1991,0,0,0,0,0,0,0,0,0,0
490073,2,1,1991,0,0,0,0,0,0,0,0,0,0
490073,3,1,1991,0,0,0,0,0,0,0,0,0,0
490074,1,1,1991,0,0,0,0,0,0,0,0,0,0
490074,2,1,1991,23,23,23,23,23,23,23,23,23,23
490075,1,1,1991,0,0,0,0,0,0,0,0,0,0
490076,1,1,1991,20,20,20,20,20,20,20,20,20,20
490076,2,1,1991,0,0,0,0,0,0,0,0,0,0
490076,3,1,1991,0,0,0,0,0,0,0,0,0,1
490077,1,1,1991,0,0,0,0,0,0,0,0,0,0
490077,2,1,1991,0,0,0,0,0,0,0,0,0,0
490078,1,1,1991,3,3,3,3,3,3,3,3,3,3
490078,2,1,1991,0,0,0,0,0,0,0,0,0,0
490078,3,1,1991,0,0,0,0,0,0,0,0,0,0
490078,4,1,1991,0,0,0,0,0,0,0,0,0,0
490079,1,1,1991,0,0,0,0,0,0,0,0,0,0
490081,1,1,1991,0,0,0,0,0,0,0,0,0,0
490082,1,1,1991,13,13,13,13,13,13,13,13,13,13
490083,1,1,1991,12,12,12,12,12,12,12,12,12,12
490084,1,1,1991,0,0,0,0,0,0,0,0,0,0
490085,1,1,1991,0,0,0,0,0,0,0,0,0,0
490086,1,1,1991,4,4,4,4,4,4,4,4,4,4
490087,1,1,1991,0,0,0,0,0,0,0,0,0,0
490087,2,1,1991,0,0,0,0,0,0,0,0,0,0
490087,3,1,1991,0,0,0,0,0,0,0,0,0,0
490088,1,1,1991,10,0,0,0,0,16,0,18,0,0
490089,1,1,1991,13,14,0,0,0,0,0,0,0,0
490090,1,1,1991,0,0,0,0,0,0,0,0,0,0
490091,1,1,1991,0,0,0,0,0,0,0,0,0,0
490092,1,1,1991,0,25,0,0,0,0,19,0,0,0
490093,1,1,1991,0,0,0,0,0,0,0,0,0,0
490093,2,1,1991,0,0,0,0,0,0,0,0,0,0
490094,1,1,1991,10,10,10,10,10,10,10,10,10,10
490095,0,1,1991,0,0,0,0,0,0,0,0,0,0
490095,1,1,1991,6,6,6,6,6,6,6,6,6,6
490096,0,1,1991,0,0,0,0,0,0,0,0,0,0
490096,1,1,1991,0,0,0,0,0,0,0,0,0,0
490097,1,1,1991,18,18,18,18,18,18,18,18,18,18
490099,1,1,1991,0,0,0,0,0,8,0,0,0,0
490099,2,1,1991,0,0,0,0,0,0,0,0,0,0
490100,1,1,1991,0,0,0,0,0,0,0,0,0,0
490100,2,1,1991,0,0,0,0,0,0,0,0,0,0
490101,1,1,1991,15,15,15,15,15,15,15,15,15,15
490101,2,1,1991,0,0,0,0,0,0,0,0,0,0
490102,1,1,1991,0,0,0,0,0,0,0,0,0,0
490103,0,1,1991,0,0,0,0,0,0,0,0,0,0
490103,1,1,1991,0,0,0,0,0,0,0,0,0,0
490104,1,1,1991,23,23,23,23,23,23,23,23,23,23
490105,1,1,1991,17,17,17,17,17,17,17,17,17,17
490106,1,1,1991,0,0,0,0,0,0,0,0,0,0
490106,2,1,1991,0,0,0,0,0,0,0,0,0,0
490107,1,1,1991,24,24,24,24,24,24,24,24,24,24
490108,1,1,1991,0,0,0,0,0,0,0,0,0,0
490109,1,1,1991,0,0,0,0,0,0,0,0,0,0
490110,1,1,1991,0,0,0,0,0,0,0,0,0,0
490111,1,1,1991,0,0,0,0,0,0,0,0,0,0
490112,1,1,1991,28,28,28,28,28,28,28,28,28,28
490113,1,1,1991,0,0,0,0,0,0,0,0,0,0
490114,0,1,1991,0,0,0,0,0,0,0,0,0,0
490114,1,1,1991,0,0,0,0,0,0,0,0,0,0
490115,1,1,1991,7,7,7,7,7,7,7,7,7,7
490115,2,1,1991,0,0,0,0,0,0,0,0,4,0
490115,3,1,1991,0,0,0,0,0,0,0,0,0,0
490116,1,1,1991,30,30,30,30,30,30,30,30,30,30
490117,1,1,1991,14,14,14,14,14,14,14,14,14,14
490118,1,1,1991,13,13,13,13,13,13,13,13,13,13
490120,1,1,1991,0,0,0,0,0,0,0,0,0,0
490121,1,1,1991,0,0,0,0,0,0,0,0,0,0
490121,2,1,1991,0,0,0,0,0,0,0,0,0,0
490121,3,1,1991,0,0,0,0,0,0,0,0,0,0
490122,1,1,1991,0,0,0,0,0,0,0,0,0,0
490122,2,1,1991,0,0,0,0,0,0,0,0,0,0
490123,1,1,1991,0,0,0,0,0,0,0,0,0,0
490123,2,1,1991,0,0,0,0,0,0,2,0,0,0
490124,1,1,1991,0,0,0,0,0,0,0,0,0,0
490125,1,1,1991,0,0,0,0,0,0,0,0,0,0
490126,1,1,1991,0,0,0,0,0,0,0,0,0,0
490126,2,1,1991,0,0,0,0,0,0,0,0,0,0
490127,1,1,1991,0,0,0,0,0,0,0,0,0,0
490128,1,1,1991,0,0,0,0,0,0,0,0,0,0
490128,2,1,1991,0,0,0,0,0,0,0,0,0,0
490129,1,1,1991,23,23,23,23,23,23,23,23,23,23
490129,2,1,1991,7,0,0,9,0,30,14,0,0,3
490130,1,1,1991,5,5,5,5,5,5,5,5,5,5
490130,2,1,1991,0,0,0,0,0,0,0,0,0,0
490131,1,1,1991,0,0,0,0,0,0,0,0,0,0
490131,2,1,1991,0,0,0,0,0,0,0,0,0,0
490132,1,1,1991,13,13,13,13,13,13,13,13,13,13
490133,1,1,1991,24,24,24,24,24,24,24,24,24,24
490133,2,1,1991,0,0,0,0,0,0,0,0,0,0
490133,3,1,1991,0,0,26,0,14,0,0,0,0,0
490133,4,1,1991,0,0,0,0,0,0,0,0,0,0
490133,5,1,1991,0,0,0,0,0,0,0,0,0,0
490133,6,1,1991,0,0,0,0,0,0,0,0,0,0
490133,7,1,1991,0,0,0,0,0,0,0,0,0,0
490134,1,1,1991,0,0,0,0,0,0,0,0,0,0
490134,2,1,1991,8,8,8,8,8,8,8,8,8,8
490135,1,1,1991,0,0,0,0,0,0,0,0,0,0
490135,2,1,1991,0,0,0,0,0,0,0,0,0,0
490136,1,1,1991,0,0,0,0,0,0,0,0,0,0
490137,1,1,1991,0,0,0,0,0,0,0,0,0,0
490137,2,1,1991,0,0,0,0,0,0,0,0,0,0
490138,1,1,1991,0,0,0,0,0,0,0,0,0,0
490139,1,1,1991,0,0,0,0,0,0,0,0,0,0
490139,2,1,1991,0,0,0,0,0,0,0,0,0,0
490140,1,1,1991,7,7,7,7,7,7,7,7,7,7
490141,1,1,1991,0,0,0,0,0,0,0,0,0,0
490141,2,1,1991,0,0,0,0,0,0,0,0,0,0
490141,3,1,1991,0,0,0,0,0,0,0,0,0,0
490142,1,1,1991,0,0,0,0,0,0,0,0,0,0
490142,2,1,1991,10,10,10,10,10,10,10,10,10,10
490143,1,1,1991,0,0,0,0,0,0,0,0,0,0
490144,1,1,1991,6,6,6,6,6,6,6,6,6,6
490145,1,1,1991,0,0,0,0,0,0,0,0,0,0
490146,1,1,1991,0,0,0,0,0,0,0,0,0,0
490147,1,1,1991,0,0,0,0,0,0,0,0,0,0
490148,1,1,1991,0,0,0,0,0,0,0,0,0,0
490149,1,1,1991,0,0,0,0,0,0,0,0,0,0
490150,1,1,1991,0,0,0,0,0,0,0,0,0,0
490150,2,1,1991,0,0,0,0,0,0,0,0,0,0
490151,1,1,1991,0,0,0,0,0,0,0,0,0,0
490152,1,1,1991,0,0,0,0,0,0,0,0,0,0
490153,1,1,1991,19,19,19,19,19,19,19,19,19,19
490154,1,1,1991,0,0,0,0,0,0,0,0,0,0
490154,2,1,1991,0,0,0,0,0,0,0,0,0,0
490155,1,1,1991,31,31,31,31,31,31,31,31,31,31
490156,1,1,1991,0,0,0,0,0,0,0,0,0,0
490157,1,1,1991,0,0,0,0,0,0,0,0,0,0
490157,2,1,1991,0,0,0,0,4,0,18,0,0,0
490158,1,1,1991,0,0,0,0,0,0,0,0,0,0
490159,1,1,1991,0,0,0,0,0,0,0,0,0,0
490160,1,1,1991,0,0,0,0,0,0,0,0,0,0
490161,1,1,1991,0,0,0,0,0,0,0,0,0,0
490161,2,1,1991,0,0,0,0,0,0,0,0,0,0
490162,0,1,1991,0,14,0,0,12,0,0,0,13,25
490162,1,1,1991,0,0,0,0,0,0,0,0,0,0
490163,1,1,1991,0,0,0,0,0,0,0,0,0,0
490164,1,1,1991,13,13,13,13,13,13,13,13,13,13
490165,1,1,1991,0,0,0,0,0,0,0,0,0,0
490165,2,1,1991,0,0,0,0,0,0,0,0,0,0
490165,3,1,1991,0,0,0,0,0,0,0,0,0,7
490166,1,1,1991,0,0,0,0,0,0,0,0,0,0
490166,2,1,1991,0,0,0,0,0,0,0,0,0,0
490166,3,1,1991,0,0,0,0,0,0,0,0,0,0
490166,4,1,1991,0,0,0,0,0,0,0,0,0,0
490167,1,1,1991,0,0,0,0,0,0,0,0,0,0
490167,2,1,1991,0,0,0,0,0,0,0,0,0,0
490168,1,1,1991,0,0,0,0,0,16,0,0,0,0
490168,2,1,1991,0,0,0,0,0,0,0,0,0,0
490169,1,1,1991,0,0,0,0,0,0,0,0,0,0
490170,1,1,1991,0,0,0,0,0,0,0,0,0,0
490170,2,1,1991,0,0,0,0,0,0,0,0,0,0
490171,0,1,1991,0,0,0,0,0,0,0,0,0,0
490171,1,1,1991,0,0,0,0,0,0,0,0,0,0
490172,1,1,1991,19,19,19,19,19,19,19,19,19,19
490173,1,1,1991,0,0,0,0,0,0,0,0,0,0
490174,1,1,1991,0,46,0,21,10,4,33,0,0,0
490175,1,1,1991,0,0,0,0,0,0,0,0,0,0
490176,1,1,1991,0,0,0,0,0,0,0,0,0,0
490177,1,1,1991,0,0,0,0,0,0,0,0,0,0
490177,2,1,1991,0,0,0,0,0,0,0,0,0,0
490178,0,1,1991,15,15,15,15,15,15,15,15,15,15
490178,1,1,1991,0,0,0,0,0,0,0,0,0,0
490179,1,1,1991,28,28,28,28,28,28,28,28,28,28
490179,2,1,1991,0,0,0,0,0,0,0,0,0,0
490180,1,1,1991,0,0,0,0,0,0,0,0,0,0
490181,1,1,1991,0,0,0,0,0,0,0,0,0,0
490182,1,1,1991,0,0,0,0,0,0,0,0,0,0
490182,2,1,1991,0,0,0,0,0,0,0,0,0,0
490183,0,1,1991,0,0,0,0,0,0,0,0,0,0
490183,1,1,1991,0,0,0,0,0,0,0,0,0,0
490184,1,1,1991,0,0,0,0,0,0,0,0,0,0
490184,2,1,1991,0,0,0,0,0,0,0,0,0,17
490184,3,1,1991,0,0,0,0,0,0,0,0,0,0
490185,1,1,1991,31,31,31,31,31,31,31,31,31,31
490186,0,1,1991,32,32,32,32,32,32,32,32,32,32
490186,1,1,1991,0,0,0,0,0,0,0,0,0,0
490187,1,1,1991,0,0,0,0,0,0,0,0,0,0
490188,1,1,1991,0,0,0,0,0,0,0,0,0,0
490188,2,1,1991,0,0,0,0,0,0,0,0,0,0
490189,1,1,1991,0,0,0,0,0,0,0,0,0,0
490190,1,1,1991,0,0,0,0,0,0,0,0,0,0
490190,2,1,1991,0,0,0,0,0,0,0,0,0,0
490191,1,1,1991,0,0,0,0,0,0,0,0,0,0
490192,0,1,1991,0,0,0,0,0,0,0,0,0,0
490192,1,1,1991,0,0,0,0,0,0,0,0,0,0
490193,1,1,1991,0,0,0,0,0,0,0,0,0,0
490194,1,1,1991,0,0,0,0,0,0,0,0,0,0
490195,1,1,1991,18,18,18,18,18,18,18,18,18,18
490196,1,1,1991,0,0,0,0,0,0,0,0,0,0
490197,0,1,1991,0,0,0,0,0,0,0,0,0,0
490197,1,1,1991,0,0,0,0,0,0,0,0,0,0
490198,1,1,1991,0,0,0,0,0,0,0,0,0,0
490198,2,1,1991,0,0,0,0,0,0,0,0,0,0
490198,3,1,1991,0,0,0,0,0,0,0,0,0,0
490198,4,1,1991,0,0,0,0,0,0,0,0,0,0
490200,1,1,1991,0,0,0,0,0,0,0,0,0,0
490200,2,1,1991,0,0,0,0,0,0,0,0,0,0
490201,1,1,1991,12,22,0,3,15,10,21,22,14,9
490202,1,1,1991,16,16,16,16,16,16,16,16,16,16
490203,1,1,1991,0,0,0,0,0,0,0,0,0,0
490204,0,1,1991,23,10,25,0,27,29,37,18,14,0
490204,1,1,1991,0,0,7,0,23,0,0,24,0,9
490205,1,1,1991,0,0,0,0,0,0,0,0,0,0
490206,0,1,1991,0,0,0,0,0,0,0,0,0,0
490206,0,2,1991,0,0,0,0,0,0,0,0,0,0
490206,1,1,1991,0,0,0,0,0,0,0,0,0,0
490206,2,1,1991,0,0,0,0,0,0,0,0,0,0
490207,1,1,1991,0,0,0,0,0,0,0,0,0,0
490207,2,1,1991,0,0,0,0,0,0,0,0,0,0
490208,1,1,1991,0,0,0,8,35,0,0,0,0,0
490209,1,1,1991,0,0,0,0,0,0,0,0,0,0
490210,1,1,1991,20,20,20,20,20,20,20,20,20,20
490211,1,1,1991,28,28,28,28,28,28,28,28,28,28
490211,2,1,1991,0,0,0,0,0,0,0,0,0,0
490213,1,1,1991,0,0,0,0,0,0,0,0,0,0
490213,2,1,1991,0,0,0,0,0,0,0,0,0,0
490213,3,1,1991,0,0,0,0,0,0,0,0,0,0
490214,1,1,1991,26,26,26,26,26,26,26,26,26,26
490215,1,1,1991,0,0,0,0,0,0,0,0,0,0
490215,2,1,1991,20,20,20,20,20,20,20,20,20,20
490215,3,1,1991,0,0,0,0,0,0,0,0,0,0
490216,1,1,1991,20,20,20,20,20,20,20,20,20,20
490218,1,1,1991,0,0,0,0,0,0,0,0,0,0
490219,1,1,1991,2,2,2,2,2,2,2,2,2,2
490220,1,1,1991,0,0,0,0,0,0,0,0,0,0
490221,1,1,1991,0,0,0,0,0,0,0,0,0,0
490221,2,1,1991,0,0,0,0,0,0,0,0,0,0
490222,1,1,1991,19,19,19,19,19,19,19,19,19,19
490223,1,1,1991,22,22,22,22,22,22,22,22,22,22
490224,0,1,1991,0,16,0,0,0,0,0,0,0,0
490224,1,1,1991,0,0,0,0,0,0,0,0,0,0
490225,1,1,1991,0,0,0,0,0,0,0,0,0,0
490226,0,1,1991,15,0,12,0,0,0,0,0,21,32
490226,1,1,1991,0,0,0,0,0,0,0,0,0,0
490227,0,1,1991,0,0,0,0,0,0,0,0,0,0
490227,1,1,1991,0,0,0,0,0,0,0,0,0,0
490228,0,1,1991,0,0,0,0,0,0,0,0,0,0
490228,0,2,1991,0,0,0,0,0,0,0,0,0,0
490228,1,1,1991,0,0,0,0,0,0,0,0,0,0
490229,1,1,1991,0,0,0,0,0,0,0,0,0,0
490231,1,1,1991,10,0,0,0,16,0,0,0,0,0
490231,2,1,1991,6,0,10,0,0,0,0,9,0,0
490232,1,1,1991,0,0,0,0,0,0,0,0,0,0
490232,2,1,1991,0,0,0,0,0,0,0,0,0,0
490233,0,1,1991,0,18,0,42,0,0,0,0,0,0
490233,1,1,1991,0,0,0,0,0,0,0,0,0,17
490234,0,1,1991,22,22,22,22,22,22,22,22,22,22
490234,1,1,1991,0,0,0,0,0,0,0,0,0,0
490235,1,1,1991,0,0,0,0,0,0,0,0,0,0
490236,1,1,1991,0,0,0,0,0,0,0,0,0,0
490237,0,1,1991,0,0,0,0,0,0,0,0,0,0
490237,1,1,1991,0,0,0,0,0,0,0,0,0,0
490238,1,1,1991,0,0,0,0,0,0,0,0,0,0
490238,2,1,1991,0,0,0,0,0,0,0,0,0,0
490239,1,1,1991,0,10,0,0,0,0,0,19,20,0
490240,1,1,1991,0,0,0,0,0,0,0,0,0,0
490240,2,1,1991,15,15,15,15,15,15,15,15,15,15
490241,1,1,1991,8,37,14,22,37,15,0,11,0,0
490242,1,1,1991,0,0,0,0,0,0,0,0,0,0
500001,1,1,1991,4,4,4,4,4,4,4,4,4,4
500002,1,1,1991,0,0,0,0,0,0,0,0,0,0
500003,1,1,1991,0,0,0,0,0,0,0,6,0,0
500004,1,1,1991,12,12,16,5,0,15,22,16,9,8
500004,2,1,1991,0,0,0,0,0,0,0,0,0,0
500004,3,1,1991,0,0,0,0,0,26,0,0,0,0
500005,0,1,1991,0,0,0,0,0,0,0,0,0,0
500005,1,1,1991,0,0,0,0,0,0,0,0,0,0
500006,1,1,1991,8,8,8,8,8,8,8,8,8,8
500007,1,1,1991,31,31,31,31,31,31,31,31,31,31
500008,1,1,1991,0,0,0,0,0,0,0,0,0,0
500008,2,1,1991,0,0,0,0,0,0,0,0,0,0
500009,1,1,1991,29,29,29,29,29,29,29,29,29,29
500010,0,1,1991,23,23,23,23,23,23,23,23,23,23
500010,1,1,1991,43,0,0,7,10,24,0,25,0,16
500011,0,1,1991,26,26,26,26,26,26,26,26,26,26
500011,1,1,1991,0,0,0,0,0,0,0,0,0,0
500012,1,1,1991,0,0,0,0,0,0,0,0,0,0
500013,1,1,1991,26,26,26,26,26,26,26,26,26,26
500014,1,1,1991,32,32,32,32,32,32,32,32,32,32
500014,2,1,1991,0,0,0,0,0,0,0,0,0,0
500015,1,1,1991,0,0,0,0,0,0,0,0,0,0
500016,1,1,1991,15,15,15,15,15,15,15,15,15,15
500017,1,1,1991,14,14,14,14,14,14,14,14,14,14
500018,1,1,1991,29,29,29,29,29,29,29,29,29,29
500018,2,1,1991,0,0,0,0,0,0,0,16,0,0
500019,1,1,1991,2,2,2,2,2,2,2,2,2,2
500020,0,1,1991,0,0,0,0,0,0,0,0,0,0
500020,1,1,1991,0,0,0,0,0,0,0,0,0,0
500021,1,1,1991,22,8,24,20,3,24,24,0,11,9
500022,1,1,1991,15,15,15,15,15,15,15,15,15,15
500023,1,1,1991,0,0,0,0,0,0,0,0,0,0
500024,1,1,1991,0,0,0,0,0,0,0,0,0,0
500025,0,1,1991,2,2,2,2,2,2,2,2,2,2
500025,1,1,1991,0,0,0,0,0,0,0,0,0,0
500026,1,1,1991,0,0,0,0,0,0,0,0,0,0
500027,1,1,1991,4,4,4,4,4,4,4,4,4,4
500029,2,1,1991,23,23,23,23,23,23,23,23,23,23
500030,1,1,1991,2,2,2,2,2,2,2,2,2,2
500036,1,1,1991,17,17,17,17,17,17,17,17,17,17
500036,2,1,1991,0,0,0,0,0,0,0,0,0,0
500037,1,1,1991,16,16,16,16,16,16,16,16,16,16
500038,1,1,1991,19,19,19,19,19,19,19,19,19,19
500038,2,1,1991,0,0,0,0,0,0,0,0,0,0
500039,1,1,1991,31,31,31,31,31,31,31,31,31,31
500040,1,1,1991,0,0,0,0,0,0,0,0,0,0
500040,2,1,1991,0,0,0,0,0,0,0,0,0,0
500041,1,1,1991,8,8,8,8,8,8,8,8,8,8
500042,1,1,1991,33,33,33,33,33,33,33,33,33,33
500043,1,1,1991,18,18,18,18,18,18,18,18,18,18
500044,1,1,1991,0,0,0,0,0,0,0,0,0,0
500044,2,1,1991,0,0,0,0,0,0,0,0,0,0
500044,3,1,1991,0,0,0,0,0,0,0,0,0,0
500045,1,1,1991,8,8,8,8,8,8,8,8,8,8
500046,1,1,1991,10,24,16,0,0,0,0,0,0,0
500046,2,1,1991,0,0,0,0,0,0,0,0,0,0
500047,1,1,1991,0,0,0,0,0,0,0,0,0,0
500048,1,1,1991,0,0,0,0,0,0,0,0,0,0
500048,2,1,1991,0,0,0,0,0,0,0,0,0,0
500049,1,1,1991,22,22,22,22,22,22,22,22,22,22
500050,1,1,1991,26,26,26,26,26,26,26,26,26,26
500051,1,1,1991,11,26,24,19,11,5,15,23,11,7
500052,0,1,1991,25,25,25,25,25,25,25,25,25,25
500053,0,1,1991,0,0,0,0,0,0,22,0,0,17
500053,1,1,1991,23,23,23,23,23,23,23,23,23,23
500054,1,1,1991,14,14,14,14,14,14,14,14,14,14
500055,1,1,1991,20,20,20,20,20,20,20,20,20,20
500056,1,1,1991,12,12,12,12,12,12,12,12,12,12
500056,2,1,1991,0,0,0,0,0,0,0,0,0,0
500057,1,1,1991,0,0,0,0,0,0,0,0,0,0
500057,2,1,1991,0,0,0,0,0,0,0,0,0,0
500058,1,1,1991,0,0,0,0,0,0,0,0,0,0
500058,2,1,1991,5,5,5,5,5,5,5,5,5,5
500059,1,1,1991,11,11,11,11,11,11,11,11,11,11
500061,1,1,1991,0,0,13,0,0,0,0,0,0,0
500061,2,1,1991,0,0,0,0,0,0,0,0,0,0
500061,3,1,1991,0,0,0,0,0,0,0,0,0,0
500062,1,1,1991,14,14,14,14,14,14,14,14,14,14
500062,2,1,1991,4,5,15,12,19,12,19,6,13,11
500063,1,1,1991,0,0,0,0,0,0,0,0,0,0
500063,2,1,1991,9,9,9,9,9,9,9,9,9,9
500064,1,1,1991,0,0,0,0,0,9,0,0,0,0
500064,2,1,1991,0,0,0,0,0,0,0,0,0,3
500065,1,1,1991,0,0,0,0,0,0,0,0,0,0
500065,2,1,1991,0,0,0,0,0,0,0,0,0,0
500066,1,1,1991,0,0,0,0,0,0,0,0,0,0
500067,1,1,1991,5,5,5,5,5,5,5,5,5,5
500068,1,1,1991,18,18,18,18,18,18,18,18,18,18
500069,1,1,1991,12,12,12,12,12,12,12,12,12,12
500071,1,1,1991,0,0,0,0,0,0,0,0,0,0
500071,2,1,1991,0,0,0,0,0,0,0,0,0,0
500071,3,1,1991,0,0,0,0,0,0,0,0,0,0
500072,1,1,1991,0,0,0,0,0,0,0,0,0,0
500073,1,1,1991,0,0,0,0,0,0,0,0,0,0
500073,2,1,1991,0,0,0,0,0,0,0,0,0,0
500074,1,1,1991,0,0,0,0,0,0,0,0,0,0
500074,2,1,1991,0,0,0,0,0,0,0,0,0,0
500075,1,1,1991,0,0,0,0,0,0,0,0,0,0
500076,1,1,1991,20,20,20,20,20,20,20,20,20,20
500076,2,1,1991,0,0,0,0,0,0,0,0,0,0
500077,1,1,1991,19,19,19,19,19,19,19,19,19,19
500078,1,1,1991,0,0,0,0,0,0,0,0,0,0
500078,2,1,1991,0,0,0,0,0,0,0,0,0,0
500079,1,1,1991,0,0,0,0,0,0,0,0,0,0
500079,2,1,1991,0,0,0,0,0,0,0,0,0,0
500080,1,1,1991,0,4,0,0,0,0,0,0,0,12
500080,2,1,1991,0,0,0,0,0,0,0,0,0,0
500081,1,1,1991,38,38,38,38,38,38,38,38,38,38
500082,1,1,1991,0,0,0,0,0,0,0,0,0,0
500083,1,1,1991,4,4,4,4,4,4,4,4,4,4
500084,1,1,1991,0,0,0,0,0,0,0,0,0,0
500084,2,1,1991,0,0,0,0,0,0,0,0,0,0
500084,3,1,1991,0,0,0,0,23,0,0,0,0,0
500085,1,1,1991,15,0,0,0,0,0,0,0,0,0
500086,1,1,1991,0,0,0,0,0,0,0,0,0,0
500086,2,1,1991,0,0,0,0,0,0,0,0,0,0
500087,1,1,1991,0,0,0,0,0,0,0,0,0,0
500088,1,1,1991,9,9,9,9,9,9,9,9,9,9
500089,0,1,1991,0,0,0,0,0,0,0,0,0,0
500089,1,1,1991,0,0,0,0,0,0,0,0,0,0
500090,1,1,1991,5,5,5,5,5,5,5,5,5,5
500091,1,1,1991,0,0,0,0,0,0,0,0,0,0
500092,0,1,1991,0,0,0,0,0,0,0,0,0,0
500092,1,1,1991,0,0,0,0,0,0,0,0,0,0
500093,1,1,1991,0,0,0,0,0,0,0,0,0,0
500094,1,1,1991,0,0,0,0,0,0,0,0,0,0
500094,2,1,1991,0,0,0,0,0,0,0,0,0,0
500095,1,1,1991,0,0,0,0,0,15,0,0,0,0
500095,2,1,1991,0,0,0,0,0,0,0,0,0,0
500096,1,1,1991,0,0,24,0,0,0,10,0,0,0
500097,1,1,1991,0,0,0,0,0,0,0,0,0,0
500097,2,1,1991,0,0,0,0,0,0,0,0,0,0
500098,1,1,1991,0,0,0,0,0,0,0,0,0,0
500098,2,1,1991,0,0,0,0,0,0,0,0,0,0
500099,1,1,1991,0,19,0,26,0,18,0,16,17,0
500099,2,1,1991,0,0,0,0,0,0,0,0,0,0
500100,1,1,1991,0,0,0,0,0,0,0,0,0,0
500100,2,1,1991,0,0,0,0,0,0,0,0,0,0
500101,1,1,1991,10,10,10,10,10,10,10,10,10,10
500102,1,1,1991,21,21,21,21,21,21,21,21,21,21
500103,1,1,1991,4,4,4,4,4,4,4,4,4,4
500104,0,1,1991,0,0,0,0,0,0,0,0,0,0
500104,1,1,1991,0,0,0,0,0,0,0,0,0,0
500105,1,1,1991,6,6,6,6,6,6,6,6,6,6
500106,1,1,1991,0,0,0,0,0,0,0,0,0,0
500106,2,1,1991,0,0,0,0,0,0,0,0,0,0
500108,0,1,1991,0,0,0,0,0,0,0,0,0,0
500108,1,1,1991,0,0,0,0,0,0,0,0,0,0
500109,1,1,1991,0,0,0,0,0,0,0,0,0,0
500109,2,1,1991,0,0,0,0,0,0,0,0,0,0
510001,1,1,1991,10,12,17,13,0,4,0,21,8,23
510002,1,1,1991,17,17,17,17,17,17,17,17,17,17
510002,2,1,1991,0,0,0,0,0,0,0,0,0,0
510004,1,1,1991,0,0,0,0,0,0,0,0,0,0
510004,2,1,1991,0,0,0,0,0,0,0,0,0,0
510004,3,1,1991,0,0,0,0,0,0,0,0,0,0
510005,0,1,1991,13,12,21,25,19,25,23,30,20,23
510005,1,1,1991,0,11,0,0,0,0,0,0,0,0
510006,1,1,1991,14,14,14,14,14,14,14,14,14,14
510007,1,1,1991,25,0,0,0,0,0,0,0,0,0