ST_CASE,VEH_NO,PER_NO,YEAR,P1,P2,P3,P4,P5,P6,P7,P8,P9,P10
510007,2,1,1991,0,0,0,0,0,0,0,0,0,0
510008,1,1,1991,0,0,0,0,0,0,0,0,0,0
510009,1,1,1991,0,0,0,0,0,0,0,0,0,0
510011,1,1,1991,0,0,0,0,0,0,0,0,0,0
510011,2,1,1991,0,0,0,9,7,11,0,0,0,0
510011,3,1,1991,0,0,0,0,0,0,0,0,0,0
510011,4,1,1991,0,6,33,7,5,0,0,22,0,0
510012,1,1,1991,0,0,0,0,0,0,0,0,0,0
510013,1,1,1991,4,0,27,13,10,16,19,20,15,13
510014,1,1,1991,0,0,0,0,0,0,0,0,0,0
510014,2,1,1991,0,0,0,0,0,0,0,0,0,0
510015,0,1,1991,0,0,0,0,0,0,0,0,0,0
510015,1,1,1991,0,0,0,0,0,0,0,0,0,0
510016,1,1,1991,0,0,0,0,0,0,0,0,0,0
510016,2,1,1991,0,0,0,0,0,0,0,0,0,0
510017,1,1,1991,0,0,0,0,0,0,0,0,0,0
510018,0,1,1991,0,0,0,0,0,0,0,0,0,0
510018,1,1,1991,12,9,0,13,4,26,15,0,21,0
510019,0,1,1991,0,0,0,0,0,0,0,0,0,0
510019,1,1,1991,0,0,0,0,0,0,0,0,0,0
510021,1,1,1991,0,0,0,0,0,0,0,0,0,23
510022,0,1,1991,0,0,0,0,0,0,0,0,0,0
510022,1,1,1991,0,0,0,0,0,0,0,0,0,0
510023,1,1,1991,0,0,0,0,0,0,0,0,0,0
510024,0,1,1991,20,20,20,20,20,20,20,20,20,20
510024,1,1,1991,0,0,0,0,0,0,0,0,0,0
510025,1,1,1991,0,0,0,0,0,0,0,0,0,0
510025,2,1,1991,0,0,0,0,0,0,0,0,0,0
510025,3,1,1991,0,0,0,0,0,0,0,0,0,0
510026,1,1,1991,0,0,0,0,0,0,0,0,0,0
510027,1,1,1991,0,0,0,0,0,0,0,0,0,0
510027,2,1,1991,0,0,0,0,0,0,0,0,0,0
510027,3,1,1991,0,0,0,0,0,0,0,0,0,0
510028,1,1,1991,0,0,0,0,0,0,0,0,0,0
510028,2,1,1991,0,0,0,0,0,0,0,0,0,0
510029,1,1,1991,0,0,0,0,0,0,0,0,0,0
510029,2,1,1991,0,0,0,0,0,0,0,0,0,0
510030,1,1,1991,0,0,0,0,0,0,0,0,0,0
510030,2,1,1991,0,0,0,0,0,0,0,0,0,0
510031,1,1,1991,0,0,0,0,0,0,0,0,0,0
510031,2,1,1991,0,0,0,0,0,0,0,0,0,0
510032,1,1,1991,15,0,0,15,20,0,14,0,18,0
510033,1,1,1991,0,0,0,0,0,0,0,0,0,0
510034,0,1,1991,0,0,24,6,0,0,22,0,6,12
510034,1,1,1991,22,22,22,22,22,22,22,22,22,22
510035,1,1,1991,32,32,32,32,32,32,32,32,32,32
510036,1,1,1991,17,17,17,17,17,17,17,17,17,17
510036,2,1,1991,0,0,0,0,0,0,0,0,0,0
510037,1,1,1991,15,15,15,15,15,15,15,15,15,15
510037,2,1,1991,0,0,0,0,0,0,0,0,0,0
510038,1,1,1991,0,0,0,0,0,0,0,0,0,0
510039,1,1,1991,37,37,37,37,37,37,37,37,37,37
510039,2,1,1991,4,4,4,4,4,4,4,4,4,4
510040,0,1,1991,0,23,0,0,0,0,0,0,0,0
510040,1,1,1991,0,0,0,0,0,0,0,0,0,0
510041,1,1,1991,0,0,0,0,0,0,0,0,0,0
510041,2,1,1991,0,0,0,0,0,0,0,0,0,8
510042,1,1,1991,0,0,0,0,0,0,0,0,0,0
510042,2,1,1991,0,0,0,0,0,0,0,0,0,0
510043,1,1,1991,0,0,0,0,0,0,0,0,0,0
510043,2,1,1991,0,0,0,0,0,0,12,0,0,0
510043,3,1,1991,0,0,0,0,0,0,0,0,0,0
510044,1,1,1991,1,1,1,1,1,1,1,1,1,1
510045,1,1,1991,12,17,17,9,18,0,10,5,24,13
510045,2,1,1991,0,6,0,0,0,0,0,0,0,0
510046,1,1,1991,0,0,0,0,23,0,0,0,0,0
510047,1,1,1991,11,11,11,11,11,11,11,11,11,11
510048,1,1,1991,11,11,11,11,11,11,11,11,11,11
510049,1,1,1991,26,26,26,26,26,26,26,26,26,26
510050,0,1,1991,0,0,0,0,0,0,0,0,0,0
510050,1,1,1991,0,8,0,17,0,0,0,0,0,0
510051,0,1,1991,11,11,11,11,11,11,11,11,11,11
510051,1,1,1991,32,25,14,16,11,21,24,8,0,6
510052,1,1,1991,0,0,0,0,0,0,0,0,0,0
510052,2,1,1991,23,23,23,23,23,23,23,23,23,23
510053,1,1,1991,19,19,19,19,19,19,19,19,19,19
510054,1,1,1991,24,24,24,24,24,24,24,24,24,24
510054,2,1,1991,0,0,0,0,0,0,0,0,0,0
510054,3,1,1991,0,0,0,0,0,0,0,0,0,0
510055,1,1,1991,0,0,0,0,0,0,0,0,0,0
510055,2,1,1991,0,0,17,0,0,0,0,0,0,0
510056,1,1,1991,0,0,0,0,0,0,0,0,0,0
510056,2,1,1991,0,0,0,0,0,0,0,0,0,0
510057,1,1,1991,0,0,0,0,0,0,0,0,0,0
510057,2,1,1991,0,0,0,0,0,0,0,0,0,0
510058,0,1,1991,23,23,23,23,23,23,23,23,23,23
510058,1,1,1991,0,0,0,0,0,0,0,0,0,0
510059,1,1,1991,0,0,0,0,0,0,0,0,0,0
510059,2,1,1991,0,0,0,0,0,0,0,0,0,0
510059,3,1,1991,0,0,0,4,0,0,0,0,0,0
510060,1,1,1991,15,4,15,19,21,12,13,29,11,14
510061,1,1,1991,29,29,29,29,29,29,29,29,29,29
510062,1,1,1991,0,0,0,0,0,0,0,0,0,0
510063,1,1,1991,0,0,0,0,0,0,0,0,0,0
510064,1,1,1991,0,0,0,0,0,0,0,0,0,0
510064,2,1,1991,0,0,0,0,0,0,0,0,0,0
510065,1,1,1991,5,5,5,5,5,5,5,5,5,5
510066,0,1,1991,0,0,0,0,0,0,0,0,0,0
510066,1,1,1991,0,0,6,19,24,0,15,13,0,10
510067,1,1,1991,0,0,0,0,0,0,0,0,0,0
510068,1,1,1991,0,0,0,0,0,0,0,0,0,0
510069,1,1,1991,0,0,0,0,0,0,0,0,0,0
510070,1,1,1991,0,0,0,0,0,0,0,0,0,0
510070,2,1,1991,0,0,0,0,0,0,0,0,0,0
510071,1,1,1991,0,23,0,0,11,0,0,0,0,12
510071,2,1,1991,0,0,0,0,0,0,0,0,0,0
510072,1,1,1991,25,25,25,25,25,25,25,25,25,25
510073,1,1,1991,0,0,0,0,0,0,0,0,0,0
510073,2,1,1991,0,0,0,0,0,0,0,0,0,0
510073,3,1,1991,0,0,0,0,0,0,0,0,0,0
510074,1,1,1991,0,0,0,0,0,0,0,0,0,0
510075,1,1,1991,0,0,0,0,0,0,0,0,0,0
510075,2,1,1991,0,0,0,0,0,0,0,0,0,0
510076,1,1,1991,11,11,10,21,9,6,14,6,10,13
510077,1,1,1991,12,12,12,12,12,12,12,12,12,12
510077,2,1,1991,0,0,0,0,0,0,0,0,0,0
510078,1,1,1991,24,24,24,24,24,24,24,24,24,24
510079,1,1,1991,0,0,0,0,0,0,0,0,0,0
510080,1,1,1991,0,19,0,0,0,0,0,0,0,0
510080,2,1,1991,0,0,0,0,0,0,0,0,0,0
510081,1,1,1991,0,0,0,0,0,0,0,0,0,0
510081,2,1,1991,0,0,0,0,0,0,0,0,0,0
510082,1,1,1991,38,38,38,38,38,38,38,38,38,38
510082,2,1,1991,0,0,0,0,0,0,0,0,0,0
510083,1,1,1991,0,0,0,0,0,0,0,0,0,0
510083,2,1,1991,0,0,0,0,0,0,0,0,0,0
510084,1,1,1991,13,13,13,13,13,13,13,13,13,13
510085,1,1,1991,0,0,0,10,0,0,0,0,0,0
510085,2,1,1991,26,26,26,26,26,26,26,26,26,26
510086,1,1,1991,0,0,0,0,0,0,0,0,0,0
510086,2,1,1991,0,0,0,0,0,0,0,0,0,0
510087,1,1,1991,29,29,29,29,29,29,29,29,29,29
510088,1,1,1991,0,0,0,0,0,0,0,0,0,0
510089,1,1,1991,20,20,20,20,20,20,20,20,20,20
510090,0,1,1991,37,37,37,37,37,37,37,37,37,37
510090,1,1,1991,0,0,0,0,0,0,0,0,0,0
510091,1,1,1991,0,0,0,0,0,0,0,0,0,0
510092,1,1,1991,17,22,12,13,0,0,5,2,29,11
510093,1,1,1991,0,0,0,0,0,0,0,0,0,0
510093,2,1,1991,0,0,0,0,0,0,0,0,0,0
510094,1,1,1991,0,0,0,0,0,0,0,0,0,0
510094,2,1,1991,4,11,3,6,2,10,8,7,15,19
510095,1,1,1991,0,0,0,0,0,0,0,0,0,0
510096,0,1,1991,15,15,15,15,15,15,15,15,15,15
510096,1,1,1991,3,4,30,15,11,18,5,5,10,0
510098,1,1,1991,8,0,13,0,21,29,0,34,17,31
510099,1,1,1991,6,12,17,8,28,20,13,12,9,11
510099,2,1,1991,12,0,17,0,0,0,0,0,0,0
510100,0,1,1991,0,0,0,0,0,0,0,0,0,0
510100,1,1,1991,0,0,0,0,0,0,0,0,0,0
510101,1,1,1991,0,17,11,29,24,24,25,12,27,24
510102,1,1,1991,0,0,0,0,0,0,0,0,0,0
510103,1,1,1991,0,0,0,0,0,0,0,0,0,0
510104,1,1,1991,20,20,25,11,22,32,0,24,0,0
510105,1,1,1991,0,0,0,0,0,0,0,0,0,0
510106,1,1,1991,28,23,16,12,27,19,23,29,23,16
510107,1,1,1991,17,17,17,17,17,17,17,17,17,17
510108,2,1,1991,0,0,0,0,0,0,0,0,0,0
510109,1,1,1991,0,0,0,0,0,0,0,0,0,0
510109,2,1,1991,0,0,0,0,0,0,0,0,0,0
510110,1,1,1991,0,0,0,0,0,0,0,0,0,0
510111,1,1,1991,24,24,24,24,24,24,24,24,24,24
510111,2,1,1991,0,0,0,0,0,0,22,0,0,0
510112,1,1,1991,0,16,0,0,0,0,0,0,0,0
510112,2,1,1991,0,0,0,0,0,0,0,0,0,0
510113,1,1,1991,31,31,31,31,31,31,31,31,31,31
510113,2,1,1991,0,0,0,0,0,0,0,0,0,0
510114,0,1,1991,0,0,0,0,0,0,0,0,0,0
510114,1,1,1991,0,0,0,0,0,0,0,11,0,7
510115,1,1,1991,0,0,0,0,0,0,0,0,0,0
510116,1,1,1991,0,0,0,0,0,0,0,0,0,0
510117,1,1,1991,26,26,26,26,26,26,26,26,26,26
510117,2,1,1991,0,0,0,0,0,0,0,0,0,0
510118,1,1,1991,0,0,0,0,0,0,0,0,0,0
510118,2,1,1991,0,0,0,0,0,0,0,0,0,0
510119,1,1,1991,0,0,0,0,0,0,0,0,0,0
510119,2,1,1991,8,8,8,8,8,8,8,8,8,8
510120,1,1,1991,24,24,24,24,24,24,24,24,24,24
510121,1,1,1991,26,26,26,26,26,26,26,26,26,26
510122,1,1,1991,27,27,27,27,27,27,27,27,27,27
510123,1,1,1991,33,33,33,33,33,33,33,33,33,33
510124,1,1,1991,0,0,0,0,0,0,0,0,0,0
510125,1,1,1991,0,0,0,0,0,0,0,0,0,0
510125,2,1,1991,0,0,0,0,0,0,0,0,0,0
510126,1,1,1991,0,0,0,0,0,0,0,0,0,0
510127,1,1,1991,0,0,0,0,0,0,0,0,0,0
510127,2,1,1991,0,0,0,0,0,0,0,0,0,0
510128,1,1,1991,0,0,0,0,0,0,0,0,0,0
510128,2,1,1991,0,0,0,0,0,0,0,0,0,0
510129,0,1,1991,0,0,0,0,0,0,0,0,0,0
510129,1,1,1991,0,0,0,0,0,0,0,0,0,0
510130,1,1,1991,0,0,0,0,0,0,0,0,0,0
510131,1,1,1991,0,0,0,0,0,0,0,0,0,0
510131,2,1,1991,0,0,0,0,0,0,0,0,0,0
510131,3,1,1991,0,0,0,0,0,0,0,0,0,0
510133,1,2,1991,17,27,0,34,21,23,12,16,10,0
510134,1,1,1991,0,0,0,14,0,0,16,13,0,0
510135,1,1,1991,0,8,0,16,15,10,13,15,25,18
510136,1,1,1991,0,0,23,14,17,0,8,14,0,0
510137,1,1,1991,0,0,0,4,0,0,0,0,0,0
510137,2,1,1991,0,0,0,0,0,0,0,0,0,0
510138,1,1,1991,0,0,0,0,0,0,0,0,0,0
510138,2,1,1991,0,0,19,0,0,0,0,0,0,0
510139,1,1,1991,11,11,11,11,11,11,11,11,11,11
510140,1,1,1991,10,7,10,0,9,16,14,17,16,20
510141,1,1,1991,23,0,8,0,0,17,0,0,0,0
510142,1,1,1991,34,23,17,15,15,12,10,7,8,22
510142,2,1,1991,0,0,0,0,0,0,0,0,0,0
510142,3,1,1991,0,0,0,0,0,0,0,0,0,0
510143,1,1,1991,20,0,27,0,40,34,16,21,27,12
510144,1,1,1991,0,0,0,0,0,0,0,0,0,0
510145,1,1,1991,9,9,9,9,9,9,9,9,9,9
510146,1,1,1991,0,0,0,0,0,0,14,18,15,0
510147,1,1,1991,0,0,0,0,0,0,0,0,0,0
510148,1,1,1991,0,0,0,0,0,0,0,0,0,0
510148,2,1,1991,0,0,0,0,0,0,0,0,0,0
510149,1,1,1991,0,0,0,0,0,0,0,0,0,0
510149,2,1,1991,0,0,0,0,0,0,0,0,0,0
510150,1,1,1991,0,0,0,0,0,0,0,0,0,0
510151,1,1,1991,22,27,0,0,0,0,0,27,0,0
510152,1,1,1991,20,20,20,20,20,20,20,20,20,20
510153,0,1,1991,21,0,0,0,0,0,0,0,0,0
510153,1,1,1991,0,0,0,0,0,0,0,0,0,0
510154,1,1,1991,32,32,32,32,32,32,32,32,32,32
510155,0,1,1991,20,20,20,20,20,20,20,20,20,20
510155,1,1,1991,0,0,0,0,0,0,0,0,0,0
510156,1,1,1991,2,2,2,2,2,2,2,2,2,2
510157,1,1,1991,0,0,0,0,0,0,0,0,0,0
510157,2,1,1991,14,31,16,4,4,0,11,0,18,4
510158,1,1,1991,0,0,0,0,0,0,0,0,0,0
510159,1,1,1991,0,0,0,0,0,0,0,0,0,0
510160,1,1,1991,0,0,0,0,0,0,0,0,0,0
510160,2,1,1991,0,0,0,0,0,0,0,0,0,0
510161,0,1,1991,0,0,0,0,0,0,0,0,0,0
510161,1,1,1991,0,0,0,0,0,0,0,0,0,0
510162,1,1,1991,0,11,15,0,12,0,12,17,0,8
510163,1,1,1991,0,0,0,0,0,0,0,0,0,0
510163,2,1,1991,0,0,0,0,0,0,0,0,0,0
510164,1,1,1991,13,6,0,10,13,27,0,0,11,0
510165,1,1,1991,0,0,0,0,0,0,0,0,0,17
510167,1,1,1991,0,0,0,0,0,0,4,0,0,0
510167,2,1,1991,0,19,0,0,0,0,0,0,0,0
510168,1,1,1991,0,0,0,0,0,0,0,0,0,0
510168,2,1,1991,0,0,0,0,0,0,0,0,0,0
510169,1,1,1991,0,0,0,0,0,0,0,0,0,0
510169,2,1,1991,0,0,0,0,0,0,0,0,0,0
510170,0,1,1991,0,0,0,0,26,0,0,18,26,0
510170,0,2,1991,15,0,0,15,0,9,18,0,0,21
510170,1,1,1991,0,0,0,0,0,0,0,0,0,0
510170,2,1,1991,0,0,0,0,0,0,0,0,0,0
510171,1,1,1991,0,0,0,0,0,0,0,0,0,0
510171,2,1,1991,0,0,0,21,0,0,0,0,0,0
510172,1,1,1991,18,18,18,18,18,18,18,18,18,18
510173,1,1,1991,0,0,0,0,0,16,0,0,24,0
510174,1,1,1991,16,11,7,11,9,13,16,11,19,10
510175,1,1,1991,0,0,0,0,0,0,0,0,0,0
510175,2,1,1991,0,0,0,0,0,0,0,0,0,0
510176,1,1,1991,13,13,21,15,30,5,37,21,20,15
510177,1,1,1991,14,14,14,14,14,14,14,14,14,14
510178,1,1,1991,0,0,0,0,0,0,0,0,0,0
510179,1,1,1991,0,0,0,0,0,0,0,0,0,0
510180,1,1,1991,17,17,17,17,17,17,17,17,17,17
510181,1,1,1991,23,23,23,23,23,23,23,23,23,23
510181,2,1,1991,0,19,0,10,0,0,0,16,0,0
510182,1,1,1991,0,0,0,0,0,0,0,0,0,0
510183,1,1,1991,0,0,0,0,0,0,0,0,0,0
510183,2,1,1991,0,0,0,0,0,0,0,0,0,0
510184,1,1,1991,18,18,18,18,18,18,18,18,18,18
510185,1,1,1991,9,9,9,9,9,9,9,9,9,9
510186,1,1,1991,0,0,0,0,0,0,0,0,0,0
510187,0,1,1991,23,23,23,23,23,23,23,23,23,23
510187,1,1,1991,0,0,0,0,0,0,0,0,7,0
510188,0,1,1991,0,0,0,0,0,0,0,0,0,0
510188,1,1,1991,0,0,0,0,0,0,0,0,0,0
510189,1,1,1991,15,13,6,6,33,9,12,0,27,12
510190,0,1,1991,0,23,0,0,0,0,0,0,0,0
510190,0,2,1991,3,0,0,29,0,0,9,0,0,12
510190,1,1,1991,12,14,11,16,8,16,9,12,0,12
510191,1,1,1991,0,0,0,0,0,0,0,0,0,0
510191,2,1,1991,15,15,15,15,15,15,15,15,15,15
510192,1,1,1991,0,12,0,0,5,22,0,26,0,0
510193,1,1,1991,0,0,0,0,0,0,0,0,0,0
510193,2,1,1991,0,0,0,0,0,0,0,0,0,0
510194,1,1,1991,21,21,21,21,21,21,21,21,21,21
510195,1,1,1991,0,30,0,0,0,19,0,26,15,36
510195,2,1,1991,0,0,20,0,0,0,0,0,0,17
510195,3,1,1991,0,0,0,0,0,0,0,0,0,0
510196,1,1,1991,0,0,0,0,0,0,0,0,0,0
510196,2,1,1991,22,22,22,22,22,22,22,22,22,22
510197,0,1,1991,0,9,0,0,13,0,0,0,0,0
510197,1,1,1991,0,0,0,0,0,0,0,0,0,0
510198,1,1,1991,22,22,22,22,22,22,22,22,22,22
510199,1,1,1991,0,0,0,0,0,0,0,0,0,0
510199,2,1,1991,0,0,0,8,0,0,0,0,0,0
510200,1,1,1991,14,14,14,14,14,14,14,14,14,14
510201,0,1,1991,0,0,0,0,0,0,0,0,0,0
510201,1,1,1991,0,0,0,0,0,0,0,0,0,0
510202,1,1,1991,0,0,0,0,0,0,0,0,0,0
510203,1,1,1991,0,0,0,0,0,0,0,0,0,0
510204,1,1,1991,0,0,0,0,0,0,0,0,0,0
510204,2,1,1991,0,0,0,0,0,0,20,0,0,0
510205,1,1,1991,24,24,24,24,24,24,24,24,24,24
510206,1,1,1991,16,16,16,16,16,16,16,16,16,16
510207,1,1,1991,0,0,0,0,0,0,0,0,0,0
510207,2,1,1991,0,0,0,0,0,0,0,0,0,0
510208,1,1,1991,0,0,0,0,0,0,0,0,0,0
510208,2,1,1991,0,0,0,0,0,0,0,0,0,0
510209,1,1,1991,20,20,20,20,20,20,20,20,20,20
510209,2,1,1991,0,0,0,0,0,0,0,0,3,0
510210,0,1,1991,0,0,0,0,0,0,0,18,0,0
510210,0,2,1991,0,0,0,0,0,0,0,0,0,27
510210,1,1,1991,0,0,0,0,0,0,0,0,0,0
510211,1,1,1991,10,10,10,10,10,10,10,10,10,10
510212,1,1,1991,17,17,17,17,17,17,17,17,17,17
510213,1,1,1991,0,0,0,0,0,0,0,0,0,0
510213,2,1,1991,0,0,0,0,0,0,0,0,0,0
510214,1,1,1991,0,0,20,0,0,0,0,0,0,0
510215,0,1,1991,0,0,0,0,0,0,0,0,0,0
510215,0,2,1991,0,0,0,0,0,0,0,0,0,0
510215,0,3,1991,0,10,0,0,0,0,0,0,0,29
510215,1,1,1991,0,0,0,0,0,0,0,0,0,0
510216,1,1,1991,3,3,3,3,3,3,3,3,3,3
510216,2,1,1991,17,13,21,6,3,11,15,51,13,15
510217,1,1,1991,6,6,6,6,6,6,6,6,6,6
510218,1,1,1991,0,0,0,0,0,0,0,0,0,0
510219,1,1,1991,20,20,20,20,20,20,20,20,20,20
510220,1,1,1991,14,14,14,14,14,14,14,14,14,14
510221,1,1,1991,0,0,0,0,0,9,0,0,0,0
510222,1,1,1991,0,0,42,21,22,0,0,5,32,0
510223,1,1,1991,0,0,0,0,0,0,0,0,0,0
510223,2,1,1991,0,0,0,0,0,0,0,0,0,0
510223,3,1,1991,0,0,0,0,0,0,0,0,0,0
510224,1,1,1991,0,0,0,0,0,0,0,0,0,0
510225,1,1,1991,0,0,0,0,0,0,0,0,0,0
510225,2,1,1991,0,0,0,0,0,0,0,0,0,0
510226,1,1,1991,0,0,0,0,0,0,0,11,0,0
510226,2,1,1991,11,0,0,0,0,0,0,0,0,0
510227,1,1,1991,17,17,15,0,8,12,5,0,6,0
510228,0,1,1991,0,0,0,0,0,0,0,0,0,0
510228,1,1,1991,0,0,0,0,0,0,0,0,0,0
510229,1,1,1991,0,0,0,0,0,0,0,0,0,0
510229,2,1,1991,0,0,0,0,0,0,0,0,0,0
510230,1,1,1991,0,0,0,0,27,0,0,0,0,0
510230,2,1,1991,0,0,0,0,0,0,0,0,0,0
510231,1,1,1991,0,0,0,0,0,0,0,0,0,0
510232,1,2,1991,26,0,18,17,21,0,7,22,23,24
510233,0,1,1991,0,0,0,0,0,0,0,0,0,0
510233,1,1,1991,0,0,0,0,0,0,0,0,0,0
510234,1,1,1991,15,15,15,15,15,15,15,15,15,15
510235,1,1,1991,0,0,0,0,0,0,0,0,0,0
510236,1,1,1991,23,23,23,23,23,23,23,23,23,23
510237,1,1,1991,13,13,13,13,13,13,13,13,13,13
510237,2,1,1991,0,0,0,0,0,0,0,0,0,0
510238,1,1,1991,0,0,0,0,0,0,0,0,0,0
510239,1,1,1991,0,0,0,0,0,0,0,0,0,0
510239,2,1,1991,0,0,0,0,0,0,0,0,0,0
510240,1,1,1991,0,0,0,0,0,0,0,0,0,0
510240,2,1,1991,0,0,0,0,0,0,0,0,0,0
510241,1,1,1991,8,8,8,8,8,8,8,8,8,8
510242,1,1,1991,0,0,0,0,0,0,0,0,0,0
510242,2,1,1991,0,0,0,0,0,0,0,0,0,0
510243,1,1,1991,28,31,13,8,6,12,21,7,11,17
510243,2,1,1991,0,0,0,0,0,0,0,0,0,0
510244,1,1,1991,0,0,0,0,0,0,0,0,0,0
510244,2,1,1991,0,0,0,0,0,0,0,0,0,0
510245,1,1,1991,0,14,0,0,0,0,0,14,0,0
510246,1,1,1991,33,7,21,19,23,14,24,32,6,7
510246,2,1,1991,0,21,10,0,0,0,0,0,0,0
510246,3,1,1991,0,0,0,0,0,0,0,0,0,0
510247,1,1,1991,17,17,17,17,17,17,17,17,17,17
510249,0,1,1991,0,0,0,0,0,0,0,0,0,0
510249,0,2,1991,0,26,22,0,0,0,28,0,0,17
510249,1,1,1991,0,0,0,0,0,0,19,0,0,0
510250,1,1,1991,0,0,0,0,0,0,0,0,0,0
510250,2,1,1991,0,0,0,0,0,0,0,0,0,0
510251,1,1,1991,0,0,0,0,0,0,0,0,0,0
510251,2,1,1991,0,0,0,0,0,0,0,0,0,0
510252,1,1,1991,25,16,22,15,9,22,19,32,15,9
510252,2,1,1991,0,0,0,0,0,0,0,0,0,0
510253,1,1,1991,0,0,0,0,0,0,0,0,0,0
510254,1,1,1991,0,0,0,0,0,0,0,0,0,0
510254,2,1,1991,0,0,13,0,7,0,0,0,0,0
510255,1,1,1991,0,0,0,0,0,0,0,0,0,0
510256,1,1,1991,0,0,0,0,0,0,0,0,0,0
510256,2,1,1991,0,0,0,0,0,0,0,0,0,0
510257,1,1,1991,5,5,5,5,5,5,5,5,5,5
510258,1,1,1991,8,14,4,0,19,16,10,9,25,16
510258,2,1,1991,14,8,12,0,9,11,5,34,3,12
510258,3,1,1991,0,0,0,0,0,0,0,0,0,0
510259,1,1,1991,0,0,0,0,0,0,0,0,0,0
510260,1,1,1991,15,0,33,11,27,22,18,16,32,11
510261,1,1,1991,19,5,7,0,0,17,0,17,0,25
510262,0,1,1991,0,0,0,0,0,0,0,0,0,0
510262,1,1,1991,0,0,0,0,0,0,0,0,0,0
510263,1,1,1991,0,0,0,0,0,0,0,17,0,0
510264,1,1,1991,0,0,0,0,0,0,0,0,0,0
510265,1,1,1991,0,0,0,0,0,0,0,0,0,0
510266,1,1,1991,25,25,25,25,25,25,25,25,25,25
510267,1,1,1991,0,0,0,0,0,0,0,0,0,0
510267,2,1,1991,2,2,2,2,2,2,2,2,2,2
510268,1,1,1991,0,0,0,0,0,0,0,0,0,0
510269,1,1,1991,0,0,0,0,0,0,0,0,0,0
510269,2,1,1991,0,0,0,0,0,0,0,0,0,0
510270,1,1,1991,0,0,0,0,0,0,0,0,0,0
510271,1,1,1991,0,0,0,0,0,0,0,0,0,0
510272,1,1,1991,0,0,0,0,0,0,0,0,0,0
510273,1,1,1991,13,13,13,13,13,13,13,13,13,13
510273,2,1,1991,0,0,8,0,0,0,0,0,0,0
510274,1,1,1991,17,17,17,17,17,17,17,17,17,17
510274,2,1,1991,0,0,0,0,0,0,0,0,0,0
510275,1,1,1991,0,0,0,0,0,0,0,0,0,0
510276,1,1,1991,0,0,0,0,0,0,24,0,0,0
510276,2,1,1991,0,0,0,0,0,0,0,0,0,0
510277,1,1,1991,31,31,31,31,31,31,31,31,31,31
510278,1,1,1991,11,11,16,9,4,14,0,0,9,21
510279,0,1,1991,0,0,0,0,0,0,0,0,0,0
510279,1,1,1991,0,0,0,0,0,0,0,0,0,0
510280,0,1,1991,0,0,0,0,0,0,0,0,0,0
510280,1,1,1991,0,0,0,0,0,0,0,0,0,0
510281,1,1,1991,0,0,0,0,0,0,0,0,0,0
510282,0,1,1991,0,0,0,0,0,0,0,0,0,0
510282,1,1,1991,0,0,0,0,0,0,0,0,0,0
510283,1,1,1991,6,6,6,6,6,6,6,6,6,6
510284,0,1,1991,0,0,0,0,0,0,0,0,0,0
510284,1,1,1991,0,0,0,0,0,0,0,0,0,0
510285,1,1,1991,0,0,0,0,0,0,0,0,0,0
510285,2,1,1991,0,0,0,0,0,0,0,0,0,0
510286,1,1,1991,2,2,2,2,2,2,2,2,2,2
510287,1,1,1991,0,0,0,0,0,0,0,0,0,0
510287,2,1,1991,0,0,0,0,0,0,0,0,0,0
510288,1,1,1991,9,7,12,20,16,18,13,34,8,25
510289,1,1,1991,10,10,10,10,10,10,10,10,10,10
510290,1,1,1991,19,19,19,19,19,19,19,19,19,19
510291,1,1,1991,6,6,6,6,6,6,6,6,6,6
510292,1,1,1991,0,0,0,0,0,0,0,0,0,0
510293,1,1,1991,22,22,22,22,22,22,22,22,22,22
510294,1,1,1991,0,0,0,0,0,0,0,0,0,0
510295,1,1,1991,0,0,0,0,0,0,0,0,0,0
510296,1,1,1991,0,0,0,0,0,0,0,0,0,0
510297,1,1,1991,19,19,19,19,19,19,19,19,19,19
510298,1,1,1991,0,0,0,0,0,0,0,0,0,0
510299,1,1,1991,0,0,0,0,0,0,0,0,0,0
510300,1,1,1991,0,0,0,0,0,0,0,0,0,0
510300,2,1,1991,0,0,0,0,0,0,0,0,0,0
510301,1,1,1991,0,0,0,0,0,0,0,0,0,0
510302,1,1,1991,10,10,10,10,10,10,10,10,10,10
510303,1,1,1991,25,25,25,25,25,25,25,25,25,25
510304,1,1,1991,19,19,19,19,19,19,19,19,19,19
510305,1,1,1991,12,19,13,22,15,0,12,5,23,13
510305,2,1,1991,0,0,0,0,0,0,0,0,0,0
510305,3,1,1991,0,21,0,0,0,0,0,0,0,11
510306,1,1,1991,0,18,0,0,24,0,0,0,0,18
510306,2,1,1991,29,12,10,16,23,6,13,9,10,28
510307,1,1,1991,22,22,22,22,22,22,22,22,22,22
510308,1,1,1991,24,24,24,24,24,24,24,24,24,24
510309,1,1,1991,0,0,0,0,0,0,0,0,0,0
510310,1,1,1991,20,7,25,12,0,12,11,18,18,28
510310,2,1,1991,0,0,0,0,0,0,0,0,0,0
510311,1,1,1991,0,0,0,0,0,0,0,0,0,0
510312,1,1,1991,0,0,0,0,0,0,0,0,0,0
510313,0,1,1991,0,0,0,0,0,0,0,0,0,0
510313,1,1,1991,0,0,0,0,0,0,0,0,0,0
510314,1,1,1991,17,9,0,16,14,6,15,13,0,16
510314,2,1,1991,0,0,0,0,0,0,0,0,0,0
510315,1,1,1991,15,17,8,15,15,12,15,13,12,12
510316,1,1,1991,0,0,0,0,0,0,0,0,0,0