ST_CASE,VEH_NO,PER_NO,YEAR,P1,P2,P3,P4,P5,P6,P7,P8,P9,P10
510316,2,1,1991,16,7,11,11,9,7,20,15,14,36
510317,1,1,1991,0,0,0,0,0,0,0,0,0,0
510318,1,1,1991,24,12,26,19,18,18,31,30,15,35
510318,2,1,1991,0,0,0,0,0,0,0,0,0,0
510319,0,1,1991,0,0,0,0,0,0,0,0,0,0
510319,1,1,1991,0,0,0,0,0,0,0,0,32,0
510320,1,1,1991,19,19,19,19,19,19,19,19,19,19
510321,1,1,1991,11,11,11,11,11,11,11,11,11,11
510322,0,1,1991,0,0,0,0,0,0,0,0,0,0
510322,1,1,1991,0,0,0,0,0,0,0,0,0,0
510323,1,1,1991,0,0,17,0,21,0,25,0,4,17
510324,0,1,1991,0,0,0,0,0,0,0,0,0,0
510324,1,1,1991,23,14,14,14,0,13,15,18,19,5
510325,1,1,1991,0,0,0,0,0,0,0,0,0,0
510325,2,1,1991,0,0,0,0,0,0,0,0,0,0
510325,3,1,1991,0,0,0,0,0,0,0,0,0,0
510326,1,1,1991,13,0,3,13,0,11,5,23,9,7
510327,1,1,1991,0,0,0,0,0,0,0,0,0,0
510327,2,1,1991,0,0,0,0,0,0,0,0,0,0
510328,1,1,1991,18,0,0,0,0,26,16,27,0,0
510329,1,1,1991,23,0,0,0,0,0,0,0,0,0
510329,2,1,1991,0,0,0,0,0,0,0,0,0,0
510330,1,1,1991,33,33,33,33,33,33,33,33,33,33
510331,1,1,1991,0,0,0,0,0,0,0,0,0,0
510331,2,1,1991,0,0,0,0,0,0,0,0,0,0
510331,3,1,1991,0,0,0,0,0,0,0,0,0,0
510332,1,1,1991,0,0,0,0,0,0,0,0,0,0
510332,2,1,1991,0,0,0,0,0,0,0,0,0,0
510332,3,1,1991,0,0,0,0,0,0,0,0,0,0
510333,0,1,1991,0,0,0,0,0,0,0,0,0,0
510333,1,1,1991,0,15,20,4,4,0,18,17,18,11
510334,0,1,1991,0,0,0,0,0,0,0,16,0,0
510334,0,2,1991,0,0,0,0,0,0,0,0,0,0
510334,1,1,1991,0,0,0,0,0,0,0,0,0,0
510335,1,1,1991,16,16,16,16,16,16,16,16,16,16
510336,1,1,1991,0,0,0,0,0,0,0,0,0,0
510337,1,1,1991,20,20,20,20,20,20,20,20,20,20
510338,1,1,1991,13,0,19,20,19,18,11,18,6,3
510338,2,1,1991,0,0,0,0,0,0,0,0,0,0
510339,1,1,1991,17,20,5,14,21,10,10,1,11,10
510340,1,1,1991,0,0,0,0,0,0,0,0,0,0
510341,1,1,1991,15,16,29,12,28,4,12,26,4,0
510342,1,1,1991,0,0,0,0,0,0,0,0,0,0
510342,2,1,1991,0,0,0,0,0,0,0,0,0,0
510343,1,1,1991,0,0,0,0,0,0,0,0,0,0
510344,1,1,1991,0,0,0,0,0,0,0,0,0,0
510344,2,1,1991,0,0,0,0,0,0,0,0,0,0
510345,1,1,1991,0,0,0,0,0,0,0,0,0,0
510345,2,1,1991,0,0,0,0,0,0,0,0,0,0
510346,1,1,1991,0,0,0,0,0,0,0,0,0,0
510347,0,1,1991,0,0,0,0,0,0,0,0,0,0
510347,1,1,1991,0,0,0,0,0,0,0,0,0,0
510348,1,1,1991,0,0,0,0,0,0,0,0,0,0
510348,2,1,1991,0,0,0,0,0,0,0,0,0,0
510349,1,1,1991,2,16,15,32,3,10,5,10,16,9
510350,1,1,1991,0,0,0,0,0,0,0,0,0,0
510351,1,1,1991,0,0,0,0,0,0,0,0,0,0
510351,2,1,1991,0,2,18,0,0,4,0,0,0,4
510352,1,1,1991,0,0,0,0,0,0,0,0,0,0
510352,2,1,1991,0,0,0,0,0,0,0,0,0,0
510353,1,1,1991,21,21,21,21,21,21,21,21,21,21
510354,1,1,1991,10,12,16,18,33,15,26,13,13,8
510355,1,1,1991,12,12,12,12,12,12,12,12,12,12
510356,0,1,1991,22,22,22,22,22,22,22,22,22,22
510356,0,2,1991,13,19,18,13,0,29,26,20,10,12
510356,1,1,1991,13,16,12,19,8,11,15,24,23,36
510357,1,1,1991,9,9,9,9,9,9,9,9,9,9
510358,1,1,1991,9,17,13,30,3,23,19,20,30,15
510359,1,1,1991,0,0,0,0,0,0,0,0,20,0
510359,2,1,1991,0,0,0,6,0,0,0,0,0,0
510360,1,1,1991,39,24,8,8,18,9,8,7,11,20
510361,1,1,1991,13,28,15,0,26,0,9,0,19,31
510362,1,1,1991,0,0,0,0,0,0,0,0,0,0
510363,0,1,1991,4,0,0,0,0,0,0,46,0,10
510363,1,1,1991,0,0,0,0,0,2,0,0,0,0
510364,1,1,1991,0,0,0,0,0,0,0,0,0,0
510364,2,1,1991,0,26,13,0,0,0,0,0,20,0
510365,1,1,1991,0,0,0,0,0,0,0,0,0,0
510365,2,1,1991,0,0,0,0,0,0,0,0,0,0
510366,0,1,1991,0,0,0,0,0,0,0,0,0,0
510366,1,1,1991,0,0,0,0,0,0,0,0,0,0
510367,0,1,1991,26,26,26,26,26,26,26,26,26,26
510367,1,1,1991,0,16,19,19,12,20,10,12,11,9
510368,1,1,1991,0,0,3,0,0,0,0,0,0,0
510368,2,1,1991,0,0,0,0,0,0,0,0,0,0
510369,1,1,1991,0,0,0,0,0,0,0,0,0,0
510370,1,1,1991,22,22,22,22,22,22,22,22,22,22
510371,1,1,1991,0,0,0,0,0,0,0,0,0,0
510371,2,1,1991,0,0,0,0,0,0,0,0,0,0
510372,1,1,1991,0,0,0,0,0,0,0,0,0,0
510372,2,1,1991,0,0,0,0,0,0,0,0,0,0
510372,3,1,1991,0,0,0,0,0,0,0,0,0,0
510372,4,1,1991,0,0,0,0,0,0,0,0,0,0
510373,0,1,1991,21,21,21,21,21,21,21,21,21,21
510373,1,1,1991,14,23,0,0,20,9,13,0,0,0
510374,0,1,1991,0,0,0,0,0,0,0,0,0,0
510374,1,1,1991,16,20,15,14,17,13,8,0,7,16
510375,1,1,1991,0,8,13,18,13,15,4,12,0,3
510376,1,1,1991,0,25,1,0,16,10,14,16,11,8
510377,1,1,1991,0,0,0,0,0,0,0,0,0,9
510378,1,1,1991,0,0,0,0,0,0,0,0,0,0
510379,1,1,1991,0,18,0,0,0,0,0,0,0,0
510380,1,1,1991,16,0,3,0,0,0,18,0,11,0
510380,2,1,1991,20,20,20,20,20,20,20,20,20,20
510380,3,1,1991,0,0,0,0,0,0,9,0,8,0
510381,1,1,1991,15,15,15,15,15,15,15,15,15,15
510382,0,1,1991,13,13,13,13,13,13,13,13,13,13
510382,1,1,1991,0,0,0,0,0,0,0,0,0,0
510383,1,1,1991,0,0,0,0,0,0,15,0,0,0
510384,1,1,1991,5,7,16,27,12,11,9,13,20,11
510384,2,1,1991,0,0,0,0,0,0,0,0,0,0
510385,0,1,1991,0,0,0,0,0,0,0,0,0,0
510385,1,1,1991,0,7,16,0,0,0,0,0,11,0
510386,1,1,1991,11,5,5,14,8,26,15,8,25,5
510386,2,1,1991,13,13,13,13,13,13,13,13,13,13
510387,1,1,1991,0,0,0,0,0,0,0,0,0,0
510387,2,1,1991,0,0,0,0,0,0,0,0,0,0
510389,1,1,1991,0,0,0,3,0,0,0,0,26,0
510390,1,1,1991,0,0,11,11,0,22,0,0,0,11
510391,1,1,1991,0,0,0,0,0,0,0,0,0,0
510392,0,1,1991,0,0,0,0,0,0,0,0,0,0
510392,1,1,1991,13,0,0,0,0,0,0,0,0,0
510393,1,1,1991,0,0,0,0,0,0,0,0,0,0
510394,1,1,1991,0,0,0,0,0,0,0,0,0,0
510395,1,1,1991,0,0,0,0,0,0,0,0,0,0
510396,1,1,1991,9,17,22,4,17,13,40,0,42,13
510397,1,1,1991,0,0,0,0,0,0,0,0,0,0
510397,2,1,1991,0,0,0,0,0,0,0,0,0,0
510398,1,1,1991,0,6,0,0,15,19,0,0,0,0
510399,0,1,1991,0,0,0,0,0,0,0,26,0,0
510399,1,1,1991,14,13,0,20,18,23,0,17,21,16
510400,0,1,1991,19,19,19,19,19,19,19,19,19,19
510400,1,1,1991,17,17,28,22,0,21,12,14,11,11
510401,0,1,1991,0,0,0,0,0,0,0,0,0,0
510401,1,1,1991,0,0,0,0,0,0,0,0,0,0
510402,1,1,1991,0,0,0,0,3,0,0,0,0,0
510402,2,1,1991,0,0,0,0,0,0,0,0,0,0
510403,1,1,1991,0,0,0,0,0,0,0,0,0,0
510403,2,1,1991,0,0,0,0,0,0,0,0,0,0
510404,1,1,1991,4,13,31,10,19,17,12,9,16,28
510404,2,1,1991,0,0,0,0,0,0,0,0,0,0
510405,0,1,1991,0,0,0,0,0,0,0,0,0,0
510405,1,1,1991,0,0,0,0,0,0,0,20,0,0
510406,1,1,1991,0,0,0,0,0,0,0,0,0,0
510406,2,1,1991,0,0,0,0,0,0,0,0,0,0
510407,1,1,1991,18,25,13,23,14,20,13,29,19,14
510408,0,1,1991,8,8,8,8,8,8,8,8,8,8
510408,1,1,1991,0,0,0,0,0,0,0,0,0,0
510409,1,1,1991,0,0,0,0,0,0,0,0,0,6
510410,1,1,1991,0,0,0,0,0,0,0,0,0,0
510410,2,1,1991,0,0,0,0,0,0,0,0,0,0
510411,0,1,1991,0,0,0,0,0,0,0,0,0,0
510411,0,2,1991,0,0,0,0,0,0,0,0,0,0
510411,1,1,1991,10,23,16,10,15,18,13,21,11,18
510412,1,1,1991,0,0,0,10,0,0,0,0,0,0
510413,1,1,1991,17,7,17,0,11,7,21,18,13,8
510414,1,1,1991,0,0,0,0,0,0,0,0,0,0
510414,2,1,1991,0,0,0,0,0,0,0,0,0,0
510414,3,1,1991,0,0,0,0,0,0,0,0,0,0
510415,1,1,1991,0,0,0,0,0,0,0,0,0,0
510416,1,1,1991,0,0,0,10,0,0,4,0,0,0
510416,2,1,1991,8,8,8,8,8,8,8,8,8,8
510417,1,1,1991,0,0,0,0,0,0,31,0,0,0
510418,1,1,1991,21,21,21,21,21,21,21,21,21,21
510419,1,1,1991,0,0,0,0,0,0,0,0,0,0
510419,2,1,1991,0,0,0,0,0,0,0,0,0,0
510420,1,1,1991,0,0,0,0,0,0,0,0,0,0
510420,2,1,1991,0,0,0,0,0,0,0,0,0,0
510421,1,1,1991,0,0,0,0,0,0,0,0,0,0
510421,2,1,1991,0,0,0,0,0,0,0,0,0,0
510422,1,1,1991,27,24,17,27,10,25,11,12,7,19
510423,1,1,1991,0,0,0,0,0,0,0,0,0,0
510424,1,1,1991,20,20,20,20,20,20,20,20,20,20
510425,1,1,1991,13,13,13,13,13,13,13,13,13,13
510426,0,1,1991,6,6,6,6,6,6,6,6,6,6
510426,1,1,1991,0,0,0,0,0,0,0,0,0,0
510427,1,1,1991,17,12,0,12,19,10,0,4,15,7
510427,2,1,1991,0,14,0,0,0,0,0,0,0,0
510428,1,1,1991,0,0,0,0,0,8,0,0,17,0
510429,0,1,1991,0,0,0,0,0,0,0,0,0,0
510429,1,1,1991,0,0,0,0,0,0,0,0,0,0
510430,1,1,1991,31,31,31,31,31,31,31,31,31,31
510431,1,1,1991,0,0,0,0,0,0,0,0,0,0
510431,2,1,1991,0,0,0,0,0,0,0,0,0,0
510431,3,1,1991,0,0,0,0,0,0,0,0,0,0
510432,1,1,1991,21,18,6,0,0,22,18,0,29,19
510433,1,1,1991,20,20,20,20,20,20,20,20,20,20
510434,1,1,1991,2,2,2,2,2,2,2,2,2,2
510434,2,1,1991,11,14,0,17,22,21,0,17,15,0
510435,1,1,1991,0,0,0,0,0,0,0,0,0,0
510435,2,1,1991,0,0,0,0,0,0,0,0,0,0
510435,3,1,1991,0,0,0,0,0,0,0,0,0,0
510435,4,1,1991,0,0,0,0,0,0,0,0,0,0
510436,1,1,1991,25,25,25,25,25,25,25,25,25,25
510437,1,1,1991,14,9,14,4,10,10,12,19,9,0
510438,1,1,1991,0,0,0,0,0,0,0,0,0,0
510438,2,1,1991,0,0,0,0,0,0,0,0,0,0
510438,3,1,1991,0,0,0,0,0,0,0,0,0,0
510439,1,1,1991,0,0,7,0,4,0,0,0,0,0
510440,1,1,1991,2,2,2,2,2,2,2,2,2,2
510441,1,1,1991,0,0,0,9,0,0,0,0,0,0
510442,1,1,1991,12,12,12,12,12,12,12,12,12,12
510443,1,1,1991,0,0,0,0,0,0,0,0,0,0
510443,2,1,1991,0,0,0,0,0,0,0,0,0,0
510443,3,1,1991,0,0,0,0,0,0,0,0,0,0
510444,1,1,1991,13,4,11,14,18,19,16,5,15,5
510445,1,1,1991,0,0,0,0,0,0,0,0,0,0
510445,2,1,1991,0,0,0,0,0,0,0,0,0,0
510446,1,1,1991,20,20,20,20,20,20,20,20,20,20
510446,2,1,1991,18,15,5,29,0,27,14,7,10,12
510447,1,1,1991,0,0,0,0,0,0,0,0,0,0
510448,0,1,1991,22,46,17,27,24,21,6,9,9,27
510448,1,1,1991,21,26,14,26,13,6,34,21,13,16
510449,1,1,1991,0,0,0,0,0,0,0,0,0,0
510449,2,1,1991,0,0,20,0,0,0,0,0,0,0
510450,0,1,1991,0,0,0,0,0,0,0,0,0,0
510450,0,2,1991,0,0,0,0,19,10,6,22,0,15
510450,0,3,1991,0,0,0,0,0,0,0,0,0,0
510450,1,1,1991,16,22,16,28,27,10,2,16,16,17
510451,1,1,1991,22,22,22,22,22,22,22,22,22,22
510452,1,1,1991,0,0,0,0,0,0,0,0,0,0
510452,2,1,1991,0,0,0,0,0,0,0,0,0,0
510453,1,1,1991,11,11,11,11,11,11,11,11,11,11
510454,1,1,1991,0,0,0,0,0,0,0,0,0,0
510454,2,1,1991,22,8,8,9,5,26,11,27,20,5
510455,1,1,1991,32,32,32,32,32,32,32,32,32,32
510455,2,1,1991,0,0,0,0,0,16,0,0,0,0
510456,0,1,1991,0,0,0,0,0,0,0,0,0,0
510456,1,1,1991,0,0,5,0,6,23,0,0,0,0
510457,1,1,1991,15,15,15,15,15,15,15,15,15,15
510458,0,1,1991,0,0,0,0,0,0,0,0,0,0
510458,1,1,1991,0,0,0,0,0,0,0,0,0,8
510459,1,1,1991,24,13,13,19,9,14,6,13,3,13
510459,2,1,1991,0,0,0,0,0,0,0,0,0,0
510460,1,1,1991,17,6,30,9,13,4,30,5,20,4
510461,1,1,1991,23,23,23,23,23,23,23,23,23,23
510462,1,1,1991,0,0,0,0,0,0,0,0,0,0
510463,1,1,1991,0,0,0,0,0,0,0,0,0,0
510463,2,1,1991,21,21,21,21,21,21,21,21,21,21
510464,1,1,1991,0,0,0,0,0,0,0,0,0,0
510465,0,1,1991,26,26,26,26,26,26,26,26,26,26
510465,1,1,1991,25,0,0,0,0,0,0,0,0,0
510466,1,1,1991,25,25,25,25,25,25,25,25,25,25
510467,1,1,1991,29,29,29,29,29,29,29,29,29,29
510468,1,1,1991,0,0,0,0,0,0,0,0,0,6
510468,2,1,1991,0,0,0,0,0,0,0,0,0,0
510469,0,1,1991,0,0,0,0,0,0,0,0,0,0
510469,1,1,1991,0,0,0,0,0,0,0,0,0,0
510470,1,1,1991,0,0,0,0,0,0,0,0,0,0
510471,1,1,1991,0,0,0,0,0,0,0,0,0,0
510472,1,1,1991,0,0,0,0,0,0,0,0,0,0
510472,2,1,1991,0,0,0,0,0,0,0,0,0,0
510473,1,1,1991,0,0,0,0,0,0,0,0,0,0
510474,1,1,1991,0,0,0,0,0,0,0,0,0,0
510475,1,1,1991,22,22,22,22,22,22,22,22,22,22
510476,1,1,1991,0,0,0,0,0,0,0,0,0,0
510476,2,1,1991,0,0,0,0,0,0,0,0,0,0
510477,1,1,1991,3,3,3,3,3,3,3,3,3,3
510478,1,1,1991,0,0,0,0,0,0,0,0,0,0
510478,2,1,1991,0,0,0,0,0,0,0,0,0,0
510479,1,1,1991,14,27,17,10,17,17,14,18,16,0
510480,0,1,1991,0,0,0,0,0,0,0,0,0,0
510480,1,1,1991,0,0,0,0,0,0,0,0,0,0
510481,1,1,1991,14,14,14,14,14,14,14,14,14,14
510482,0,1,1991,31,27,0,0,0,0,0,37,0,22
510482,0,2,1991,0,0,0,0,0,0,0,0,0,0
510482,1,1,1991,0,0,0,0,0,0,0,0,0,0
510483,1,1,1991,8,8,8,8,8,8,8,8,8,8
510484,1,1,1991,0,0,0,0,0,0,0,0,0,0
510484,2,1,1991,0,0,0,0,0,0,0,0,0,0
510485,1,1,1991,0,0,0,0,0,0,0,0,0,0
510485,2,1,1991,0,0,0,0,0,0,0,0,0,0
510485,3,1,1991,0,0,0,0,0,0,0,0,0,0
510485,4,1,1991,0,0,0,0,0,0,24,0,0,0
510485,5,1,1991,26,0,0,0,0,0,0,0,0,37
510485,6,1,1991,0,0,0,0,13,0,0,0,0,0
510486,1,1,1991,22,22,22,22,22,22,22,22,22,22
510487,1,1,1991,13,13,13,13,13,13,13,13,13,13
510488,1,1,1991,18,18,18,18,18,18,18,18,18,18
510489,1,1,1991,0,0,0,0,0,0,0,0,0,0
510489,2,1,1991,0,0,0,0,0,0,0,12,0,0
510490,0,1,1991,0,0,0,0,0,0,0,0,0,0
510490,0,2,1991,0,0,0,0,0,0,0,0,0,0
510490,0,3,1991,0,8,20,0,12,15,0,0,0,8
510490,0,4,1991,30,0,0,0,28,10,23,0,0,14
510490,1,1,1991,0,0,0,0,0,0,0,0,0,0
510491,1,1,1991,0,0,0,0,0,0,0,0,0,0
510492,1,1,1991,0,0,0,0,0,0,0,0,0,0
510492,2,1,1991,0,0,0,0,0,0,0,0,12,0
510495,1,1,1991,19,11,30,25,31,13,16,15,0,15
510496,1,1,1991,0,0,0,0,0,0,0,0,0,0
510497,0,1,1991,35,35,35,35,35,35,35,35,35,35
510497,1,1,1991,0,3,0,0,19,0,0,0,0,0
510499,1,1,1991,0,0,0,0,0,0,0,0,0,0
510499,2,1,1991,0,0,14,0,0,0,0,0,0,0
510500,1,1,1991,0,0,0,0,0,0,0,0,0,0
510501,1,1,1991,0,0,0,0,0,0,0,0,8,0
510501,2,1,1991,0,0,0,0,0,0,0,0,0,0
510502,1,1,1991,18,18,18,18,18,18,18,18,18,18
510502,2,1,1991,0,0,0,0,0,0,0,0,0,0
510502,3,1,1991,0,0,0,0,0,0,0,0,0,0
510503,1,1,1991,20,20,20,20,20,20,20,20,20,20
510504,0,1,1991,0,0,0,0,0,0,0,0,0,0
510504,1,1,1991,0,0,0,0,0,0,0,0,0,0
510505,1,1,1991,18,23,22,16,16,14,8,4,25,10
510506,1,1,1991,0,0,0,0,0,0,6,0,0,0
510506,2,1,1991,1,1,1,1,1,1,1,1,1,1
510507,1,1,1991,11,11,11,11,11,11,11,11,11,11
510508,1,1,1991,0,0,0,0,0,0,0,0,0,0
510508,2,1,1991,13,0,0,0,19,0,0,0,0,0
510509,1,1,1991,0,0,0,0,0,0,0,0,0,0
510509,2,1,1991,0,0,0,0,0,0,0,0,0,0
510510,1,1,1991,0,0,0,0,0,0,0,0,0,0
510511,1,1,1991,0,0,0,0,0,0,0,0,0,0
510512,1,1,1991,0,0,0,0,0,0,0,0,0,0
510512,2,1,1991,0,0,0,0,0,0,0,0,0,0
510513,1,1,1991,0,0,0,0,0,0,0,0,0,0
510514,1,1,1991,0,0,0,0,0,0,0,0,0,0
510514,2,1,1991,0,0,0,0,0,0,0,0,0,0
510515,1,1,1991,0,0,0,0,0,0,0,0,0,0
510515,2,1,1991,0,0,0,0,0,0,0,0,0,0
510516,0,1,1991,0,0,0,0,0,0,0,0,0,0
510516,0,2,1991,0,0,0,0,0,0,0,0,0,0
510516,1,1,1991,2,21,10,8,7,8,4,14,6,8
510517,1,1,1991,3,3,3,3,3,3,3,3,3,3
510517,2,1,1991,0,0,0,0,0,0,0,0,0,0
510518,1,1,1991,0,0,0,0,0,0,0,0,0,0
510519,1,1,1991,0,0,0,0,0,0,0,0,0,0
510520,1,1,1991,27,27,27,27,27,27,27,27,27,27
510520,2,1,1991,0,0,0,0,17,0,0,0,0,0
510521,1,1,1991,5,5,5,5,5,5,5,5,5,5
510522,1,1,1991,5,13,17,10,14,9,18,20,10,16
510523,1,1,1991,0,28,8,0,0,7,0,19,26,13
510524,1,1,1991,10,10,10,10,10,10,10,10,10,10
510525,1,1,1991,0,0,0,0,0,0,0,0,0,0
510525,2,1,1991,0,0,0,0,0,0,0,0,10,25
510526,0,1,1991,29,29,29,29,29,29,29,29,29,29
510526,1,1,1991,0,0,0,0,0,0,0,0,0,0
510527,1,1,1991,0,0,0,0,0,22,0,0,0,0
510528,1,1,1991,0,0,0,0,0,0,0,0,0,0
510529,1,1,1991,19,19,19,19,19,19,19,19,19,19
510530,1,1,1991,0,0,0,0,0,0,0,0,0,0
510531,0,1,1991,0,0,0,0,0,0,0,0,0,0
510531,1,1,1991,0,0,0,0,0,0,0,0,0,0
510532,1,1,1991,0,0,0,0,0,0,0,0,17,0
510534,0,1,1991,0,0,0,0,0,0,0,0,0,0
510535,1,1,1991,7,15,18,13,0,16,0,0,0,0
510536,1,1,1991,0,0,0,0,0,0,0,0,0,0
510537,1,1,1991,0,0,30,4,11,5,0,0,22,16
510538,1,1,1991,14,0,25,0,14,0,0,10,5,11
510539,1,1,1991,0,0,0,0,0,0,0,0,0,0
510539,2,1,1991,0,0,0,0,0,0,0,0,0,0
510540,1,1,1991,18,18,18,18,18,18,18,18,18,18
510541,1,1,1991,4,9,4,19,6,7,15,18,18,6
510541,2,1,1991,1,1,1,1,1,1,1,1,1,1
510542,1,1,1991,0,0,0,0,0,0,0,15,0,0
510542,2,1,1991,0,0,0,0,0,0,0,0,0,0
510543,1,1,1991,0,0,0,0,0,0,0,0,0,0
510544,1,1,1991,0,0,0,0,0,0,0,0,0,0
510545,1,1,1991,16,16,16,16,16,16,16,16,16,16
510546,1,1,1991,0,0,0,0,0,0,0,0,0,0
510547,0,1,1991,0,0,0,0,0,0,0,0,0,0
510547,1,1,1991,0,0,0,0,0,0,0,0,0,0
510548,1,1,1991,0,0,0,0,0,0,0,0,0,0
510549,1,1,1991,0,0,0,0,0,0,0,0,0,0
510549,2,1,1991,0,0,0,0,0,0,0,0,0,0
510550,1,1,1991,12,12,12,12,12,12,12,12,12,12
510551,0,1,1991,30,36,23,9,25,35,15,56,7,15
510551,1,1,1991,0,0,0,0,0,0,0,0,0,0
510552,0,1,1991,0,0,0,0,0,0,0,0,0,0
510552,1,1,1991,0,0,0,0,0,0,0,0,0,0
510552,2,1,1991,0,0,0,0,0,0,0,0,0,0
510553,1,1,1991,0,0,0,0,0,0,0,0,0,0
510554,1,1,1991,11,11,11,11,11,11,11,11,11,11
510555,1,1,1991,16,9,11,16,10,14,0,7,16,17
510556,1,1,1991,0,0,0,0,0,0,0,0,0,0
510556,2,1,1991,6,13,3,7,17,0,9,21,19,20
510557,1,1,1991,28,28,28,28,28,28,28,28,28,28
510558,0,1,1991,28,28,28,28,28,28,28,28,28,28
510558,1,1,1991,0,0,7,18,0,7,20,0,0,18
510559,1,1,1991,10,23,25,0,14,15,22,17,11,5
510559,2,1,1991,0,0,0,0,0,0,0,0,0,0
510560,1,1,1991,0,0,0,0,0,0,0,0,0,0
510560,2,1,1991,0,0,0,0,0,0,0,0,0,0
510561,0,1,1991,0,0,0,0,0,0,0,0,0,0
510561,1,1,1991,0,0,0,0,0,0,0,0,0,0
510562,1,1,1991,0,0,0,0,0,0,0,0,0,0
510562,2,1,1991,0,0,0,0,0,0,0,0,0,0
510563,1,1,1991,0,0,0,18,0,0,0,0,0,0
510563,2,1,1991,0,0,0,0,0,0,0,0,0,0
510564,1,1,1991,19,19,19,19,19,19,19,19,19,19
510565,1,1,1991,18,18,18,18,18,18,18,18,18,18
510566,0,1,1991,29,29,29,29,29,29,29,29,29,29
510566,1,1,1991,4,12,21,12,28,7,9,10,5,17
510567,1,1,1991,0,0,29,0,0,0,0,0,0,0
510568,0,1,1991,0,0,0,0,0,0,7,0,0,0
510568,1,1,1991,0,0,0,0,0,0,0,0,0,0
510569,1,1,1991,0,0,0,0,0,0,0,0,0,0
510569,2,1,1991,0,0,0,0,0,0,0,0,0,31
510570,1,1,1991,11,20,6,15,16,21,25,19,12,8
510571,1,1,1991,0,0,0,0,0,0,0,0,0,0
510571,2,1,1991,0,0,0,0,0,0,0,0,0,0
510572,0,1,1991,0,0,0,0,0,0,0,0,0,0
510572,0,2,1991,0,12,23,3,18,20,15,16,0,18
510572,1,1,1991,0,0,0,0,0,0,0,0,0,23
510573,0,1,1991,16,16,16,16,16,16,16,16,16,16
510573,1,1,1991,9,0,0,0,0,0,4,0,0,0
510574,1,1,1991,11,13,15,8,15,16,4,8,14,11
510574,2,1,1991,0,0,0,0,0,0,0,0,0,0
510575,1,1,1991,2,2,2,2,2,2,2,2,2,2
510576,1,1,1991,0,0,0,0,0,0,0,0,0,0
510576,2,1,1991,20,6,17,18,0,16,18,16,8,13
510577,1,1,1991,0,0,0,0,0,0,0,0,0,0
510579,1,1,1991,0,0,0,0,0,0,0,0,0,0
510579,2,1,1991,0,0,0,0,0,0,0,0,0,0
510580,0,1,1991,30,30,30,30,30,30,30,30,30,30
510580,1,1,1991,0,0,0,0,0,0,0,0,0,0
510581,0,1,1991,31,31,31,31,31,31,31,31,31,31
510581,0,2,1991,0,32,32,12,15,13,17,28,0,13
510581,1,1,1991,0,0,0,0,23,0,0,0,0,0
510582,1,1,1991,0,19,0,0,25,0,17,0,0,0
510582,2,1,1991,8,33,8,0,16,0,25,16,22,19
510583,1,1,1991,0,0,0,0,0,0,0,0,0,0
510584,1,1,1991,17,9,24,8,11,11,11,19,9,13
510585,1,1,1991,23,23,23,23,23,23,23,23,23,23
510586,1,1,1991,11,21,0,0,0,0,0,19,15,0
510587,0,1,1991,0,0,0,0,0,0,0,0,0,0
510587,1,1,1991,21,0,7,15,15,9,22,22,8,3
510588,1,1,1991,0,0,0,0,0,0,0,0,22,0
510588,2,1,1991,0,0,0,0,0,0,0,0,0,0
510589,1,1,1991,19,0,25,23,0,14,0,0,14,0
510590,0,1,1991,13,28,28,6,19,0,16,14,13,0
510590,1,1,1991,0,0,0,0,0,0,0,0,0,0
510591,1,1,1991,16,16,16,16,16,16,16,16,16,16
510592,1,1,1991,14,5,24,16,5,6,0,20,16,8
510593,1,1,1991,0,0,0,0,0,0,0,0,3,0
510593,2,1,1991,0,0,0,0,0,0,0,0,0,0
510594,1,1,1991,5,5,5,5,5,5,5,5,5,5
510594,2,1,1991,0,0,0,0,0,0,0,0,0,0
510595,0,1,1991,0,0,0,0,0,0,0,0,0,0
510595,1,1,1991,0,0,0,0,0,0,0,0,0,0
510596,1,1,1991,11,19,21,18,11,21,15,9,7,16
510597,1,1,1991,0,0,0,0,0,0,0,0,0,0
510597,2,1,1991,0,0,0,0,0,0,0,0,0,0
510598,1,1,1991,25,25,25,25,25,25,25,25,25,25
510599,1,1,1991,0,0,0,0,0,0,0,0,0,0
510599,2,1,1991,0,0,0,0,0,0,0,0,0,0
510599,3,1,1991,0,0,0,0,0,0,0,0,0,0
510600,1,1,1991,0,0,0,0,0,0,0,0,0,0
510600,2,1,1991,0,19,17,13,12,7,13,0,14,15
510601,1,1,1991,10,16,11,6,20,13,10,18,7,23
510601,2,1,1991,0,0,0,0,0,0,0,0,0,0
510602,1,1,1991,28,23,15,22,37,22,30,17,25,22
510603,1,1,1991,0,0,0,0,0,0,0,0,0,0
510604,1,1,1991,8,13,5,7,19,23,10,19,17,15
510605,1,1,1991,0,14,7,0,15,0,0,0,0,0
510606,0,1,1991,0,0,0,0,0,0,0,0,0,0
510606,1,1,1991,0,0,14,0,10,0,0,0,0,0
510607,1,1,1991,0,0,0,0,0,0,0,0,0,0
510608,0,1,1991,0,0,0,0,0,0,0,0,0,0
510608,1,1,1991,0,0,0,0,0,0,0,0,11,0
510609,1,1,1991,0,0,0,0,0,0,0,0,0,0
510609,2,1,1991,0,0,0,0,0,0,0,0,0,0