ST_CASE,VEH_NO,PER_NO,YEAR,P1,P2,P3,P4,P5,P6,P7,P8,P9,P10
510610,1,1,1991,0,0,0,0,0,0,0,0,0,0
510610,2,1,1991,0,0,0,0,0,0,0,0,0,0
510611,1,1,1991,0,0,0,0,0,0,0,0,0,0
510611,2,1,1991,0,0,0,0,0,0,0,0,0,0
510612,1,1,1991,0,0,0,0,0,0,0,0,0,0
510613,1,1,1991,0,0,0,0,0,0,0,0,0,0
510613,2,1,1991,0,0,0,0,0,0,0,0,0,0
510614,1,1,1991,0,0,0,0,0,0,0,0,0,0
510614,2,1,1991,21,12,10,20,6,17,15,0,18,10
510615,1,1,1991,0,0,0,0,0,0,0,0,0,0
510616,1,1,1991,20,20,20,20,20,20,20,20,20,20
510617,1,1,1991,22,0,0,0,0,13,0,25,10,0
510618,1,1,1991,0,0,0,0,0,0,0,0,0,0
510618,2,1,1991,0,0,0,0,0,0,0,0,0,0
510618,3,1,1991,0,0,0,0,0,0,6,0,0,0
510619,1,1,1991,0,0,0,0,0,0,0,0,0,0
510620,0,1,1991,13,13,13,13,13,13,13,13,13,13
510620,1,1,1991,12,16,11,11,17,0,10,7,11,30
510621,1,1,1991,7,9,15,32,24,21,20,11,16,13
510622,1,1,1991,0,0,0,20,0,0,0,0,0,0
510623,0,1,1991,0,0,0,0,0,0,0,0,0,0
510623,0,2,1991,0,29,20,25,32,0,16,16,0,23
510623,0,3,1991,5,23,9,10,12,17,36,0,32,27
510623,1,1,1991,8,4,22,15,13,10,24,8,13,10
510623,2,1,1991,0,15,0,0,0,0,17,16,0,0
510624,1,1,1991,0,0,0,0,0,0,0,0,0,0
510624,2,1,1991,40,40,40,40,40,40,40,40,40,40
510625,1,1,1991,0,0,0,16,0,0,9,0,12,0
510626,1,1,1991,0,0,0,0,0,0,0,0,0,10
510627,1,1,1991,0,0,0,0,0,0,0,0,0,0
510628,0,1,1991,18,18,18,18,18,18,18,18,18,18
510628,1,1,1991,12,12,12,12,12,12,12,12,12,12
510629,1,1,1991,21,21,21,21,21,21,21,21,21,21
510630,1,1,1991,21,11,17,10,5,20,5,10,17,31
510630,2,1,1991,22,11,4,14,15,11,14,8,4,28
510631,1,1,1991,0,0,0,0,0,0,0,0,0,0
510632,1,1,1991,0,23,18,0,0,0,0,0,0,0
510633,1,1,1991,0,0,0,0,0,0,0,0,0,0
510633,2,1,1991,0,0,0,0,0,0,0,0,0,0
510634,1,1,1991,0,0,0,0,0,0,0,0,0,0
510634,2,1,1991,0,0,0,0,0,0,0,0,0,0
510635,1,1,1991,0,0,0,0,0,0,0,0,0,0
510635,2,1,1991,0,0,0,0,0,0,0,0,0,0
510635,3,1,1991,0,0,0,0,0,0,0,0,0,0
510636,1,1,1991,28,28,28,28,28,28,28,28,28,28
510637,1,1,1991,0,0,0,0,0,0,0,0,0,0
510637,2,1,1991,0,0,0,0,0,0,0,0,0,0
510638,1,1,1991,0,0,0,0,0,0,0,0,0,0
510639,1,1,1991,0,10,12,14,11,7,2,9,0,0
510640,1,1,1991,0,0,0,0,0,0,0,0,0,0
510641,0,1,1991,21,9,20,13,24,32,24,8,14,15
510641,1,1,1991,14,0,0,0,0,0,4,0,24,0
510642,1,1,1991,23,0,0,0,0,30,0,0,0,0
510642,2,1,1991,8,8,11,3,6,14,12,10,10,3
510643,1,1,1991,12,12,12,12,12,12,12,12,12,12
510644,1,1,1991,27,27,27,27,27,27,27,27,27,27
510645,1,1,1991,26,26,26,26,26,26,26,26,26,26
510646,1,1,1991,0,0,0,0,0,0,0,0,0,0
510646,2,1,1991,0,0,9,9,0,0,0,0,0,20
510647,0,1,1991,0,0,0,0,0,0,0,0,0,0
510647,1,1,1991,0,0,0,0,0,0,0,0,0,0
510648,1,1,1991,0,0,0,0,24,23,0,0,0,0
510648,2,1,1991,13,0,0,0,0,0,0,0,6,0
510649,0,1,1991,26,26,26,26,26,26,26,26,26,26
510649,1,1,1991,0,0,0,0,0,0,0,0,0,0
510649,2,1,1991,0,0,0,6,0,0,0,0,0,17
510650,0,1,1991,0,0,0,0,0,0,0,0,0,0
510650,1,1,1991,0,0,0,0,0,0,0,0,0,0
510651,1,1,1991,0,0,0,0,0,0,0,0,0,0
510652,1,1,1991,0,0,0,0,0,0,0,0,0,0
510653,0,1,1991,0,0,0,0,0,0,0,0,0,0
510653,1,1,1991,0,0,0,0,0,0,0,0,0,0
510654,1,1,1991,0,0,0,0,0,0,0,0,0,0
510655,1,1,1991,0,0,0,0,0,0,0,0,0,0
510655,2,1,1991,0,0,0,0,0,0,0,0,0,0
510656,1,1,1991,23,23,23,23,23,23,23,23,23,23
510657,1,1,1991,16,16,16,16,16,16,16,16,16,16
510658,1,1,1991,0,0,8,26,0,10,0,26,0,0
510659,1,1,1991,18,18,18,18,18,18,18,18,18,18
510660,1,1,1991,0,0,0,0,0,0,0,0,0,0
510660,2,1,1991,0,0,0,0,0,0,0,0,0,0
510661,1,1,1991,0,0,0,0,0,0,0,0,0,0
510661,2,1,1991,0,12,0,0,0,0,0,0,0,0
510662,1,1,1991,0,0,0,0,0,0,0,0,0,0
510663,1,1,1991,9,9,9,9,9,9,9,9,9,9
510664,1,1,1991,24,24,24,24,24,24,24,24,24,24
510665,1,1,1991,0,9,19,36,19,14,11,0,13,20
510666,1,1,1991,26,26,26,26,26,26,26,26,26,26
510667,0,1,1991,0,0,0,0,0,0,0,0,0,0
510667,1,1,1991,0,0,0,0,0,0,0,0,0,0
510668,1,1,1991,11,11,11,11,11,11,11,11,11,11
510669,1,1,1991,0,0,0,0,0,0,0,0,0,0
510669,2,1,1991,0,0,0,0,0,0,0,0,0,0
510670,1,1,1991,0,20,0,9,3,0,0,0,0,0
510670,2,1,1991,0,8,0,0,0,0,0,0,0,0
510671,1,1,1991,0,0,0,0,0,0,0,0,0,0
510671,2,1,1991,0,0,0,0,0,0,0,0,0,0
510672,1,1,1991,0,0,0,0,0,0,18,0,0,0
510672,2,1,1991,0,0,0,0,0,0,0,0,0,0
510673,1,1,1991,15,15,0,11,15,24,20,12,12,31
510673,2,1,1991,0,0,0,0,0,0,0,0,0,0
510674,1,1,1991,0,0,0,0,0,0,0,0,0,0
510674,2,1,1991,0,0,0,0,0,0,0,0,0,0
510675,1,1,1991,0,0,0,0,0,0,0,0,0,0
510675,2,1,1991,0,0,0,0,0,0,0,0,0,0
510676,1,1,1991,27,16,13,17,17,26,30,27,31,26
510677,1,1,1991,0,0,0,0,0,0,0,0,0,0
510677,2,1,1991,0,0,0,0,0,0,0,0,0,0
510678,1,1,1991,0,0,0,0,0,0,0,0,0,0
510679,1,1,1991,12,12,12,12,12,12,12,12,12,12
510680,1,1,1991,27,8,16,30,20,17,13,26,9,21
510680,2,1,1991,16,12,17,11,13,27,11,2,18,14
510681,1,1,1991,18,12,2,13,24,6,9,7,0,5
510681,2,1,1991,0,0,0,0,0,0,0,0,0,0
510683,1,1,1991,24,24,23,21,6,22,21,20,23,12
510683,2,1,1991,26,26,26,26,26,26,26,26,26,26
510683,3,1,1991,0,0,0,8,0,0,0,0,0,0
510684,1,1,1991,12,11,16,14,16,12,24,17,16,19
510685,1,1,1991,23,23,23,23,23,23,23,23,23,23
510686,0,1,1991,22,22,22,22,22,22,22,22,22,22
510686,1,1,1991,0,0,0,0,0,0,0,0,0,0
510687,1,1,1991,13,13,13,13,13,13,13,13,13,13
510688,1,1,1991,0,0,0,0,0,0,0,0,0,0
510688,2,1,1991,0,0,0,0,0,0,0,0,0,0
510688,3,1,1991,0,0,0,0,0,0,0,0,0,0
510688,4,1,1991,0,0,0,0,0,0,0,0,0,0
510688,5,1,1991,0,0,0,0,0,0,0,0,0,0
510689,1,1,1991,0,0,0,0,0,0,0,0,0,0
510689,2,1,1991,0,8,0,0,0,10,0,0,0,0
510690,1,1,1991,0,0,0,0,0,0,0,0,0,0
510691,1,1,1991,0,0,0,0,0,0,0,0,0,0
510691,2,1,1991,0,0,0,0,0,0,0,0,0,0
510692,1,1,1991,0,0,0,0,0,0,0,0,0,0
510692,2,1,1991,0,0,0,0,0,0,0,0,0,0
510693,1,1,1991,0,0,22,0,37,0,0,14,0,0
510694,0,1,1991,0,0,0,0,0,0,0,0,0,0
510694,0,2,1991,3,32,27,29,24,0,31,0,24,8
510694,0,3,1991,0,0,0,0,0,0,0,0,0,0
510694,0,4,1991,0,0,0,0,0,0,0,0,0,0
510694,1,1,1991,4,17,10,21,17,16,17,19,5,3
510695,1,1,1991,10,0,22,10,0,0,0,0,0,0
510695,2,1,1991,0,0,0,0,0,0,0,0,0,0
510696,1,1,1991,0,0,0,0,0,0,0,0,0,0
510696,2,1,1991,0,0,0,0,0,0,0,0,0,0
510697,1,1,1991,14,22,7,11,19,15,0,5,14,4
510697,2,1,1991,24,13,16,16,26,9,31,12,18,13
510698,0,1,1991,0,0,0,0,0,0,0,0,0,0
510698,1,1,1991,0,0,0,0,0,0,0,0,0,0
510699,0,1,1991,5,5,5,5,5,5,5,5,5,5
510699,1,1,1991,0,0,0,0,0,0,0,0,0,0
510700,0,1,1991,1,1,1,1,1,1,1,1,1,1
510700,1,1,1991,0,0,0,0,0,0,0,0,0,16
510701,1,1,1991,0,0,0,0,0,0,0,0,0,0
510702,1,1,1991,0,0,0,0,0,0,0,0,0,0
510703,1,1,1991,0,0,0,0,0,0,0,0,0,0
510703,2,1,1991,0,0,0,0,0,0,0,0,0,0
510704,0,1,1991,16,16,16,16,16,16,16,16,16,16
510704,1,1,1991,0,0,19,0,0,0,0,0,0,4
510705,1,1,1991,0,0,0,0,0,0,0,0,0,0
510706,1,1,1991,0,0,0,0,0,0,0,0,0,0
510706,2,1,1991,0,26,8,0,0,22,0,0,0,0
510707,1,1,1991,4,5,5,9,8,0,6,10,0,26
510708,1,1,1991,16,31,30,17,12,26,17,20,21,25
510709,1,1,1991,0,0,0,0,0,0,0,0,0,0
510710,1,1,1991,0,0,0,0,0,0,0,0,0,0
510711,1,1,1991,0,0,0,0,0,0,0,0,0,0
510711,2,1,1991,0,0,0,0,0,0,0,0,0,0
510712,1,1,1991,31,31,31,31,31,31,31,31,31,31
510713,1,1,1991,14,34,13,13,10,0,6,7,12,8
510714,1,1,1991,0,0,0,0,0,0,0,0,0,4
510714,2,1,1991,0,0,0,0,15,0,0,0,0,0
510715,1,1,1991,0,0,0,0,0,0,0,0,0,0
510716,0,1,1991,0,0,0,0,0,0,0,0,0,0
510716,1,1,1991,0,0,0,0,0,0,0,0,0,0
510717,1,1,1991,16,16,16,16,16,16,16,16,16,16
510718,1,1,1991,2,2,2,2,2,2,2,2,2,2
510719,1,1,1991,6,6,6,6,6,6,6,6,6,6
510720,1,1,1991,0,11,0,0,0,0,0,22,21,0
510721,0,1,1991,35,0,42,21,36,0,15,0,0,21
510721,1,1,1991,0,0,0,0,0,24,0,0,0,0
510722,1,1,1991,0,0,0,0,0,0,0,0,0,0
510722,2,1,1991,0,0,0,0,0,0,0,0,0,0
510723,1,1,1991,18,18,18,18,18,18,18,18,18,18
510724,1,1,1991,0,0,0,0,0,0,0,0,0,0
510724,2,1,1991,0,0,0,0,0,0,0,0,0,0
510724,3,1,1991,0,0,0,0,0,11,0,0,0,0
510725,1,1,1991,0,0,0,0,0,0,0,0,0,0
510726,1,1,1991,0,0,0,0,0,0,0,0,0,0
510726,2,1,1991,0,0,0,0,0,0,0,0,0,0
510727,1,1,1991,0,0,0,0,0,0,0,0,0,0
510728,1,1,1991,0,0,0,11,0,0,0,0,0,0
510729,1,1,1991,0,0,0,0,0,0,0,0,0,0
510729,2,1,1991,0,0,0,0,0,0,0,0,0,0
510730,1,1,1991,0,0,0,0,0,0,0,0,0,0
510730,2,1,1991,0,0,0,0,0,0,0,0,0,0
510731,1,1,1991,0,0,0,0,0,0,0,0,0,0
510731,2,1,1991,0,0,0,0,15,0,26,0,0,0
510732,1,1,1991,0,0,0,0,0,0,0,0,0,0
510733,0,1,1991,0,0,0,0,0,0,0,0,0,0
510733,1,1,1991,0,0,0,0,0,0,0,0,0,0
510734,1,1,1991,0,0,0,11,0,0,0,0,17,0
510735,1,1,1991,27,27,27,27,27,27,27,27,27,27
510736,0,1,1991,18,18,18,18,18,18,18,18,18,18
510736,1,1,1991,0,0,0,0,0,0,0,0,0,0
510737,1,1,1991,24,18,22,11,23,12,25,20,23,4
510737,2,1,1991,0,0,0,0,0,0,0,0,0,0
510738,1,1,1991,0,0,0,0,0,0,0,0,0,0
510739,1,1,1991,9,18,0,0,0,0,0,0,9,0
510739,2,1,1991,0,0,0,0,0,0,0,0,0,0
510740,1,1,1991,22,22,22,22,22,22,22,22,22,22
510741,1,1,1991,21,21,21,21,21,21,21,21,21,21
510742,1,1,1991,0,0,0,0,0,0,0,0,0,0
510742,2,1,1991,0,0,0,0,0,0,0,0,0,0
510743,1,1,1991,0,0,0,0,0,0,0,0,0,0
510743,2,1,1991,0,0,0,0,0,0,0,0,0,0
510744,1,1,1991,0,0,0,0,0,0,0,0,0,0
510744,2,1,1991,0,0,0,5,12,0,13,9,11,16
510745,1,2,1991,21,28,26,27,12,21,27,8,16,21
510746,1,1,1991,0,0,0,0,0,0,0,0,0,0
510746,2,1,1991,0,0,0,0,0,0,0,0,0,0
510747,1,1,1991,12,34,17,22,15,12,16,22,33,14
510748,1,1,1991,5,5,5,5,5,5,5,5,5,5
510749,0,1,1991,8,12,27,17,38,13,21,22,25,19
510749,1,1,1991,0,0,0,0,0,0,0,0,0,0
510750,1,1,1991,0,0,0,0,0,8,0,0,0,0
510750,2,1,1991,0,0,0,0,0,0,0,0,0,0
510751,1,1,1991,0,0,0,0,0,0,0,0,0,0
510751,2,1,1991,0,0,0,0,0,0,0,0,0,0
510752,1,1,1991,0,0,0,0,0,0,0,0,0,0
510752,2,1,1991,0,0,0,0,0,0,0,0,0,0
510753,0,1,1991,0,0,0,0,0,0,0,0,0,0
510753,1,1,1991,9,9,7,18,0,13,4,10,22,17
510754,0,1,1991,21,21,21,21,21,21,21,21,21,21
510754,1,1,1991,16,10,6,9,7,0,11,15,7,21
510755,1,1,1991,32,32,32,32,32,32,32,32,32,32
510756,1,1,1991,24,24,24,24,24,24,24,24,24,24
510757,1,1,1991,0,0,0,0,0,0,0,0,0,0
510757,2,1,1991,0,0,0,0,0,0,0,0,0,0
510758,0,1,1991,0,0,0,0,0,0,0,0,0,0
510758,1,1,1991,0,0,0,0,0,0,0,0,0,0
510759,1,1,1991,0,0,0,0,0,0,0,0,0,0
510759,2,1,1991,0,0,0,0,0,0,0,0,0,0
510760,1,1,1991,0,0,0,0,0,0,0,0,0,0
510761,1,1,1991,21,21,21,21,21,21,21,21,21,21
510761,2,1,1991,0,0,0,0,0,0,0,0,0,0
510762,1,1,1991,0,0,0,0,0,0,0,0,0,0
510763,0,1,1991,24,10,11,9,60,17,5,25,5,17
510763,1,1,1991,0,0,0,0,0,0,0,0,24,0
510764,1,1,1991,0,0,0,0,0,0,0,0,0,0
510764,2,1,1991,0,0,0,0,0,0,0,0,0,0
510765,1,1,1991,0,0,0,0,0,0,0,0,0,5
510765,2,1,1991,0,0,0,0,0,0,0,0,0,0
510766,1,1,1991,0,0,0,0,0,0,0,0,0,0
510767,1,1,1991,27,27,27,27,27,27,27,27,27,27
510768,1,1,1991,17,17,17,17,17,17,17,17,17,17
510769,1,1,1991,0,0,0,0,0,0,0,0,0,0
510769,2,1,1991,0,0,0,0,0,0,0,0,0,0
510770,1,1,1991,18,0,0,0,10,0,0,0,0,0
510770,2,1,1991,8,3,42,15,14,22,8,17,11,10
510771,1,1,1991,19,19,19,19,19,19,19,19,19,19
510772,1,1,1991,20,20,20,20,20,20,20,20,20,20
510773,1,1,1991,20,20,20,20,20,20,20,20,20,20
510774,1,1,1991,12,19,0,10,29,11,16,3,0,20
510775,0,1,1991,36,36,36,36,36,36,36,36,36,36
510775,1,1,1991,0,0,0,0,0,0,0,0,0,6
510776,0,1,1991,21,0,55,12,22,0,22,12,29,21
510776,1,1,1991,0,0,0,0,0,0,0,0,0,0
510777,1,1,1991,0,0,0,0,0,0,0,0,0,0
510777,2,1,1991,0,0,0,0,0,0,0,0,0,0
510777,3,1,1991,0,0,0,0,0,0,0,10,0,0
510778,1,1,1991,0,0,0,0,0,0,0,0,0,0
510778,2,1,1991,0,0,0,0,0,0,0,0,0,0
510779,1,1,1991,0,0,0,0,0,0,0,0,0,0
510779,2,1,1991,0,0,0,0,0,0,0,0,0,0
510780,1,1,1991,0,0,0,0,0,0,0,0,0,0
510780,2,1,1991,0,0,0,0,0,0,0,0,0,0
510781,1,1,1991,0,0,0,0,0,0,0,0,0,0
510781,2,1,1991,0,0,0,0,0,0,0,0,0,0
510782,0,1,1991,15,15,15,15,15,15,15,15,15,15
510782,1,1,1991,0,0,0,0,0,0,0,0,0,0
510783,0,1,1991,0,0,0,0,0,0,0,0,0,0
510783,1,1,1991,0,0,0,0,0,0,0,0,0,0
510784,1,1,1991,0,0,0,0,0,26,0,0,0,0
510785,1,1,1991,0,0,0,0,0,0,0,0,0,0
510785,2,1,1991,0,0,0,0,0,0,0,0,0,0
510785,3,1,1991,0,0,0,0,0,0,17,0,0,0
510786,1,1,1991,0,0,0,0,0,0,0,0,0,0
510786,2,1,1991,0,0,0,0,0,0,0,0,0,0
510786,3,1,1991,0,0,0,0,0,0,0,16,0,11
510787,1,1,1991,0,0,0,0,0,0,0,0,0,0
510788,1,1,1991,0,0,0,0,0,0,0,0,0,0
510788,2,1,1991,0,0,0,0,0,0,0,0,0,0
510788,3,1,1991,0,0,0,0,0,0,0,0,0,0
510789,1,1,1991,0,0,0,0,0,0,0,0,0,0
510789,2,1,1991,0,0,0,0,0,0,0,0,0,0
510790,1,1,1991,0,0,0,0,0,0,0,0,0,0
510790,2,1,1991,0,0,0,0,0,0,0,0,0,0
510791,1,1,1991,0,0,0,0,0,0,0,0,0,0
510791,2,1,1991,0,0,0,0,0,0,0,0,0,0
510792,1,1,1991,0,0,0,0,0,0,0,0,0,0
510792,2,1,1991,2,0,0,0,0,0,0,0,0,0
510792,3,1,1991,0,0,0,0,0,0,0,0,0,0
510792,4,1,1991,0,0,0,0,0,0,0,0,0,0
510792,5,1,1991,0,0,0,0,0,0,0,0,0,0
510792,6,1,1991,0,0,0,0,0,0,0,0,0,0
510793,0,1,1991,9,9,9,9,9,9,9,9,9,9
510793,1,1,1991,0,0,0,0,0,0,0,0,0,0
510794,1,1,1991,0,0,0,0,0,0,0,0,0,0
510794,2,1,1991,0,0,0,0,0,0,0,0,0,0
510795,1,1,1991,17,29,12,14,19,19,0,23,12,27
510796,1,1,1991,0,0,15,0,0,0,0,0,0,0
510796,2,1,1991,0,0,0,0,0,0,0,0,0,0
510797,1,1,1991,26,26,26,26,26,26,26,26,26,26
510797,2,1,1991,0,0,0,17,0,0,19,0,0,0
510797,3,1,1991,0,0,0,0,0,0,0,0,0,0
510798,1,1,1991,0,0,0,0,0,0,0,0,0,0
510798,2,1,1991,0,0,0,0,0,0,0,0,0,0
510799,1,1,1991,0,0,0,0,0,0,0,0,0,0
510799,2,1,1991,0,0,0,0,0,0,0,0,0,0
510800,1,1,1991,8,8,8,8,8,8,8,8,8,8
510801,1,1,1991,0,0,0,0,0,0,0,0,0,0
510802,1,1,1991,0,0,0,0,0,0,0,0,0,0
510802,2,1,1991,0,0,0,0,0,0,0,0,0,0
510803,1,1,1991,22,22,22,22,22,22,22,22,22,22
510804,0,1,1991,0,0,0,0,0,0,0,0,0,0
510804,1,1,1991,0,0,20,0,0,0,0,0,0,0
510805,0,1,1991,8,8,8,8,8,8,8,8,8,8
510806,1,1,1991,17,11,10,11,4,0,17,12,18,11
510807,1,1,1991,13,13,13,13,13,13,13,13,13,13
510808,0,1,1991,0,0,0,0,0,0,0,0,0,0
510808,1,1,1991,0,0,0,0,0,0,0,0,0,0
510809,1,1,1991,0,0,0,0,0,0,0,0,0,0
510809,2,1,1991,0,0,21,0,17,0,0,0,0,0
510810,1,1,1991,23,23,23,23,23,23,23,23,23,23
510811,1,1,1991,0,30,0,0,0,0,0,0,0,0
510811,2,1,1991,0,0,0,0,0,0,0,0,0,0
510812,1,1,1991,0,0,0,0,0,0,0,0,0,0
510812,2,1,1991,0,0,0,0,0,0,0,0,0,0
510813,1,1,1991,19,19,19,19,19,19,19,19,19,19
510813,2,1,1991,0,0,0,0,0,0,0,0,0,0
510814,0,1,1991,0,0,0,0,0,0,0,0,0,0
510814,1,1,1991,0,0,0,0,0,0,0,0,0,0
510815,1,1,1991,0,0,0,0,0,0,0,0,0,0
510815,2,1,1991,0,0,0,0,0,0,0,0,0,0
510816,1,1,1991,23,23,23,23,23,23,23,23,23,23
510817,1,1,1991,0,0,0,0,0,0,0,0,0,0
510817,2,1,1991,0,0,0,0,0,0,0,0,0,0
510818,0,1,1991,0,0,0,0,0,0,0,0,0,0
510818,1,1,1991,0,0,0,0,0,0,0,0,0,0
510819,1,1,1991,0,0,0,0,0,0,0,0,0,0
510820,1,1,1991,0,0,0,0,0,0,0,0,0,0
510820,2,1,1991,0,0,0,0,0,0,0,0,0,0
510821,1,1,1991,0,0,0,0,0,0,0,0,0,0
510821,2,1,1991,0,0,0,0,0,0,0,0,0,0
510822,1,1,1991,0,0,0,0,0,0,0,0,0,0
510822,2,1,1991,0,0,0,0,0,0,0,0,0,0
510823,1,1,1991,0,14,8,15,14,14,14,7,23,9
510824,1,1,1991,0,0,0,0,0,0,0,0,0,0
510824,2,1,1991,0,0,0,0,0,0,0,0,0,0
510825,0,1,1991,0,0,0,0,0,0,0,0,0,0
510825,1,1,1991,5,36,4,30,21,12,12,22,0,9
510826,0,1,1991,24,24,24,24,24,24,24,24,24,24
510826,1,1,1991,0,0,0,0,18,0,0,0,0,0
510827,1,1,1991,0,0,0,0,0,0,0,0,0,0
510827,2,1,1991,0,6,0,8,18,35,13,0,14,0
510828,1,1,1991,0,25,15,0,22,23,23,0,0,29
510829,1,1,1991,0,0,0,0,0,0,0,0,0,0
510829,2,1,1991,0,0,0,0,0,0,0,0,0,0
510829,3,1,1991,0,0,0,0,0,0,0,0,0,0
510830,0,1,1991,0,0,0,0,0,0,0,0,0,0
510830,1,1,1991,0,0,0,0,0,0,0,0,0,0
510831,1,1,1991,0,0,0,0,0,0,0,0,0,0
510831,2,1,1991,0,0,0,0,0,0,0,0,0,0
510832,1,1,1991,0,0,0,0,0,0,0,0,0,0
510832,2,1,1991,0,0,0,0,0,0,0,0,0,0
510833,1,1,1991,0,22,0,0,0,0,0,0,0,0
510834,1,1,1991,0,0,0,0,0,0,0,0,0,0
510834,2,1,1991,10,0,19,13,15,0,24,9,13,9
510835,1,1,1991,0,0,0,0,0,0,0,0,0,0
510835,2,1,1991,0,0,0,0,0,0,0,0,0,0
510836,0,1,1991,28,28,28,28,28,28,28,28,28,28
510836,1,1,1991,19,11,0,17,0,0,0,26,5,13
510837,1,1,1991,22,22,22,22,22,22,22,22,22,22
510838,1,1,1991,0,0,0,0,0,0,0,0,0,0
510839,0,1,1991,23,0,25,20,0,0,35,15,10,17
510839,1,1,1991,0,0,0,0,0,0,0,0,0,0
510840,1,1,1991,8,23,30,25,11,29,11,31,9,24
510841,1,1,1991,0,0,0,0,0,0,0,0,0,0
510841,2,1,1991,0,0,0,0,0,12,0,0,0,0
510842,0,1,1991,0,0,0,0,0,0,0,0,37,0
510842,0,2,1991,0,0,0,0,0,14,6,0,0,22
510842,0,3,1991,0,0,0,0,0,0,0,0,0,0
510842,1,1,1991,0,0,0,0,0,0,0,0,0,0
510843,1,1,1991,18,0,12,29,0,0,0,0,0,10
510844,1,1,1991,0,0,0,0,0,0,0,0,0,0
510845,1,1,1991,0,20,16,15,0,20,0,11,19,6
510845,2,1,1991,0,0,0,0,0,3,0,0,0,0
510846,1,1,1991,24,27,3,5,18,13,0,12,2,6
510847,0,1,1991,0,0,0,0,0,0,0,0,0,0
510847,1,1,1991,0,0,0,0,0,0,0,0,0,0
510848,1,1,1991,16,29,19,22,21,15,25,41,23,36
510849,1,1,1991,0,0,0,0,0,0,0,0,0,0
510849,2,1,1991,21,13,35,20,9,17,14,17,20,11
510850,1,1,1991,7,7,7,7,7,7,7,7,7,7
510851,1,1,1991,0,0,0,0,0,0,0,0,0,0
510852,1,1,1991,0,0,0,0,0,0,0,0,0,0
510853,1,1,1991,0,0,0,0,0,0,0,0,0,0
510854,0,1,1991,0,0,0,0,0,0,0,0,0,0
510854,1,1,1991,0,0,0,0,0,0,0,0,0,0
510855,1,1,1991,0,14,8,21,38,14,8,15,20,22
510856,1,1,1991,0,0,6,0,0,5,0,0,16,0
510856,2,1,1991,2,2,2,2,2,2,2,2,2,2
510857,1,1,1991,16,16,16,16,16,16,16,16,16,16
510858,1,1,1991,0,0,0,0,0,0,0,0,0,0
510858,2,1,1991,0,0,0,0,0,0,0,0,0,0
510858,3,1,1991,0,0,0,0,0,0,0,0,0,0
510858,4,1,1991,0,0,9,0,0,0,0,0,0,0
510858,5,1,1991,0,0,0,0,0,0,0,0,0,0
510859,1,1,1991,0,0,0,0,0,0,0,0,15,0
510859,2,1,1991,0,0,0,0,0,0,0,7,0,0
530001,0,1,1991,0,0,0,0,0,0,0,0,0,0
530001,0,2,1991,0,0,0,0,0,0,0,0,0,0
530001,1,1,1991,18,18,18,18,18,18,18,18,18,18
530002,1,1,1991,0,0,0,0,0,31,17,0,0,0
530004,1,1,1991,19,19,19,19,19,19,19,19,19,19
530004,2,1,1991,0,0,0,0,0,0,0,0,0,0
530005,0,1,1991,2,2,2,2,2,2,2,2,2,2
530005,1,1,1991,0,0,0,0,0,0,0,0,0,0
530006,1,1,1991,11,11,11,11,11,11,11,11,11,11
530007,0,1,1991,20,20,20,20,20,20,20,20,20,20
530007,1,1,1991,0,0,0,0,0,0,0,0,0,0
530008,1,1,1991,0,0,0,0,0,0,0,0,0,0
530008,2,1,1991,2,2,2,2,2,2,2,2,2,2
530009,1,1,1991,0,0,0,0,0,6,0,0,0,0
530009,2,1,1991,0,0,0,0,0,0,0,0,0,0
530010,1,1,1991,0,0,0,0,0,0,0,0,0,0
530010,2,1,1991,0,0,0,0,0,0,0,0,0,0
530011,0,1,1991,0,0,0,0,0,0,0,0,0,0
530011,0,2,1991,0,0,0,0,0,0,0,0,0,0
530011,1,1,1991,0,0,0,0,0,0,0,0,0,0
530012,1,1,1991,10,10,10,10,10,10,10,10,10,10
530014,0,1,1991,4,4,4,4,4,4,4,4,4,4
530014,1,1,1991,0,0,0,0,0,0,0,0,12,0
530015,0,1,1991,11,11,11,11,11,11,11,11,11,11
530015,1,1,1991,0,0,0,0,0,0,0,0,0,0
530015,2,1,1991,26,0,28,0,0,0,0,0,0,19
530016,1,1,1991,0,0,0,0,0,0,0,0,0,0
530017,1,1,1991,24,24,24,24,24,24,24,24,24,24
530017,2,1,1991,0,0,0,0,0,0,0,0,0,0
530018,1,1,1991,24,24,24,24,24,24,24,24,24,24
530018,2,1,1991,17,13,8,3,4,11,0,9,6,9
530019,1,1,1991,0,0,0,0,0,0,0,0,0,0
530019,2,1,1991,0,0,0,0,0,0,0,0,0,0
530020,1,1,1991,22,22,22,22,22,22,22,22,22,22
530021,1,1,1991,0,0,0,0,0,3,0,0,0,0
530021,2,1,1991,0,0,0,0,0,0,0,0,0,0
530022,1,1,1991,0,0,0,0,0,24,0,0,0,0
530022,2,1,1991,0,0,0,0,0,0,0,0,0,0
530023,1,1,1991,19,19,19,19,19,19,19,19,19,19
530023,2,1,1991,0,0,0,0,0,0,0,0,0,0
530024,1,1,1991,16,16,16,16,16,16,16,16,16,16
530025,0,1,1991,0,4,0,0,0,0,0,0,18,0
530025,1,1,1991,0,0,0,0,0,0,0,0,0,0
530026,1,1,1991,27,27,27,27,27,27,27,27,27,27
530026,2,1,1991,0,0,0,0,0,0,0,0,0,0
530027,0,1,1991,0,0,0,0,0,0,0,0,0,0