ST_CASE,VEH_NO,PER_NO,YEAR,P1,P2,P3,P4,P5,P6,P7,P8,P9,P10
530027,1,1,1991,0,0,0,0,0,0,0,0,0,0
530027,2,1,1991,0,0,0,0,0,0,0,0,0,0
530029,1,1,1991,16,16,16,16,16,16,16,16,16,16
530030,1,1,1991,13,13,13,13,13,13,13,13,13,13
530031,1,1,1991,0,0,0,0,0,0,0,0,0,0
530031,2,1,1991,0,0,0,0,0,0,0,0,0,0
530032,0,1,1991,0,0,0,0,0,0,0,0,0,0
530032,1,1,1991,0,0,0,0,0,0,0,0,0,0
530034,1,1,1991,0,0,0,0,0,0,0,0,0,0
530034,2,1,1991,6,6,6,6,6,6,6,6,6,6
530035,1,1,1991,0,0,0,0,0,0,0,0,0,0
530035,2,1,1991,0,0,0,0,0,0,0,0,0,0
530036,1,1,1991,16,16,16,16,16,16,16,16,16,16
530037,1,1,1991,0,0,0,0,0,0,0,0,0,0
530038,1,1,1991,16,16,16,16,16,16,16,16,16,16
530039,1,1,1991,0,0,0,0,0,0,0,0,0,0
530040,1,1,1991,0,0,0,0,0,0,0,0,0,0
530040,2,1,1991,0,0,0,0,0,0,0,0,0,0
530041,0,1,1991,0,0,0,0,0,0,0,0,0,0
530041,1,1,1991,9,0,20,9,14,22,3,16,24,6
530042,1,1,1991,16,0,10,0,9,27,15,0,21,13
530043,1,1,1991,17,17,17,17,17,17,17,17,17,17
530043,2,1,1991,0,0,0,0,0,14,0,0,0,0
530043,3,1,1991,0,0,0,0,0,0,0,0,0,0
530043,4,1,1991,0,0,0,0,0,0,0,0,0,0
530043,5,1,1991,0,0,0,0,0,0,0,0,0,0
530044,0,1,1991,7,0,0,11,0,4,2,13,13,16
530044,1,1,1991,0,0,0,0,0,0,0,0,0,0
530045,1,1,1991,0,0,0,0,0,0,0,0,0,0
530045,2,1,1991,0,0,0,0,0,0,0,0,0,0
530046,0,1,1991,0,0,0,0,0,0,0,0,0,0
530046,0,2,1991,0,0,0,0,0,0,0,0,0,0
530046,2,1,1991,0,0,0,0,0,0,0,0,0,0
530047,1,1,1991,0,0,0,0,0,0,0,0,0,0
530047,2,1,1991,0,9,0,0,0,0,0,0,0,0
530048,0,1,1991,0,0,0,0,0,0,0,0,0,0
530048,1,1,1991,4,4,4,4,4,4,4,4,4,4
530049,0,1,1991,0,0,0,0,0,0,0,0,0,0
530049,1,1,1991,0,0,0,0,0,0,0,0,0,0
530050,1,1,1991,10,10,10,10,10,10,10,10,10,10
530051,1,1,1991,0,0,0,0,0,0,0,0,0,0
530052,1,1,1991,0,0,0,0,0,0,0,0,0,0
530053,1,1,1991,13,13,13,13,13,13,13,13,13,13
530054,1,1,1991,0,0,0,0,0,0,0,0,0,0
530055,1,1,1991,14,14,14,14,14,14,14,14,14,14
530055,2,1,1991,0,0,0,0,0,0,0,0,0,0
530055,3,1,1991,0,0,25,0,0,0,0,0,0,0
530056,1,1,1991,30,30,30,30,30,30,30,30,30,30
530057,1,1,1991,15,15,15,15,15,15,15,15,15,15
530057,2,1,1991,7,7,7,7,7,7,7,7,7,7
530058,1,1,1991,3,3,3,3,3,3,3,3,3,3
530058,2,1,1991,0,0,0,0,0,0,0,0,0,0
530059,1,1,1991,0,0,0,0,0,0,0,0,0,0
530060,1,1,1991,0,0,0,0,0,0,0,0,0,0
530061,1,1,1991,14,14,14,14,14,14,14,14,14,14
530062,1,1,1991,0,0,0,0,0,0,0,0,0,0
530063,1,1,1991,12,12,12,12,12,12,12,12,12,12
530063,2,1,1991,14,14,14,14,14,14,14,14,14,14
530064,1,1,1991,27,27,27,27,27,27,27,27,27,27
530065,1,1,1991,33,33,33,33,33,33,33,33,33,33
530065,2,1,1991,19,19,19,19,19,19,19,19,19,19
530066,1,1,1991,20,20,20,20,20,20,20,20,20,20
530067,1,1,1991,0,0,0,0,0,0,0,0,0,0
530068,0,1,1991,0,0,0,0,0,0,0,0,0,0
530068,1,1,1991,0,0,0,0,0,0,0,0,0,0
530069,1,1,1991,9,9,9,9,9,9,9,9,9,9
530069,2,1,1991,0,0,0,0,0,0,0,0,10,0
530070,1,1,1991,25,25,25,25,25,25,25,25,25,25
530071,1,1,1991,16,16,16,16,16,16,16,16,16,16
530071,2,1,1991,12,0,0,0,3,29,11,0,0,0
530073,1,1,1991,23,23,23,23,23,23,23,23,23,23
530074,1,1,1991,15,15,15,15,15,15,15,15,15,15
530075,1,4,1991,14,14,14,14,14,14,14,14,14,14
530076,1,1,1991,0,0,0,0,0,0,0,0,0,0
530077,1,1,1991,31,31,31,31,31,31,31,31,31,31
530077,2,1,1991,0,0,0,0,0,0,0,0,0,0
530078,1,1,1991,0,0,0,0,0,0,0,0,0,0
530078,2,1,1991,6,6,6,6,6,6,6,6,6,6
530078,3,1,1991,0,0,0,0,0,0,0,0,0,0
530079,1,1,1991,22,18,35,18,19,16,18,3,33,13
530080,0,1,1991,0,0,0,26,12,18,0,0,0,0
530080,0,2,1991,0,12,5,0,0,0,12,0,0,11
530080,1,1,1991,0,0,0,0,0,0,0,0,0,0
530081,1,1,1991,0,0,0,0,0,0,0,0,0,0
530081,2,1,1991,0,35,0,0,0,0,0,0,16,8
530083,1,1,1991,0,0,0,0,0,0,0,0,0,0
530083,2,1,1991,0,0,0,0,0,0,0,0,0,0
530084,0,1,1991,0,0,0,0,0,0,0,0,0,0
530084,1,1,1991,0,0,0,0,0,0,0,0,0,27
530085,0,1,1991,0,0,0,0,0,0,0,0,0,0
530085,1,1,1991,0,0,0,0,0,0,0,0,0,0
530086,1,1,1991,21,21,21,21,21,21,21,21,21,21
530086,2,1,1991,0,0,0,0,0,0,0,0,0,0
530088,1,1,1991,17,17,17,17,17,17,17,17,17,17
530088,2,1,1991,0,0,0,9,0,0,0,0,0,0
530089,0,1,1991,0,0,0,0,0,0,0,0,0,0
530089,1,1,1991,0,0,0,0,0,0,0,0,0,0
530090,0,1,1991,0,0,0,0,0,0,0,0,0,0
530090,0,2,1991,0,0,0,0,0,0,0,20,0,0
530090,1,1,1991,0,0,0,0,0,0,0,0,0,0
530091,0,1,1991,0,0,0,0,0,0,0,0,0,0
530091,1,1,1991,0,0,0,0,0,0,0,0,0,0
530092,1,1,1991,14,14,14,14,14,14,14,14,14,14
530093,1,1,1991,0,0,0,0,0,0,0,0,0,0
530093,2,1,1991,0,0,0,0,0,0,0,0,0,0
530094,1,1,1991,11,11,11,11,11,11,11,11,11,11
530095,1,1,1991,20,20,20,20,20,20,20,20,20,20
530095,2,1,1991,0,0,0,0,0,0,0,0,0,0
530096,1,1,1991,0,0,0,0,0,0,0,0,0,0
530096,2,1,1991,0,0,0,0,0,0,0,0,0,0
530097,1,1,1991,26,26,26,26,26,26,26,26,26,26
530098,1,1,1991,22,22,22,22,22,22,22,22,22,22
530098,2,1,1991,0,0,0,0,0,0,0,0,0,0
530099,1,1,1991,13,13,13,13,13,13,13,13,13,13
530099,2,1,1991,0,0,0,0,10,0,0,0,0,0
530100,1,1,1991,0,0,0,0,0,0,0,14,0,0
530101,1,1,1991,23,23,23,23,23,23,23,23,23,23
530101,2,1,1991,0,0,0,0,0,0,0,0,0,0
530101,3,1,1991,0,0,0,0,0,0,0,0,0,0
530101,4,1,1991,0,0,0,0,0,0,0,0,0,0
530102,0,1,1991,0,0,0,0,0,0,0,0,0,0
530102,1,1,1991,0,0,0,0,0,0,0,0,0,0
530103,1,1,1991,29,29,29,29,29,29,29,29,29,29
530104,1,2,1991,0,0,0,0,0,0,0,0,0,0
530104,2,1,1991,0,0,0,0,0,0,0,0,0,0
530105,1,1,1991,19,19,19,19,19,19,19,19,19,19
530106,1,1,1991,0,0,0,0,0,0,0,0,0,0
530106,2,1,1991,0,0,0,0,0,0,0,0,0,0
530107,1,1,1991,18,18,18,18,18,18,18,18,18,18
530108,0,1,1991,0,0,0,0,0,0,0,0,0,0
530108,1,1,1991,0,0,0,0,15,0,0,0,0,0
530108,2,1,1991,0,0,0,0,0,0,0,0,0,0
530109,1,1,1991,11,11,11,11,11,11,11,11,11,11
530109,2,1,1991,0,0,0,16,0,0,0,0,13,0
530110,1,1,1991,18,18,18,18,18,18,18,18,18,18
530110,2,1,1991,0,0,0,0,0,0,0,0,0,0
530111,1,1,1991,25,25,25,25,25,25,25,25,25,25
530112,1,1,1991,0,0,0,0,0,0,0,0,0,0
530112,2,1,1991,0,0,0,0,0,0,0,0,0,0
530113,1,1,1991,8,27,20,22,14,0,24,0,20,7
530114,1,1,1991,0,9,14,0,0,0,0,0,0,0
530115,1,1,1991,0,0,0,0,0,0,0,0,0,0
530115,2,1,1991,0,0,0,0,0,0,0,0,0,0
530116,1,1,1991,22,22,22,22,22,22,22,22,22,22
530117,1,1,1991,28,28,28,28,28,28,28,28,28,28
530118,1,1,1991,17,17,17,17,17,17,17,17,17,17
530118,2,1,1991,0,0,0,0,0,0,0,0,0,0
530119,1,1,1991,0,0,0,0,0,0,0,0,0,0
530120,1,1,1991,20,20,20,20,20,20,20,20,20,20
530121,1,1,1991,21,21,21,21,21,21,21,21,21,21
530121,2,1,1991,0,0,0,0,0,0,0,0,0,0
530122,0,1,1991,0,0,0,0,0,0,0,0,0,0
530122,1,1,1991,0,0,0,0,0,0,0,0,0,0
530123,1,1,1991,22,22,22,22,22,22,22,22,22,22
530124,0,1,1991,23,23,23,23,23,23,23,23,23,23
530124,1,1,1991,0,0,0,0,0,0,0,0,0,0
530125,1,1,1991,3,3,3,3,3,3,3,3,3,3
530126,1,1,1991,20,20,20,20,20,20,20,20,20,20
530127,1,1,1991,19,19,19,19,19,19,19,19,19,19
530128,1,1,1991,0,0,0,0,0,0,0,0,0,0
530128,2,1,1991,0,0,0,0,0,0,0,0,0,0
530129,1,1,1991,0,0,0,0,0,0,0,0,0,0
530130,1,1,1991,16,16,16,16,16,16,16,16,16,16
530130,2,1,1991,21,21,21,21,21,21,21,21,21,21
530131,0,1,1991,0,0,0,0,0,0,0,0,0,0
530131,1,1,1991,0,0,0,0,0,0,0,0,0,0
530132,1,1,1991,0,0,0,0,0,0,0,0,0,0
530133,1,1,1991,0,0,0,0,0,0,0,0,0,0
530133,2,1,1991,0,0,0,0,0,0,0,0,0,0
530134,1,1,1991,0,0,0,0,0,0,0,0,0,0
530135,1,1,1991,24,24,24,24,24,24,24,24,24,24
530136,1,1,1991,23,23,23,23,23,23,23,23,23,23
530137,1,1,1991,21,21,21,21,21,21,21,21,21,21
530138,1,1,1991,0,0,0,0,0,0,0,0,0,0
530138,2,1,1991,0,0,0,0,25,0,0,0,0,0
530140,1,1,1991,9,9,9,9,9,9,9,9,9,9
530141,1,1,1991,0,0,0,0,0,0,0,0,0,0
530142,1,1,1991,0,0,0,0,0,0,0,0,0,0
530142,2,1,1991,0,0,0,0,0,0,0,0,0,0
530143,1,1,1991,10,10,10,10,10,10,10,10,10,10
530143,2,1,1991,0,0,0,0,0,0,0,0,0,0
530144,1,1,1991,0,0,0,0,0,5,0,0,0,0
530144,2,1,1991,0,0,0,0,0,0,0,0,0,0
530145,1,1,1991,17,17,17,17,17,17,17,17,17,17
530145,2,1,1991,25,25,25,25,25,25,25,25,25,25
530146,1,1,1991,21,21,21,21,21,21,21,21,21,21
530147,1,1,1991,8,8,8,8,8,8,8,8,8,8
530148,1,1,1991,0,0,0,0,0,0,0,0,0,0
530148,2,1,1991,0,0,0,0,0,0,0,0,0,0
530150,1,1,1991,13,13,13,13,13,13,13,13,13,13
530150,2,1,1991,0,0,0,0,0,0,0,0,0,0
530151,1,1,1991,0,0,0,0,0,0,0,0,0,0
530151,2,1,1991,0,0,0,0,0,0,0,0,0,0
530152,1,1,1991,29,29,29,29,29,29,29,29,29,29
530152,2,1,1991,0,0,0,0,0,0,0,0,0,0
530153,1,1,1991,0,0,0,0,0,0,0,0,0,0
530153,2,1,1991,0,0,0,0,0,0,0,0,0,0
530154,1,1,1991,16,16,16,16,16,16,16,16,16,16
530154,2,1,1991,0,0,0,0,0,0,0,0,0,0
530155,1,1,1991,22,22,22,22,22,22,22,22,22,22
530157,1,1,1991,11,11,11,11,11,11,11,11,11,11
530157,2,1,1991,0,0,0,0,0,0,0,0,0,0
530158,1,1,1991,15,15,15,15,15,15,15,15,15,15
530159,1,1,1991,0,0,0,0,0,0,0,0,0,0
530160,1,1,1991,26,26,26,26,26,26,26,26,26,26
530161,0,1,1991,0,0,0,0,0,0,0,0,0,0
530161,1,1,1991,0,0,0,0,0,0,0,0,0,0
530162,1,1,1991,0,11,20,10,9,16,11,8,9,6
530162,2,1,1991,0,0,0,0,0,0,0,0,0,0
530163,1,1,1991,0,0,0,0,0,0,0,0,0,0
530164,1,1,1991,0,0,0,0,0,0,0,0,0,0
530165,1,1,1991,5,5,5,5,5,5,5,5,5,5
530165,2,1,1991,20,0,0,0,0,0,0,0,0,0
530166,1,1,1991,0,0,0,0,0,0,0,0,0,0
530166,2,1,1991,0,0,0,0,0,0,0,0,0,0
530167,1,1,1991,0,0,0,0,0,0,0,0,0,0
530167,2,1,1991,0,0,0,0,0,0,0,0,0,0
530168,1,1,1991,7,7,7,7,7,7,7,7,7,7
530169,1,1,1991,0,0,0,0,0,0,0,0,0,0
530169,2,1,1991,0,0,0,0,0,0,0,0,0,0
530170,1,1,1991,17,17,17,17,17,17,17,17,17,17
530171,1,1,1991,16,16,16,16,16,16,16,16,16,16
530172,1,1,1991,14,14,14,14,14,14,14,14,14,14
530173,1,1,1991,12,12,12,12,12,12,12,12,12,12
530174,1,1,1991,27,27,27,27,27,27,27,27,27,27
530174,2,1,1991,0,0,0,0,0,0,0,0,0,0
530175,1,1,1991,23,23,23,23,23,23,23,23,23,23
530176,1,1,1991,23,23,23,23,23,23,23,23,23,23
530177,1,1,1991,8,8,8,8,8,8,8,8,8,8
530177,2,1,1991,0,0,0,0,0,0,0,0,0,0
530178,1,1,1991,13,13,13,13,13,13,13,13,13,13
530179,1,1,1991,0,0,0,0,0,0,0,0,0,0
530180,1,1,1991,0,0,0,21,0,0,0,0,0,0
530181,1,1,1991,20,20,20,20,20,20,20,20,20,20
530182,1,1,1991,17,17,17,17,17,17,17,17,17,17
530183,1,1,1991,9,9,9,9,9,9,9,9,9,9
530183,2,1,1991,0,0,0,0,0,0,0,0,0,0
530184,1,1,1991,18,18,18,18,18,18,18,18,18,18
530185,1,1,1991,0,0,0,0,0,0,0,0,0,0
530186,0,1,1991,0,23,14,0,21,28,0,9,15,32
530186,1,1,1991,0,0,0,0,0,0,0,0,0,0
530187,1,1,1991,0,0,0,0,0,0,0,0,0,0
530187,2,1,1991,0,0,0,0,0,0,0,0,0,0
530187,3,1,1991,0,0,0,0,0,0,0,0,0,0
530188,1,1,1991,17,17,17,17,17,17,17,17,17,17
530190,1,1,1991,0,0,0,0,0,0,0,0,0,0
530190,2,1,1991,0,0,0,0,0,0,0,0,0,0
530191,1,1,1991,0,0,0,0,0,0,0,0,0,0
530192,0,1,1991,0,0,0,0,0,0,0,0,0,0
530192,1,1,1991,0,0,0,0,0,0,0,0,0,0
530193,1,1,1991,0,0,0,0,0,0,0,0,0,0
530193,2,1,1991,0,0,0,0,0,0,0,0,0,0
530194,1,1,1991,4,4,4,4,4,4,4,4,4,4
530194,2,1,1991,0,0,0,0,0,0,0,0,0,0
530195,1,1,1991,0,0,0,0,0,0,0,0,0,0
530195,2,1,1991,0,0,0,0,0,0,0,0,0,0
530196,0,1,1991,24,24,24,24,24,24,24,24,24,24
530196,1,1,1991,7,7,7,7,7,7,7,7,7,7
530197,1,1,1991,14,14,14,14,14,14,14,14,14,14
530198,1,1,1991,0,0,0,0,0,0,0,0,0,0
530198,2,1,1991,0,0,0,0,0,0,0,0,0,0
530199,0,1,1991,0,0,0,0,0,0,0,0,0,0
530199,1,1,1991,0,0,0,0,0,0,0,0,0,0
530200,1,1,1991,21,21,21,21,21,21,21,21,21,21
530201,1,1,1991,18,18,18,18,18,18,18,18,18,18
530202,1,1,1991,7,7,7,7,7,7,7,7,7,7
530203,1,1,1991,25,25,25,25,25,25,25,25,25,25
530204,1,1,1991,0,0,0,0,0,0,0,0,0,0
530205,1,1,1991,0,0,0,0,0,0,0,0,0,0
530205,2,1,1991,0,0,0,0,0,0,0,0,0,0
530206,1,1,1991,18,18,18,18,18,18,18,18,18,18
530206,2,1,1991,0,0,0,0,0,0,0,0,0,0
530208,1,1,1991,0,0,0,0,0,0,0,0,0,0
530208,2,1,1991,0,0,0,0,0,0,0,0,0,0
530209,1,1,1991,0,0,0,0,0,0,0,0,0,0
530210,1,1,1991,14,14,14,14,14,14,14,14,14,14
530211,1,1,1991,24,24,24,24,24,24,24,24,24,24
530212,1,1,1991,4,4,4,4,4,4,4,4,4,4
530213,1,1,1991,0,0,0,0,0,0,0,0,0,0
530214,1,1,1991,11,11,11,11,11,11,11,11,11,11
530215,1,1,1991,0,0,0,0,0,0,0,0,0,0
530215,2,1,1991,0,9,0,0,0,0,0,0,29,0
530215,3,1,1991,0,0,0,0,0,0,0,0,0,0
530215,4,1,1991,0,0,0,0,0,5,0,0,0,0
530215,5,1,1991,0,0,0,0,0,0,0,0,0,0
530216,1,1,1991,0,0,0,0,0,0,0,0,0,0
530216,2,1,1991,0,0,0,0,0,0,0,0,0,0
530216,3,1,1991,0,0,0,0,0,0,0,0,0,0
530217,1,1,1991,0,0,0,0,0,0,0,0,0,0
530217,2,1,1991,0,0,0,0,0,0,0,0,0,0
530218,1,1,1991,0,0,0,0,0,0,0,0,0,0
530218,2,1,1991,3,3,3,3,3,3,3,3,3,3
530219,1,1,1991,8,8,8,8,8,8,8,8,8,8
530220,1,1,1991,0,0,0,0,0,0,0,0,0,0
530220,2,1,1991,0,0,0,0,0,0,0,0,0,0
530221,1,1,1991,20,20,20,20,20,20,20,20,20,20
530221,2,1,1991,0,0,0,0,0,0,0,0,0,0
530222,1,1,1991,13,13,13,13,13,13,13,13,13,13
530222,2,1,1991,2,2,2,2,2,2,2,2,2,2
530223,1,1,1991,0,0,0,0,0,0,0,0,0,0
530223,2,1,1991,0,0,0,0,0,0,0,0,0,0
530224,1,1,1991,18,18,18,18,18,18,18,18,18,18
530225,0,1,1991,0,0,0,0,0,0,0,0,0,0
530225,1,1,1991,0,0,0,0,0,0,0,0,0,0
530226,1,1,1991,0,0,0,0,0,0,0,0,0,0
530226,2,1,1991,0,0,0,0,0,0,0,0,0,0
530226,3,1,1991,0,0,0,0,0,0,0,0,0,0
530227,1,1,1991,8,8,8,8,8,8,8,8,8,8
530228,1,1,1991,24,24,24,24,24,24,24,24,24,24
530229,1,1,1991,0,0,0,16,0,0,0,0,0,0
530230,1,1,1991,20,20,20,20,20,20,20,20,20,20
530231,1,1,1991,18,18,18,18,18,18,18,18,18,18
530231,2,1,1991,0,6,0,12,0,0,0,0,0,0
530232,1,1,1991,0,0,0,0,0,0,0,0,0,0
530232,2,1,1991,0,0,0,0,0,0,0,0,0,0
530233,1,1,1991,34,34,34,34,34,34,34,34,34,34
530234,1,1,1991,14,14,14,14,14,14,14,14,14,14
530235,0,1,1991,0,0,0,0,0,0,0,0,0,0
530235,1,1,1991,0,0,0,0,0,0,0,0,0,0
530236,1,1,1991,0,0,0,0,0,0,0,0,0,0
530236,2,1,1991,0,0,0,0,0,0,0,0,0,0
530237,1,1,1991,0,0,0,0,0,0,0,0,0,0
530237,2,1,1991,0,0,0,0,0,0,0,0,0,0
530238,1,1,1991,0,0,0,0,0,0,0,0,0,0
530239,1,1,1991,23,23,23,23,23,23,23,23,23,23
530240,1,1,1991,23,23,23,23,23,23,23,23,23,23
530241,1,1,1991,17,17,17,17,17,17,17,17,17,17
530241,2,1,1991,14,14,14,14,14,14,14,14,14,14
530242,1,1,1991,0,0,0,0,0,0,0,0,0,0
530242,2,1,1991,0,0,0,0,0,0,0,0,0,0
530243,1,1,1991,8,8,8,8,8,8,8,8,8,8
530243,2,1,1991,20,20,20,20,20,20,20,20,20,20
530244,1,1,1991,0,33,8,16,22,27,14,0,12,25
530245,0,1,1991,0,0,0,0,0,0,0,0,0,0
530245,1,1,1991,0,0,0,0,0,0,0,0,0,0
530246,1,1,1991,0,0,0,0,0,0,0,0,0,0
530247,1,1,1991,22,22,22,22,22,22,22,22,22,22
530247,2,1,1991,0,0,0,0,0,0,0,0,0,0
530248,1,1,1991,17,17,17,17,17,17,17,17,17,17
530248,2,1,1991,0,0,0,0,0,0,0,0,5,0
530249,1,1,1991,8,0,0,0,14,0,0,0,0,0
530250,1,1,1991,0,0,0,0,0,0,0,0,0,0
530251,1,1,1991,0,0,0,0,0,0,0,0,0,0
530251,2,1,1991,24,17,9,20,13,20,22,19,15,9
530251,3,1,1991,0,0,0,0,0,0,0,0,0,0
530252,1,1,1991,0,0,0,0,0,0,0,0,0,0
530252,2,1,1991,17,17,17,17,17,17,17,17,17,17
530253,1,1,1991,0,16,0,0,0,0,0,0,0,0
530253,2,1,1991,0,0,0,0,0,0,0,0,0,0
530254,0,1,1991,9,9,9,9,9,9,9,9,9,9
530254,1,1,1991,0,0,0,0,0,0,0,0,11,0
530255,1,1,1991,0,0,0,0,0,0,0,0,0,0
530255,2,1,1991,0,0,0,0,0,0,0,0,0,0
530256,1,1,1991,5,5,5,5,5,5,5,5,5,5
530257,1,1,1991,0,0,0,0,0,0,0,0,0,0
530258,1,1,1991,0,0,0,0,0,0,0,0,0,0
530258,2,1,1991,0,0,0,0,0,0,0,0,0,0
530259,1,1,1991,0,0,0,0,0,0,0,0,0,0
530259,2,1,1991,0,0,0,0,0,3,0,0,0,0
530260,1,1,1991,0,0,0,0,0,0,0,0,0,0
530260,2,1,1991,0,0,0,0,0,0,0,0,0,0
530261,1,1,1991,0,0,19,0,5,0,0,4,0,0
530262,1,1,1991,17,17,17,17,17,17,17,17,17,17
530262,2,1,1991,0,0,0,0,0,0,0,0,0,0
530263,1,1,1991,19,19,19,19,19,19,19,19,19,19
530264,1,1,1991,0,0,0,0,0,0,0,0,0,0
530265,1,1,1991,19,19,19,19,19,19,19,19,19,19
530265,2,1,1991,0,0,0,0,0,0,0,0,0,0
530266,1,1,1991,13,13,13,13,13,13,13,13,13,13
530267,1,1,1991,0,0,0,0,0,0,9,0,0,0
530268,1,1,1991,16,16,16,16,16,16,16,16,16,16
530268,2,1,1991,0,0,0,0,0,0,0,0,0,0
530269,1,1,1991,4,4,4,4,4,4,4,4,4,4
530271,1,1,1991,14,14,14,14,14,14,14,14,14,14
530272,1,1,1991,7,7,7,7,7,7,7,7,7,7
530274,1,1,1991,23,23,23,23,23,23,23,23,23,23
530274,2,1,1991,23,23,23,23,23,23,23,23,23,23
530275,1,1,1991,6,6,6,6,6,6,6,6,6,6
530276,1,1,1991,0,0,0,0,0,0,0,0,0,0
530276,2,1,1991,0,0,0,0,0,0,0,0,0,0
530276,3,1,1991,0,0,0,0,0,0,0,0,0,0
530277,1,1,1991,7,15,8,12,4,28,16,18,12,0
530277,2,1,1991,3,3,3,3,3,3,3,3,3,3
530278,1,1,1991,10,10,10,10,10,10,10,10,10,10
530278,2,1,1991,0,0,0,0,0,0,0,0,0,0
530278,3,1,1991,0,24,0,0,0,0,0,0,0,0
530280,1,1,1991,17,8,17,18,13,18,20,15,19,29
530281,1,1,1991,21,21,21,21,21,21,21,21,21,21
530282,0,1,1991,0,0,0,0,0,0,0,0,0,0
530282,1,1,1991,0,0,0,0,0,0,0,0,0,0
530282,2,1,1991,0,0,0,0,0,0,0,0,0,0
530283,1,1,1991,0,0,0,0,0,0,0,0,0,0
530283,2,1,1991,0,0,0,0,0,0,0,0,0,0
530284,1,1,1991,28,28,28,28,28,28,28,28,28,28
530284,2,1,1991,0,0,0,0,0,0,0,0,0,0
530284,3,1,1991,0,0,0,0,0,0,0,0,0,0
530285,1,1,1991,10,10,10,10,10,10,10,10,10,10
530285,2,1,1991,0,0,0,0,0,0,0,0,0,0
530286,1,1,1991,17,17,17,17,17,17,17,17,17,17
530288,1,1,1991,0,0,0,0,0,0,0,0,0,0
530289,1,1,1991,19,19,19,19,19,19,19,19,19,19
530289,2,1,1991,0,0,0,0,0,0,0,0,0,0
530290,1,1,1991,4,4,4,4,4,4,4,4,4,4
530292,1,1,1991,0,0,0,0,0,0,0,0,0,0
530293,1,1,1991,0,0,0,0,0,0,0,0,0,0
530294,1,1,1991,8,8,8,8,8,8,8,8,8,8
530296,1,1,1991,8,0,0,0,0,0,18,0,0,0
530297,1,1,1991,0,0,0,0,0,0,0,0,0,0
530298,1,1,1991,24,24,24,24,24,24,24,24,24,24
530299,1,1,1991,0,0,0,0,0,0,0,0,0,0
530299,2,1,1991,20,20,20,20,20,20,20,20,20,20
530300,1,1,1991,12,12,12,12,12,12,12,12,12,12
530301,1,1,1991,0,0,0,0,0,0,0,0,0,0
530301,2,1,1991,0,0,0,0,0,0,0,0,0,0
530302,1,1,1991,30,30,30,30,30,30,30,30,30,30
530302,2,1,1991,0,0,0,0,0,0,0,0,0,0
530303,1,1,1991,0,0,0,0,0,0,0,0,0,0
530304,1,1,1991,3,3,3,3,3,3,3,3,3,3
530305,1,1,1991,18,18,18,18,18,18,18,18,18,18
530306,1,1,1991,15,15,15,15,15,15,15,15,15,15
530307,1,1,1991,0,0,0,0,0,0,0,0,0,0
530309,1,1,1991,0,0,0,0,0,0,0,0,0,0
530310,1,1,1991,18,18,18,18,18,18,18,18,18,18
530311,1,1,1991,0,0,0,0,0,0,0,0,0,0
530312,1,1,1991,0,0,0,0,0,0,0,0,0,0
530312,2,1,1991,0,0,0,0,0,0,0,0,0,0
530313,1,1,1991,14,14,14,14,14,14,14,14,14,14
530314,1,1,1991,8,8,8,8,8,8,8,8,8,8
530316,1,1,1991,0,0,0,0,0,0,0,0,0,0
530316,2,1,1991,0,0,0,0,0,0,0,0,0,0
530317,1,1,1991,10,10,10,10,10,10,10,10,10,10
530318,1,1,1991,22,22,22,22,22,22,22,22,22,22
530319,1,1,1991,0,0,0,0,0,0,0,0,0,0
530319,2,1,1991,0,0,0,0,0,0,0,0,0,0
530320,0,1,1991,13,0,0,5,0,24,0,17,0,42
530320,1,1,1991,0,0,0,0,0,0,0,0,0,0
530321,1,1,1991,17,17,17,17,17,17,17,17,17,17
530322,0,1,1991,2,2,2,2,2,2,2,2,2,2
530322,1,1,1991,0,0,0,0,0,0,0,0,13,0
530323,1,1,1991,12,12,12,12,12,12,12,12,12,12
530323,2,1,1991,0,0,0,0,0,0,0,0,0,0
530324,1,1,1991,23,23,23,23,23,23,23,23,23,23
530325,1,1,1991,0,0,0,0,0,0,0,0,0,0
530326,1,1,1991,0,0,0,0,0,0,0,0,0,0
530327,1,1,1991,0,0,0,0,0,0,0,0,0,0
530327,2,1,1991,0,0,0,0,21,14,0,0,0,0
530328,1,1,1991,9,9,9,9,9,9,9,9,9,9
530329,1,1,1991,28,28,28,28,28,28,28,28,28,28
530329,2,1,1991,8,8,8,8,8,8,8,8,8,8
530330,1,1,1991,28,28,28,28,28,28,28,28,28,28
530331,1,1,1991,0,0,12,0,0,0,13,0,9,0
530332,1,1,1991,0,0,0,0,0,0,0,0,0,0
530332,2,1,1991,0,0,0,0,0,0,0,0,0,0
530332,3,1,1991,0,0,0,0,0,12,0,0,0,0
530332,4,1,1991,0,0,0,0,0,0,0,0,0,0
530333,1,1,1991,0,6,0,0,0,0,0,0,0,0
530334,0,1,1991,0,0,0,0,0,0,0,0,0,0
530334,1,1,1991,13,7,8,28,9,16,0,28,19,9