ST_CASE,VEH_NO,PER_NO,YEAR,P1,P2,P3,P4,P5,P6,P7,P8,P9,P10
530335,1,1,1991,22,22,22,22,22,22,22,22,22,22
530336,1,1,1991,3,3,3,3,3,3,3,3,3,3
530337,1,1,1991,17,17,17,17,17,17,17,17,17,17
530337,2,1,1991,0,0,0,0,0,0,0,0,0,0
530338,0,1,1991,0,0,0,0,0,0,0,0,0,0
530338,0,2,1991,0,27,0,17,0,17,0,0,0,0
530338,1,1,1991,0,0,0,0,0,0,0,0,0,0
530339,1,1,1991,2,2,2,2,2,2,2,2,2,2
530340,1,1,1991,0,0,0,0,0,0,0,0,0,0
530340,2,1,1991,0,0,0,0,0,0,0,0,0,0
530341,1,1,1991,13,13,13,13,13,13,13,13,13,13
530342,0,1,1991,0,0,10,11,0,0,0,0,0,8
530342,1,1,1991,14,14,14,14,14,14,14,14,14,14
530343,1,1,1991,0,0,0,0,0,0,0,0,0,0
530344,1,1,1991,15,15,15,15,15,15,15,15,15,15
530344,2,1,1991,12,12,12,12,12,12,12,12,12,12
530345,1,1,1991,0,0,0,16,1,0,0,0,0,0
530346,1,1,1991,19,19,19,19,19,19,19,19,19,19
530346,2,1,1991,2,2,2,2,2,2,2,2,2,2
530347,1,1,1991,18,18,18,18,18,18,18,18,18,18
530349,1,1,1991,18,18,18,18,18,18,18,18,18,18
530350,1,1,1991,15,15,15,15,15,15,15,15,15,15
530350,2,1,1991,0,0,0,0,0,0,0,0,0,0
530351,0,1,1991,0,0,0,0,0,0,0,0,0,0
530351,0,2,1991,0,0,0,0,0,0,0,0,0,0
530351,0,3,1991,0,0,0,0,0,0,0,0,0,0
530351,0,4,1991,0,0,0,0,0,0,0,0,0,0
530351,0,5,1991,0,0,0,0,0,0,0,0,0,0
530351,1,1,1991,0,0,0,0,0,0,0,0,0,0
530352,1,1,1991,0,0,0,0,0,0,0,0,0,0
530352,2,1,1991,0,0,0,0,0,0,0,0,0,0
530352,3,1,1991,0,0,0,0,0,0,0,0,0,0
530353,1,1,1991,8,8,8,8,8,8,8,8,8,8
530354,1,1,1991,29,29,29,29,29,29,29,29,29,29
530355,1,1,1991,9,9,9,9,9,9,9,9,9,9
530356,1,1,1991,0,0,0,0,0,0,0,0,0,0
530356,2,1,1991,0,0,0,0,0,0,0,0,0,0
530357,1,1,1991,0,0,0,0,0,0,0,0,0,0
530358,1,1,1991,0,0,0,0,0,0,0,0,0,0
530359,1,1,1991,17,17,17,17,17,17,17,17,17,17
530360,1,1,1991,0,0,0,0,0,0,0,0,0,0
530360,2,1,1991,0,0,0,0,0,0,0,0,0,0
530360,3,1,1991,0,0,0,0,0,0,0,0,0,0
530361,0,1,1991,0,0,0,0,0,0,0,0,0,0
530361,1,1,1991,0,0,0,0,0,0,0,0,0,0
530362,0,1,1991,0,0,0,0,0,0,0,24,0,0
530362,1,1,1991,0,0,0,0,0,0,0,0,0,0
530363,1,1,1991,7,7,7,7,7,7,7,7,7,7
530363,2,1,1991,0,0,0,0,0,0,0,0,0,0
530364,1,1,1991,0,0,0,0,0,0,0,0,0,0
530365,1,1,1991,3,13,14,9,7,11,17,7,12,4
530366,1,1,1991,0,0,0,0,0,0,0,0,0,0
530366,2,1,1991,0,0,0,0,0,0,0,0,0,0
530367,1,1,1991,6,6,6,6,6,6,6,6,6,6
530367,2,1,1991,0,0,0,0,0,0,0,0,0,0
530368,1,1,1991,0,0,0,0,0,0,0,0,0,0
530369,0,1,1991,7,7,7,7,7,7,7,7,7,7
530369,1,1,1991,0,0,0,0,0,0,0,0,0,0
530370,1,1,1991,3,3,3,3,3,3,3,3,3,3
530370,2,1,1991,0,0,0,0,0,0,0,0,0,0
530371,1,1,1991,20,20,20,20,20,20,20,20,20,20
530372,1,1,1991,38,38,38,38,38,38,38,38,38,38
530373,1,1,1991,15,15,15,15,15,15,15,15,15,15
530376,1,1,1991,24,24,24,24,24,24,24,24,24,24
530377,1,1,1991,35,35,35,35,35,35,35,35,35,35
530378,1,1,1991,30,30,30,30,30,30,30,30,30,30
530379,1,1,1991,0,0,0,0,0,0,0,0,0,0
530379,2,1,1991,0,0,0,0,0,0,0,0,0,0
530380,1,1,1991,0,0,0,0,0,0,0,0,0,0
530380,2,1,1991,0,0,0,0,0,0,0,0,0,0
530381,1,1,1991,0,0,0,0,0,0,0,0,0,0
530381,2,1,1991,0,0,0,0,0,0,0,0,0,0
530382,1,1,1991,0,0,0,0,0,0,0,0,0,0
530383,1,1,1991,0,0,0,0,0,0,0,0,0,0
530383,2,1,1991,0,0,0,0,0,0,0,0,0,0
530383,3,1,1991,0,0,0,0,0,0,0,0,0,0
530383,4,1,1991,0,0,0,0,0,0,0,0,0,0
530384,1,1,1991,0,0,0,0,0,0,0,0,0,0
530384,2,1,1991,0,0,0,0,0,0,0,0,0,0
530384,3,1,1991,0,0,0,0,0,0,0,0,0,0
530385,1,1,1991,27,27,27,27,27,27,27,27,27,27
530385,2,1,1991,0,0,0,0,0,0,0,0,0,0
530385,3,1,1991,0,0,0,0,0,0,0,0,0,0
530386,0,1,1991,34,34,34,34,34,34,34,34,34,34
530386,1,1,1991,0,0,0,0,0,12,0,0,0,0
530386,2,1,1991,15,15,15,15,15,15,15,15,15,15
530388,1,1,1991,0,0,0,0,0,0,0,0,0,0
530388,2,1,1991,0,0,0,0,0,0,0,0,0,0
530389,1,1,1991,0,0,0,0,0,0,0,0,0,0
530389,2,1,1991,0,0,0,0,0,0,0,0,0,0
530390,1,1,1991,0,0,0,0,0,0,0,0,0,0
530390,2,1,1991,8,17,24,4,16,18,35,10,6,23
530391,1,1,1991,2,2,2,2,2,2,2,2,2,2
530391,2,1,1991,0,0,0,0,0,0,0,0,0,0
530392,1,1,1991,17,17,17,17,17,17,17,17,17,17
530393,1,1,1991,14,14,14,14,14,14,14,14,14,14
530394,1,1,1991,25,25,25,25,25,25,25,25,25,25
530395,1,1,1991,16,16,16,16,16,16,16,16,16,16
530396,1,1,1991,0,0,0,0,0,0,0,0,0,0
530396,2,1,1991,0,0,0,0,0,0,0,0,0,0
530397,1,1,1991,13,13,13,13,13,13,13,13,13,13
530397,2,1,1991,0,0,0,0,0,0,0,0,0,0
530398,1,1,1991,22,22,22,22,22,22,22,22,22,22
530398,2,1,1991,0,0,0,0,0,0,0,0,0,0
530399,1,1,1991,25,25,25,25,25,25,25,25,25,25
530400,1,1,1991,0,0,0,0,0,0,0,0,0,0
530400,2,1,1991,0,0,0,0,0,0,0,0,0,0
530401,1,1,1991,12,12,12,12,12,12,12,12,12,12
530403,1,1,1991,9,9,9,9,9,9,9,9,9,9
530404,1,1,1991,0,0,0,0,0,0,0,0,0,0
530404,2,1,1991,0,0,0,0,0,0,0,0,0,0
530405,1,1,1991,0,0,0,0,0,0,0,0,0,0
530405,2,1,1991,0,0,0,0,0,0,0,0,0,0
530406,1,1,1991,0,0,0,0,0,0,0,0,0,0
530406,2,1,1991,0,0,0,0,0,0,0,0,0,0
530406,3,1,1991,0,0,0,0,0,0,0,0,0,0
530407,1,1,1991,0,0,0,0,0,0,0,0,0,0
530408,0,1,1991,0,0,0,0,0,0,0,0,0,0
530408,1,1,1991,0,0,0,0,0,0,0,0,0,0
530409,1,1,1991,0,0,0,0,0,0,0,0,0,0
530409,2,1,1991,0,0,0,0,0,0,0,0,0,0
530410,1,1,1991,20,20,20,20,20,20,20,20,20,20
530411,1,1,1991,12,12,12,12,12,12,12,12,12,12
530412,1,1,1991,0,0,0,0,0,0,0,0,0,0
530413,1,1,1991,11,11,11,11,11,11,11,11,11,11
530415,1,1,1991,0,0,0,0,0,0,0,0,0,0
530415,2,1,1991,0,0,0,0,0,0,0,0,0,0
530415,3,1,1991,0,7,14,0,0,0,0,0,0,0
530416,1,1,1991,0,0,0,0,0,0,0,0,0,0
530416,2,1,1991,0,0,0,0,0,0,0,0,0,0
530416,3,1,1991,0,0,0,0,0,24,0,13,0,0
530417,1,1,1991,0,0,0,0,0,0,0,0,0,0
530418,1,1,1991,2,2,2,2,2,2,2,2,2,2
530419,0,1,1991,0,0,0,0,0,0,0,0,0,0
530419,1,2,1991,0,0,0,0,0,0,0,0,0,0
530420,1,1,1991,0,0,0,0,0,0,0,0,0,0
530420,2,1,1991,0,0,0,0,0,0,0,0,0,0
530420,3,1,1991,0,0,0,0,0,0,0,0,0,0
530421,1,1,1991,16,16,16,16,16,16,16,16,16,16
530422,1,1,1991,0,0,0,0,0,0,0,0,0,0
530423,1,1,1991,0,0,0,0,0,0,0,0,0,0
530424,1,1,1991,0,0,0,0,0,0,0,0,0,0
530425,0,1,1991,6,6,6,6,6,6,6,6,6,6
530425,1,1,1991,0,0,0,0,0,0,0,0,0,0
530426,1,1,1991,8,8,8,8,8,8,8,8,8,8
530427,1,1,1991,16,16,16,16,16,16,16,16,16,16
530427,2,1,1991,0,0,0,0,0,0,0,0,0,0
530429,0,1,1991,0,0,0,0,0,0,0,0,0,0
530429,3,1,1991,0,0,0,0,0,0,0,0,0,0
530429,4,1,1991,0,0,0,0,0,0,0,0,0,0
530429,5,1,1991,0,0,0,0,0,0,0,0,0,14
530429,6,1,1991,0,0,0,0,0,0,0,0,0,0
530430,1,1,1991,21,21,21,21,21,21,21,21,21,21
530431,1,1,1991,18,18,18,18,18,18,18,18,18,18
530432,1,1,1991,0,16,0,0,0,0,0,0,0,0
530433,1,1,1991,20,20,20,20,20,20,20,20,20,20
530434,1,1,1991,12,12,12,12,12,12,12,12,12,12
530435,1,1,1991,0,0,0,0,0,0,0,0,0,0
530435,2,1,1991,0,0,0,0,0,0,0,0,0,0
530436,1,1,1991,20,20,20,20,20,20,20,20,20,20
530437,1,1,1991,12,12,12,12,12,12,12,12,12,12
530438,1,1,1991,22,22,22,22,22,22,22,22,22,22
530439,1,1,1991,0,0,0,0,0,0,0,0,0,0
530439,2,1,1991,0,0,0,0,0,0,0,0,0,0
530440,1,1,1991,0,0,0,0,0,0,0,0,0,0
530441,1,1,1991,0,0,0,0,0,0,0,0,0,0
530441,2,1,1991,0,0,0,0,0,0,0,0,0,0
530442,1,1,1991,20,20,20,20,20,20,20,20,20,20
530444,0,1,1991,0,0,0,0,0,0,0,0,0,0
530444,1,1,1991,0,0,0,0,0,0,0,0,0,0
530445,1,1,1991,12,12,12,12,12,12,12,12,12,12
530446,1,1,1991,17,17,17,17,17,17,17,17,17,17
530447,1,1,1991,0,0,0,0,0,0,0,0,0,0
530448,1,1,1991,0,0,0,0,0,0,0,0,0,0
530449,1,1,1991,26,26,26,26,26,26,26,26,26,26
530450,1,1,1991,12,12,12,12,12,12,12,12,12,12
530452,0,1,1991,0,0,0,0,0,0,0,0,0,0
530452,1,1,1991,0,0,0,0,0,0,0,0,0,0
530453,1,1,1991,2,2,2,2,2,2,2,2,2,2
530453,2,1,1991,0,0,0,0,0,0,0,0,6,0
530454,1,1,1991,11,11,11,11,11,11,11,11,11,11
530454,2,1,1991,0,0,0,0,0,0,0,0,0,0
530455,1,1,1991,0,0,0,0,0,0,0,0,0,0
530455,2,1,1991,28,28,28,28,28,28,28,28,28,28
530457,1,1,1991,12,17,25,23,13,8,14,19,17,25
530458,1,1,1991,24,24,24,24,24,24,24,24,24,24
530459,1,1,1991,0,0,0,0,0,0,0,0,0,0
530459,2,1,1991,21,21,21,21,21,21,21,21,21,21
530460,1,1,1991,0,0,0,0,0,0,0,0,0,0
530460,2,1,1991,0,0,0,0,0,0,0,0,0,0
530461,1,1,1991,0,0,0,0,0,0,0,0,0,0
530461,2,1,1991,0,0,0,0,16,0,0,0,0,0
530462,1,1,1991,19,19,19,19,19,19,19,19,19,19
530463,1,1,1991,13,13,13,13,13,13,13,13,13,13
530464,1,1,1991,18,18,18,18,18,18,18,18,18,18
530465,1,1,1991,0,0,0,0,0,0,0,0,0,0
530466,1,1,1991,19,19,19,19,19,19,19,19,19,19
530467,1,1,1991,0,0,0,0,0,0,0,0,0,0
530467,2,1,1991,0,0,0,0,0,0,0,0,0,0
530470,0,1,1991,8,8,8,8,8,8,8,8,8,8
530470,1,1,1991,0,0,0,0,0,0,0,0,0,0
530471,1,1,1991,0,0,0,0,0,0,0,0,0,0
530472,0,1,1991,27,9,24,0,14,0,0,0,0,0
530473,1,1,1991,14,14,14,14,14,14,14,14,14,14
530474,1,1,1991,0,0,0,0,0,0,0,0,0,0
530475,1,1,1991,28,28,28,28,28,28,28,28,28,28
530476,1,1,1991,0,0,0,0,0,0,0,0,0,0
530477,1,1,1991,0,0,0,0,0,0,0,0,0,0
530477,2,1,1991,0,0,0,0,0,0,0,0,0,0
530478,1,1,1991,0,0,0,0,0,0,0,0,0,0
530478,2,1,1991,0,0,0,0,0,0,0,0,0,0
530479,0,1,1991,0,0,0,0,0,0,0,0,0,0
530479,0,2,1991,3,3,3,3,3,3,3,3,3,3
530479,1,1,1991,0,0,0,0,0,0,9,0,0,0
530480,1,1,1991,26,26,26,26,26,26,26,26,26,26
530480,2,1,1991,0,0,0,0,0,0,0,0,0,0
530481,1,1,1991,0,0,0,0,17,27,19,10,0,0
530481,2,1,1991,0,0,0,9,0,0,0,0,0,19
530482,1,1,1991,13,13,13,13,13,13,13,13,13,13
530483,1,1,1991,19,19,19,19,19,19,19,19,19,19
530484,0,1,1991,0,0,0,0,0,0,0,0,0,0
530484,1,1,1991,0,0,0,0,0,0,0,0,0,0
530485,1,1,1991,0,0,0,0,0,0,0,19,0,0
530486,1,1,1991,17,17,17,17,17,17,17,17,17,17
530487,1,1,1991,0,0,0,0,0,0,0,0,0,0
530487,2,1,1991,0,0,0,0,0,0,0,0,0,0
530487,3,1,1991,0,0,0,0,0,0,0,0,0,0
530488,0,1,1991,0,0,0,0,0,0,0,0,0,0
530488,0,2,1991,0,20,21,0,0,22,0,18,21,21
530488,1,1,1991,20,20,20,20,20,20,20,20,20,20
530489,1,1,1991,28,28,28,28,28,28,28,28,28,28
530490,1,1,1991,15,15,15,15,15,15,15,15,15,15
530491,1,1,1991,0,0,0,0,0,0,0,0,0,0
530491,2,1,1991,0,0,0,0,0,0,14,0,8,0
530492,1,1,1991,0,0,0,0,0,0,0,0,0,0
530492,2,1,1991,0,0,0,0,0,0,0,0,0,0
530492,3,1,1991,0,0,0,0,0,0,0,0,0,0
530493,1,1,1991,17,17,17,17,17,17,17,17,17,17
530493,2,1,1991,0,0,0,0,0,0,0,0,0,0
530494,0,1,1991,15,17,20,8,7,16,0,0,27,0
530494,1,1,1991,21,21,21,21,21,21,21,21,21,21
530495,1,1,1991,0,0,0,0,0,21,0,0,18,0
530496,1,1,1991,15,15,15,15,15,15,15,15,15,15
530497,1,1,1991,15,15,15,15,15,15,15,15,15,15
530497,2,1,1991,0,0,0,0,11,0,14,0,4,0
530498,1,1,1991,0,0,0,0,0,0,0,0,0,0
530499,1,1,1991,0,0,0,0,0,0,0,0,0,0
530500,1,1,1991,5,5,5,5,5,5,5,5,5,5
530500,2,1,1991,0,0,0,0,0,0,0,0,0,0
530501,0,1,1991,0,0,0,0,0,0,0,0,0,0
530501,1,1,1991,0,0,0,0,0,0,0,0,0,0
530502,1,1,1991,12,12,12,12,12,12,12,12,12,12
530502,2,1,1991,5,5,5,5,5,5,5,5,5,5
530503,1,1,1991,0,0,0,0,0,0,0,0,0,0
530504,1,1,1991,24,24,24,24,24,24,24,24,24,24
530505,1,1,1991,0,0,0,0,0,0,0,0,0,0
530505,2,1,1991,0,0,0,0,0,0,0,0,0,0
530506,1,1,1991,15,15,15,15,15,15,15,15,15,15
530507,1,1,1991,27,27,27,27,27,27,27,27,27,27
530508,1,1,1991,0,0,0,0,0,0,0,0,0,0
530508,2,1,1991,0,0,0,0,0,0,0,0,0,0
530509,1,1,1991,0,0,0,0,0,0,0,0,0,0
530510,1,1,1991,0,0,0,0,0,0,16,0,0,0
530510,2,1,1991,0,0,0,0,0,0,0,0,0,0
530512,1,1,1991,0,0,0,0,0,0,0,0,0,0
530512,2,1,1991,0,0,0,0,0,0,0,0,0,0
530512,3,1,1991,0,0,0,0,0,0,0,0,0,0
530512,4,1,1991,0,0,0,0,0,0,0,0,0,0
530513,1,1,1991,0,0,0,0,0,0,21,0,0,0
530513,2,1,1991,0,0,0,0,0,0,0,0,0,0
530514,1,1,1991,0,0,0,0,0,0,0,0,0,0
530515,0,1,1991,0,0,0,0,0,0,0,0,0,0
530515,1,1,1991,0,0,0,0,0,0,0,0,0,0
530516,1,1,1991,0,0,0,0,0,0,0,0,0,0
530517,1,1,1991,11,11,11,11,11,11,11,11,11,11
530518,1,1,1991,0,0,0,0,0,0,0,0,0,0
530518,2,1,1991,0,0,0,0,0,0,0,0,0,0
530519,1,1,1991,21,21,21,21,21,21,21,21,21,21
530519,2,1,1991,4,4,4,4,4,4,4,4,4,4
530520,1,1,1991,0,0,0,0,0,0,0,0,0,0
530520,2,1,1991,0,0,0,0,0,0,0,0,0,0
530521,1,1,1991,21,21,21,21,21,21,21,21,21,21
530522,1,1,1991,26,26,26,26,26,26,26,26,26,26
530522,2,1,1991,0,0,0,0,0,0,0,0,0,0
530523,1,1,1991,0,0,0,0,0,0,0,0,0,16
530523,2,1,1991,0,0,0,0,0,0,0,0,0,0
530524,1,1,1991,0,0,0,0,0,0,0,0,0,0
530525,1,1,1991,0,0,0,0,0,0,0,0,0,0
530526,1,1,1991,0,0,0,0,0,0,0,0,0,0
530527,1,1,1991,23,23,23,23,23,23,23,23,23,23
530528,1,1,1991,0,0,0,0,0,0,0,0,0,0
530528,2,1,1991,0,0,0,0,0,0,0,0,0,0
530528,3,1,1991,0,0,0,0,0,0,0,0,0,0
530529,1,1,1991,14,14,14,14,14,14,14,14,14,14
530530,1,1,1991,27,27,27,27,27,27,27,27,27,27
530531,1,1,1991,10,10,10,10,10,10,10,10,10,10
530531,2,1,1991,7,7,7,7,7,7,7,7,7,7
530532,1,1,1991,22,22,22,22,22,22,22,22,22,22
530533,1,1,1991,0,0,0,0,0,0,0,0,0,0
530533,2,1,1991,0,0,0,0,0,0,0,0,0,0
530533,3,1,1991,0,0,0,0,0,0,0,0,0,0
530533,4,1,1991,0,0,0,0,0,0,0,0,0,0
530534,1,1,1991,0,0,0,0,0,0,0,0,0,0
530534,2,1,1991,0,0,0,0,0,0,0,0,0,0
530535,0,1,1991,0,0,0,0,0,0,0,0,0,0
530535,1,1,1991,0,0,0,0,0,0,0,0,0,0
530536,1,1,1991,0,0,0,0,0,0,0,0,0,0
530536,2,1,1991,0,0,0,0,0,0,0,0,0,0
530537,0,1,1991,0,0,0,0,0,0,0,0,0,0
530537,1,1,1991,4,4,4,4,4,4,4,4,4,4
530538,0,1,1991,0,0,0,0,0,0,0,0,0,0
530538,1,1,1991,0,0,0,0,0,0,0,0,0,0
530539,1,1,1991,16,16,16,16,16,16,16,16,16,16
530540,1,1,1991,0,0,0,0,0,0,0,0,0,0
530541,1,1,1991,15,15,15,15,15,15,15,15,15,15
530542,1,1,1991,0,0,0,0,0,0,0,0,0,0
530542,2,1,1991,0,0,0,0,0,0,0,0,0,0
530543,1,1,1991,18,18,18,18,18,18,18,18,18,18
530544,1,1,1991,0,0,0,0,0,0,0,0,0,0
530544,2,1,1991,0,16,0,0,0,0,0,0,0,0
530545,1,1,1991,0,0,0,0,0,0,0,0,0,0
530545,2,1,1991,0,0,0,0,0,0,0,0,0,0
530547,0,1,1991,0,0,0,0,0,0,0,0,0,0
530547,1,1,1991,0,0,0,0,0,0,0,0,0,0
530548,0,1,1991,24,24,24,24,24,24,24,24,24,24
530548,1,1,1991,0,0,0,0,0,0,0,0,0,0
530549,1,1,1991,10,10,10,10,10,10,10,10,10,10
530549,2,1,1991,0,0,0,0,0,0,0,0,0,0
530550,1,1,1991,25,25,25,25,25,25,25,25,25,25
530551,0,1,1991,33,33,33,33,33,33,33,33,33,33
530551,1,1,1991,0,0,0,0,0,0,0,0,0,0
530552,1,1,1991,25,25,25,25,25,25,25,25,25,25
530552,2,1,1991,0,0,0,0,0,0,0,0,0,0
530552,3,1,1991,0,0,0,0,0,0,0,0,0,0
530552,4,1,1991,0,0,0,0,0,0,0,0,0,0
530552,5,1,1991,0,0,0,0,0,0,0,0,0,0
530553,1,1,1991,13,0,0,0,0,0,0,0,0,22
530553,2,1,1991,0,0,0,0,0,0,14,0,0,0
530553,3,1,1991,0,0,0,0,0,0,0,0,0,0
530554,0,1,1991,0,0,0,0,0,0,0,0,0,0
530554,1,1,1991,0,0,0,0,0,0,0,0,0,0
530555,1,1,1991,13,13,13,13,13,13,13,13,13,13
530555,2,1,1991,0,0,0,0,0,0,0,0,0,0
530556,1,1,1991,0,0,0,0,0,0,0,0,0,0
530556,2,1,1991,0,0,0,0,0,0,0,0,0,0
530557,0,1,1991,0,0,0,0,0,0,0,0,0,0
530557,1,1,1991,19,0,0,0,0,0,0,0,0,0
530557,2,1,1991,0,0,0,0,0,0,0,0,0,0
530558,1,1,1991,28,28,28,28,28,28,28,28,28,28
530559,1,1,1991,0,0,0,0,0,0,0,0,0,0
530560,1,1,1991,7,7,7,7,7,7,7,7,7,7
530561,0,1,1991,17,17,17,17,17,17,17,17,17,17
530561,1,1,1991,0,0,0,0,0,0,0,0,0,0
530562,1,1,1991,13,13,13,13,13,13,13,13,13,13
530563,1,1,1991,13,13,13,13,13,13,13,13,13,13
530564,0,1,1991,0,0,0,0,0,0,0,0,0,0
530564,1,1,1991,0,0,0,0,0,0,0,0,0,0
530565,0,1,1991,0,0,0,0,0,0,0,0,0,0
530565,1,1,1991,0,0,0,0,0,0,9,0,0,0
530566,1,1,1991,31,31,31,31,31,31,31,31,31,31
530567,1,1,1991,0,0,0,0,0,0,0,0,0,0
530568,1,1,1991,20,20,20,20,20,20,20,20,20,20
530568,2,1,1991,1,1,1,1,1,1,1,1,1,1
530569,1,1,1991,0,0,0,0,0,0,0,0,0,0
530570,0,1,1991,0,0,0,0,0,0,0,0,0,0
530570,1,1,1991,22,22,22,22,22,22,22,22,22,22
530571,1,1,1991,7,7,7,7,7,7,7,7,7,7
530572,1,1,1991,0,0,0,0,0,0,0,0,0,0
530572,2,1,1991,0,0,0,0,0,0,0,0,0,0
530573,1,1,1991,23,23,23,23,23,23,23,23,23,23
530574,1,1,1991,0,0,0,0,0,0,0,0,0,0
530574,2,1,1991,0,0,0,0,0,0,0,0,0,0
530575,1,1,1991,14,14,14,14,14,14,14,14,14,14
530576,1,1,1991,0,0,0,0,0,0,0,0,0,0
530577,1,1,1991,0,0,0,23,0,0,17,0,0,0
530577,2,1,1991,0,0,0,0,0,0,0,0,0,0
530578,1,1,1991,11,11,11,11,11,11,11,11,11,11
530579,1,1,1991,13,13,13,13,13,13,13,13,13,13
530580,1,1,1991,0,0,0,0,0,0,0,0,0,0
530580,2,1,1991,0,0,0,0,0,0,11,0,0,0
530581,1,1,1991,0,0,0,0,0,0,0,0,0,0
530581,2,1,1991,0,0,0,0,0,0,0,0,0,0
530582,1,1,1991,0,0,0,0,0,0,0,0,0,0
530583,0,1,1991,0,0,0,0,0,0,0,0,0,0
530583,1,1,1991,0,0,0,0,0,0,0,0,0,0
530584,1,1,1991,15,15,15,15,15,15,15,15,15,15
530585,1,1,1991,0,0,0,0,0,0,0,0,0,0
530585,2,1,1991,0,0,0,0,0,0,0,0,0,0
530586,1,1,1991,0,0,0,0,0,0,0,0,0,0
530586,2,1,1991,0,0,0,0,0,0,0,0,0,0
530587,1,1,1991,0,0,0,0,0,0,0,0,0,0
530587,2,1,1991,0,0,0,0,0,0,0,0,0,0
530587,3,1,1991,0,0,0,0,0,0,0,0,0,0
530588,1,1,1991,0,0,0,0,0,0,0,0,0,0
530588,2,1,1991,0,0,0,0,0,0,0,0,0,0
530588,3,1,1991,0,0,0,0,0,0,0,0,0,0
530589,0,1,1991,0,0,0,0,0,0,0,0,0,0
530589,1,1,1991,0,0,0,0,0,0,0,0,0,0
530590,0,1,1991,0,0,0,0,0,0,0,0,0,0
530590,1,1,1991,0,0,0,0,0,0,0,0,0,0
530591,0,1,1991,0,0,0,0,0,0,0,0,0,0
530591,1,1,1991,27,27,27,27,27,27,27,27,27,27
530592,1,1,1991,0,0,0,0,0,0,0,14,0,0
530592,2,1,1991,0,0,0,0,0,0,0,0,0,0
530594,1,1,1991,13,13,13,13,13,13,13,13,13,13
530595,0,1,1991,0,0,0,0,0,0,0,0,0,0
530595,0,2,1991,0,0,0,0,0,0,11,0,0,0
530595,1,1,1991,0,0,0,0,0,0,0,0,0,0
530596,0,1,1991,0,0,0,0,0,0,0,0,0,0
530596,1,1,1991,0,0,0,0,0,0,0,0,0,0
530597,1,1,1991,0,0,0,0,0,0,0,0,0,0
530598,1,1,1991,0,0,0,0,0,0,0,0,0,0
530598,2,1,1991,0,0,0,0,0,0,0,0,0,0
530599,1,1,1991,0,0,0,0,0,0,0,0,0,0
530599,2,1,1991,0,0,0,0,0,0,0,0,0,0
530599,3,1,1991,0,0,0,0,0,0,0,0,0,0
530600,1,1,1991,12,12,12,12,12,12,12,12,12,12
530601,1,1,1991,0,0,0,0,0,0,0,0,0,0
530601,2,1,1991,0,0,0,0,0,0,0,0,0,0
530602,1,1,1991,0,0,0,0,0,0,0,0,0,0
530602,2,1,1991,0,0,0,0,0,0,0,0,0,0
530603,1,1,1991,23,23,23,23,23,23,23,23,23,23
530603,2,1,1991,0,0,0,0,0,0,0,0,0,0
530603,3,1,1991,9,9,9,9,9,9,9,9,9,9
530604,1,1,1991,26,26,26,26,26,26,26,26,26,26
530605,1,1,1991,0,0,0,0,0,0,0,0,0,0
530606,0,1,1991,0,0,0,0,0,0,0,0,12,0
530606,0,2,1991,0,0,0,0,0,0,0,0,0,0
530606,1,1,1991,6,6,6,6,6,6,6,6,6,6
530607,1,1,1991,19,19,19,19,19,19,19,19,19,19
530607,2,1,1991,10,10,10,10,10,10,10,10,10,10
530608,1,1,1991,0,0,0,0,0,0,0,0,0,0
530608,2,1,1991,0,0,0,0,0,0,0,0,0,0
530609,1,1,1991,0,0,0,0,0,0,0,0,0,0
530609,2,1,1991,0,0,0,0,0,0,0,3,0,0
530610,1,1,1991,0,0,0,0,0,0,0,0,0,0
530611,0,1,1991,0,0,0,0,0,0,0,0,0,0
530611,1,1,1991,0,0,0,0,0,0,0,0,0,0
530612,1,1,1991,0,0,0,0,0,0,0,0,0,0
530612,2,1,1991,0,0,0,0,0,0,0,0,0,0
530613,1,1,1991,0,0,10,0,0,0,0,0,0,0
530613,2,1,1991,0,0,0,0,0,0,0,0,0,0
530613,3,1,1991,0,0,0,0,0,0,0,0,0,0
530613,5,1,1991,0,0,0,0,0,0,0,0,0,0
530614,1,1,1991,0,0,0,0,0,0,0,0,0,0
530614,2,1,1991,0,0,0,0,0,0,0,0,0,0
530614,3,1,1991,0,0,0,0,0,0,0,0,0,0
530615,1,1,1991,18,18,18,18,18,18,18,18,18,18
530616,1,1,1991,28,28,28,28,28,28,28,28,28,28
530617,1,1,1991,0,0,0,0,0,0,0,0,0,0
530617,2,1,1991,0,0,0,0,0,0,0,0,0,0
530618,1,1,1991,24,24,24,24,24,24,24,24,24,24
530619,1,1,1991,0,0,0,0,0,0,0,0,0,0
530619,2,1,1991,0,0,0,0,0,0,0,0,0,0
530620,1,1,1991,15,15,15,15,15,15,15,15,15,15
530621,1,1,1991,0,0,0,4,0,0,0,0,0,0
530622,1,1,1991,17,17,17,17,17,17,17,17,17,17
530623,1,1,1991,22,22,22,22,22,22,22,22,22,22
530625,1,1,1991,0,0,0,0,0,0,0,0,0,0
530626,1,1,1991,0,0,0,0,0,0,0,0,0,0
530626,2,1,1991,0,0,0,0,0,0,0,0,0,0
530626,3,1,1991,0,0,0,0,0,0,0,0,0,0