ST_CASE,VEH_NO,PER_NO,YEAR,P1,P2,P3,P4,P5,P6,P7,P8,P9,P10
530627,1,1,1991,23,23,23,23,23,23,23,23,23,23
530627,2,1,1991,11,11,11,11,11,11,11,11,11,11
530627,3,1,1991,0,0,0,0,0,0,9,0,0,20
530629,0,1,1991,25,25,25,25,25,25,25,25,25,25
530629,1,1,1991,0,0,0,0,0,0,0,0,0,0
530630,0,1,1991,0,0,0,0,0,0,0,0,0,0
530630,0,2,1991,19,14,24,0,31,0,0,38,28,0
530630,1,1,1991,20,20,20,20,20,20,20,20,20,20
530630,2,1,1991,0,0,0,0,0,0,0,0,0,0
530631,1,1,1991,0,0,0,0,0,0,0,0,0,0
530632,1,1,1991,0,0,0,0,0,0,0,0,0,0
530632,2,1,1991,0,0,0,0,0,0,0,0,0,0
530633,1,1,1991,0,0,0,31,0,0,0,23,0,0
530634,0,1,1991,0,0,0,0,0,0,0,0,0,0
530634,1,1,1991,10,10,15,26,14,15,19,18,28,18
530635,1,1,1991,23,23,23,23,23,23,23,23,23,23
530636,1,1,1991,0,0,0,0,0,0,0,0,0,0
530636,2,1,1991,0,0,0,0,0,0,0,0,0,0
530636,3,1,1991,0,0,0,0,0,0,0,0,0,0
530637,1,1,1991,17,7,19,23,23,16,18,15,10,14
530637,2,1,1991,0,0,0,0,0,0,0,0,0,0
530638,1,1,1991,10,10,10,10,10,10,10,10,10,10
530639,1,1,1991,9,24,15,7,18,18,17,15,0,11
540001,1,1,1991,0,0,0,0,0,0,0,0,0,0
540002,1,1,1991,0,0,0,0,0,0,0,0,0,0
540002,2,1,1991,0,0,0,0,0,0,0,0,0,0
540003,0,1,1991,30,30,30,30,30,30,30,30,30,30
540003,1,1,1991,0,0,0,25,0,0,0,0,0,0
540004,0,1,1991,0,0,0,0,0,0,0,0,0,0
540004,1,1,1991,0,0,0,0,0,0,0,0,0,0
540005,1,1,1991,0,0,0,0,0,0,0,0,7,0
540005,2,1,1991,0,0,0,0,0,0,0,0,0,0
540005,3,1,1991,0,0,8,0,0,0,0,0,0,20
540006,1,1,1991,0,0,0,0,0,0,0,0,11,0
540007,1,1,1991,0,0,0,0,0,0,0,0,0,0
540007,2,1,1991,0,0,0,0,0,0,0,0,0,0
540008,1,1,1991,0,0,0,0,0,0,0,0,0,0
540008,2,1,1991,0,0,0,0,0,0,0,0,0,0
540009,0,1,1991,22,22,22,22,22,22,22,22,22,22
540009,0,2,1991,8,8,8,8,8,8,8,8,8,8
540009,1,1,1991,0,0,0,0,0,0,0,0,0,0
540010,1,1,1991,0,0,0,0,0,0,0,0,0,0
540010,2,1,1991,0,0,0,0,0,0,0,0,0,0
540011,1,1,1991,0,0,0,0,0,0,0,0,0,0
540011,2,1,1991,19,19,19,19,19,19,19,19,19,19
540012,1,1,1991,0,0,0,0,0,0,0,0,0,0
540013,0,1,1991,0,0,0,0,0,0,0,0,0,0
540013,1,1,1991,0,0,0,0,0,0,0,0,0,0
540014,1,1,1991,16,16,16,16,16,16,16,16,16,16
540015,1,1,1991,0,0,0,0,0,0,0,0,0,0
540015,2,1,1991,0,0,0,0,0,0,0,0,0,0
540016,1,1,1991,17,17,17,17,17,17,17,17,17,17
540017,1,1,1991,0,0,0,17,0,0,0,0,0,0
540018,1,1,1991,0,0,0,0,18,0,0,0,2,0
540019,1,1,1991,0,0,0,0,0,0,0,0,0,0
540020,1,1,1991,25,20,15,18,30,14,32,0,28,7
540021,1,1,1991,0,0,0,0,0,0,0,0,0,0
540022,1,1,1991,18,0,0,0,0,0,0,0,0,0
540023,1,1,1991,0,0,0,0,0,0,0,0,0,0
540023,2,1,1991,0,0,0,0,0,0,0,0,0,0
540023,3,1,1991,0,0,0,0,0,0,0,0,0,0
540024,1,1,1991,0,0,0,0,0,0,0,0,0,0
540024,2,1,1991,0,0,0,0,0,0,0,0,0,0
540025,1,1,1991,21,21,21,21,21,21,21,21,21,21
540026,1,1,1991,0,0,0,0,0,0,31,0,0,0
540026,2,1,1991,0,0,0,0,0,0,0,0,0,0
540027,1,1,1991,19,19,19,19,19,19,19,19,19,19
540028,1,1,1991,0,0,0,0,0,0,0,5,0,0
540028,2,1,1991,0,0,0,0,0,0,0,0,0,0
540028,3,1,1991,0,0,0,0,0,0,0,0,0,0
540029,1,1,1991,9,4,29,27,16,13,38,31,14,23
540029,2,1,1991,0,0,0,0,0,0,0,0,0,0
540030,1,1,1991,10,10,10,10,10,10,10,10,10,10
540031,1,1,1991,0,0,0,0,0,0,0,0,0,0
540031,2,1,1991,0,0,0,0,1,0,0,0,0,5
540032,1,1,1991,0,0,0,0,0,0,0,0,0,0
540033,1,1,1991,0,0,0,0,0,0,0,0,0,0
540034,1,1,1991,0,0,0,0,0,0,0,0,0,0
540034,2,1,1991,0,0,0,0,0,0,0,0,0,0
540035,1,1,1991,0,0,0,0,0,0,0,0,0,0
540035,2,1,1991,0,0,0,0,0,0,0,0,0,0
540036,1,1,1991,0,0,0,0,0,0,0,0,0,0
540036,2,1,1991,0,0,0,0,0,0,0,0,0,0
540037,1,1,1991,26,26,26,26,26,26,26,26,26,26
540037,2,1,1991,26,26,26,26,26,26,26,26,26,26
540038,1,1,1991,0,0,0,0,0,0,0,0,0,0
540038,2,1,1991,0,0,0,0,0,0,0,0,0,0
540039,1,1,1991,0,0,0,0,0,0,0,0,0,0
540040,1,1,1991,0,0,0,0,0,0,0,0,0,0
540040,2,1,1991,0,0,0,0,0,0,0,0,0,0
540041,1,1,1991,24,24,24,24,24,24,24,24,24,24
540042,1,1,1991,0,0,0,0,0,0,0,0,0,0
540042,2,1,1991,15,15,15,15,15,15,15,15,15,15
540043,1,1,1991,9,9,9,9,9,9,9,9,9,9
540044,1,1,1991,22,22,22,22,22,22,22,22,22,22
540045,1,1,1991,0,0,0,0,0,0,0,0,0,0
540045,2,1,1991,0,0,0,0,0,0,0,0,0,0
540045,3,1,1991,0,0,0,0,0,0,0,0,0,0
540046,0,1,1991,0,0,0,0,0,0,0,0,0,0
540046,0,2,1991,0,0,0,0,0,0,0,0,0,0
540046,1,1,1991,0,27,0,0,12,25,10,0,12,9
540047,1,1,1991,0,0,0,0,0,0,0,0,0,0
540049,1,1,1991,0,0,0,0,0,0,0,0,0,0
540049,2,1,1991,0,0,0,0,0,0,0,0,0,0
540050,1,1,1991,5,0,0,0,0,0,0,0,0,0
540050,2,1,1991,0,0,0,0,0,0,0,0,0,0
540051,1,1,1991,9,13,13,16,12,16,5,20,15,8
540052,1,1,1991,29,29,29,29,29,29,29,29,29,29
540053,1,1,1991,0,0,0,0,0,0,0,0,0,0
540054,1,1,1991,0,0,0,0,0,0,0,0,0,0
540054,2,1,1991,0,0,0,0,0,0,0,0,0,0
540055,1,1,1991,15,15,15,15,15,15,15,15,15,15
540056,1,1,1991,19,19,19,19,19,19,19,19,19,19
540056,2,1,1991,0,0,0,0,0,0,0,0,0,0
540057,1,1,1991,23,23,23,23,23,23,23,23,23,23
540057,2,1,1991,0,0,0,0,0,0,0,0,0,0
540058,1,1,1991,14,14,14,14,14,14,14,14,14,14
540058,2,1,1991,0,0,0,0,0,0,0,0,0,0
540059,1,1,1991,13,13,13,13,13,13,13,13,13,13
540059,2,1,1991,13,13,13,13,13,13,13,13,13,13
540060,1,1,1991,0,0,0,0,0,0,0,5,0,0
540060,2,1,1991,7,7,7,7,7,7,7,7,7,7
540061,0,1,1991,0,26,23,0,0,27,3,0,0,0
540061,0,2,1991,0,0,0,0,0,0,0,22,0,18
540061,2,1,1991,0,0,0,0,0,0,0,0,0,0
540061,3,1,1991,0,0,0,0,0,0,0,0,0,0
540061,4,1,1991,0,0,0,0,0,0,0,0,0,0
540062,1,1,1991,28,28,28,28,28,28,28,28,28,28
540063,1,1,1991,0,0,0,24,0,0,0,17,0,0
540063,2,1,1991,0,0,0,0,0,0,0,0,0,0
540064,1,1,1991,10,10,10,10,10,10,10,10,10,10
540065,1,1,1991,0,0,0,0,0,0,0,0,0,0
540066,1,1,1991,13,13,13,13,13,13,13,13,13,13
540067,1,1,1991,0,0,0,0,0,0,0,0,0,0
540068,1,1,1991,0,0,0,0,0,0,0,0,0,0
540068,2,1,1991,0,0,0,0,0,0,0,0,0,0
540069,1,1,1991,0,0,0,0,0,0,0,0,0,0
540070,1,1,1991,6,0,17,16,0,0,0,0,0,0
540070,2,1,1991,0,0,0,0,0,0,0,0,0,0
540071,1,1,1991,5,0,0,0,0,0,0,0,0,0
540071,2,1,1991,0,0,0,0,0,0,0,0,0,0
540072,1,1,1991,25,21,12,12,18,21,10,7,11,25
540073,0,1,1991,0,0,0,0,0,0,0,0,0,0
540073,1,1,1991,0,0,0,0,0,0,0,0,0,0
540075,1,1,1991,0,0,0,0,0,0,0,0,0,0
540075,2,1,1991,0,0,0,0,0,0,0,0,0,0
540076,1,1,1991,0,0,0,0,0,0,0,0,0,0
540076,2,1,1991,0,0,0,0,0,0,20,0,0,0
540077,1,1,1991,14,20,9,6,29,11,10,25,8,19
540077,2,1,1991,0,0,0,0,0,0,0,0,0,0
540078,1,1,1991,0,0,0,0,0,0,0,0,0,0
540078,2,1,1991,11,11,11,11,11,11,11,11,11,11
540079,1,1,1991,0,0,0,0,0,0,0,0,0,0
540080,1,1,1991,10,10,10,10,10,10,10,10,10,10
540081,1,1,1991,0,0,0,0,0,0,0,0,0,0
540081,2,1,1991,0,0,0,0,0,0,0,0,0,0
540082,1,1,1991,25,25,25,25,25,25,25,25,25,25
540083,1,1,1991,17,17,17,17,17,17,17,17,17,17
540084,1,1,1991,14,14,14,14,14,14,14,14,14,14
540085,0,1,1991,0,0,0,0,0,0,0,0,0,0
540085,1,1,1991,0,0,0,0,0,0,0,0,0,0
540086,1,1,1991,0,0,0,0,0,0,0,0,0,0
540086,2,1,1991,0,0,0,0,0,0,0,0,0,0
540087,1,1,1991,12,12,12,12,12,12,12,12,12,12
540088,1,1,1991,19,19,19,19,19,19,19,19,19,19
540089,1,1,1991,0,0,0,0,0,0,0,0,0,0
540089,2,1,1991,0,0,0,0,0,0,0,0,0,0
540089,3,1,1991,0,0,0,0,0,0,0,0,0,0
540089,4,1,1991,0,0,0,0,0,0,0,0,0,0
540090,1,1,1991,0,0,0,0,0,0,0,0,0,0
540091,1,1,1991,4,4,4,4,4,4,4,4,4,4
540092,1,1,1991,0,0,0,0,0,0,0,0,0,0
540093,1,1,1991,0,0,0,0,0,0,0,0,0,0
540093,2,1,1991,15,15,15,15,15,15,15,15,15,15
540094,1,1,1991,4,4,4,4,4,4,4,4,4,4
540095,1,1,1991,0,0,0,0,0,0,0,0,0,0
540095,2,1,1991,0,0,0,0,0,0,0,0,0,0
540096,1,1,1991,7,7,7,7,7,7,7,7,7,7
540097,1,1,1991,12,12,12,12,12,12,12,12,12,12
540099,1,1,1991,10,11,12,26,4,7,3,13,19,1
540099,2,1,1991,15,11,24,12,11,13,16,12,5,12
540100,1,1,1991,0,0,0,0,0,0,0,0,0,0
540100,2,1,1991,0,0,0,0,0,0,0,0,0,0
540100,3,1,1991,0,0,0,10,0,13,0,0,0,0
540101,1,1,1991,20,20,20,20,20,20,20,20,20,20
540101,2,1,1991,16,16,16,16,16,16,16,16,16,16
540102,1,1,1991,0,0,0,0,0,0,0,0,0,0
540103,1,1,1991,7,7,7,7,7,7,7,7,7,7
540104,1,1,1991,13,13,13,13,13,13,13,13,13,13
540105,1,1,1991,13,13,13,13,13,13,13,13,13,13
540106,1,1,1991,19,19,19,19,19,19,19,19,19,19
540107,1,1,1991,0,0,0,0,0,0,0,0,0,0
540108,1,1,1991,8,8,8,8,8,8,8,8,8,8
540109,1,1,1991,14,14,14,14,14,14,14,14,14,14
540110,1,1,1991,22,22,22,22,22,22,22,22,22,22
540111,1,1,1991,0,0,0,0,0,0,0,0,0,0
540112,1,1,1991,0,0,0,0,0,0,0,0,0,0
540112,2,1,1991,0,0,0,0,0,0,0,10,0,0
540113,1,1,1991,6,6,6,6,6,6,6,6,6,6
540114,1,1,1991,0,0,0,0,0,0,0,0,0,0
540115,1,1,1991,7,7,7,7,7,7,7,7,7,7
540115,2,1,1991,1,1,1,1,1,1,1,1,1,1
540116,1,1,1991,5,5,5,5,5,5,5,5,5,5
540117,1,1,1991,0,0,0,0,0,0,0,0,0,0
540118,1,1,1991,8,8,8,8,8,8,8,8,8,8
540119,1,1,1991,0,0,0,0,0,0,0,0,0,0
540120,1,1,1991,19,19,19,19,19,19,19,19,19,19
540121,1,1,1991,0,0,0,0,0,0,0,0,0,0
540122,1,1,1991,13,0,0,0,0,0,0,0,0,16
540123,1,1,1991,0,0,0,0,0,0,0,0,0,0
540124,1,1,1991,0,0,0,0,0,0,0,0,0,0
540125,1,1,1991,18,18,18,18,18,18,18,18,18,18
540125,2,1,1991,0,0,0,0,0,0,0,0,0,0
540126,1,1,1991,7,7,7,7,7,7,7,7,7,7
540127,1,1,1991,0,0,0,0,0,0,0,0,0,0
540127,2,1,1991,0,0,0,0,0,0,0,0,0,0
540128,1,1,1991,20,20,20,20,20,20,20,20,20,20
540129,1,1,1991,0,0,0,0,0,0,0,0,0,0
540130,1,1,1991,0,0,0,0,0,0,0,0,0,0
540131,1,1,1991,28,28,28,28,28,28,28,28,28,28
540132,1,1,1991,0,0,0,0,0,0,0,0,0,0
540133,1,1,1991,23,23,23,23,23,23,23,23,23,23
540134,1,1,1991,17,17,17,17,17,17,17,17,17,17
540134,2,1,1991,0,0,0,0,0,0,0,0,17,0
540135,1,1,1991,22,22,22,22,22,22,22,22,22,22
540135,2,1,1991,0,0,0,0,0,0,21,0,0,0
540135,3,1,1991,0,0,0,0,0,0,0,0,0,0
540136,0,1,1991,0,0,0,0,0,0,0,0,0,0
540136,0,2,1991,0,0,0,0,0,0,0,0,0,0
540136,1,1,1991,0,0,0,0,0,0,0,0,0,0
540137,1,1,1991,0,0,0,0,0,0,0,0,0,0
540137,2,1,1991,0,0,0,0,0,0,0,0,0,0
540138,1,1,1991,14,14,14,14,14,14,14,14,14,14
540139,1,1,1991,0,0,0,0,0,0,0,0,0,0
540140,1,1,1991,0,0,0,0,0,0,0,0,0,0
540141,1,1,1991,1,1,1,1,1,1,1,1,1,1
540141,2,1,1991,0,0,0,0,0,0,0,0,0,0
540142,1,1,1991,0,0,0,0,0,0,0,0,0,0
540142,2,1,1991,0,9,0,0,0,0,0,0,0,0
540143,1,1,1991,0,0,0,0,0,0,0,0,0,0
540143,2,1,1991,0,17,0,0,9,0,0,0,0,0
540143,3,1,1991,0,0,0,0,0,0,0,0,0,0
540144,1,1,1991,0,0,0,21,0,0,0,0,0,24
540145,0,1,1991,3,3,3,3,3,3,3,3,3,3
540145,1,1,1991,0,0,0,0,0,0,0,0,0,0
540147,1,1,1991,4,4,4,4,4,4,4,4,4,4
540148,1,1,1991,13,13,13,13,13,13,13,13,13,13
540149,1,1,1991,0,0,0,0,0,0,0,0,0,0
540149,2,1,1991,0,0,0,0,0,0,0,0,0,0
540150,1,1,1991,0,0,0,0,0,0,0,0,0,0
540151,1,1,1991,0,0,0,0,0,0,0,0,0,0
540151,2,1,1991,0,0,0,0,0,17,19,0,0,0
540152,1,1,1991,0,0,0,0,0,0,0,0,0,0
540152,2,1,1991,0,0,0,0,0,0,0,0,0,0
540153,1,1,1991,0,0,0,0,0,0,0,0,0,0
540153,2,1,1991,8,0,0,0,0,0,0,0,16,0
540154,1,1,1991,16,16,16,16,16,16,16,16,16,16
540154,2,1,1991,0,0,0,0,0,0,0,0,0,0
540155,1,1,1991,24,24,24,24,24,24,24,24,24,24
540156,1,1,1991,0,0,0,0,0,0,0,0,0,0
540158,1,1,1991,30,30,30,30,30,30,30,30,30,30
540159,1,1,1991,15,15,15,15,15,15,15,15,15,15
540160,1,1,1991,0,0,0,0,0,0,0,0,0,0
540160,2,1,1991,24,7,11,30,19,20,0,5,23,17
540161,1,1,1991,2,2,2,2,2,2,2,2,2,2
540162,1,1,1991,0,0,0,0,0,0,0,0,0,0
540162,2,1,1991,0,0,0,0,0,0,0,0,0,0
540163,1,1,1991,5,5,5,5,5,5,5,5,5,5
540164,1,1,1991,0,0,0,0,22,0,0,0,0,0
540164,2,1,1991,0,0,0,0,0,0,0,0,0,0
540165,1,1,1991,0,0,0,0,0,0,0,0,18,0
540166,1,1,1991,0,0,0,0,0,0,0,0,0,11
540167,0,1,1991,0,0,0,0,0,0,0,0,0,0
540167,1,1,1991,0,0,0,0,0,0,0,0,0,0
540168,1,1,1991,18,18,13,35,16,20,31,14,17,25
540168,2,1,1991,5,5,5,5,5,5,5,5,5,5
540169,1,1,1991,0,0,0,0,0,0,0,0,0,0
540169,2,1,1991,0,0,0,0,0,0,0,0,0,0
540170,1,1,1991,0,0,0,0,0,0,0,0,0,0
540171,1,1,1991,23,23,23,23,23,23,23,23,23,23
540172,0,1,1991,0,0,0,0,0,0,0,0,0,0
540172,0,2,1991,0,0,0,0,0,0,0,0,0,0
540172,1,1,1991,10,10,10,10,10,10,10,10,10,10
540173,1,1,1991,11,11,11,11,11,11,11,11,11,11
540174,1,1,1991,10,10,10,10,10,10,10,10,10,10
540175,1,1,1991,0,0,0,0,0,0,0,0,0,0
540175,2,1,1991,0,0,0,0,0,0,0,0,0,0
540176,1,1,1991,8,8,8,8,8,8,8,8,8,8
540177,1,1,1991,0,0,0,0,0,0,0,0,0,0
540177,2,1,1991,0,0,0,0,13,0,0,0,0,0
540178,1,1,1991,0,0,0,0,0,0,0,0,0,0
540179,1,1,1991,0,0,0,0,0,0,0,0,0,0
540180,1,1,1991,0,0,0,0,0,0,0,0,0,0
540181,1,1,1991,2,2,2,2,2,2,2,2,2,2
540182,0,1,1991,0,0,0,0,0,16,0,0,0,0
540182,1,1,1991,0,0,0,0,0,0,0,0,0,0
540183,1,1,1991,22,22,22,22,22,22,22,22,22,22
540183,2,1,1991,0,0,0,0,0,0,0,4,0,0
540184,1,1,1991,0,0,0,0,0,0,0,0,0,0
540184,2,1,1991,0,0,0,0,0,8,0,0,0,14
540185,1,1,1991,0,0,0,0,0,0,0,0,0,0
540185,2,1,1991,0,0,0,0,0,0,0,0,0,0
540186,1,1,1991,0,0,0,0,0,0,0,0,0,19
540187,1,1,1991,18,18,18,18,18,18,18,18,18,18
540188,1,1,1991,22,22,22,22,22,22,22,22,22,22
540189,1,1,1991,0,0,0,0,0,0,0,0,0,0
540190,0,1,1991,16,16,16,16,16,16,16,16,16,16
540190,1,1,1991,0,0,0,0,0,0,0,0,0,0
540191,1,1,1991,0,0,0,0,0,0,8,0,0,0
540191,2,1,1991,30,30,30,30,30,30,30,30,30,30
540192,1,1,1991,0,0,0,0,0,0,0,0,0,0
540193,1,1,1991,26,26,26,26,26,26,26,26,26,26
540194,1,1,1991,0,0,0,0,0,0,0,0,0,0
540195,1,1,1991,14,14,14,14,14,14,14,14,14,14
540196,1,1,1991,0,0,0,0,0,0,0,0,0,0
540197,1,1,1991,21,21,21,21,21,21,21,21,21,21
540198,1,1,1991,0,0,0,0,0,0,0,0,0,0
540200,1,1,1991,4,0,0,0,0,0,0,0,0,0
540200,2,1,1991,0,0,0,0,0,0,0,0,0,0
540201,0,1,1991,19,19,19,19,19,19,19,19,19,19
540201,1,1,1991,21,7,0,0,10,0,15,0,0,0
540202,1,1,1991,0,0,0,0,0,0,0,0,0,0
540202,2,1,1991,0,0,0,23,0,0,0,0,0,0
540203,1,1,1991,0,0,0,0,0,0,0,0,0,0
540203,2,1,1991,27,27,27,27,27,27,27,27,27,27
540204,1,1,1991,0,0,0,0,0,0,0,0,0,0
540204,2,1,1991,0,0,0,0,0,0,0,0,0,0
540205,0,1,1991,0,0,0,5,0,10,0,0,15,0
540205,1,1,1991,0,0,0,0,0,0,0,0,0,0
540206,0,1,1991,0,0,0,0,0,0,0,0,0,0
540206,0,2,1991,0,0,13,13,0,6,0,11,5,0
540206,0,3,1991,0,0,4,13,14,0,0,0,0,10
540206,0,4,1991,0,0,20,0,12,0,0,0,0,0
540206,0,5,1991,0,0,0,12,0,0,0,0,0,0
540206,1,1,1991,0,0,0,0,9,0,0,30,0,0
540207,1,1,1991,32,32,32,32,32,32,32,32,32,32
540208,1,1,1991,0,0,0,0,0,0,0,0,0,0
540209,1,1,1991,25,25,25,25,25,25,25,25,25,25
540210,1,1,1991,0,0,0,0,0,0,0,17,0,0
540210,2,1,1991,0,0,0,0,0,0,0,0,0,0
540211,1,1,1991,0,0,0,22,0,0,0,0,0,0
540211,2,1,1991,16,16,16,16,16,16,16,16,16,16
540212,1,1,1991,22,22,22,22,22,22,22,22,22,22
540213,1,1,1991,0,0,0,0,0,0,0,0,0,0
540213,2,1,1991,21,21,21,21,21,21,21,21,21,21
540214,1,1,1991,27,27,27,27,27,27,27,27,27,27
540215,1,1,1991,0,0,0,0,0,0,0,0,0,0
540216,1,1,1991,0,0,0,0,0,0,0,0,0,0
540216,2,1,1991,0,0,0,0,0,0,0,0,0,0
540217,0,1,1991,0,0,0,0,0,0,0,0,0,0
540217,1,1,1991,5,0,0,0,0,25,0,0,0,11
540217,2,1,1991,0,0,0,0,0,0,0,0,0,0
540218,1,1,1991,0,0,0,0,0,0,0,0,0,0
540219,1,1,1991,0,0,0,0,0,0,0,0,0,0
540219,2,1,1991,0,0,0,0,0,0,0,0,0,0
540220,1,1,1991,0,0,0,0,0,5,0,0,0,0
540220,2,1,1991,5,5,5,5,5,5,5,5,5,5
540221,1,1,1991,24,24,24,24,24,24,24,24,24,24
540222,1,1,1991,36,36,36,36,36,36,36,36,36,36
540223,1,1,1991,16,16,16,16,16,16,16,16,16,16
540224,1,1,1991,11,11,11,11,11,11,11,11,11,11
540225,1,1,1991,0,0,0,0,0,0,0,0,0,0
540225,2,1,1991,0,0,0,0,0,0,0,0,0,0
540225,3,1,1991,0,0,0,0,0,0,0,0,0,0
540225,4,1,1991,0,10,0,0,0,0,0,0,0,0
540226,1,1,1991,35,17,29,12,16,20,17,12,4,8
540227,1,1,1991,0,0,0,0,0,0,0,0,0,0
540228,1,1,1991,0,0,0,0,0,0,0,0,0,0
540228,2,1,1991,0,10,0,0,0,0,0,0,0,0
540229,1,1,1991,0,0,0,0,0,0,0,0,0,0
540230,1,1,1991,0,0,0,0,0,0,0,0,0,0
540230,2,1,1991,9,0,0,0,26,0,0,0,0,0
540231,1,1,1991,20,20,20,20,20,20,20,20,20,20
540231,2,1,1991,0,0,0,0,0,0,0,0,0,0
540232,0,1,1991,0,0,0,35,0,0,0,0,0,0
540232,1,1,1991,0,0,0,0,0,0,0,0,0,0
540233,1,1,1991,20,20,20,20,20,20,20,20,20,20
540234,1,1,1991,23,23,23,23,23,23,23,23,23,23
540235,1,1,1991,0,0,0,0,0,0,0,0,0,0
540235,2,1,1991,0,0,0,0,0,0,0,0,0,0
540236,1,1,1991,24,24,24,24,24,24,24,24,24,24
540237,1,1,1991,28,28,28,28,28,28,28,28,28,28
540238,1,1,1991,0,0,0,0,0,0,0,0,0,0
540238,2,1,1991,10,10,10,10,10,10,10,10,10,10
540239,0,1,1991,0,0,0,0,0,0,0,0,0,0
540239,1,1,1991,0,0,0,0,0,0,0,0,0,0
540240,1,1,1991,0,0,0,0,0,0,0,0,0,0
540241,1,1,1991,0,0,0,0,0,0,0,0,0,0
540242,1,1,1991,0,0,0,0,0,0,0,0,0,0
540242,2,1,1991,0,0,0,0,0,0,0,0,0,0
540243,1,1,1991,0,0,0,0,0,0,0,0,0,0
540243,2,1,1991,0,15,0,0,0,0,0,0,0,0
540244,1,1,1991,30,30,30,30,30,30,30,30,30,30
540245,1,1,1991,9,9,9,9,9,9,9,9,9,9
540246,1,1,1991,0,0,0,0,0,0,0,0,0,0
540247,1,1,1991,7,7,7,7,7,7,7,7,7,7
540248,1,1,1991,0,0,0,0,0,0,0,0,0,0
540248,2,1,1991,0,0,0,0,0,0,0,0,0,0
540249,1,1,1991,0,0,0,0,0,0,0,0,0,0
540249,2,1,1991,0,0,0,0,0,0,0,0,0,0
540250,1,1,1991,14,14,14,14,14,14,14,14,14,14
540251,1,1,1991,0,0,0,0,0,0,0,0,0,0
540251,2,1,1991,0,0,0,0,0,0,0,0,0,0
540252,1,1,1991,22,22,22,22,22,22,22,22,22,22
540253,0,1,1991,0,0,0,0,0,0,0,0,0,0
540253,1,1,1991,0,0,0,0,0,0,0,0,0,0
540254,1,1,1991,0,0,0,0,0,0,0,0,0,0
540254,2,1,1991,0,0,0,0,0,0,0,0,0,0
540255,1,1,1991,6,23,10,17,13,2,2,14,9,25
540256,1,1,1991,0,0,0,0,0,0,0,0,0,0
540257,1,1,1991,13,13,13,13,13,13,13,13,13,13
540257,2,1,1991,0,0,0,0,0,0,0,0,0,0
540258,1,1,1991,16,16,16,16,16,16,16,16,16,16
540259,1,1,1991,12,12,12,12,12,12,12,12,12,12
540259,2,1,1991,16,8,25,10,0,21,10,18,17,5
540260,1,1,1991,0,0,0,0,0,0,0,0,0,0
540260,2,1,1991,0,0,0,0,0,0,0,0,0,0
540261,1,1,1991,18,18,18,18,18,18,18,18,18,18
540262,1,1,1991,0,0,0,0,0,0,0,0,0,0
540262,2,1,1991,0,0,0,0,0,0,2,0,0,0
540263,1,1,1991,23,23,23,23,23,23,23,23,23,23
540264,1,1,1991,16,16,16,16,16,16,16,16,16,16
540265,1,1,1991,0,0,0,0,0,0,0,0,0,0
540266,1,1,1991,0,0,0,0,0,0,0,0,0,0
540266,2,1,1991,0,0,0,0,0,0,0,0,0,0
540267,1,1,1991,20,20,20,20,20,20,20,20,20,20
540269,1,1,1991,0,0,0,0,0,0,0,0,0,7
540269,2,1,1991,0,0,0,0,0,14,0,0,0,0
540269,3,1,1991,0,0,0,0,0,0,0,14,0,0
540270,1,1,1991,13,13,13,13,13,13,13,13,13,13
540270,2,1,1991,17,0,0,18,0,0,0,0,0,0
540271,1,1,1991,0,4,0,0,0,0,0,0,0,0
540271,2,1,1991,0,0,0,0,0,0,0,0,0,0
540272,1,1,1991,25,25,25,25,25,25,25,25,25,25
540273,1,1,1991,21,21,21,21,21,21,21,21,21,21
540274,1,1,1991,0,0,0,0,0,0,0,0,0,0
540275,1,1,1991,0,0,0,0,0,0,0,0,0,0
540275,2,1,1991,0,0,0,0,0,0,0,0,0,0
540276,1,1,1991,0,0,0,0,0,0,0,0,0,0
540276,2,1,1991,0,0,0,0,0,0,0,0,0,0
540277,1,1,1991,0,0,0,0,0,0,0,0,0,0
540279,1,1,1991,0,0,0,0,0,0,0,0,0,0
540279,2,1,1991,0,0,0,0,0,0,0,0,0,0
540280,1,1,1991,0,0,0,0,0,0,0,0,0,0
540281,0,1,1991,6,6,6,6,6,6,6,6,6,6
540281,1,1,1991,0,24,7,7,0,0,14,24,26,0
540282,1,1,1991,4,4,4,4,4,4,4,4,4,4
540283,1,1,1991,5,5,5,5,5,5,5,5,5,5
540283,2,1,1991,0,0,0,0,0,0,0,0,4,0
540284,1,1,1991,18,18,18,18,18,18,18,18,18,18
540285,1,1,1991,18,18,18,18,18,18,18,18,18,18
540286,0,1,1991,0,34,0,0,0,0,0,0,0,0
540286,1,1,1991,0,0,0,0,0,0,0,0,0,0
540287,1,1,1991,0,0,0,5,0,0,0,0,0,0
540287,2,1,1991,0,0,0,0,0,0,0,0,0,0
540288,1,1,1991,0,0,0,0,0,0,0,0,0,0
540289,1,1,1991,0,0,0,0,0,0,0,0,0,0
540290,1,1,1991,32,32,32,32,32,32,32,32,32,32
540291,1,1,1991,23,23,23,23,23,23,23,23,23,23
540291,2,1,1991,0,0,0,0,0,0,0,0,0,0
540292,1,1,1991,23,23,23,23,23,23,23,23,23,23
540292,2,1,1991,0,0,0,0,0,0,0,0,0,0