ST_CASE,VEH_NO,PER_NO,YEAR,P1,P2,P3,P4,P5,P6,P7,P8,P9,P10
540292,3,1,1991,0,0,0,0,0,0,0,0,0,0
540293,1,1,1991,0,0,0,0,0,0,0,0,0,0
540294,1,1,1991,15,15,15,15,15,15,15,15,15,15
540294,2,1,1991,0,0,0,0,0,0,0,0,0,0
540295,0,1,1991,24,24,24,24,24,24,24,24,24,24
540295,1,1,1991,0,0,0,0,0,0,0,0,0,0
540296,0,1,1991,22,22,22,22,22,22,22,22,22,22
540296,1,1,1991,0,0,0,0,0,0,0,0,0,0
540297,0,1,1991,0,0,0,0,0,0,0,0,0,0
540297,1,1,1991,0,0,0,0,0,24,0,0,0,0
540298,1,1,1991,0,0,0,0,0,0,0,0,0,0
540298,2,1,1991,0,0,0,0,0,0,0,0,0,0
540298,3,1,1991,0,0,0,0,0,0,0,0,0,0
540299,1,1,1991,0,0,0,0,0,0,0,0,0,0
540299,2,1,1991,0,0,0,0,0,0,0,0,0,0
540300,1,1,1991,0,0,0,0,0,0,0,0,0,0
540301,1,1,1991,0,0,0,0,0,0,0,0,0,0
540302,1,1,1991,0,0,0,0,0,0,0,0,0,0
540302,2,1,1991,0,0,0,0,0,0,0,0,0,0
540303,1,1,1991,0,0,0,0,0,0,13,0,0,0
540303,2,1,1991,19,19,19,19,19,19,19,19,19,19
540304,1,1,1991,14,14,14,14,14,14,14,14,14,14
540304,2,1,1991,0,0,0,0,0,0,0,0,0,0
540305,1,1,1991,13,13,13,13,13,13,13,13,13,13
540305,2,1,1991,0,0,0,0,0,0,0,0,0,0
540306,1,1,1991,14,14,14,14,14,14,14,14,14,14
540307,1,1,1991,0,0,0,0,0,0,0,0,0,0
540307,2,1,1991,0,0,0,0,0,0,0,0,0,0
540308,1,1,1991,0,0,0,0,0,0,0,0,0,0
540308,2,1,1991,0,0,0,0,0,0,0,0,0,0
540309,1,1,1991,0,0,0,0,0,0,0,0,0,0
540309,2,1,1991,0,0,0,0,0,0,0,0,0,0
540309,3,1,1991,0,0,0,0,0,0,0,0,0,0
540310,1,1,1991,6,6,6,6,6,6,6,6,6,6
540311,1,1,1991,6,6,6,6,6,6,6,6,6,6
540312,1,1,1991,14,21,12,2,0,0,6,15,12,11
540312,2,1,1991,0,0,19,13,10,0,0,0,16,0
540313,1,1,1991,0,0,0,0,0,0,0,0,0,0
540314,1,1,1991,0,0,11,0,0,0,0,0,0,6
540315,1,1,1991,15,15,15,15,15,15,15,15,15,15
540316,1,1,1991,25,25,25,25,25,25,25,25,25,25
540316,2,1,1991,0,0,0,0,0,0,0,0,0,0
540317,1,1,1991,0,0,0,0,0,0,0,0,0,0
540318,1,1,1991,13,13,13,13,13,13,13,13,13,13
540318,2,1,1991,0,0,0,0,0,0,0,0,0,0
540319,1,1,1991,0,0,0,0,0,0,0,0,0,0
540320,0,1,1991,0,0,0,0,0,0,0,0,0,0
540320,1,1,1991,0,0,0,0,0,0,0,0,0,0
540321,1,1,1991,0,0,0,0,0,0,0,0,0,0
540321,2,1,1991,0,15,0,17,16,13,13,0,0,0
540322,1,1,1991,22,6,8,16,24,24,29,27,18,22
540323,1,1,1991,0,0,0,0,0,0,0,0,0,0
540324,1,1,1991,0,0,0,0,0,0,0,0,0,0
540325,1,1,1991,16,16,16,16,16,16,16,16,16,16
540326,0,1,1991,0,7,0,0,0,0,0,0,0,0
540326,0,2,1991,0,0,0,0,0,0,0,0,0,0
540326,1,1,1991,0,0,0,0,0,0,0,0,0,0
540327,1,1,1991,14,14,14,14,14,14,14,14,14,14
540328,1,1,1991,26,26,26,26,26,26,26,26,26,26
540329,1,1,1991,0,0,0,0,0,0,0,0,0,0
540330,1,1,1991,0,0,0,0,0,0,0,0,0,0
540330,2,1,1991,0,0,0,0,0,0,0,0,0,15
540331,0,1,1991,0,0,0,0,0,0,0,0,0,0
540331,1,1,1991,0,0,0,0,0,0,0,0,0,0
540332,0,1,1991,18,18,18,18,18,18,18,18,18,18
540332,1,1,1991,0,0,0,0,0,0,0,0,0,0
540333,1,1,1991,0,0,0,0,0,0,0,0,0,0
540334,1,1,1991,9,9,9,9,9,9,9,9,9,9
540335,0,1,1991,0,0,0,0,0,0,0,0,0,0
540335,1,1,1991,0,0,0,0,0,0,19,0,0,0
540336,1,1,1991,0,0,0,0,0,0,0,0,0,0
540336,2,1,1991,0,0,0,0,0,0,0,0,0,0
540337,1,1,1991,14,14,14,14,14,14,14,14,14,14
540338,1,1,1991,15,15,15,15,15,15,15,15,15,15
540339,1,1,1991,0,0,0,0,0,0,0,0,0,0
540340,1,1,1991,0,0,0,0,0,0,0,0,0,0
540341,1,1,1991,18,0,0,0,0,0,0,0,0,0
540342,1,1,1991,0,0,0,0,0,0,0,0,0,0
540343,1,1,1991,0,0,18,0,0,0,5,12,19,0
540344,0,1,1991,30,30,30,30,30,30,30,30,30,30
540344,1,1,1991,0,0,0,0,0,0,0,0,0,0
540345,1,1,1991,24,24,24,24,24,24,24,24,24,24
540346,1,1,1991,0,0,0,0,0,0,0,0,0,0
540346,2,1,1991,0,0,0,0,0,0,0,0,0,0
540347,1,1,1991,24,24,24,24,24,24,24,24,24,24
540347,2,1,1991,24,24,24,24,24,24,24,24,24,24
540348,1,1,1991,0,0,0,0,0,0,0,0,0,0
540348,2,1,1991,0,0,0,0,0,0,0,0,0,0
540349,1,1,1991,8,8,8,8,8,8,8,8,8,8
540350,1,1,1991,0,0,0,0,0,0,0,0,19,0
540351,1,1,1991,9,9,9,9,9,9,9,9,9,9
540352,1,1,1991,0,0,0,0,0,0,0,0,0,0
540352,2,1,1991,0,0,0,0,0,0,0,0,0,0
540353,1,1,1991,0,0,0,0,0,0,0,0,0,0
540354,1,1,1991,0,0,0,0,0,0,0,0,0,0
540354,2,1,1991,0,0,0,0,0,0,0,0,0,0
540354,3,1,1991,0,0,0,0,0,0,0,0,0,0
540355,1,1,1991,17,17,0,0,0,0,0,5,0,0
540355,2,1,1991,17,17,17,17,17,17,17,17,17,17
540356,1,1,1991,34,34,34,34,34,34,34,34,34,34
540357,1,1,1991,0,0,0,0,0,0,0,0,0,0
540357,2,1,1991,0,0,0,0,0,0,0,0,0,0
540358,0,1,1991,20,20,20,20,20,20,20,20,20,20
540358,1,1,1991,0,0,0,18,0,0,0,0,0,0
540359,1,1,1991,0,0,0,0,0,0,0,0,0,0
540359,2,1,1991,17,17,17,17,17,17,17,17,17,17
540360,1,1,1991,0,0,0,0,0,0,0,0,0,0
540360,2,1,1991,0,0,0,0,0,0,0,0,0,0
540360,3,1,1991,0,0,0,0,0,0,0,0,0,0
540362,1,1,1991,18,18,18,18,18,18,18,18,18,18
540362,2,1,1991,0,0,0,0,0,0,0,0,0,0
540366,1,1,1991,0,0,0,0,0,0,0,0,0,0
540367,1,1,1991,16,16,16,16,16,16,16,16,16,16
540368,1,1,1991,15,36,24,14,18,14,17,19,21,7
540369,1,1,1991,0,0,0,0,0,0,0,0,0,0
540369,2,1,1991,0,0,0,0,0,0,0,0,0,0
540369,3,1,1991,0,0,0,0,0,0,0,0,0,0
540370,1,1,1991,0,0,0,0,0,0,0,0,0,0
540370,2,1,1991,0,0,0,0,0,0,0,0,0,0
540371,1,1,1991,18,18,18,18,18,18,18,18,18,18
540372,1,1,1991,15,15,15,15,15,15,15,15,15,15
540373,1,1,1991,0,0,0,0,0,0,0,0,0,0
540373,2,1,1991,0,0,0,0,0,0,0,0,0,0
540374,0,1,1991,0,0,0,0,0,0,0,0,0,0
540374,1,1,1991,0,0,0,0,0,0,0,0,0,0
540375,1,1,1991,14,14,14,14,14,14,14,14,14,14
540375,2,1,1991,8,8,8,8,8,8,8,8,8,8
540376,1,1,1991,0,0,0,0,0,0,0,0,0,0
540377,0,1,1991,17,17,17,17,17,17,17,17,17,17
540377,1,1,1991,0,0,7,30,0,6,2,0,0,0
540378,1,1,1991,21,21,21,21,21,21,21,21,21,21
540379,1,1,1991,0,0,0,0,0,0,0,0,0,0
540380,0,1,1991,0,0,0,0,0,0,0,17,0,0
540380,1,1,1991,0,0,0,0,0,0,0,0,0,0
540381,1,1,1991,5,5,5,5,5,5,5,5,5,5
540382,1,1,1991,0,0,0,0,0,0,0,0,0,0
540383,1,1,1991,16,16,16,16,16,16,16,16,16,16
550001,1,1,1991,0,0,0,0,0,0,0,0,0,0
550001,2,1,1991,0,0,0,0,0,0,0,0,0,0
550002,1,1,1991,16,16,16,16,16,16,16,16,16,16
550003,1,1,1991,0,0,0,0,0,0,0,0,0,0
550003,2,1,1991,6,6,6,6,6,6,6,6,6,6
550003,3,1,1991,0,0,0,0,0,0,0,0,0,0
550004,1,1,1991,24,24,24,24,24,24,24,24,24,24
550004,2,1,1991,0,0,0,0,0,0,0,0,0,0
550005,1,1,1991,0,24,0,0,0,0,0,0,0,0
550005,2,1,1991,0,0,0,0,0,0,0,0,0,0
550005,3,1,1991,0,0,0,0,0,0,0,0,0,0
550006,1,1,1991,0,0,0,0,0,0,0,0,0,0
550006,2,1,1991,0,0,0,0,0,0,0,0,0,0
550007,0,1,1991,14,14,14,14,14,14,14,14,14,14
550007,1,1,1991,12,12,12,12,12,12,12,12,12,12
550008,1,1,1991,0,0,0,0,0,0,0,0,0,0
550008,2,1,1991,0,0,0,0,0,0,0,0,0,0
550009,1,1,1991,20,20,20,20,20,20,20,20,20,20
550010,1,1,1991,14,14,14,14,14,14,14,14,14,14
550011,1,1,1991,0,0,0,0,0,0,0,0,0,0
550011,2,1,1991,0,0,0,0,0,0,0,0,0,0
550012,1,1,1991,0,0,0,0,0,0,29,0,0,0
550012,2,1,1991,0,0,0,0,0,0,0,0,0,0
550013,1,1,1991,0,0,0,0,0,0,0,0,0,0
550014,1,1,1991,0,0,0,0,0,0,0,0,0,0
550015,1,1,1991,3,3,3,3,3,3,3,3,3,3
550015,2,1,1991,0,0,0,0,0,0,0,0,0,0
550016,1,1,1991,0,0,0,0,0,0,0,0,0,0
550017,1,1,1991,0,0,0,0,0,0,0,0,0,0
550017,2,1,1991,0,0,0,0,0,0,0,0,0,0
550018,1,1,1991,0,0,0,0,0,0,0,0,0,0
550019,0,1,1991,32,0,15,29,0,24,0,21,6,0
550019,1,1,1991,0,0,0,0,0,0,0,0,0,0
550020,1,1,1991,0,0,0,0,0,0,0,0,0,0
550020,2,1,1991,0,0,0,0,0,0,0,0,0,0
550021,1,1,1991,24,24,24,24,24,24,24,24,24,24
550021,2,1,1991,0,0,0,0,0,0,0,0,0,0
550022,1,1,1991,0,0,0,0,0,0,0,0,0,0
550022,2,1,1991,0,0,0,0,0,0,0,0,0,0
550023,1,1,1991,0,0,0,0,0,0,0,0,0,0
550023,2,1,1991,0,0,0,0,0,0,0,0,0,0
550024,1,1,1991,0,0,0,0,0,0,0,0,0,0
550025,1,1,1991,29,29,29,29,29,29,29,29,29,29
550026,1,1,1991,0,0,0,0,0,0,0,0,0,0
550026,2,1,1991,0,0,0,0,0,0,0,0,0,0
550027,1,1,1991,20,20,20,20,20,20,20,20,20,20
550028,0,1,1991,23,23,23,23,23,23,23,23,23,23
550028,1,1,1991,0,0,0,0,0,0,7,0,10,0
550029,1,1,1991,0,0,0,0,0,0,0,0,0,0
550029,2,1,1991,13,13,13,13,13,13,13,13,13,13
550030,1,1,1991,24,24,24,24,24,24,24,24,24,24
550031,0,1,1991,0,0,0,0,0,0,0,0,0,0
550031,1,1,1991,0,0,0,0,0,0,0,0,0,0
550032,1,1,1991,29,29,29,29,29,29,29,29,29,29
550033,0,1,1991,0,0,0,0,0,0,0,0,0,0
550033,1,1,1991,0,0,0,0,0,0,0,0,0,0
550034,1,1,1991,0,0,0,0,0,0,0,0,0,0
550034,2,1,1991,0,0,0,0,0,0,0,0,0,0
550035,1,1,1991,0,0,0,0,0,0,0,0,0,0
550036,1,1,1991,20,20,20,20,20,20,20,20,20,20
550037,1,1,1991,0,0,0,0,0,20,0,0,0,0
550037,2,1,1991,0,0,0,0,0,0,0,0,0,0
550038,1,1,1991,30,30,30,30,30,30,30,30,30,30
550039,1,1,1991,0,0,0,0,0,0,7,0,0,0
550039,2,1,1991,0,0,0,0,0,0,0,0,0,0
550039,3,1,1991,0,0,0,0,0,0,0,0,0,0
550040,1,1,1991,0,0,0,0,0,0,0,0,0,0
550040,2,1,1991,0,0,0,0,0,0,0,0,0,0
550041,1,1,1991,14,14,14,14,14,14,14,14,14,14
550042,1,1,1991,0,0,0,0,0,0,0,0,0,0
550042,2,1,1991,0,0,0,0,0,0,0,0,0,0
550043,1,1,1991,0,0,0,0,0,0,0,0,0,0
550043,2,1,1991,0,0,0,0,20,0,0,0,0,0
550044,1,1,1991,0,0,0,0,0,0,0,0,0,0
550044,2,1,1991,0,0,0,0,0,0,0,0,0,0
550045,1,1,1991,10,10,10,10,10,10,10,10,10,10
550045,2,1,1991,0,0,0,0,0,0,0,0,0,0
550046,1,1,1991,0,0,0,0,0,0,0,0,0,0
550046,2,1,1991,0,0,0,0,0,0,0,0,0,0
550046,3,1,1991,0,0,0,0,0,0,0,0,0,0
550047,0,1,1991,0,0,0,0,0,0,0,0,0,0
550047,1,1,1991,0,0,0,0,0,0,0,0,0,0
550048,1,1,1991,0,0,0,0,0,0,0,0,0,0
550048,2,1,1991,0,0,0,0,0,0,0,0,0,0
550049,1,1,1991,0,0,0,0,0,0,0,0,0,0
550050,1,1,1991,0,0,0,0,0,0,0,0,0,0
550050,2,1,1991,0,0,0,0,0,0,0,0,0,0
550051,1,1,1991,0,0,0,0,0,0,0,0,0,0
550051,2,1,1991,0,0,0,0,0,0,0,0,0,0
550052,1,1,1991,0,0,0,0,0,0,0,0,0,0
550052,2,1,1991,0,0,0,0,0,0,0,0,0,0
550053,1,1,1991,0,0,0,0,0,0,0,0,0,0
550053,2,1,1991,0,0,0,0,0,0,0,0,0,0
550054,1,1,1991,0,0,0,0,0,0,0,0,12,0
550054,2,1,1991,0,0,0,0,0,0,0,0,0,0
550055,1,1,1991,0,0,0,0,0,0,0,0,0,0
550055,2,1,1991,0,0,0,0,4,0,0,0,0,0
550056,1,1,1991,0,0,0,0,0,0,0,0,0,0
550056,2,1,1991,0,0,0,0,0,0,0,0,0,0
550056,3,1,1991,0,0,0,0,0,0,0,0,0,11
550056,4,1,1991,0,0,0,0,0,0,22,0,0,14
550057,1,1,1991,0,0,0,0,0,0,0,0,0,0
550057,2,1,1991,0,0,0,0,0,0,0,0,0,0
550058,1,1,1991,0,0,0,0,0,0,0,0,0,0
550058,2,1,1991,0,0,0,0,0,0,36,0,0,0
550059,1,1,1991,0,0,0,0,0,0,0,0,0,0
550059,2,1,1991,0,0,0,0,0,0,0,0,0,0
550060,1,1,1991,11,11,11,11,11,11,11,11,11,11
550061,1,1,1991,19,19,19,19,19,19,19,19,19,19
550062,0,1,1991,0,0,0,6,0,0,0,0,0,0
550062,1,1,1991,0,0,0,0,0,0,0,0,0,0
550063,1,1,1991,12,12,12,12,12,12,12,12,12,12
550063,2,1,1991,0,0,0,0,0,0,0,0,0,0
550063,3,1,1991,12,0,0,0,0,0,0,0,0,0
550064,1,1,1991,0,0,0,0,0,0,0,0,0,0
550064,2,1,1991,8,8,8,8,8,8,8,8,8,8
550065,1,1,1991,8,8,8,8,8,8,8,8,8,8
550065,2,1,1991,0,0,0,0,26,0,0,0,0,0
550066,1,1,1991,17,17,17,17,17,17,17,17,17,17
550066,2,1,1991,0,0,0,0,0,0,0,0,0,0
550066,3,1,1991,0,0,0,0,0,0,0,0,0,0
550067,1,1,1991,0,0,0,0,0,0,0,0,0,0
550067,2,1,1991,0,0,0,0,0,0,0,0,0,0
550067,3,1,1991,0,0,0,0,0,0,0,0,0,0
550068,1,1,1991,15,15,15,15,15,15,15,15,15,15
550069,1,1,1991,0,0,0,0,0,0,0,0,0,0
550069,2,1,1991,19,19,19,19,19,19,19,19,19,19
550070,1,1,1991,0,0,0,0,0,0,0,0,0,0
550071,1,1,1991,0,0,0,0,0,0,0,0,0,0
550072,1,1,1991,5,5,5,5,5,5,5,5,5,5
550072,2,1,1991,0,0,0,0,0,0,0,0,0,0
550073,1,1,1991,27,27,27,27,27,27,27,27,27,27
550074,1,1,1991,0,0,0,0,0,0,0,0,0,0
550074,2,1,1991,0,0,0,0,0,0,0,0,0,0
550075,1,1,1991,19,19,19,19,19,19,19,19,19,19
550076,1,1,1991,0,0,0,0,0,0,0,0,0,0
550076,2,1,1991,0,0,0,0,0,0,0,0,0,0
550077,1,1,1991,0,0,0,0,0,0,0,0,0,0
550077,2,1,1991,16,16,16,16,16,16,16,16,16,16
550078,1,1,1991,0,0,0,0,0,0,0,0,0,0
550078,2,1,1991,0,0,0,0,0,0,0,0,0,0
550079,0,1,1991,0,0,0,0,0,0,0,0,0,0
550079,1,1,1991,0,0,0,0,0,0,0,0,0,0
550080,1,1,1991,0,0,0,0,0,0,0,0,0,0
550080,2,1,1991,0,0,0,14,31,0,0,22,0,0
550081,1,1,1991,25,25,25,25,25,25,25,25,25,25
550082,0,1,1991,0,0,0,0,0,0,0,0,0,0
550082,1,1,1991,20,20,20,20,20,20,20,20,20,20
550083,1,1,1991,0,0,0,0,0,0,0,0,0,0
550084,1,1,1991,6,6,6,6,6,6,6,6,6,6
550084,2,1,1991,0,0,0,0,0,0,0,0,0,0
550085,1,1,1991,0,0,0,0,0,0,0,0,0,0
550086,1,1,1991,0,0,0,0,0,0,0,0,0,0
550087,1,1,1991,20,20,20,20,20,20,20,20,20,20
550088,1,1,1991,11,11,11,11,11,11,11,11,11,11
550089,1,1,1991,0,0,0,0,0,0,0,0,0,0
550089,2,1,1991,16,16,16,16,16,16,16,16,16,16
550090,1,1,1991,0,0,0,0,0,0,0,0,0,0
550091,1,1,1991,0,0,0,0,0,0,0,0,0,0
550091,2,1,1991,0,0,0,13,0,0,0,0,0,0
550092,1,1,1991,31,31,31,31,31,31,31,31,31,31
550092,2,1,1991,0,0,0,0,0,0,0,0,0,0
550093,1,1,1991,0,0,0,0,0,0,0,0,0,17
550094,1,1,1991,20,20,20,20,20,20,20,20,20,20
550094,2,1,1991,0,0,0,0,0,0,0,0,0,0
550095,1,1,1991,29,42,22,20,19,21,19,29,3,12
550096,1,1,1991,0,0,0,0,0,0,0,0,0,0
550096,2,1,1991,0,0,0,0,0,0,0,0,0,0
550097,1,1,1991,0,0,0,0,0,0,0,0,0,0
550098,1,1,1991,0,0,0,0,0,0,0,0,0,0
550098,2,1,1991,0,0,0,0,0,0,0,0,0,0
550099,1,1,1991,23,23,23,23,23,23,23,23,23,23
550099,2,1,1991,0,7,0,19,0,0,0,0,0,0
550100,1,1,1991,0,0,0,0,0,0,0,0,0,0
550100,2,1,1991,0,0,0,0,0,0,0,0,0,0
550101,1,1,1991,0,0,0,0,0,0,0,0,0,0
550101,2,1,1991,0,0,0,0,0,0,0,0,0,0
550102,1,1,1991,0,0,0,0,0,0,0,0,0,0
550102,2,1,1991,0,0,0,0,0,0,0,0,0,0
550103,1,1,1991,0,21,16,23,0,0,0,0,0,11
550104,1,1,1991,24,24,24,24,24,24,24,24,24,24
550104,2,1,1991,5,5,5,5,5,5,5,5,5,5
550105,1,1,1991,19,19,19,19,19,19,19,19,19,19
550106,1,1,1991,0,0,0,0,0,0,0,0,0,0
550106,2,1,1991,0,0,0,0,0,0,0,0,0,0
550107,1,1,1991,21,21,21,21,21,21,21,21,21,21
550107,2,1,1991,0,0,0,0,0,0,0,0,0,0
550108,1,1,1991,0,0,0,0,0,0,0,0,0,0
550108,2,1,1991,0,0,0,0,0,0,0,0,0,0
550109,1,1,1991,0,0,0,0,0,0,0,0,0,0
550109,2,1,1991,0,0,0,0,0,0,0,0,0,0
550110,0,1,1991,0,0,0,0,0,0,0,0,0,0
550110,1,1,1991,0,0,0,0,0,0,0,0,0,0
550111,0,1,1991,43,0,0,9,0,12,8,34,0,0
550111,1,1,1991,15,15,15,15,15,15,15,15,15,15
550112,0,1,1991,0,0,0,0,0,0,0,0,0,0
550112,1,1,1991,0,0,0,0,0,0,0,0,0,0
550113,1,1,1991,0,0,0,0,0,0,0,0,0,0
550113,2,1,1991,0,0,0,0,0,0,0,0,0,0
550114,1,1,1991,0,0,0,0,0,0,0,0,0,0
550114,2,1,1991,0,0,0,0,0,0,0,0,0,0
550115,1,1,1991,0,0,0,14,0,0,0,0,0,0
550116,1,1,1991,0,0,0,0,0,0,0,0,0,0
550116,2,1,1991,0,0,0,0,0,0,0,0,0,0
550117,1,1,1991,29,29,29,29,29,29,29,29,29,29
550119,1,1,1991,20,0,0,0,0,0,22,0,0,26
550119,2,1,1991,31,0,0,0,0,19,0,0,0,0
550120,1,1,1991,8,8,8,8,8,8,8,8,8,8
550120,2,1,1991,0,0,0,0,0,0,0,0,0,0
550121,0,1,1991,0,0,0,0,0,0,0,0,0,0
550121,1,1,1991,0,0,0,0,0,0,0,0,0,0
550122,1,1,1991,17,17,17,17,17,17,17,17,17,17
550123,1,1,1991,23,23,23,23,23,23,23,23,23,23
550124,1,1,1991,0,0,0,2,0,0,0,0,0,0
550124,2,1,1991,0,0,0,0,0,0,0,0,0,0
550125,1,1,1991,15,15,15,15,15,15,15,15,15,15
550126,1,1,1991,23,23,23,23,23,23,23,23,23,23
550127,1,1,1991,23,23,23,23,23,23,23,23,23,23
550127,2,1,1991,22,22,22,22,22,22,22,22,22,22
550128,1,1,1991,19,19,19,19,19,19,19,19,19,19
550129,1,1,1991,14,14,14,14,14,14,14,14,14,14
550130,1,1,1991,16,16,16,16,16,16,16,16,16,16
550131,1,1,1991,0,0,0,0,0,21,0,0,0,0
550131,2,1,1991,0,0,0,0,0,0,0,0,0,0
550132,1,1,1991,0,0,0,0,0,0,0,0,0,0
550134,1,1,1991,0,0,0,0,11,0,0,0,0,0
550134,2,1,1991,0,0,0,0,0,0,0,0,0,0
550134,3,1,1991,0,0,0,0,0,0,0,0,0,0
550134,4,1,1991,0,0,0,0,13,0,0,0,0,0
550134,5,1,1991,0,0,0,0,0,0,0,0,0,0
550134,6,1,1991,0,0,0,0,0,0,0,0,0,0
550134,7,1,1991,0,0,0,0,0,0,0,0,0,0
550134,8,1,1991,0,0,0,0,0,0,0,0,0,0
550134,9,1,1991,0,0,0,0,0,0,0,0,0,0
550134,10,1,1991,0,0,0,0,0,0,0,0,0,0
550135,1,1,1991,0,0,0,0,0,0,0,0,0,0
550135,2,1,1991,0,0,0,0,0,0,0,0,0,0
550136,1,1,1991,0,0,0,0,0,0,0,0,0,0
550136,2,1,1991,0,0,0,0,0,0,0,0,0,0
550136,3,1,1991,0,0,0,0,0,0,0,0,0,0
550137,1,1,1991,3,3,3,3,3,3,3,3,3,3
550138,1,1,1991,0,16,6,16,23,0,0,18,6,15
550138,2,1,1991,0,0,0,0,0,0,0,0,0,0
550139,1,1,1991,0,0,0,0,0,0,0,0,0,0
550139,2,1,1991,0,0,0,0,0,0,0,0,0,0
550140,1,1,1991,0,0,0,0,0,0,0,0,0,0
550140,2,1,1991,0,0,0,0,0,0,0,0,0,0
550141,0,1,1991,0,0,21,0,8,0,0,0,0,0
550141,0,2,1991,0,23,0,0,0,0,21,26,0,42
550141,1,1,1991,13,13,13,13,13,13,13,13,13,13
550142,1,1,1991,0,0,0,0,0,0,0,0,0,0
550143,1,1,1991,5,5,5,5,5,5,5,5,5,5
550143,2,1,1991,0,0,0,0,0,0,0,0,0,0
550144,1,1,1991,17,17,17,17,17,17,17,17,17,17
550145,1,1,1991,0,0,0,14,0,0,0,0,0,0
550145,2,1,1991,0,0,0,0,0,0,0,0,0,0
550146,1,1,1991,0,0,0,0,0,0,0,0,0,0
550146,2,1,1991,0,0,0,0,0,0,0,0,0,0
550147,1,1,1991,0,0,0,0,0,0,0,0,0,0
550148,1,1,1991,0,0,0,0,0,0,0,0,0,0
550148,2,1,1991,0,0,0,0,0,0,0,0,0,0
550148,3,1,1991,1,1,1,1,1,1,1,1,1,1
550149,1,1,1991,24,24,24,24,24,24,24,24,24,24
550149,2,1,1991,0,0,0,0,0,0,0,0,0,0
550150,1,1,1991,0,0,0,0,0,0,0,0,0,0
550151,1,1,1991,0,0,0,0,0,0,0,0,0,0
550152,1,1,1991,17,17,17,17,17,17,17,17,17,17
550153,1,1,1991,0,0,0,0,0,0,0,0,0,0
550153,2,1,1991,0,0,0,0,0,0,0,0,0,0
550154,0,1,1991,0,0,0,0,0,0,0,0,0,0
550154,1,1,1991,0,0,0,0,0,0,0,0,0,0
550155,1,1,1991,17,17,17,17,17,17,17,17,17,17
550156,1,1,1991,28,28,28,28,28,28,28,28,28,28
550157,1,1,1991,0,10,0,5,0,0,0,22,0,37
550158,1,1,1991,0,0,0,0,0,0,0,0,0,0
550159,1,1,1991,2,2,2,2,2,2,2,2,2,2
550160,1,1,1991,36,36,36,36,36,36,36,36,36,36
550161,1,1,1991,0,0,0,0,0,0,0,0,0,0
550161,2,1,1991,0,0,0,12,0,0,14,0,0,0
550161,3,1,1991,0,0,0,0,0,0,0,0,0,0
550162,1,1,1991,7,7,7,7,7,7,7,7,7,7
550162,2,1,1991,0,0,0,34,0,0,0,0,8,0
550163,1,1,1991,23,23,23,23,23,23,23,23,23,23
550164,1,1,1991,26,26,26,26,26,26,26,26,26,26
550165,1,1,1991,22,22,22,22,22,22,22,22,22,22
550166,1,1,1991,12,12,12,12,12,12,12,12,12,12
550167,1,1,1991,0,0,0,0,0,0,0,0,0,0
550167,2,1,1991,0,0,0,0,0,0,0,0,0,0
550168,1,1,1991,0,0,0,0,0,0,0,0,0,0
550168,2,1,1991,0,0,0,0,0,0,0,0,0,0
550169,1,1,1991,35,35,35,35,35,35,35,35,35,35
550170,1,1,1991,11,11,11,11,11,11,11,11,11,11
550170,2,1,1991,0,0,19,0,0,0,0,0,0,0
550171,1,1,1991,0,0,0,0,0,0,0,0,0,0
550171,2,1,1991,0,0,0,0,0,0,0,0,0,0
550172,1,1,1991,24,24,24,24,24,24,24,24,24,24
550172,2,1,1991,0,0,0,0,0,0,0,0,0,0
550172,3,1,1991,0,0,0,0,0,0,0,0,0,0
550173,0,1,1991,0,0,0,0,0,0,0,0,0,0
550173,1,1,1991,0,0,0,0,0,0,0,0,0,0
550174,1,1,1991,24,24,24,24,24,24,24,24,24,24
550175,1,1,1991,0,0,0,0,0,0,0,0,0,0
550175,2,1,1991,0,0,0,0,0,0,0,13,0,0
550176,1,1,1991,0,0,0,0,0,0,0,0,0,0
550177,1,1,1991,24,24,24,24,24,24,24,24,24,24
550178,1,1,1991,0,17,0,11,0,0,0,21,0,0
550178,2,1,1991,0,0,0,0,0,0,0,0,0,0
550178,3,1,1991,0,0,0,0,0,0,0,0,0,0
550179,1,1,1991,0,0,0,0,0,0,0,0,0,0
550179,2,1,1991,0,0,0,0,12,0,0,0,0,0
550180,1,1,1991,0,0,0,0,0,0,0,0,0,0
550181,1,1,1991,17,17,17,17,17,17,17,17,17,17
550182,0,2,1991,0,27,0,0,15,13,0,0,10,0
550182,1,1,1991,0,0,0,0,0,0,0,0,0,0
550183,1,1,1991,0,0,0,0,0,0,0,0,0,0
550183,2,1,1991,10,0,0,0,16,8,0,0,0,0
550184,1,1,1991,18,18,18,18,18,18,18,18,18,18
550185,1,1,1991,0,0,0,0,0,0,0,0,0,0
550185,2,1,1991,0,0,0,0,0,0,0,0,0,0
550186,1,1,1991,0,0,0,0,0,0,0,0,0,0
550186,2,1,1991,0,0,0,0,4,0,0,0,0,0
550187,1,1,1991,18,18,18,18,18,18,18,18,18,18
550188,1,1,1991,35,35,35,35,35,35,35,35,35,35
550189,1,1,1991,11,11,11,11,11,11,11,11,11,11
550190,1,1,1991,0,0,0,0,0,0,0,0,0,0
550191,1,1,1991,23,23,23,23,23,23,23,23,23,23
550192,1,1,1991,20,20,20,20,20,20,20,20,20,20
550193,1,1,1991,17,17,17,17,17,17,17,17,17,17