ST_CASE,VEH_NO,PER_NO,YEAR,P1,P2,P3,P4,P5,P6,P7,P8,P9,P10
550194,1,1,1991,4,4,4,4,4,4,4,4,4,4
550195,1,1,1991,4,4,4,4,4,4,4,4,4,4
550195,2,1,1991,0,0,0,0,0,0,0,0,0,0
550196,1,1,1991,0,0,0,0,0,0,0,0,0,0
550196,2,1,1991,0,0,0,0,0,16,0,0,0,0
550196,3,1,1991,1,1,1,1,1,1,1,1,1,1
550198,1,1,1991,8,8,8,8,8,8,8,8,8,8
550198,2,1,1991,0,0,0,0,0,0,0,0,0,0
550199,1,1,1991,0,0,0,0,0,0,0,0,0,0
550199,2,1,1991,3,3,3,3,3,3,3,3,3,3
550200,1,1,1991,16,16,16,16,16,16,16,16,16,16
550201,1,1,1991,13,13,13,13,13,13,13,13,13,13
550202,1,1,1991,0,0,0,0,0,0,0,5,0,0
550202,2,1,1991,0,0,0,0,0,0,0,0,0,0
550203,1,1,1991,0,0,0,0,0,0,0,0,0,0
550203,2,1,1991,0,0,0,20,0,0,0,12,0,0
550204,1,1,1991,7,6,28,13,4,33,17,21,10,12
550205,1,1,1991,0,0,0,0,0,0,0,0,0,0
550205,2,1,1991,34,34,34,34,34,34,34,34,34,34
550207,1,1,1991,0,0,0,0,0,0,0,0,0,0
550208,0,1,1991,0,0,0,0,0,0,0,0,0,0
550208,1,1,1991,0,0,0,0,0,0,0,0,0,0
550209,1,1,1991,21,0,0,0,0,0,18,0,0,0
550210,1,1,1991,0,0,0,0,0,0,0,0,0,0
550211,1,1,1991,15,15,15,15,15,15,15,15,15,15
550212,1,1,1991,0,0,0,0,0,0,0,0,0,0
550213,1,1,1991,0,0,0,0,0,0,0,0,0,0
550214,1,1,1991,0,0,0,0,0,0,0,0,0,0
550214,2,1,1991,0,0,0,0,0,0,0,0,0,0
550214,3,1,1991,0,25,0,0,0,5,0,0,0,12
550215,1,1,1991,3,3,3,3,3,3,3,3,3,3
550216,1,1,1991,0,0,0,0,0,0,0,0,0,0
550217,1,1,1991,0,0,0,0,0,0,0,0,0,0
550218,1,1,1991,0,0,0,0,0,0,0,0,0,0
550218,2,1,1991,0,0,0,0,0,0,0,0,0,0
550219,1,1,1991,24,24,24,24,24,24,24,24,24,24
550219,2,1,1991,11,11,11,11,11,11,11,11,11,11
550220,1,1,1991,21,21,21,21,21,21,21,21,21,21
550221,1,1,1991,0,0,0,0,0,0,0,0,0,0
550221,2,1,1991,0,0,0,0,10,0,0,0,0,0
550222,1,1,1991,0,0,0,0,0,0,0,0,0,0
550222,2,1,1991,0,0,0,0,0,0,0,0,0,0
550223,1,1,1991,0,0,0,0,0,0,0,0,0,0
550223,2,1,1991,0,0,0,0,0,0,0,0,0,0
550223,3,1,1991,0,0,0,0,0,0,0,0,0,0
550224,1,1,1991,4,4,4,4,4,4,4,4,4,4
550224,2,1,1991,0,0,0,0,0,0,0,0,0,0
550224,3,1,1991,18,10,11,8,14,19,27,16,4,17
550224,4,1,1991,3,8,4,10,7,8,25,10,0,9
550225,1,1,1991,17,17,17,17,17,17,17,17,17,17
550225,2,1,1991,0,0,0,0,0,0,0,0,0,0
550226,0,1,1991,0,0,0,0,0,0,0,0,0,0
550226,1,1,1991,0,0,0,0,0,0,0,0,0,0
550227,1,1,1991,27,27,27,27,27,27,27,27,27,27
550228,1,1,1991,0,6,0,0,14,0,0,0,0,0
550229,1,1,1991,0,0,0,0,0,0,0,0,0,0
550229,2,1,1991,0,0,0,0,0,0,0,0,0,0
550230,1,1,1991,0,0,0,0,0,8,0,0,0,0
550231,1,1,1991,0,0,0,0,0,0,0,0,0,0
550231,2,1,1991,0,0,0,0,0,0,0,0,0,0
550232,1,1,1991,33,0,0,0,0,0,0,0,0,0
550232,2,1,1991,0,0,0,0,0,0,0,0,0,0
550232,3,1,1991,0,0,0,0,0,0,0,0,0,0
550232,4,1,1991,0,0,12,0,0,0,0,0,0,0
550233,1,1,1991,0,0,0,0,0,0,0,0,0,0
550233,2,1,1991,0,17,0,21,0,0,0,13,0,0
550234,1,1,1991,14,14,14,14,14,14,14,14,14,14
550235,1,1,1991,28,28,28,28,28,28,28,28,28,28
550236,1,1,1991,0,0,0,0,0,0,0,0,0,0
550236,2,1,1991,0,0,0,0,0,0,0,0,0,0
550237,1,1,1991,0,0,0,0,0,0,0,0,0,0
550237,2,1,1991,0,0,0,0,0,0,0,0,0,0
550238,1,1,1991,0,0,0,0,0,0,0,0,0,0
550238,2,1,1991,0,0,0,0,0,0,0,0,0,0
550240,1,1,1991,14,14,14,14,14,14,14,14,14,14
550241,1,1,1991,0,0,0,0,0,0,0,0,0,0
550241,2,1,1991,0,0,0,0,0,0,0,0,0,0
550242,1,1,1991,0,0,12,0,12,0,3,0,27,0
550242,2,1,1991,0,0,0,0,0,0,0,0,0,0
550242,3,1,1991,0,0,0,0,0,0,0,0,0,0
550243,1,1,1991,28,28,28,28,28,28,28,28,28,28
550243,2,1,1991,5,0,0,0,0,12,0,0,13,0
550244,1,1,1991,26,26,26,26,26,26,26,26,26,26
550245,1,1,1991,0,0,0,0,0,0,0,0,0,0
550245,2,1,1991,0,0,0,0,0,0,0,0,0,0
550246,1,1,1991,0,0,0,0,0,0,0,0,0,0
550246,2,1,1991,0,0,0,0,0,0,0,0,0,0
550247,1,1,1991,13,13,13,13,13,13,13,13,13,13
550248,1,1,1991,21,21,21,21,21,21,21,21,21,21
550249,1,1,1991,1,1,1,1,1,1,1,1,1,1
550249,2,1,1991,16,16,16,16,16,16,16,16,16,16
550250,1,1,1991,18,18,18,18,18,18,18,18,18,18
550251,1,1,1991,0,0,0,0,0,0,0,0,0,0
550251,2,1,1991,0,0,0,0,0,0,0,0,0,0
550252,1,1,1991,13,13,13,13,13,13,13,13,13,13
550252,2,1,1991,19,19,19,19,19,19,19,19,19,19
550253,1,1,1991,0,0,0,0,0,0,0,0,0,0
550253,2,1,1991,0,0,0,0,0,0,0,0,0,0
550254,0,3,1991,0,0,0,0,0,0,0,0,0,0
550254,1,1,1991,0,0,0,0,0,0,0,0,0,0
550255,0,1,1991,0,0,0,0,0,0,0,0,0,0
550255,1,1,1991,0,0,0,0,0,0,0,9,0,0
550256,1,1,1991,0,0,0,0,0,0,0,0,0,0
550256,2,1,1991,0,0,0,0,0,0,0,0,0,0
550257,1,1,1991,0,0,0,0,0,0,0,0,0,0
550257,2,1,1991,0,0,0,0,0,0,0,0,0,0
550258,1,1,1991,29,29,29,29,29,29,29,29,29,29
550259,1,1,1991,0,0,0,0,0,0,0,0,0,0
550259,2,1,1991,0,0,0,0,0,0,0,0,0,0
550260,1,1,1991,0,0,0,0,0,0,0,0,0,0
550260,2,1,1991,0,0,0,0,0,0,0,0,0,0
550261,1,1,1991,0,0,0,0,0,0,0,0,0,0
550261,2,1,1991,0,0,0,0,0,0,0,0,0,0
550262,1,1,1991,0,0,0,0,0,0,0,0,0,0
550262,2,1,1991,0,0,0,0,0,0,0,0,0,0
550263,0,1,1991,0,0,0,0,0,0,0,0,0,0
550263,1,1,1991,0,0,0,0,0,0,0,0,0,0
550264,1,1,1991,0,0,0,0,0,0,0,0,0,0
550264,2,1,1991,0,0,0,0,0,0,0,0,0,0
550264,3,1,1991,0,0,0,0,0,0,0,0,0,0
550265,1,1,1991,0,0,0,0,0,0,0,0,0,0
550265,2,1,1991,0,0,0,0,0,0,0,0,0,0
550266,1,1,1991,0,0,0,0,0,13,0,0,0,0
550266,2,1,1991,15,34,9,0,0,12,22,0,16,0
550267,1,1,1991,24,24,24,24,24,24,24,24,24,24
550267,2,1,1991,0,16,14,0,0,0,0,10,0,0
550268,1,1,1991,0,0,0,0,0,0,0,0,0,0
550268,2,1,1991,0,0,0,0,0,0,0,0,0,0
550269,1,1,1991,0,0,0,0,0,0,0,0,0,0
550270,0,1,1991,0,0,0,0,0,0,0,0,0,0
550270,1,1,1991,0,18,0,0,0,0,0,0,0,0
550271,1,1,1991,0,0,0,0,0,0,0,0,0,21
550271,2,1,1991,0,0,0,0,0,0,0,0,0,11
550272,1,1,1991,18,18,18,18,18,18,18,18,18,18
550273,1,1,1991,19,19,19,19,19,19,19,19,19,19
550274,0,1,1991,0,0,0,0,0,0,0,0,0,0
550274,1,1,1991,0,0,0,0,0,0,0,0,0,0
550275,1,1,1991,0,0,0,0,0,0,18,0,0,0
550275,2,1,1991,0,0,0,0,0,0,0,0,0,0
550276,1,1,1991,22,22,22,22,22,22,22,22,22,22
550277,1,1,1991,22,22,22,22,22,22,22,22,22,22
550278,1,1,1991,18,18,18,18,18,18,18,18,18,18
550278,2,1,1991,0,0,0,0,0,0,0,0,0,0
550279,1,1,1991,23,23,23,23,23,23,23,23,23,23
550280,1,1,1991,3,3,3,3,3,3,3,3,3,3
550280,2,1,1991,0,0,0,0,0,0,0,0,0,0
550281,1,1,1991,0,0,0,0,0,0,0,0,0,0
550281,2,1,1991,0,0,0,0,0,0,0,0,0,0
550282,1,1,1991,0,0,0,0,0,0,0,0,0,0
550282,2,1,1991,0,0,0,0,0,0,0,0,0,0
550283,1,1,1991,0,0,0,0,0,0,0,0,0,0
550284,1,1,1991,0,0,0,0,0,0,0,0,0,0
550284,2,1,1991,0,0,0,0,0,0,0,0,0,0
550285,1,1,1991,0,0,0,0,0,0,0,0,0,0
550285,2,1,1991,0,0,0,0,0,8,0,0,0,0
550286,1,1,1991,13,13,13,13,13,13,13,13,13,13
550286,2,1,1991,0,0,0,0,0,0,0,0,0,0
550287,1,1,1991,12,12,12,12,12,12,12,12,12,12
550288,1,4,1991,0,0,0,0,0,0,0,0,0,0
550289,1,1,1991,24,24,24,24,24,24,24,24,24,24
550290,1,3,1991,28,0,0,16,20,25,16,6,11,23
550291,1,1,1991,4,4,4,4,4,4,4,4,4,4
550292,1,1,1991,12,12,12,12,12,12,12,12,12,12
550293,0,1,1991,0,0,0,0,0,0,0,0,0,0
550294,1,1,1991,0,0,0,0,0,0,0,0,0,0
550295,1,1,1991,0,0,0,0,0,0,0,0,0,0
550295,2,1,1991,0,0,0,0,0,0,0,0,0,0
550296,1,1,1991,28,0,0,0,0,0,0,0,0,0
550297,1,1,1991,17,17,17,17,17,17,17,17,17,17
550297,2,1,1991,0,0,0,0,9,13,0,5,0,0
550298,1,1,1991,0,0,0,0,0,0,0,0,0,0
550298,2,1,1991,14,14,14,14,14,14,14,14,14,14
550299,0,1,1991,2,2,2,2,2,2,2,2,2,2
550299,1,1,1991,0,0,0,0,0,0,0,0,0,0
550300,1,1,1991,14,14,14,14,14,14,14,14,14,14
550301,1,1,1991,0,0,0,0,0,0,0,0,0,0
550301,2,1,1991,26,12,0,0,0,0,0,10,0,0
550302,0,1,1991,19,19,19,19,19,19,19,19,19,19
550302,1,1,1991,0,0,0,0,0,0,0,0,0,0
550303,1,1,1991,24,24,24,24,24,24,24,24,24,24
550304,1,1,1991,0,0,11,0,0,0,0,0,0,0
550304,2,1,1991,0,0,0,0,0,0,0,0,0,0
550305,1,1,1991,0,0,27,0,14,0,25,17,27,0
550305,2,1,1991,0,0,0,0,0,0,0,5,0,0
550306,1,1,1991,0,0,12,0,0,0,0,0,0,0
550307,1,1,1991,0,23,0,0,19,0,0,9,4,4
550307,2,1,1991,0,0,0,0,0,0,0,0,0,0
550308,1,1,1991,25,25,25,25,25,25,25,25,25,25
550309,0,1,1991,0,0,0,0,0,0,0,0,0,0
550309,1,1,1991,0,0,0,0,0,0,0,0,0,0
550310,1,1,1991,23,23,23,23,23,23,23,23,23,23
550312,1,1,1991,0,0,38,0,7,0,0,0,0,8
550313,0,1,1991,0,0,0,0,0,0,0,0,0,0
550313,1,1,1991,0,0,0,0,0,0,0,0,0,0
550313,2,1,1991,0,0,0,0,0,0,0,0,0,0
550314,1,1,1991,0,0,0,0,13,0,17,0,16,0
550314,2,1,1991,0,0,0,0,0,0,0,0,0,0
550316,1,1,1991,0,0,0,0,0,0,0,0,0,0
550316,2,1,1991,0,0,0,0,0,0,0,0,0,0
550317,1,1,1991,0,0,0,0,0,0,0,0,0,0
550318,1,1,1991,0,0,0,0,0,0,0,0,0,0
550318,2,1,1991,0,0,0,0,0,0,0,0,0,0
550319,1,1,1991,0,0,0,0,19,0,0,0,0,0
550320,1,1,1991,0,0,0,0,0,0,0,0,0,0
550320,2,1,1991,0,0,0,0,0,0,0,0,0,0
550321,1,1,1991,10,10,10,10,10,10,10,10,10,10
550322,0,1,1991,0,0,0,0,0,0,0,0,0,0
550322,1,1,1991,12,0,0,0,0,0,0,0,0,0
550323,1,1,1991,0,0,0,0,0,0,0,0,0,0
550323,2,1,1991,5,5,5,5,5,5,5,5,5,5
550324,1,1,1991,0,0,0,0,0,0,0,0,0,0
550325,1,1,1991,0,0,3,0,0,0,0,0,15,0
550325,2,1,1991,0,0,0,0,0,0,0,0,0,0
550326,1,1,1991,23,23,23,23,23,23,23,23,23,23
550327,1,1,1991,22,22,22,22,22,22,22,22,22,22
550328,1,1,1991,0,0,0,0,0,0,0,0,0,0
550329,1,1,1991,0,0,0,0,0,0,0,0,0,0
550329,2,1,1991,0,0,0,0,0,0,0,0,0,0
550330,0,1,1991,0,0,0,0,0,0,0,0,0,0
550330,1,1,1991,0,0,0,0,0,0,0,0,0,0
550331,0,1,1991,0,0,0,0,0,0,0,0,0,0
550331,1,1,1991,0,0,0,0,0,0,0,0,0,0
550332,1,1,1991,0,0,0,0,0,0,0,0,0,0
550332,2,1,1991,0,0,0,0,0,0,0,0,0,0
550333,1,1,1991,13,13,13,13,13,13,13,13,13,13
550334,1,1,1991,24,24,24,24,24,24,24,24,24,24
550335,0,1,1991,0,0,0,0,0,0,0,0,0,0
550335,1,1,1991,0,0,0,0,0,0,0,0,0,0
550336,1,1,1991,0,0,0,0,0,0,0,0,0,0
550337,1,1,1991,12,12,12,12,12,12,12,12,12,12
550338,0,1,1991,0,0,0,0,0,0,0,0,0,0
550338,1,1,1991,0,0,0,0,0,0,0,0,31,0
550339,1,1,1991,25,25,25,25,25,25,25,25,25,25
550339,2,1,1991,6,0,9,0,21,0,0,5,0,2
550340,1,1,1991,16,16,16,16,16,16,16,16,16,16
550341,1,1,1991,0,0,0,0,0,0,0,0,0,0
550342,0,1,1991,0,0,0,0,0,0,0,0,0,0
550342,1,1,1991,3,5,0,0,0,4,0,0,0,0
550343,1,1,1991,0,0,0,0,0,0,0,0,0,0
550344,1,1,1991,0,0,0,0,0,0,0,0,0,0
550345,1,1,1991,3,3,3,3,3,3,3,3,3,3
550345,2,1,1991,25,25,25,25,25,25,25,25,25,25
550346,1,1,1991,0,0,0,0,0,0,0,0,0,0
550347,1,1,1991,43,8,14,14,15,17,20,19,12,10
550348,1,1,1991,0,0,0,0,0,0,0,0,0,0
550348,2,1,1991,0,0,0,0,0,0,0,0,0,0
550349,1,1,1991,24,24,24,24,24,24,24,24,24,24
550350,1,1,1991,32,32,32,32,32,32,32,32,32,32
550351,1,1,1991,0,0,0,0,0,0,0,0,0,0
550351,2,1,1991,0,0,0,0,0,0,29,11,0,0
550352,0,1,1991,0,0,0,0,0,0,0,0,0,0
550352,1,1,1991,0,0,0,0,0,0,0,0,0,0
550353,1,1,1991,24,24,24,24,24,24,24,24,24,24
550354,1,1,1991,0,0,0,0,0,0,0,0,0,0
550354,2,1,1991,0,0,0,0,0,0,0,0,0,0
550355,1,1,1991,0,0,0,0,0,0,0,0,0,0
550355,2,1,1991,0,0,0,0,0,0,0,0,0,0
550356,1,1,1991,0,0,0,0,0,0,0,0,0,0
550356,2,1,1991,0,0,0,0,0,0,0,0,0,0
550356,3,1,1991,0,0,0,0,0,0,0,10,0,0
550356,4,1,1991,0,0,0,0,0,0,0,0,0,0
550357,1,1,1991,0,0,0,0,0,0,0,0,0,0
550357,2,1,1991,0,0,0,0,0,0,0,0,0,0
550358,1,1,1991,8,13,0,4,12,6,0,9,12,0
550359,0,1,1991,0,0,0,0,0,0,0,0,0,0
550359,1,1,1991,0,0,0,0,0,0,0,0,0,0
550360,0,1,1991,13,13,13,13,13,13,13,13,13,13
550360,1,1,1991,10,10,10,10,10,10,10,10,10,10
550361,0,1,1991,0,0,0,0,0,0,0,0,0,0
550361,1,1,1991,7,7,7,7,7,7,7,7,7,7
550362,1,1,1991,0,0,0,0,0,0,0,0,0,0
550362,2,1,1991,0,0,0,0,0,0,0,0,0,0
550363,1,1,1991,0,0,0,0,0,0,0,0,0,0
550363,2,1,1991,0,0,0,0,0,0,0,0,0,0
550364,0,1,1991,17,17,17,17,17,17,17,17,17,17
550364,1,1,1991,21,21,21,21,21,21,21,21,21,21
550365,1,1,1991,0,0,0,0,0,0,0,0,0,0
550366,1,1,1991,0,15,21,0,0,0,28,0,29,0
550367,1,1,1991,0,0,0,0,0,0,0,0,0,0
550367,2,1,1991,12,0,29,18,13,14,17,9,19,12
550368,1,1,1991,3,3,3,3,3,3,3,3,3,3
550369,1,1,1991,23,23,23,23,23,23,23,23,23,23
550370,1,1,1991,5,5,5,5,5,5,5,5,5,5
550371,0,1,1991,0,0,0,0,0,0,0,0,0,0
550371,1,1,1991,0,0,0,0,0,0,0,0,0,0
550372,1,1,1991,19,19,19,19,19,19,19,19,19,19
550373,1,1,1991,18,18,18,18,18,18,18,18,18,18
550374,1,1,1991,0,0,0,0,0,0,0,0,0,0
550374,2,1,1991,0,0,0,0,0,0,0,0,0,0
550375,1,1,1991,13,13,13,13,13,13,13,13,13,13
550376,1,1,1991,0,0,0,0,0,0,0,0,0,0
550377,1,1,1991,0,0,0,0,0,0,0,0,6,0
550378,1,1,1991,17,0,24,0,0,6,28,12,0,0
550379,1,1,1991,6,6,6,6,6,6,6,6,6,6
550380,1,1,1991,0,0,0,0,0,0,0,0,0,0
550381,1,1,1991,18,18,18,18,18,18,18,18,18,18
550381,2,1,1991,0,0,0,0,0,0,0,0,0,0
550382,1,1,1991,0,0,0,0,0,0,0,0,0,0
550382,2,1,1991,17,17,17,17,17,17,17,17,17,17
550383,1,1,1991,26,26,26,26,26,26,26,26,26,26
550383,2,1,1991,0,0,0,0,0,0,0,0,0,0
550384,0,1,1991,24,24,24,24,24,24,24,24,24,24
550384,1,1,1991,12,0,15,0,0,6,0,0,8,0
550385,1,1,1991,20,20,20,20,20,20,20,20,20,20
550386,1,1,1991,9,9,9,9,9,9,9,9,9,9
550387,1,1,1991,0,0,0,0,0,0,0,0,5,0
550387,2,1,1991,0,0,0,0,0,0,0,0,0,0
550388,1,1,1991,21,21,21,21,21,21,21,21,21,21
550389,1,1,1991,0,0,0,0,0,0,0,0,0,0
550390,1,1,1991,24,24,24,24,24,24,24,24,24,24
550391,1,1,1991,16,16,16,16,16,16,16,16,16,16
550391,2,1,1991,0,0,0,0,0,0,0,0,0,0
550392,1,1,1991,14,14,14,14,14,14,14,14,14,14
550393,1,1,1991,0,0,0,0,0,0,0,0,0,0
550394,1,1,1991,0,0,0,0,0,0,0,0,0,0
550395,1,1,1991,0,0,0,0,7,0,0,9,0,8
550395,2,1,1991,0,0,0,0,0,0,0,0,0,0
550396,1,1,1991,0,0,0,0,0,0,0,0,0,0
550396,2,1,1991,0,0,0,0,0,0,0,0,0,0
550397,1,1,1991,18,18,18,18,18,18,18,18,18,18
550397,2,1,1991,7,7,7,7,7,7,7,7,7,7
550398,1,1,1991,23,23,23,23,23,23,23,23,23,23
550398,2,1,1991,0,0,6,0,0,17,22,31,0,0
550399,1,1,1991,11,11,11,11,11,11,11,11,11,11
550400,1,1,1991,0,0,0,0,0,0,0,0,0,0
550400,2,1,1991,0,0,0,0,0,0,0,0,0,0
550401,0,1,1991,18,18,18,18,18,18,18,18,18,18
550401,1,1,1991,16,16,16,16,16,16,16,16,16,16
550402,1,1,1991,0,0,0,0,0,0,0,0,0,0
550402,2,1,1991,0,0,0,0,0,0,0,0,5,0
550402,3,1,1991,0,0,0,0,0,0,0,0,0,0
550403,1,1,1991,0,0,0,0,0,0,0,0,0,0
550403,2,1,1991,0,0,0,0,0,0,0,0,0,0
550404,0,1,1991,9,9,9,9,9,9,9,9,9,9
550404,1,1,1991,0,0,0,0,0,0,0,0,0,0
550405,1,1,1991,24,24,24,24,24,24,24,24,24,24
550406,1,1,1991,0,0,0,0,0,0,0,0,0,0
550407,1,1,1991,0,0,0,0,0,0,0,0,0,0
550408,1,1,1991,17,17,17,17,17,17,17,17,17,17
550409,1,1,1991,0,0,0,0,0,0,0,0,0,0
550409,2,1,1991,0,0,0,0,0,0,0,0,0,0
550410,1,1,1991,0,0,0,0,0,0,0,0,0,0
550411,1,1,1991,11,11,11,11,11,11,11,11,11,11
550412,1,1,1991,0,8,0,0,0,0,0,7,0,8
550413,1,1,1991,22,22,22,22,22,22,22,22,22,22
550414,1,1,1991,3,3,3,3,3,3,3,3,3,3
550415,0,1,1991,17,17,17,17,17,17,17,17,17,17
550415,1,1,1991,0,0,0,0,0,0,0,0,0,0
550416,1,1,1991,0,0,0,0,0,0,0,0,0,0
550416,2,1,1991,0,0,0,0,0,0,0,0,0,0
550417,1,1,1991,0,0,0,0,0,0,0,0,0,0
550417,2,1,1991,0,0,0,0,0,0,0,0,0,0
550418,1,1,1991,0,0,0,0,0,0,0,0,0,0
550418,2,1,1991,0,0,0,0,0,0,0,0,0,0
550418,3,1,1991,0,0,0,0,0,0,0,0,0,0
550419,0,1,1991,0,0,0,0,0,0,0,0,0,0
550419,1,1,1991,0,0,0,0,0,0,0,0,0,0
550420,1,1,1991,6,6,6,6,6,6,6,6,6,6
550420,2,1,1991,0,11,8,0,0,0,0,0,0,0
550421,1,1,1991,20,20,20,20,20,20,20,20,20,20
550422,1,1,1991,15,15,15,15,15,15,15,15,15,15
550423,1,1,1991,0,0,0,0,0,0,0,0,0,0
550423,2,1,1991,0,0,0,0,0,0,0,0,0,0
550424,1,1,1991,13,13,13,13,13,13,13,13,13,13
550424,2,1,1991,2,2,2,2,2,2,2,2,2,2
550425,1,1,1991,0,0,0,0,0,0,0,0,0,0
550425,2,1,1991,14,14,14,14,14,14,14,14,14,14
550426,1,1,1991,22,22,22,22,22,22,22,22,22,22
550427,1,1,1991,23,23,23,23,23,23,23,23,23,23
550428,1,1,1991,0,0,0,0,0,0,0,0,0,0
550428,2,1,1991,0,0,0,0,0,0,0,0,0,0
550429,1,1,1991,29,29,29,29,29,29,29,29,29,29
550429,2,1,1991,0,0,0,0,0,0,0,0,0,0
550430,1,1,1991,0,0,0,0,0,0,0,0,0,0
550430,2,1,1991,0,0,0,0,0,0,0,0,0,0
550431,1,1,1991,0,0,0,0,0,0,0,9,0,0
550431,2,1,1991,0,0,0,0,0,0,0,0,0,0
550432,1,1,1991,16,16,16,16,16,16,16,16,16,16
550433,1,1,1991,0,0,0,0,0,0,0,0,0,0
550433,2,1,1991,0,0,0,0,0,0,0,0,0,0
550434,1,1,1991,0,0,0,0,0,0,0,0,0,0
550434,2,1,1991,0,0,0,0,0,0,0,0,0,13
550435,1,1,1991,25,25,25,25,25,25,25,25,25,25
550436,1,1,1991,0,0,0,0,0,0,0,0,0,0
550436,2,1,1991,0,0,0,0,0,0,0,0,0,0
550437,1,1,1991,15,15,15,15,15,15,15,15,15,15
550438,0,1,1991,0,0,0,0,0,0,0,0,0,0
550438,1,1,1991,0,0,0,0,0,0,0,0,0,0
550439,1,1,1991,0,0,0,0,0,0,0,0,0,0
550439,2,1,1991,0,0,0,0,0,0,0,0,0,0
550439,3,1,1991,0,0,0,0,0,0,0,0,0,0
550439,4,1,1991,0,0,0,0,0,0,0,0,0,0
550441,1,1,1991,0,0,0,0,0,0,0,0,0,0
550441,2,1,1991,15,15,15,15,15,15,15,15,15,15
550442,1,1,1991,0,0,0,0,0,0,0,0,0,0
550442,2,1,1991,0,0,0,0,0,0,0,0,0,0
550442,3,1,1991,0,0,0,0,0,0,0,0,0,0
550443,1,1,1991,0,0,0,0,0,0,0,0,0,0
550444,1,1,1991,19,19,19,19,19,19,19,19,19,19
550445,1,1,1991,0,0,0,0,0,0,0,0,0,0
550445,2,1,1991,0,0,0,0,0,0,0,0,0,0
550445,3,1,1991,0,0,0,0,0,0,0,0,0,0
550446,1,1,1991,21,21,21,21,21,21,21,21,21,21
550447,1,1,1991,16,16,16,16,16,16,16,16,16,16
550448,0,1,1991,0,0,0,0,0,0,0,0,0,0
550448,1,1,1991,0,0,0,0,0,0,0,0,0,0
550449,1,1,1991,0,0,0,0,0,0,0,0,0,0
550450,1,1,1991,0,0,0,0,0,0,0,0,0,0
550451,1,1,1991,0,0,0,0,0,0,0,0,0,0
550451,2,1,1991,0,0,0,0,0,0,0,0,0,0
550452,1,1,1991,0,0,0,0,0,0,0,0,0,0
550452,2,1,1991,0,0,0,0,0,0,0,0,15,0
550453,1,1,1991,12,12,12,12,12,12,12,12,12,12
550454,1,1,1991,16,16,16,16,16,16,16,16,16,16
550455,1,1,1991,0,0,0,0,0,0,0,0,0,0
550455,2,1,1991,0,0,27,0,0,0,0,0,0,0
550456,1,1,1991,0,0,0,0,0,0,0,0,0,0
550456,2,1,1991,0,0,0,0,0,0,0,0,0,0
550458,0,1,1991,0,0,0,0,0,0,0,0,0,0
550458,1,1,1991,0,0,0,0,0,0,0,0,0,0
550459,1,1,1991,0,0,0,0,0,14,0,0,0,0
550459,2,1,1991,0,0,0,0,0,0,0,0,0,0
550460,1,1,1991,1,1,1,1,1,1,1,1,1,1
550460,2,1,1991,0,0,0,0,0,0,0,0,0,0
550461,1,1,1991,0,0,0,0,0,0,0,0,0,0
550461,2,1,1991,0,0,0,0,0,0,0,0,0,0
550461,3,1,1991,0,0,0,0,0,0,0,0,0,0
550462,1,1,1991,0,0,0,0,0,0,0,0,0,0
550462,2,1,1991,0,0,0,0,0,0,0,0,0,0
550463,1,1,1991,4,4,4,4,4,4,4,4,4,4
550464,1,1,1991,19,19,19,19,19,19,19,19,19,19
550465,1,1,1991,26,26,26,26,26,26,26,26,26,26
550466,1,1,1991,0,0,0,0,0,0,0,0,0,0
550467,1,1,1991,23,23,23,23,23,23,23,23,23,23
550468,1,1,1991,0,0,0,0,0,0,0,0,0,0
550468,2,1,1991,0,0,0,0,0,0,0,0,0,0
550468,3,1,1991,0,0,0,0,0,0,0,0,0,0
550468,4,1,1991,0,0,0,0,0,0,0,0,0,0
550469,1,1,1991,25,25,25,25,25,25,25,25,25,25
550470,1,1,1991,0,0,0,0,0,0,0,0,0,0
550470,2,1,1991,28,28,28,28,28,28,28,28,28,28
550471,1,1,1991,12,12,12,12,12,12,12,12,12,12
550472,1,1,1991,18,18,18,18,18,18,18,18,18,18
550473,1,1,1991,15,15,15,15,15,15,15,15,15,15
550473,2,1,1991,23,28,8,15,0,10,14,0,17,15
550474,1,1,1991,0,0,0,0,0,0,0,0,0,0
550474,2,1,1991,0,0,0,0,0,0,0,0,0,0
550475,1,1,1991,21,21,21,21,21,21,21,21,21,21
550476,1,1,1991,21,21,21,21,21,21,21,21,21,21
550477,1,1,1991,0,0,0,0,0,0,0,0,0,0
550477,2,1,1991,0,0,0,0,0,0,0,4,0,0
550478,1,1,1991,10,10,10,10,10,10,10,10,10,10
550479,1,1,1991,0,0,0,0,0,0,0,0,0,0
550479,2,1,1991,0,0,0,0,0,0,0,0,0,0
550479,3,1,1991,0,0,0,0,0,0,0,0,0,0
550480,1,1,1991,23,23,23,23,23,23,23,23,23,23
550481,1,1,1991,0,0,0,0,0,0,0,0,0,0
550482,1,1,1991,18,18,18,18,18,18,18,18,18,18
550483,1,1,1991,0,0,0,0,0,0,0,0,0,0
550483,2,1,1991,0,0,0,0,0,0,0,0,0,0
550484,1,1,1991,3,3,3,3,3,3,3,3,3,3
550484,2,1,1991,0,12,0,0,21,0,0,0,0,0
550485,1,1,1991,0,0,0,0,0,0,0,0,0,0