ST_CASE,VEH_NO,PER_NO,YEAR,P1,P2,P3,P4,P5,P6,P7,P8,P9,P10
550485,2,1,1991,0,0,0,0,0,0,0,0,0,0
550485,3,1,1991,0,0,0,0,0,0,0,0,0,0
550485,4,1,1991,0,0,0,0,0,0,9,0,0,0
550486,1,1,1991,21,21,21,21,21,21,21,21,21,21
550487,1,1,1991,12,12,12,12,12,12,12,12,12,12
550488,1,1,1991,0,0,0,0,0,0,0,0,0,0
550488,2,1,1991,0,0,0,0,0,0,0,0,0,0
550489,1,1,1991,17,17,17,17,17,17,17,17,17,17
550490,1,1,1991,21,21,21,21,21,21,21,21,21,21
550491,1,1,1991,10,10,10,10,10,10,10,10,10,10
550492,0,1,1991,0,0,0,0,0,0,0,0,0,0
550492,1,1,1991,0,0,0,0,7,0,0,0,0,0
550493,0,1,1991,0,0,0,0,0,0,0,0,0,0
550493,1,1,1991,0,0,0,0,0,0,0,0,0,0
550494,1,1,1991,0,45,0,0,20,15,0,19,15,0
550494,2,1,1991,19,19,19,19,19,19,19,19,19,19
550495,1,1,1991,0,0,0,0,0,0,0,0,0,0
550495,2,1,1991,0,0,0,0,0,0,0,0,0,0
550496,1,1,1991,12,12,12,12,12,12,12,12,12,12
550497,0,1,1991,0,0,0,0,0,0,0,0,0,0
550497,1,1,1991,0,0,0,0,0,0,0,0,0,0
550498,1,1,1991,27,27,27,27,27,27,27,27,27,27
550498,2,1,1991,8,8,8,8,8,8,8,8,8,8
550498,3,1,1991,0,0,15,0,0,0,0,0,0,0
550499,1,1,1991,0,0,0,0,0,0,0,0,0,0
550499,2,1,1991,0,0,0,0,0,0,0,0,0,0
550501,1,1,1991,8,23,25,31,0,0,14,27,0,10
550502,1,1,1991,32,32,32,32,32,32,32,32,32,32
550503,1,1,1991,0,0,0,0,0,0,0,0,0,0
550503,2,1,1991,0,0,0,0,0,0,0,0,0,0
550504,1,1,1991,17,17,17,17,17,17,17,17,17,17
550505,1,1,1991,0,0,0,0,0,0,0,0,0,0
550505,2,1,1991,0,0,0,0,0,0,0,0,0,0
550506,1,1,1991,0,0,0,0,0,0,0,0,0,0
550508,1,1,1991,19,19,19,19,19,19,19,19,19,19
550509,1,1,1991,21,21,21,21,21,21,21,21,21,21
550510,1,1,1991,0,0,0,0,0,0,0,0,0,0
550510,2,1,1991,0,0,0,0,0,0,0,0,0,0
550511,1,1,1991,14,14,14,14,14,14,14,14,14,14
550511,2,1,1991,0,0,0,27,0,0,0,0,0,0
550512,1,1,1991,0,0,0,0,0,0,0,0,0,0
550512,2,1,1991,0,0,0,0,0,0,0,0,0,0
550513,0,1,1991,0,0,0,0,0,0,0,0,0,0
550513,1,1,1991,0,0,0,0,0,0,0,0,0,0
550514,1,1,1991,19,19,19,19,19,19,19,19,19,19
550515,1,1,1991,0,0,0,0,0,0,0,0,0,0
550515,2,1,1991,0,0,0,0,0,0,0,0,7,0
550516,1,1,1991,0,0,9,0,0,0,0,0,0,0
550516,2,1,1991,0,0,0,0,0,0,0,0,0,0
550517,1,1,1991,23,23,23,23,23,23,23,23,23,23
550518,1,1,1991,30,30,30,30,30,30,30,30,30,30
550519,1,1,1991,0,0,0,0,0,0,0,0,0,0
550519,2,1,1991,0,0,0,0,0,0,0,0,0,0
550520,1,1,1991,31,31,31,31,31,31,31,31,31,31
550521,1,1,1991,0,0,0,0,0,0,0,0,0,0
550522,1,1,1991,16,16,16,16,16,16,16,16,16,16
550523,1,1,1991,0,0,0,0,0,0,0,0,0,0
550523,2,1,1991,0,0,0,17,0,0,0,0,0,0
550525,1,1,1991,0,0,0,0,0,0,0,0,0,0
550526,1,1,1991,0,0,0,0,0,0,0,0,0,0
550526,2,1,1991,0,0,0,0,8,0,0,0,10,0
550527,1,1,1991,28,28,28,28,28,28,28,28,28,28
550528,0,1,1991,12,12,12,12,12,12,12,12,12,12
550528,1,1,1991,0,0,0,0,0,0,0,0,0,0
550529,1,1,1991,0,0,0,0,0,0,0,0,0,0
550530,1,1,1991,14,14,14,14,14,14,14,14,14,14
550531,1,1,1991,0,0,0,0,0,0,0,0,0,0
550531,2,1,1991,0,0,0,0,0,0,0,0,0,0
550532,1,1,1991,27,27,27,27,27,27,27,27,27,27
550533,1,1,1991,2,2,2,2,2,2,2,2,2,2
550533,2,1,1991,0,0,0,0,0,0,0,0,0,0
550534,1,1,1991,7,7,7,7,7,7,7,7,7,7
550535,1,1,1991,0,0,0,0,0,0,0,0,0,0
550535,2,1,1991,0,0,0,0,0,0,0,0,0,0
550536,1,1,1991,0,0,0,0,0,0,0,0,0,0
550536,2,1,1991,0,0,0,0,0,0,0,0,0,0
550537,1,1,1991,0,0,0,0,0,0,0,0,0,0
550537,2,1,1991,0,0,0,0,0,0,0,0,0,0
550537,3,1,1991,0,0,0,0,0,0,0,0,0,0
550538,1,1,1991,0,0,0,0,0,0,0,0,0,0
550539,1,1,1991,26,26,26,26,26,26,26,26,26,26
550540,1,1,1991,6,6,6,6,6,6,6,6,6,6
550541,0,1,1991,0,0,0,0,0,0,0,0,0,0
550541,1,1,1991,0,0,0,0,0,0,0,0,0,0
550542,1,1,1991,27,27,27,27,27,27,27,27,27,27
550543,1,1,1991,0,0,0,0,0,0,0,0,0,0
550544,1,1,1991,0,0,0,0,0,0,0,0,0,0
550544,2,1,1991,0,0,13,0,0,0,0,0,0,0
550545,1,1,1991,0,0,0,0,0,0,0,0,0,0
550545,2,1,1991,0,0,0,0,0,0,0,0,0,0
550546,1,1,1991,0,0,0,0,0,0,0,0,0,0
550546,2,1,1991,0,0,0,0,0,0,0,0,0,0
550547,1,1,1991,16,16,16,16,16,16,16,16,16,16
550548,1,1,1991,15,15,15,15,15,15,15,15,15,15
550549,1,1,1991,0,0,0,0,0,0,0,0,0,0
550549,2,1,1991,0,0,0,0,0,0,0,0,0,0
550550,0,1,1991,0,0,0,0,0,0,0,0,0,0
550550,1,1,1991,0,0,0,0,0,0,0,0,0,0
550551,0,1,1991,0,0,0,0,0,0,0,0,0,0
550551,0,2,1991,0,0,0,0,0,0,0,0,0,0
550551,1,1,1991,0,0,0,0,0,0,0,0,0,0
550551,2,1,1991,0,7,0,0,0,0,0,0,0,0
550552,1,1,1991,0,0,0,0,0,0,0,0,0,0
550552,2,1,1991,0,0,0,0,0,0,0,0,0,0
550553,1,1,1991,0,0,0,0,0,0,0,0,0,0
550553,2,1,1991,0,0,0,0,0,0,0,0,0,0
550554,1,1,1991,0,0,0,0,0,0,0,0,0,0
550554,2,1,1991,0,0,0,0,0,0,0,0,0,0
550555,1,1,1991,0,0,0,0,0,0,0,11,0,0
550555,2,1,1991,0,0,7,0,0,0,0,0,0,0
550556,1,1,1991,0,0,0,0,0,0,0,0,0,0
550556,2,1,1991,17,17,17,17,17,17,17,17,17,17
550557,1,1,1991,7,7,7,7,7,7,7,7,7,7
550557,2,1,1991,1,1,1,1,1,1,1,1,1,1
550558,1,1,1991,5,5,5,5,5,5,5,5,5,5
550559,0,1,1991,0,0,0,9,0,0,0,0,0,0
550559,0,2,1991,0,0,0,0,0,0,0,0,0,0
550559,1,1,1991,0,0,0,0,0,0,0,0,0,0
550560,0,1,1991,0,0,0,0,0,0,0,0,0,0
550560,1,1,1991,0,0,0,0,0,0,0,0,0,0
550561,1,1,1991,0,29,0,0,0,0,0,0,0,0
550562,1,1,1991,0,19,0,0,0,0,0,0,0,0
550562,2,1,1991,0,0,0,0,0,0,0,0,0,0
550563,1,1,1991,0,0,0,0,0,0,0,0,0,0
550563,2,1,1991,0,0,0,0,0,0,0,0,0,0
550564,1,1,1991,20,20,20,20,20,20,20,20,20,20
550564,2,1,1991,12,12,12,12,12,12,12,12,12,12
550565,1,1,1991,0,0,0,0,0,0,26,0,0,16
550566,1,1,1991,17,17,17,17,17,17,17,17,17,17
550568,0,1,1991,0,0,0,0,0,0,0,0,0,0
550568,0,2,1991,11,26,28,38,3,17,0,29,18,20
550568,2,1,1991,0,0,0,0,0,0,0,0,6,0
550569,0,1,1991,10,10,10,10,10,10,10,10,10,10
550569,1,1,1991,0,0,0,0,0,0,0,0,0,0
550570,1,1,1991,0,0,0,0,0,0,0,0,0,0
550571,1,1,1991,15,17,4,4,15,12,17,10,0,6
550572,1,1,1991,0,0,0,0,17,0,0,0,0,20
550572,2,1,1991,0,0,0,0,0,0,0,0,0,0
550573,1,1,1991,0,0,0,0,0,0,0,0,0,0
550573,2,1,1991,0,0,0,0,0,0,0,0,0,0
550574,1,1,1991,17,17,17,17,17,17,17,17,17,17
550574,2,1,1991,0,0,0,0,0,0,0,0,0,0
550575,1,1,1991,29,29,29,29,29,29,29,29,29,29
550575,2,1,1991,0,0,0,19,0,0,0,21,0,17
550576,0,1,1991,25,25,25,25,25,25,25,25,25,25
550576,1,1,1991,20,27,23,22,15,24,20,17,6,24
550577,1,1,1991,0,0,0,0,0,0,0,0,0,0
550578,1,1,1991,0,0,0,0,0,0,0,0,0,0
550578,2,1,1991,0,0,0,0,0,0,0,0,0,0
550579,0,1,1991,0,0,0,0,0,0,0,0,0,0
550579,1,1,1991,0,0,0,0,0,0,0,0,0,0
550580,1,1,1991,20,20,20,20,20,20,20,20,20,20
550580,2,1,1991,0,0,0,0,0,0,0,0,0,0
550581,1,1,1991,0,0,0,0,0,0,0,0,0,0
550581,2,1,1991,0,0,0,0,0,0,0,0,0,0
550582,1,1,1991,0,0,0,0,0,0,0,0,0,0
550582,2,1,1991,0,0,0,0,17,0,0,0,0,0
550583,1,1,1991,17,17,17,17,17,17,17,17,17,17
550584,1,1,1991,0,0,0,0,0,0,0,0,0,0
550584,2,1,1991,0,0,0,0,0,0,0,0,0,0
550585,1,1,1991,0,0,0,0,0,0,0,0,0,0
550586,1,1,1991,14,14,14,14,14,14,14,14,14,14
550587,1,1,1991,0,0,0,0,0,0,0,0,0,0
550588,1,1,1991,22,22,22,22,22,22,22,22,22,22
550589,1,1,1991,10,10,10,10,10,10,10,10,10,10
550589,2,1,1991,11,11,11,11,11,11,11,11,11,11
550590,1,1,1991,26,26,26,26,26,26,26,26,26,26
550591,0,1,1991,13,13,13,13,13,13,13,13,13,13
550591,1,1,1991,0,0,0,0,0,0,0,0,0,0
550592,1,1,1991,0,0,0,0,0,0,0,0,0,13
550592,2,1,1991,0,0,0,0,0,0,0,0,0,0
550593,1,1,1991,0,0,0,0,0,0,0,0,0,0
550593,2,1,1991,0,0,0,0,0,0,0,0,0,0
550594,0,1,1991,0,0,0,0,0,0,0,0,0,0
550594,1,1,1991,13,0,0,0,0,0,0,0,0,0
550596,1,1,1991,0,0,0,0,0,0,0,0,0,0
550597,1,1,1991,0,0,0,0,0,0,0,0,0,0
550598,1,1,1991,0,0,0,0,0,0,20,0,0,0
550599,1,1,1991,0,0,0,0,0,0,0,0,0,0
550599,2,1,1991,0,0,0,0,0,0,0,0,0,0
550600,1,1,1991,0,0,0,0,0,0,0,0,0,0
550600,2,1,1991,0,0,0,0,0,0,0,0,0,0
550601,1,1,1991,0,0,0,0,0,0,0,0,0,0
550601,2,1,1991,0,0,0,0,0,0,0,0,0,0
550602,1,1,1991,0,0,0,0,0,0,0,0,0,0
550602,2,1,1991,0,0,0,0,8,0,0,0,0,0
550603,1,1,1991,0,0,23,0,0,0,0,0,0,0
550604,1,1,1991,0,0,0,0,15,0,0,0,0,0
550604,2,1,1991,0,0,0,0,0,2,0,0,14,0
550605,1,1,1991,0,0,0,0,0,0,0,0,0,0
550605,2,1,1991,0,0,0,0,0,0,0,0,0,0
550606,0,1,1991,26,26,26,26,26,26,26,26,26,26
550606,1,1,1991,0,0,0,0,0,0,0,0,0,0
550607,0,1,1991,0,0,0,0,0,0,0,0,0,0
550607,1,1,1991,0,0,0,0,0,0,0,0,0,0
550608,1,1,1991,25,25,25,25,25,25,25,25,25,25
550608,2,1,1991,0,0,0,0,0,0,0,6,0,0
550608,3,1,1991,0,0,0,0,0,0,0,0,0,0
550609,1,1,1991,0,0,0,0,0,0,0,0,0,0
550609,2,1,1991,0,0,0,0,0,0,0,0,0,0
550610,1,1,1991,0,0,0,0,0,0,0,0,0,0
550610,2,1,1991,0,0,0,0,0,0,0,0,0,0
550611,1,1,1991,0,0,0,0,0,0,0,0,0,0
550612,1,1,1991,0,0,0,0,0,0,0,0,0,0
550613,1,1,1991,0,0,0,0,0,8,0,0,0,0
550614,0,1,1991,20,0,27,12,16,33,0,0,27,0
550614,1,1,1991,19,19,19,19,19,19,19,19,19,19
550615,1,1,1991,0,0,0,0,0,0,0,0,0,0
550615,2,1,1991,0,0,0,0,0,0,0,0,0,0
550616,1,1,1991,0,0,0,0,0,0,0,0,0,0
550616,2,1,1991,0,0,0,0,0,0,0,0,0,0
550616,3,1,1991,0,0,0,0,0,0,0,0,0,0
550617,1,1,1991,8,8,8,8,8,8,8,8,8,8
550618,1,1,1991,0,0,0,0,0,0,0,0,0,0
550619,1,1,1991,21,21,21,21,21,21,21,21,21,21
550620,1,1,1991,22,22,22,22,22,22,22,22,22,22
550621,1,1,1991,0,0,0,0,0,0,0,0,0,0
550622,1,1,1991,0,0,0,0,0,0,0,0,0,0
550623,0,1,1991,0,0,0,0,0,0,0,0,0,0
550623,1,1,1991,0,0,0,0,0,0,0,0,0,0
550624,1,1,1991,0,0,0,0,0,0,0,0,0,0
550624,2,1,1991,0,0,0,0,0,0,0,0,0,0
550625,1,1,1991,15,15,15,15,15,15,15,15,15,15
550626,1,1,1991,0,0,0,0,0,0,0,0,0,0
550626,2,1,1991,0,0,0,0,0,0,0,0,0,0
550627,1,1,1991,20,20,20,20,20,20,20,20,20,20
550628,1,1,1991,0,0,0,0,0,0,0,0,0,0
550628,2,1,1991,0,0,0,0,0,0,0,0,0,0
550629,1,1,1991,23,23,23,23,23,23,23,23,23,23
550630,1,1,1991,0,0,0,0,0,0,0,0,0,0
550631,1,1,1991,0,21,11,0,0,0,0,0,0,0
550632,1,1,1991,12,12,12,12,12,12,12,12,12,12
550633,0,1,1991,24,24,24,24,24,24,24,24,24,24
550633,1,1,1991,0,0,0,0,0,0,0,0,0,0
550634,1,1,1991,0,0,0,0,0,0,0,0,0,0
550635,1,1,1991,18,18,18,18,18,18,18,18,18,18
550636,1,1,1991,0,0,0,0,0,0,0,0,0,0
550636,2,1,1991,0,0,0,0,0,0,0,0,0,0
550637,1,1,1991,19,19,19,19,19,19,19,19,19,19
550638,1,1,1991,0,0,0,0,0,0,0,0,0,0
550638,2,1,1991,0,0,0,0,0,0,0,0,0,0
550639,1,1,1991,25,25,25,25,25,25,25,25,25,25
550640,1,1,1991,34,34,34,34,34,34,34,34,34,34
550641,1,1,1991,0,0,0,0,0,0,0,0,0,0
550642,1,2,1991,0,0,25,28,42,27,22,26,0,0
550643,1,1,1991,0,0,0,0,0,0,0,0,0,0
550644,1,1,1991,23,23,23,23,23,23,23,23,23,23
550645,1,1,1991,21,21,21,21,21,21,21,21,21,21
550646,1,1,1991,15,15,15,15,15,15,15,15,15,15
550647,1,1,1991,19,19,19,19,19,19,19,19,19,19
550648,1,1,1991,16,16,16,16,16,16,16,16,16,16
550649,1,1,1991,1,1,1,1,1,1,1,1,1,1
550649,2,1,1991,0,0,0,0,0,0,0,0,0,0
550650,1,1,1991,0,0,0,0,0,0,0,0,0,0
550650,2,1,1991,0,0,0,0,0,0,0,0,0,0
550651,1,1,1991,0,0,0,8,0,0,0,0,0,0
550651,2,1,1991,0,0,0,0,0,0,0,0,0,0
550652,1,1,1991,6,6,6,6,6,6,6,6,6,6
550653,1,1,1991,25,25,25,25,25,25,25,25,25,25
550654,1,1,1991,18,18,18,18,18,18,18,18,18,18
550655,0,1,1991,0,0,0,0,0,0,34,0,0,0
550655,1,1,1991,0,0,0,0,0,0,0,0,0,0
550656,1,1,1991,13,13,13,13,13,13,13,13,13,13
550657,1,1,1991,20,20,20,20,20,20,20,20,20,20
550657,2,1,1991,2,2,2,2,2,2,2,2,2,2
550658,1,1,1991,0,0,0,0,0,0,0,0,0,0
550660,0,1,1991,15,15,15,15,15,15,15,15,15,15
550660,1,1,1991,0,0,0,0,0,0,0,0,0,0
550660,3,1,1991,7,0,27,0,0,12,25,0,0,0
550661,1,1,1991,0,0,0,0,0,0,0,0,0,0
550661,2,1,1991,0,0,0,0,0,0,0,0,0,0
550662,1,1,1991,0,0,0,0,0,0,0,0,0,0
550663,1,1,1991,0,0,0,0,7,0,0,0,0,0
550663,2,1,1991,15,0,0,0,0,0,0,0,0,0
550664,1,1,1991,0,0,0,0,0,0,0,0,0,0
550665,1,1,1991,0,0,0,0,0,0,0,0,0,0
550665,2,1,1991,0,0,0,0,0,0,0,0,0,0
550665,3,1,1991,0,0,0,0,0,0,0,0,0,0
550666,1,1,1991,0,0,0,0,0,0,0,0,0,0
550666,2,1,1991,0,0,0,0,0,0,0,0,0,0
550667,1,1,1991,0,0,0,0,0,0,0,0,0,0
550667,2,1,1991,0,0,0,0,0,0,0,0,0,0
550668,1,1,1991,0,0,0,0,0,0,0,0,0,0
550669,1,1,1991,6,6,6,6,6,6,6,6,6,6
550670,1,1,1991,14,14,14,14,14,14,14,14,14,14
550671,1,1,1991,0,0,0,0,0,0,0,0,0,0
550671,2,1,1991,0,0,0,0,0,0,0,0,0,0
550672,1,1,1991,0,0,0,0,0,0,0,0,0,0
550672,2,1,1991,3,0,19,0,0,0,0,0,0,0
550672,3,1,1991,0,17,10,0,0,0,0,4,0,0
550673,1,1,1991,0,0,0,0,0,0,0,0,0,0
550674,1,1,1991,30,30,30,30,30,30,30,30,30,30
550675,1,1,1991,0,0,0,0,0,0,0,0,0,0
550676,1,1,1991,0,0,0,0,0,0,0,0,0,0
550677,1,1,1991,0,0,0,0,0,0,0,0,0,0
550677,2,1,1991,0,0,0,0,0,0,0,0,0,0
550678,1,1,1991,11,11,11,11,11,11,11,11,11,11
550679,1,1,1991,0,0,0,0,0,0,0,0,0,0
550679,2,1,1991,0,0,0,0,0,0,0,0,0,0
550680,1,1,1991,0,0,0,0,0,0,0,0,0,0
550680,2,1,1991,0,0,0,0,0,0,0,0,0,0
550681,1,1,1991,0,0,0,0,0,0,0,0,0,0
550681,2,1,1991,0,0,0,0,0,0,0,0,0,0
550682,1,1,1991,27,27,27,27,27,27,27,27,27,27
550682,2,1,1991,0,0,0,0,0,0,0,0,0,0
550683,1,1,1991,0,0,0,0,0,0,0,0,0,0
550683,2,1,1991,0,0,0,0,0,0,0,0,0,0
550684,1,1,1991,0,0,0,0,0,0,0,0,0,0
550684,2,1,1991,0,0,0,0,0,0,0,0,0,0
550685,1,1,1991,21,21,21,21,21,21,21,21,21,21
550685,2,1,1991,0,0,0,0,0,0,0,0,0,0
550685,3,1,1991,0,0,0,0,0,0,0,0,0,0
550686,1,1,1991,0,0,0,0,0,0,0,0,0,0
550686,2,1,1991,0,0,0,0,0,0,0,0,0,0
550687,1,1,1991,0,0,0,0,0,0,0,0,0,0
550687,2,1,1991,0,0,0,0,0,0,0,0,0,0
550687,3,1,1991,0,0,0,0,0,0,0,0,0,0
550687,4,1,1991,0,0,0,0,0,0,0,0,0,0
550688,1,1,1991,0,0,0,0,0,0,0,0,0,0
550688,2,1,1991,0,0,0,0,0,0,0,0,0,0
550689,1,1,1991,20,20,20,20,20,20,20,20,20,20
550689,2,1,1991,0,0,0,0,0,0,0,0,0,0
550690,1,1,1991,0,0,0,0,0,0,0,0,0,0
550691,1,1,1991,14,14,14,14,14,14,14,14,14,14
550692,1,1,1991,0,0,0,0,0,0,0,0,0,12
550692,2,1,1991,0,0,0,0,0,0,0,0,0,0
560001,1,1,1991,0,0,0,0,0,0,0,0,0,0
560001,2,1,1991,11,11,11,11,11,11,11,11,11,11
560002,1,1,1991,0,0,0,0,0,0,0,0,0,0
560002,2,1,1991,0,16,0,0,0,0,0,0,0,0
560003,1,1,1991,0,0,0,0,0,0,0,0,0,0
560003,2,1,1991,0,0,0,28,0,0,0,0,0,0
560004,1,1,1991,18,18,18,18,18,18,18,18,18,18
560004,2,1,1991,0,0,0,0,0,0,0,0,0,0
560005,1,1,1991,0,0,0,0,0,0,0,14,0,0
560005,2,1,1991,0,0,0,0,0,0,0,0,0,0
560006,1,1,1991,25,25,25,25,25,25,25,25,25,25
560007,1,1,1991,11,19,0,11,0,18,0,0,0,0
560008,1,1,1991,0,0,0,0,0,0,0,0,0,0
560008,2,1,1991,0,0,0,0,0,0,0,0,0,0
560009,1,1,1991,30,30,30,30,30,30,30,30,30,30
560010,1,1,1991,7,7,7,7,7,7,7,7,7,7
560011,1,1,1991,0,0,0,0,0,0,0,0,0,0
560012,1,1,1991,10,10,10,10,10,10,10,10,10,10
560013,1,1,1991,0,0,0,0,0,0,0,0,0,0
560013,2,1,1991,9,9,9,9,9,9,9,9,9,9
560014,1,1,1991,0,0,0,0,0,0,0,0,0,0
560014,2,1,1991,0,0,0,0,0,0,0,0,0,0
560015,1,1,1991,0,0,0,0,0,0,0,0,0,0
560017,1,1,1991,0,0,0,0,0,0,0,0,0,0
560018,1,1,1991,8,8,12,10,25,0,11,0,0,0
560019,1,1,1991,20,20,20,20,20,20,20,20,20,20
560020,1,1,1991,24,24,24,24,24,24,24,24,24,24
560021,1,1,1991,0,0,0,0,0,0,0,0,0,0
560021,2,1,1991,0,0,0,0,0,8,0,0,0,12
560022,1,1,1991,27,27,27,27,27,27,27,27,27,27
560023,1,1,1991,16,12,0,11,0,13,0,0,0,0
560023,2,1,1991,0,0,0,0,0,0,0,0,0,0
560024,1,1,1991,0,0,0,0,0,0,0,0,0,0
560026,1,1,1991,0,26,0,0,0,0,0,0,0,0
560027,1,1,1991,17,17,17,17,17,17,17,17,17,17
560028,1,1,1991,0,0,0,0,0,22,0,0,21,0
560029,0,1,1991,0,0,0,0,0,0,0,0,0,0
560029,1,1,1991,0,0,0,0,0,0,0,0,0,0
560030,1,1,1991,0,0,0,0,0,0,0,0,0,0
560030,2,1,1991,0,0,0,0,0,0,0,0,0,0
560031,1,1,1991,0,0,0,0,18,0,20,0,0,0
560031,2,1,1991,0,0,0,0,0,0,0,0,0,0
560032,1,1,1991,15,15,15,15,15,15,15,15,15,15
560033,1,1,1991,0,0,0,0,0,0,0,0,0,0
560034,1,1,1991,23,23,23,23,23,23,23,23,23,23
560035,1,1,1991,0,0,0,0,0,0,0,0,0,0
560036,1,1,1991,0,0,0,0,0,0,0,0,0,0
560037,1,1,1991,10,10,10,10,10,10,10,10,10,10
560038,1,1,1991,0,0,0,0,0,0,0,0,0,0
560039,1,1,1991,30,30,30,30,30,30,30,30,30,30
560040,1,1,1991,0,0,0,0,0,0,0,0,0,0
560040,2,1,1991,0,0,0,0,0,0,0,0,0,0
560041,1,1,1991,0,0,0,0,0,0,0,0,0,0
560042,1,1,1991,0,0,0,0,0,0,0,0,0,0
560043,1,1,1991,0,0,0,0,0,0,0,0,0,0
560043,2,1,1991,0,0,0,0,0,0,0,0,0,0
560044,1,1,1991,24,24,24,24,24,24,24,24,24,24
560045,1,1,1991,0,0,0,0,0,26,0,0,0,0
560046,1,1,1991,3,3,3,3,3,3,3,3,3,3
560047,1,1,1991,0,0,0,0,0,0,0,0,0,0
560048,1,1,1991,14,14,14,14,14,14,14,14,14,14
560049,1,1,1991,0,0,0,0,0,0,0,0,0,0
560050,1,1,1991,0,23,0,0,0,0,0,0,0,0
560051,1,1,1991,27,17,0,0,0,0,0,0,0,0
560052,1,1,1991,6,6,6,6,6,6,6,6,6,6
560053,1,1,1991,0,0,0,0,0,0,0,0,0,0
560054,1,1,1991,0,0,17,14,0,0,0,0,0,0
560055,1,1,1991,0,0,0,0,0,0,0,0,0,0
560056,1,1,1991,17,17,17,17,17,17,17,17,17,17
560057,1,1,1991,25,25,25,25,25,25,25,25,25,25
560058,1,1,1991,20,20,20,20,20,20,20,20,20,20
560059,1,1,1991,24,24,24,24,24,24,24,24,24,24
560060,1,1,1991,0,0,0,0,0,0,0,0,0,0
560061,1,1,1991,0,0,0,0,0,0,0,0,0,0
560062,1,1,1991,0,0,0,0,0,0,0,0,0,0
560062,2,1,1991,0,0,0,0,0,0,0,0,0,0
560063,1,1,1991,0,0,0,0,0,0,0,0,0,0
560063,2,1,1991,0,0,0,0,0,0,0,0,0,0
560064,1,1,1991,11,11,11,11,11,11,11,11,11,11
560065,1,1,1991,10,10,10,10,10,10,10,10,10,10
560066,1,1,1991,0,0,0,0,0,0,26,0,0,0
560066,2,1,1991,0,0,0,0,0,0,0,0,0,0
560067,1,1,1991,0,0,0,0,0,0,0,0,0,0
560068,1,1,1991,11,11,11,11,11,11,11,11,11,11
560069,1,1,1991,15,15,15,15,15,15,15,15,15,15
560070,1,1,1991,0,0,0,0,0,0,0,0,0,0
560070,2,1,1991,0,0,0,0,0,0,0,0,0,0
560071,1,1,1991,0,0,0,0,0,0,0,0,0,0
560072,1,1,1991,10,10,10,10,10,10,10,10,10,10
560073,1,1,1991,10,17,14,7,0,24,11,20,17,33
560074,1,1,1991,0,0,33,0,26,0,0,0,14,0
560074,2,1,1991,4,4,4,4,4,4,4,4,4,4
560075,1,1,1991,0,0,0,0,0,0,0,0,0,0
560075,2,1,1991,21,0,0,0,0,0,0,0,0,0
560076,0,1,1991,0,0,0,0,0,0,0,0,0,0
560076,1,1,1991,0,0,0,0,0,0,0,0,0,0
560077,1,1,1991,26,26,26,26,26,26,26,26,26,26
560079,1,1,1991,0,0,0,0,0,0,0,0,0,0
560080,1,1,1991,14,14,14,14,14,14,14,14,14,14
560081,1,1,1991,27,27,27,27,27,27,27,27,27,27
560081,2,1,1991,0,0,0,0,0,0,0,0,0,0
560082,1,1,1991,14,14,14,14,14,14,14,14,14,14
560083,1,1,1991,24,24,24,24,24,24,24,24,24,24
560084,1,1,1991,10,10,10,10,10,10,10,10,10,10
560085,1,1,1991,0,0,0,0,0,0,0,0,0,0
560085,2,1,1991,0,0,0,0,0,0,0,0,0,0
560086,1,1,1991,0,9,0,0,0,0,15,0,0,0
560087,1,1,1991,0,0,0,0,0,0,0,0,0,0
560088,1,1,1991,21,21,21,21,21,21,21,21,21,21
560089,1,1,1991,0,0,0,0,0,0,0,0,0,0
560090,1,1,1991,24,24,24,24,24,24,24,24,24,24
560090,2,1,1991,4,4,4,4,4,4,4,4,4,4
560091,1,1,1991,16,16,16,16,16,16,16,16,16,16
560092,1,1,1991,0,0,0,0,0,0,0,0,0,0
560092,2,1,1991,0,0,0,0,0,0,0,0,0,0
560093,0,1,1991,30,30,30,30,30,30,30,30,30,30
560093,1,1,1991,12,19,17,0,10,22,9,19,0,0
560094,1,1,1991,0,0,0,0,0,0,0,0,0,0
560094,2,1,1991,0,0,0,0,0,0,0,0,0,0
560095,1,1,1991,0,0,14,0,0,0,13,0,0,0
560096,1,1,1991,24,24,24,24,24,24,24,24,24,24
560097,1,1,1991,0,0,19,0,0,21,10,0,0,0
560098,1,1,1991,0,0,0,0,0,0,0,0,0,8
560098,2,1,1991,0,0,0,0,0,0,0,0,0,0
560099,1,1,1991,28,12,13,13,12,0,21,10,8,25
560100,1,1,1991,0,0,0,0,0,0,0,0,0,0
560101,1,1,1991,0,0,0,0,0,0,0,0,0,0
560101,2,1,1991,0,0,0,0,0,0,0,0,0,0
560102,1,1,1991,0,0,0,0,0,0,0,0,0,0
560102,2,1,1991,0,0,0,0,0,17,0,0,0,0
560103,1,1,1991,0,0,0,0,0,0,0,0,0,0
560103,2,1,1991,0,0,0,0,0,0,0,0,0,0
560104,1,1,1991,16,16,16,16,16,16,16,16,16,16
560105,1,1,1991,0,0,0,0,0,0,0,0,0,0
560106,1,1,1991,2,10,23,16,27,13,26,3,15,31
560107,1,1,1991,26,26,26,26,26,26,26,26,26,26