ST_CASE,VEH_NO,PER_NO,YEAR,P1,P2,P3,P4,P5,P6,P7,P8,P9,P10
60001,1,1,1991,0,24,0,0,0,0,0,0,15,0
60002,1,1,1991,0,0,0,0,0,0,0,0,0,0
60003,0,1,1991,0,0,0,0,0,0,0,0,0,0
60003,1,1,1991,0,0,0,0,0,0,0,0,0,0
60004,1,1,1991,0,0,0,0,0,0,0,0,0,0
60004,2,1,1991,0,0,0,0,0,0,0,0,0,0
60004,3,1,1991,0,0,0,0,0,0,0,0,0,0
60005,1,1,1991,0,0,0,0,0,0,0,0,0,0
60005,2,1,1991,0,0,0,0,0,0,0,0,0,21
60006,1,1,1991,0,9,15,6,10,0,11,17,8,9
60006,2,1,1991,0,0,0,0,0,0,16,0,0,0
60007,0,1,1991,23,23,23,23,23,23,23,23,23,23
60007,1,1,1991,0,0,0,0,0,0,0,0,0,0
60008,1,1,1991,0,0,0,0,0,0,0,0,0,0
60008,2,1,1991,0,0,0,0,0,0,0,0,0,0
60009,0,1,1991,0,0,0,0,0,0,0,0,0,0
60009,1,1,1991,9,9,9,9,9,9,9,9,9,9
60010,0,1,1991,0,0,0,0,0,0,0,0,0,0
60010,1,1,1991,0,0,0,0,0,0,0,0,0,0
60011,0,1,1991,0,0,0,0,0,0,0,0,0,0
60011,0,2,1991,0,0,0,0,0,0,0,0,0,0
60011,1,1,1991,0,0,0,0,0,13,0,0,7,0
60012,1,1,1991,3,3,3,3,3,3,3,3,3,3
60012,2,1,1991,0,0,0,0,0,0,0,0,0,0
60013,1,1,1991,9,9,9,9,9,9,9,9,9,9
60014,0,1,1991,25,25,25,25,25,25,25,25,25,25
60014,1,1,1991,0,0,0,0,0,0,0,0,0,0
60015,0,1,1991,29,29,29,29,29,29,29,29,29,29
60015,1,1,1991,0,0,0,0,0,4,0,0,0,0
60015,2,1,1991,0,0,0,0,0,0,0,0,0,0
60016,1,1,1991,11,11,11,11,11,11,11,11,11,11
60017,1,1,1991,20,20,20,20,20,20,20,20,20,20
60018,1,1,1991,21,21,21,21,21,21,21,21,21,21
60018,2,1,1991,6,7,13,22,16,12,4,25,24,17
60019,1,1,1991,0,0,0,0,0,0,0,0,0,0
60019,2,1,1991,0,0,0,0,0,0,0,0,0,0
60019,3,1,1991,0,0,0,0,0,0,0,0,0,0
60020,1,1,1991,0,0,0,0,0,0,0,0,0,0
60021,1,1,1991,6,6,6,6,6,6,6,6,6,6
60021,2,1,1991,2,2,2,2,2,2,2,2,2,2
60021,3,1,1991,0,0,0,0,0,0,0,0,0,0
60022,1,1,1991,0,0,0,0,0,0,0,0,0,0
60023,0,1,1991,0,0,0,0,0,0,0,0,0,0
60023,1,1,1991,0,0,0,0,0,0,0,0,0,0
60024,1,1,1991,0,0,0,0,0,0,0,0,0,0
60024,2,1,1991,0,0,0,0,0,0,0,0,0,0
60025,1,1,1991,0,0,0,0,0,0,0,0,0,0
60025,2,1,1991,0,0,0,0,0,0,0,0,0,0
60026,0,1,1991,31,31,31,31,31,31,31,31,31,31
60026,1,1,1991,21,21,21,21,21,21,21,21,21,21
60027,1,1,1991,0,0,0,0,0,0,0,0,0,0
60028,1,1,1991,18,18,18,18,18,18,18,18,18,18
60029,1,1,1991,16,16,16,16,16,16,16,16,16,16
60030,1,1,1991,7,7,7,7,7,7,7,7,7,7
60031,1,1,1991,37,37,37,37,37,37,37,37,37,37
60032,0,1,1991,24,24,24,24,24,24,24,24,24,24
60032,1,1,1991,0,0,19,0,10,0,0,0,0,0
60033,1,1,1991,18,18,18,18,18,18,18,18,18,18
60034,1,1,1991,19,19,19,19,19,19,19,19,19,19
60035,0,1,1991,17,17,17,17,17,17,17,17,17,17
60035,0,2,1991,11,11,11,11,11,11,11,11,11,11
60035,1,1,1991,0,0,0,32,12,18,0,0,0,0
60036,1,1,1991,0,0,0,0,0,0,0,0,0,0
60037,0,1,1991,0,0,0,0,0,0,0,0,0,0
60037,1,1,1991,14,14,14,14,14,14,14,14,14,14
60038,0,1,1991,0,0,0,0,0,0,0,0,0,0
60038,0,2,1991,0,19,0,0,0,0,0,0,0,0
60038,1,1,1991,0,0,0,0,0,0,0,0,0,0
60039,1,1,1991,27,27,27,27,27,27,27,27,27,27
60040,0,3,1991,0,8,0,10,0,0,0,28,0,0
60040,1,1,1991,8,8,8,8,8,8,8,8,8,8
60041,1,1,1991,14,14,14,14,14,14,14,14,14,14
60042,1,1,1991,0,0,0,0,0,0,0,0,0,0
60042,2,1,1991,0,0,0,0,0,0,0,0,0,0
60042,3,1,1991,0,0,0,0,0,0,0,0,0,0
60042,4,1,1991,0,0,0,0,0,0,0,0,0,0
60043,1,1,1991,0,0,0,0,0,0,0,0,0,0
60044,1,1,1991,5,5,5,5,5,5,5,5,5,5
60045,1,1,1991,0,0,0,0,0,0,0,0,0,0
60045,2,1,1991,0,0,0,0,0,0,0,0,0,0
60046,1,1,1991,0,0,0,0,0,0,0,0,0,0
60046,2,1,1991,0,0,0,0,0,14,0,0,0,0
60046,3,1,1991,0,0,0,0,0,0,0,0,0,0
60047,1,1,1991,0,0,0,0,0,0,0,0,0,0
60048,1,1,1991,0,0,0,0,0,0,0,0,0,0
60048,2,1,1991,0,0,0,0,0,0,0,0,0,0
60049,1,1,1991,0,34,0,0,0,0,0,0,23,0
60050,1,1,1991,16,16,16,16,16,16,16,16,16,16
60050,2,1,1991,17,17,17,17,17,17,17,17,17,17
60051,1,1,1991,15,31,2,0,34,11,15,0,19,21
60051,2,1,1991,0,0,0,0,0,0,0,0,0,16
60052,1,1,1991,0,0,0,0,0,0,0,0,0,0
60052,2,1,1991,0,0,0,0,0,0,0,0,0,0
60053,1,1,1991,0,0,0,0,0,0,0,0,0,0
60053,2,1,1991,0,0,0,0,0,0,0,0,0,0
60053,3,1,1991,0,0,0,0,0,0,0,0,0,0
60054,1,1,1991,0,0,0,0,0,0,0,0,0,0
60054,2,1,1991,0,0,0,0,0,0,0,0,0,0
60055,0,1,1991,0,0,0,0,0,0,0,0,0,0
60055,0,2,1991,0,0,0,0,0,0,0,0,27,0
60055,1,1,1991,0,0,0,0,0,0,0,0,0,0
60056,0,1,1991,0,0,0,0,0,0,0,0,0,0
60056,1,1,1991,0,0,0,0,0,0,0,27,0,0
60057,1,1,1991,0,0,0,0,0,0,0,0,0,0
60057,2,1,1991,0,0,0,0,0,0,0,0,0,0
60058,1,1,1991,24,24,24,24,24,24,24,24,24,24
60059,1,1,1991,0,0,0,0,0,0,0,0,0,0
60059,2,1,1991,0,0,0,0,0,0,0,0,0,0
60060,0,1,1991,17,17,17,17,17,17,17,17,17,17
60060,1,1,1991,0,0,0,0,0,0,0,0,0,0
60061,1,1,1991,21,21,21,21,21,21,21,21,21,21
60062,0,1,1991,0,0,0,0,21,0,0,0,0,0
60062,1,1,1991,0,0,0,0,0,0,0,0,0,0
60062,2,1,1991,0,0,0,0,0,0,0,0,0,0
60063,1,1,1991,13,13,13,13,13,13,13,13,13,13
60064,0,1,1991,0,0,0,0,0,0,0,0,0,0
60064,1,1,1991,0,0,0,0,0,0,0,0,0,0
60065,1,1,1991,0,0,0,0,0,0,0,0,0,0
60066,1,1,1991,32,32,32,32,32,32,32,32,32,32
60067,0,1,1991,26,26,26,26,26,26,26,26,26,26
60067,1,1,1991,0,0,0,0,0,0,0,0,0,0
60068,0,1,1991,0,0,0,0,0,0,0,0,0,0
60068,1,1,1991,0,0,0,0,0,0,0,0,0,0
60069,0,1,1991,0,0,0,0,0,0,0,0,0,0
60069,1,1,1991,12,12,12,12,12,12,12,12,12,12
60070,1,1,1991,5,5,5,5,5,5,5,5,5,5
60070,2,1,1991,0,0,0,0,0,0,0,0,0,0
60071,1,1,1991,0,0,0,0,0,0,0,0,0,0
60071,2,1,1991,0,0,0,0,0,0,0,0,0,0
60072,1,1,1991,0,0,0,0,0,0,0,0,0,0
60072,2,1,1991,0,0,0,0,0,0,0,0,0,0
60072,3,1,1991,0,0,0,0,0,0,0,0,0,0
60073,1,1,1991,0,0,0,0,0,0,0,0,0,0
60073,2,1,1991,0,0,0,0,0,0,0,0,0,0
60074,0,1,1991,0,0,0,0,0,0,0,0,15,0
60074,1,1,1991,0,0,0,0,0,0,0,0,11,0
60075,2,1,1991,0,0,0,0,0,0,0,0,0,0
60075,3,1,1991,0,0,0,0,0,0,0,0,0,0
60076,0,1,1991,0,0,0,0,0,0,0,0,0,0
60076,1,1,1991,0,0,0,10,0,20,11,0,0,7
60077,0,1,1991,25,25,25,25,25,25,25,25,25,25
60077,1,1,1991,11,2,0,0,5,20,10,0,0,6
60078,0,1,1991,14,14,14,14,14,14,14,14,14,14
60078,1,1,1991,32,0,0,12,11,0,0,10,0,0
60079,1,1,1991,22,22,22,22,22,22,22,22,22,22
60080,1,1,1991,0,0,0,0,0,0,0,0,0,0
60081,1,1,1991,0,0,0,0,0,0,0,0,0,0
60081,2,1,1991,0,0,0,0,0,0,0,0,0,0
60082,1,1,1991,0,0,0,0,0,0,0,0,0,0
60083,1,1,1991,0,0,0,0,0,0,0,0,0,0
60084,1,1,1991,0,0,0,0,0,0,0,0,0,0
60084,2,1,1991,0,0,0,0,0,0,0,0,0,0
60085,1,1,1991,0,0,0,0,0,0,0,0,0,0
60085,2,1,1991,0,0,0,0,0,0,0,0,0,0
60086,0,1,1991,0,0,0,0,0,0,0,0,0,0
60086,1,1,1991,0,0,0,0,15,0,0,0,0,0
60087,0,1,1991,0,4,0,0,17,0,0,15,0,0
60087,1,1,1991,0,0,0,0,0,0,0,0,0,0
60088,1,1,1991,0,0,0,0,0,0,0,0,0,0
60088,2,1,1991,0,0,0,0,0,0,0,0,0,0
60089,1,1,1991,0,0,0,0,0,0,0,0,0,0
60090,1,1,1991,0,0,0,0,0,0,0,0,0,0
60091,0,1,1991,0,0,0,0,0,0,0,0,0,0
60091,1,1,1991,0,0,0,0,0,0,0,0,0,0
60092,1,1,1991,0,0,0,0,0,0,0,0,0,0
60093,1,1,1991,4,4,4,4,4,4,4,4,4,4
60093,2,1,1991,0,0,0,0,0,0,0,0,0,0
60094,1,1,1991,0,0,0,0,0,0,0,0,0,0
60095,1,1,1991,17,17,17,17,17,17,17,17,17,17
60096,0,1,1991,0,0,0,0,0,0,0,0,0,0
60096,1,1,1991,0,0,0,0,0,0,0,22,14,0
60097,0,1,1991,0,0,0,0,0,0,0,0,0,0
60097,1,1,1991,0,0,0,0,0,0,0,0,0,0
60098,1,1,1991,2,2,2,2,2,2,2,2,2,2
60098,2,1,1991,0,0,0,0,0,0,0,0,0,0
60099,1,1,1991,0,0,0,0,0,0,0,0,0,0
60099,2,1,1991,0,0,0,0,0,0,0,0,0,0
60100,0,1,1991,21,21,21,21,21,21,21,21,21,21
60100,1,1,1991,0,0,0,0,0,0,0,0,0,0
60101,1,1,1991,29,29,29,29,29,29,29,29,29,29
60101,2,1,1991,0,0,0,0,0,0,0,0,0,0
60102,1,1,1991,18,18,18,18,18,18,18,18,18,18
60103,0,1,1991,0,0,0,0,0,0,0,0,0,0
60103,1,1,1991,12,0,0,0,0,0,10,11,19,0
60104,0,1,1991,21,21,21,21,21,21,21,21,21,21
60104,1,1,1991,0,0,0,0,0,0,0,0,0,0
60105,1,1,1991,11,11,11,11,11,11,11,11,11,11
60105,2,1,1991,0,0,0,0,0,0,0,0,0,0
60106,1,1,1991,0,0,0,0,0,0,0,0,0,0
60107,1,1,1991,0,0,0,0,0,0,19,0,0,0
60108,1,1,1991,0,0,0,0,0,0,0,0,0,0
60108,2,1,1991,0,0,0,0,0,0,0,0,0,0
60109,1,1,1991,22,22,22,22,22,22,22,22,22,22
60110,0,1,1991,0,0,0,0,0,0,0,0,0,0
60110,1,1,1991,0,0,0,0,0,0,0,0,0,0
60111,1,1,1991,15,15,15,15,15,15,15,15,15,15
60112,0,1,1991,0,0,0,0,0,0,0,0,0,0
60112,1,1,1991,0,0,0,0,0,0,0,0,0,0
60113,1,1,1991,0,0,0,0,0,0,7,19,30,0
60113,2,1,1991,0,0,0,0,0,0,0,0,0,0
60114,1,1,1991,0,0,0,0,0,0,0,0,0,0
60115,1,1,1991,0,0,0,0,0,0,0,0,0,0
60115,2,1,1991,0,0,0,0,0,0,0,0,0,0
60115,3,1,1991,0,0,0,0,0,0,0,0,0,0
60116,0,1,1991,0,0,0,0,0,0,0,20,0,0
60116,1,1,1991,0,0,0,0,0,0,0,0,0,0
60117,1,1,1991,29,29,29,29,29,29,29,29,29,29
60117,2,1,1991,0,0,0,0,0,0,0,0,0,0
60117,3,1,1991,0,0,0,0,0,0,0,0,0,0
60118,1,1,1991,0,0,0,0,0,0,0,0,0,0
60119,1,1,1991,0,0,0,0,0,0,0,0,0,0
60120,1,1,1991,17,17,17,17,17,17,17,17,17,17
60120,2,1,1991,0,0,0,0,10,0,0,4,20,0
60121,0,1,1991,0,0,0,0,0,0,0,0,0,0
60121,1,1,1991,0,0,0,0,0,0,0,0,0,0
60122,1,1,1991,0,0,0,0,0,0,0,0,0,0
60122,2,1,1991,0,0,0,0,0,0,0,0,0,0
60123,1,1,1991,11,11,11,11,11,11,11,11,11,11
60123,2,1,1991,12,12,12,12,12,12,12,12,12,12
60124,0,1,1991,0,0,0,0,0,0,0,0,0,0
60124,1,1,1991,0,0,0,0,0,0,0,0,0,0
60125,1,1,1991,0,0,0,0,0,0,0,0,0,0
60126,1,1,1991,36,36,36,36,36,36,36,36,36,36
60127,1,1,1991,13,13,13,13,13,13,13,13,13,13
60127,2,1,1991,0,0,0,0,0,0,0,0,0,0
60128,1,1,1991,11,11,11,11,11,11,11,11,11,11
60129,1,1,1991,0,0,0,0,0,0,0,0,0,0
60129,2,1,1991,0,0,0,0,0,0,0,0,0,0
60130,1,1,1991,10,10,10,10,10,10,10,10,10,10
60131,1,1,1991,0,0,0,0,0,0,0,0,0,0
60132,1,1,1991,27,27,27,27,27,27,27,27,27,27
60132,2,1,1991,0,0,0,0,0,0,0,0,0,0
60132,3,1,1991,0,0,0,0,0,0,0,0,0,0
60133,1,1,1991,2,2,2,2,2,2,2,2,2,2
60134,1,1,1991,19,19,19,19,19,19,19,19,19,19
60135,1,1,1991,19,19,19,19,19,19,19,19,19,19
60136,0,1,1991,21,21,21,21,21,21,21,21,21,21
60136,1,1,1991,10,0,0,15,39,0,0,0,0,0
60137,1,1,1991,12,12,12,12,12,12,12,12,12,12
60138,1,1,1991,28,28,28,28,28,28,28,28,28,28
60139,0,1,1991,0,0,0,0,0,0,0,0,0,0
60139,1,1,1991,17,14,0,0,0,14,30,10,12,0
60140,0,1,1991,34,34,34,34,34,34,34,34,34,34
60140,1,1,1991,18,0,0,0,16,10,0,0,0,17
60141,1,1,1991,17,17,17,17,17,17,17,17,17,17
60141,2,1,1991,0,0,0,0,0,0,0,0,0,0
60142,1,1,1991,0,0,0,0,0,0,0,0,0,0
60143,1,1,1991,16,16,16,16,16,16,16,16,16,16
60144,1,1,1991,0,0,0,0,0,0,0,0,0,0
60144,2,1,1991,0,0,0,0,0,0,0,0,0,0
60145,1,1,1991,0,0,0,0,0,0,0,0,0,0
60145,2,1,1991,0,0,0,0,0,0,0,0,0,0
60146,1,1,1991,0,0,0,0,0,0,0,0,0,0
60146,2,1,1991,20,20,20,20,20,20,20,20,20,20
60147,0,1,1991,16,16,16,16,16,16,16,16,16,16
60147,1,1,1991,7,7,7,7,7,7,7,7,7,7
60148,1,1,1991,0,7,9,26,11,11,17,17,8,25
60148,2,1,1991,5,5,5,5,5,5,5,5,5,5
60149,0,1,1991,0,0,0,0,0,0,0,0,0,0
60149,1,1,1991,10,0,0,22,0,0,27,0,19,17
60150,1,1,1991,19,19,19,19,19,19,19,19,19,19
60151,1,1,1991,18,18,18,18,18,18,18,18,18,18
60151,2,1,1991,0,0,0,0,0,0,0,0,0,0
60152,1,1,1991,0,0,0,0,0,0,0,0,0,0
60152,2,1,1991,0,0,0,0,0,0,0,0,0,0
60153,1,1,1991,0,0,0,0,7,0,0,0,0,0
60154,1,1,1991,13,13,13,13,13,13,13,13,13,13
60155,0,1,1991,0,0,0,0,0,0,0,0,0,0
60155,1,1,1991,0,0,0,0,0,0,0,0,0,0
60156,1,1,1991,0,0,0,8,13,0,0,0,0,0
60156,2,1,1991,0,0,0,0,0,0,0,0,0,0
60157,0,1,1991,18,18,18,18,18,18,18,18,18,18
60157,1,1,1991,11,11,11,11,11,11,11,11,11,11
60158,0,1,1991,0,0,0,0,0,0,0,0,0,0
60158,1,1,1991,0,0,15,0,0,0,0,0,0,9
60159,1,1,1991,18,18,18,18,18,18,18,18,18,18
60159,2,1,1991,0,0,0,0,0,0,0,0,0,0
60160,1,1,1991,0,0,0,0,0,0,0,0,0,0
60160,2,1,1991,15,15,15,15,15,15,15,15,15,15
60160,3,1,1991,0,0,0,0,0,0,0,0,0,0
60161,1,1,1991,0,0,0,0,0,0,0,0,0,0
60161,2,1,1991,0,0,0,0,0,0,0,0,0,0
60161,3,1,1991,0,0,0,0,0,0,0,0,0,0
60162,1,1,1991,9,9,9,9,9,9,9,9,9,9
60163,0,1,1991,38,38,38,38,38,38,38,38,38,38
60163,1,1,1991,0,0,0,0,0,0,0,0,0,0
60164,1,1,1991,0,0,0,0,0,0,0,0,0,0
60164,2,1,1991,0,0,0,0,0,0,0,0,0,0
60165,1,1,1991,0,0,0,0,0,0,0,0,0,0
60165,2,1,1991,0,0,0,0,0,0,0,0,0,0
60166,0,1,1991,0,0,0,0,0,0,0,0,0,0
60166,1,1,1991,0,0,0,0,0,0,0,0,0,0
60167,1,1,1991,0,0,0,0,0,0,0,0,0,0
60167,2,1,1991,0,0,0,0,0,0,0,0,0,0
60167,3,1,1991,0,0,0,0,0,0,0,0,0,0
60167,4,1,1991,0,0,0,0,0,0,0,0,0,0
60168,1,1,1991,0,0,0,0,0,0,0,0,0,0
60168,2,1,1991,0,0,0,0,0,0,0,0,0,0
60169,0,1,1991,0,0,0,0,0,0,0,0,0,0
60169,1,1,1991,0,0,0,0,0,0,0,0,0,0
60170,1,1,1991,0,0,0,0,0,0,0,0,0,0
60170,2,1,1991,0,0,0,0,0,0,0,0,0,0
60171,0,1,1991,10,10,10,10,10,10,10,10,10,10
60171,1,1,1991,0,0,0,0,0,0,0,0,0,0
60172,1,1,1991,12,12,12,12,12,12,12,12,12,12
60172,2,1,1991,9,9,9,9,9,9,9,9,9,9
60173,1,1,1991,0,0,0,0,10,17,0,0,0,0
60174,1,1,1991,20,10,16,17,8,12,9,29,26,19
60175,1,1,1991,0,0,0,0,0,0,0,0,0,0
60175,2,1,1991,0,0,0,10,0,0,0,0,15,0
60176,1,1,1991,0,0,0,0,0,0,0,0,0,0
60176,2,1,1991,0,0,0,0,0,0,0,0,0,0
60176,3,1,1991,0,0,0,0,0,0,0,0,0,0
60177,1,1,1991,13,13,13,13,13,13,13,13,13,13
60177,2,1,1991,0,0,0,0,0,0,0,0,0,0
60178,0,1,1991,7,7,7,7,7,7,7,7,7,7
60178,1,1,1991,16,16,16,16,16,16,16,16,16,16
60179,1,1,1991,0,0,0,0,0,0,0,0,0,0
60179,2,1,1991,0,0,0,0,0,0,0,0,0,0
60180,1,1,1991,0,0,0,0,0,0,0,0,0,0
60181,1,1,1991,0,0,0,0,0,0,0,0,0,0
60181,2,1,1991,0,0,0,0,0,0,0,0,0,0
60182,1,1,1991,0,0,0,0,0,0,0,0,0,0
60182,2,1,1991,0,0,0,0,0,0,0,0,0,0
60183,1,1,1991,23,23,23,23,23,23,23,23,23,23
60184,1,1,1991,0,0,0,0,0,0,0,0,0,0
60184,2,1,1991,0,0,0,0,0,0,0,0,0,0
60185,0,1,1991,41,41,41,41,41,41,41,41,41,41
60185,1,1,1991,0,0,0,0,0,0,0,0,12,0
60186,1,1,1991,0,0,0,0,0,0,0,0,0,0
60186,2,1,1991,0,0,0,0,0,0,0,0,0,0
60187,1,1,1991,0,0,0,0,0,0,0,0,0,8
60187,2,1,1991,0,0,0,0,0,0,0,0,0,0
60188,1,1,1991,0,0,0,0,0,0,0,0,0,0
60188,2,1,1991,0,0,0,0,0,0,0,0,0,0
60189,1,1,1991,0,0,0,0,0,9,0,0,0,0
60190,1,1,1991,22,22,22,22,22,22,22,22,22,22
60190,2,1,1991,0,0,0,0,0,0,0,0,0,0
60191,1,1,1991,0,0,0,0,0,0,0,0,0,0
60191,2,1,1991,0,0,0,0,0,0,0,0,0,0
60191,3,1,1991,0,0,0,0,0,0,0,0,0,0
60192,1,1,1991,13,13,13,13,13,13,13,13,13,13
60193,1,1,1991,0,0,0,0,0,0,0,0,0,0
60193,2,1,1991,0,0,0,0,0,0,0,0,0,0
60193,3,1,1991,0,15,0,0,0,0,0,0,15,0
60194,1,1,1991,22,22,22,22,22,22,22,22,22,22
60194,2,1,1991,9,0,0,0,0,0,0,0,0,0
60195,0,1,1991,0,0,0,0,0,0,0,0,0,0
60195,1,1,1991,0,0,0,0,0,0,0,0,0,0
60196,1,1,1991,0,0,0,0,0,0,0,0,0,0
60196,2,1,1991,0,0,0,0,0,0,0,0,0,0
60197,0,1,1991,18,0,29,11,26,0,14,0,0,15
60197,1,1,1991,0,0,0,0,0,0,0,0,0,0
60197,2,1,1991,0,0,0,0,0,0,0,0,0,0
60198,0,1,1991,10,10,10,10,10,10,10,10,10,10
60199,0,1,1991,39,39,39,39,39,39,39,39,39,39
60199,1,1,1991,0,0,0,0,0,0,0,0,0,0
60200,0,1,1991,11,11,11,11,11,11,11,11,11,11
60200,1,1,1991,16,16,16,16,16,16,16,16,16,16
60201,0,1,1991,0,0,29,0,12,7,0,0,25,38
60201,1,1,1991,0,0,0,0,0,0,0,0,0,0
60202,1,1,1991,8,8,8,8,8,8,8,8,8,8
60203,1,1,1991,0,0,0,0,0,0,0,0,0,0
60203,2,1,1991,0,0,0,0,0,0,0,0,0,0
60204,1,1,1991,0,0,0,0,0,0,0,0,0,0
60204,2,1,1991,16,16,16,16,16,16,16,16,16,16
60205,1,1,1991,0,0,0,0,0,0,0,0,0,0
60206,1,1,1991,16,0,0,0,0,0,0,0,0,0
60207,1,1,1991,0,0,0,0,0,0,0,0,0,0
60208,1,1,1991,0,0,0,0,0,0,0,0,0,0
60208,2,1,1991,0,0,0,0,0,0,0,0,0,0
60208,3,1,1991,0,0,0,0,0,0,8,0,0,0
60208,4,1,1991,0,0,0,0,0,0,0,0,0,0
60209,1,1,1991,0,0,0,0,0,0,0,0,0,0
60209,2,1,1991,0,0,0,0,0,0,0,0,0,0
60210,1,1,1991,0,0,0,0,0,0,0,0,0,0
60210,2,1,1991,9,9,9,9,9,9,9,9,9,9
60211,1,1,1991,21,21,21,21,21,21,21,21,21,21
60211,2,1,1991,0,0,0,0,0,0,0,0,0,0
60212,1,1,1991,0,0,10,0,0,0,0,0,0,0
60212,2,1,1991,0,0,0,0,0,0,0,0,0,0
60213,0,1,1991,27,27,27,27,27,27,27,27,27,27
60213,1,1,1991,0,0,0,0,0,0,0,0,0,0
60214,0,1,1991,0,0,9,13,0,0,19,0,20,0
60214,0,2,1991,0,0,0,0,0,0,0,0,0,0
60214,1,1,1991,13,13,13,13,13,13,13,13,13,13
60215,1,1,1991,14,14,14,14,14,14,14,14,14,14
60216,1,1,1991,4,4,4,4,4,4,4,4,4,4
60217,0,1,1991,0,0,0,0,0,0,0,0,0,0
60217,1,1,1991,0,0,9,0,0,0,0,0,0,0
60217,2,1,1991,0,0,0,0,0,0,0,0,0,11
60218,1,1,1991,0,0,0,0,0,0,0,0,0,0
60219,0,1,1991,5,5,5,5,5,5,5,5,5,5
60219,1,1,1991,0,29,0,0,0,27,0,0,0,0
60219,2,1,1991,0,0,0,0,0,0,0,0,0,0
60219,3,1,1991,2,0,12,0,0,0,0,4,4,0
60219,4,1,1991,0,0,0,0,0,0,0,0,0,0
60219,5,1,1991,0,0,0,0,0,0,0,0,14,0
60220,0,1,1991,0,0,10,0,33,0,0,0,9,0
60220,0,2,1991,0,22,44,22,20,0,17,25,9,0
60220,1,1,1991,26,26,26,26,26,26,26,26,26,26
60220,2,1,1991,0,0,0,0,0,0,0,0,0,0
60221,1,1,1991,13,13,13,13,13,13,13,13,13,13
60222,1,1,1991,0,12,0,0,0,0,0,0,0,0
60222,2,1,1991,4,4,4,4,4,4,4,4,4,4
60223,1,1,1991,16,16,16,16,16,16,16,16,16,16
60223,2,1,1991,0,0,0,0,0,0,0,0,0,0
60223,3,1,1991,0,0,5,0,0,0,0,0,0,0
60224,1,1,1991,0,0,0,0,0,0,0,0,0,0
60224,2,1,1991,0,0,0,0,0,0,0,0,0,0
60225,1,1,1991,0,0,0,0,0,0,0,0,0,0
60226,1,1,1991,0,0,0,0,0,0,0,0,0,0
60226,2,1,1991,0,0,0,0,0,0,0,0,0,0
60226,3,1,1991,0,0,0,0,0,0,0,0,0,0
60226,4,1,1991,0,0,0,0,0,0,0,0,0,0
60226,5,1,1991,0,0,0,0,0,0,0,0,0,0
60226,6,1,1991,0,0,0,0,7,0,0,0,0,0
60227,1,1,1991,0,0,0,0,0,0,0,0,0,0
60227,2,1,1991,0,0,0,0,0,0,0,0,0,0
60228,1,1,1991,0,0,0,0,0,0,0,0,0,0
60229,1,1,1991,0,0,0,0,0,0,0,0,0,0
60229,2,1,1991,0,0,0,0,0,0,0,0,0,0
60230,1,1,1991,0,0,0,0,0,0,0,0,0,0
60230,2,1,1991,0,0,0,0,0,0,0,0,0,0
60231,0,1,1991,27,0,0,0,0,0,0,19,16,0
60231,1,1,1991,0,0,0,0,0,0,0,0,0,0
60232,0,1,1991,28,28,28,28,28,28,28,28,28,28
60232,1,1,1991,0,6,0,0,0,0,0,0,0,0
60233,1,1,1991,2,2,2,2,2,2,2,2,2,2
60234,1,1,1991,0,0,0,0,0,0,0,0,0,0
60235,1,1,1991,15,15,15,15,15,15,15,15,15,15
60236,1,1,1991,0,0,0,0,0,0,0,0,0,0
60237,1,1,1991,8,8,8,8,8,8,8,8,8,8
60238,0,1,1991,0,0,0,0,0,0,0,0,0,0
60238,1,1,1991,0,0,0,0,0,0,0,0,0,0
60238,2,1,1991,0,0,0,0,0,0,0,0,0,0
60239,0,1,1991,0,0,0,0,0,0,0,0,0,0
60239,1,1,1991,10,0,0,0,0,0,0,0,0,0
60240,1,1,1991,0,0,0,0,0,0,0,0,0,0
60241,0,1,1991,0,0,0,0,0,36,14,0,0,0
60241,1,1,1991,0,0,0,0,10,3,0,0,0,0
60242,0,1,1991,0,0,0,32,28,18,15,0,25,9
60242,1,1,1991,0,0,0,0,0,0,0,0,0,0
60243,0,1,1991,0,0,0,0,0,0,0,0,0,0
60243,0,2,1991,0,0,0,13,0,0,0,0,0,0
60243,0,3,1991,0,0,13,0,0,0,0,0,0,0
60243,0,4,1991,0,0,0,0,0,0,0,0,0,0
60243,0,5,1991,0,0,0,0,0,0,0,0,0,0
60243,0,6,1991,0,0,0,0,0,0,0,0,0,0
60243,1,1,1991,0,0,0,0,0,0,0,0,0,0
60244,1,1,1991,9,0,0,0,0,0,0,0,0,0
60245,1,1,1991,0,0,0,0,0,0,0,0,0,0
60245,2,1,1991,0,0,0,0,0,0,0,0,0,0
60246,0,1,1991,0,0,0,0,0,0,0,0,0,0
60246,1,1,1991,18,25,0,0,9,0,0,15,0,0
60246,2,1,1991,0,0,0,0,0,0,0,0,0,12
60246,3,1,1991,0,0,0,0,0,0,0,0,0,0
60247,1,1,1991,16,16,16,16,16,16,16,16,16,16
60248,1,1,1991,14,14,14,14,14,14,14,14,14,14
60249,1,1,1991,0,0,0,0,0,0,0,0,0,0
60249,2,1,1991,19,19,19,19,19,19,19,19,19,19
60250,1,1,1991,0,0,0,0,0,0,0,0,0,0
60251,1,1,1991,12,12,12,12,12,12,12,12,12,12
60252,1,1,1991,0,0,0,0,0,0,0,0,0,0