ST_CASE,VEH_NO,PER_NO,YEAR,P1,P2,P3,P4,P5,P6,P7,P8,P9,P10
60252,2,1,1991,0,0,0,0,0,0,0,0,0,0
60253,0,1,1991,0,0,0,0,0,0,0,0,0,0
60253,1,1,1991,0,0,0,0,0,0,0,0,0,0
60254,0,1,1991,14,14,14,14,14,14,14,14,14,14
60254,1,1,1991,0,0,0,0,0,0,0,0,0,0
60255,1,1,1991,0,12,14,0,0,0,0,0,0,0
60256,0,1,1991,0,0,0,0,0,0,0,0,0,0
60256,1,1,1991,0,0,0,0,0,0,0,0,0,0
60257,1,1,1991,0,0,0,0,0,0,0,0,0,0
60257,2,1,1991,0,0,0,0,0,0,0,0,0,0
60258,1,1,1991,0,0,0,0,0,0,0,0,0,0
60259,1,1,1991,35,35,35,35,35,35,35,35,35,35
60260,1,1,1991,10,10,10,10,10,10,10,10,10,10
60261,1,1,1991,0,0,0,0,0,0,0,0,0,0
60262,1,1,1991,0,0,0,0,0,0,0,0,0,0
60263,1,1,1991,17,17,17,17,17,17,17,17,17,17
60264,1,1,1991,0,0,0,0,0,0,0,0,0,0
60265,1,1,1991,15,15,15,15,15,15,15,15,15,15
60266,1,1,1991,0,0,0,0,0,0,0,0,0,0
60266,2,1,1991,0,0,0,0,0,0,0,0,0,0
60266,3,1,1991,0,0,0,0,0,0,0,0,0,0
60267,1,1,1991,0,0,0,0,0,0,0,0,0,0
60268,1,1,1991,0,0,0,0,13,0,0,0,0,0
60268,2,1,1991,0,0,0,0,0,0,0,0,0,0
60269,1,1,1991,0,0,24,0,0,0,0,0,0,0
60269,2,1,1991,0,0,0,0,0,0,0,0,0,0
60269,3,1,1991,0,0,0,0,0,0,0,0,12,0
60270,1,1,1991,28,28,28,28,28,28,28,28,28,28
60271,1,1,1991,17,17,17,17,17,17,17,17,17,17
60272,0,1,1991,23,23,23,23,23,23,23,23,23,23
60272,1,1,1991,0,0,0,0,0,0,0,0,0,0
60273,1,1,1991,21,21,21,21,21,21,21,21,21,21
60274,0,1,1991,0,0,0,0,0,0,0,0,0,0
60274,1,1,1991,14,0,28,0,0,0,0,15,7,21
60274,2,1,1991,0,0,0,0,0,0,0,0,0,0
60275,1,1,1991,0,0,0,0,0,0,0,0,0,0
60275,2,1,1991,0,0,0,0,0,0,0,0,0,0
60276,1,1,1991,0,0,0,0,0,0,0,0,0,0
60277,1,1,1991,0,0,0,0,0,0,0,0,0,0
60277,2,1,1991,21,0,0,0,0,0,0,18,0,0
60278,1,1,1991,10,10,10,10,10,10,10,10,10,10
60279,1,1,1991,0,0,0,0,0,0,0,8,0,0
60279,2,1,1991,0,0,0,0,0,0,0,0,0,0
60279,3,1,1991,0,0,0,0,0,0,0,0,0,0
60280,0,1,1991,0,0,0,0,0,0,0,0,0,0
60280,1,1,1991,0,0,0,0,0,0,0,0,0,0
60281,1,1,1991,25,25,25,25,25,25,25,25,25,25
60282,1,1,1991,0,0,0,0,0,0,0,0,0,0
60282,2,1,1991,0,0,0,0,0,0,0,0,0,0
60284,1,1,1991,16,16,16,16,16,16,16,16,16,16
60285,1,1,1991,11,11,11,11,11,11,11,11,11,11
60285,2,1,1991,0,0,0,0,0,0,0,0,0,0
60286,1,1,1991,11,13,9,13,11,17,5,4,15,12
60286,2,1,1991,3,3,3,3,3,3,3,3,3,3
60287,1,1,1991,0,0,0,0,0,0,0,0,0,0
60288,1,1,1991,18,18,18,18,18,18,18,18,18,18
60288,2,1,1991,0,0,0,0,0,0,0,0,0,0
60288,3,1,1991,0,0,0,0,0,0,0,0,0,0
60288,4,1,1991,0,0,0,0,0,0,0,0,0,0
60289,0,1,1991,0,0,0,0,0,0,0,0,0,0
60289,1,1,1991,0,0,0,0,0,0,0,0,0,0
60290,1,1,1991,0,0,0,0,0,0,0,0,0,0
60290,2,1,1991,0,0,0,4,0,0,0,0,0,0
60291,1,1,1991,9,9,9,9,9,9,9,9,9,9
60292,0,1,1991,14,14,14,14,14,14,14,14,14,14
60292,1,1,1991,0,0,0,0,0,0,0,0,0,0
60293,1,1,1991,0,0,0,13,14,0,0,0,0,0
60293,2,1,1991,0,0,0,0,0,0,0,0,0,0
60294,1,1,1991,31,31,31,31,31,31,31,31,31,31
60294,2,1,1991,0,0,0,0,0,0,0,0,0,0
60294,3,1,1991,0,0,0,0,0,0,0,0,0,0
60295,0,1,1991,22,22,22,22,22,22,22,22,22,22
60295,1,1,1991,2,0,0,0,0,0,0,0,0,0
60296,1,1,1991,0,0,0,0,0,0,0,0,0,0
60297,0,1,1991,2,2,2,2,2,2,2,2,2,2
60297,1,1,1991,0,0,0,0,0,0,0,0,0,0
60298,0,1,1991,0,0,0,0,0,0,0,0,0,0
60298,1,1,1991,0,0,0,0,0,0,0,0,0,0
60299,1,1,1991,0,0,0,0,0,0,0,0,0,0
60300,1,1,1991,26,26,26,26,26,26,26,26,26,26
60301,1,1,1991,0,0,0,0,0,0,0,0,0,0
60301,2,1,1991,0,0,0,0,0,0,0,0,0,0
60302,1,1,1991,0,0,0,0,0,0,0,0,0,0
60302,2,1,1991,0,0,0,0,0,0,0,0,0,0
60302,3,1,1991,0,0,0,0,0,0,0,0,0,0
60303,1,1,1991,0,0,27,0,0,0,0,25,0,0
60304,1,1,1991,22,22,22,22,22,22,22,22,22,22
60305,0,1,1991,0,0,0,0,0,0,0,0,0,0
60305,1,1,1991,7,0,0,0,0,0,11,0,0,0
60305,2,1,1991,0,0,0,0,0,0,0,0,0,0
60306,1,1,1991,0,0,0,0,0,0,0,0,0,0
60306,2,1,1991,0,0,0,0,0,0,0,0,0,0
60307,0,1,1991,12,12,12,12,12,12,12,12,12,12
60307,1,1,1991,0,0,0,0,0,0,0,0,0,0
60308,0,1,1991,0,0,0,0,0,0,0,0,0,0
60308,1,1,1991,0,0,0,0,0,0,10,0,0,0
60309,1,1,1991,0,0,0,0,0,0,0,0,0,0
60310,1,1,1991,2,2,2,2,2,2,2,2,2,2
60310,2,1,1991,5,5,5,5,5,5,5,5,5,5
60311,1,1,1991,20,20,20,20,20,20,20,20,20,20
60312,1,1,1991,0,0,0,0,0,13,0,0,0,0
60312,2,1,1991,0,0,0,0,0,0,0,0,0,0
60312,3,1,1991,0,0,0,0,0,0,0,0,0,0
60313,0,1,1991,4,4,4,4,4,4,4,4,4,4
60313,1,1,1991,0,0,8,0,0,0,0,0,0,0
60314,0,1,1991,0,0,0,0,0,0,0,0,0,0
60314,1,1,1991,0,0,0,0,0,0,23,19,0,0
60315,0,1,1991,0,0,0,0,0,0,0,0,0,0
60315,1,1,1991,0,0,0,15,0,5,0,0,0,0
60316,0,1,1991,16,16,16,16,16,16,16,16,16,16
60316,1,1,1991,0,0,0,0,0,0,0,0,0,0
60317,0,1,1991,9,9,9,9,9,9,9,9,9,9
60317,1,1,1991,0,0,0,0,0,0,0,0,0,0
60318,1,1,1991,22,22,22,22,22,22,22,22,22,22
60319,1,1,1991,0,0,0,0,0,0,0,0,0,0
60319,2,1,1991,0,0,0,0,0,0,0,0,0,0
60320,0,1,1991,0,0,0,0,0,0,0,0,0,0
60320,1,1,1991,8,0,0,0,0,0,0,0,0,0
60321,1,1,1991,5,5,5,5,5,5,5,5,5,5
60321,2,1,1991,0,0,0,0,0,0,0,28,0,0
60322,1,1,1991,0,0,0,0,0,0,0,0,0,0
60322,2,1,1991,0,0,0,0,0,0,0,0,0,0
60322,3,1,1991,0,0,0,0,0,0,0,0,0,0
60322,4,1,1991,0,0,0,0,0,0,0,0,0,0
60323,1,1,1991,22,22,22,22,22,22,22,22,22,22
60323,2,1,1991,7,7,7,7,7,7,7,7,7,7
60324,0,1,1991,0,0,0,0,0,0,0,0,0,0
60324,1,1,1991,0,0,0,0,0,0,0,0,0,0
60325,1,1,1991,12,12,12,12,12,12,12,12,12,12
60326,1,1,1991,24,24,24,24,24,24,24,24,24,24
60326,2,1,1991,0,0,0,0,0,0,0,0,0,0
60326,3,1,1991,0,0,0,0,0,0,0,0,0,0
60327,0,1,1991,0,0,0,0,0,0,0,0,0,0
60327,2,1,1991,0,0,0,0,0,0,0,0,0,0
60327,3,1,1991,0,0,0,0,0,0,0,0,0,0
60327,4,1,1991,0,0,0,0,0,0,0,0,0,0
60328,0,1,1991,0,0,0,0,0,0,0,0,0,0
60328,1,1,1991,0,0,0,0,0,0,0,0,0,0
60329,1,1,1991,0,0,0,0,0,0,0,0,0,0
60329,2,1,1991,0,0,0,7,0,0,0,0,0,0
60330,1,1,1991,15,15,15,15,15,15,15,15,15,15
60331,1,1,1991,18,18,18,18,18,18,18,18,18,18
60332,0,1,1991,0,0,0,0,0,0,0,0,0,0
60332,1,1,1991,18,18,18,18,18,18,18,18,18,18
60333,0,1,1991,19,19,19,19,19,19,19,19,19,19
60333,1,1,1991,0,0,0,0,0,0,0,6,0,16
60334,1,1,1991,12,12,12,12,12,12,12,12,12,12
60335,1,1,1991,0,0,0,0,0,0,0,0,0,0
60336,1,1,1991,0,0,0,0,0,0,0,0,0,0
60336,2,1,1991,0,0,0,0,0,0,0,0,0,0
60337,1,1,1991,17,17,17,17,17,17,17,17,17,17
60338,0,1,1991,0,0,0,0,0,0,0,0,0,0
60338,1,1,1991,0,0,0,0,0,0,17,0,0,0
60339,0,1,1991,24,24,24,24,24,24,24,24,24,24
60339,1,1,1991,17,17,17,17,17,17,17,17,17,17
60339,2,1,1991,0,0,0,0,0,0,0,0,0,0
60340,1,1,1991,19,19,19,19,19,19,19,19,19,19
60341,1,1,1991,14,14,14,14,14,14,14,14,14,14
60342,0,1,1991,27,44,10,19,22,0,10,21,16,0
60342,0,2,1991,20,20,20,20,20,20,20,20,20,20
60342,1,1,1991,22,22,22,22,22,22,22,22,22,22
60343,1,1,1991,9,6,11,22,8,13,7,11,16,11
60344,0,1,1991,0,0,0,0,0,0,0,0,0,0
60344,1,1,1991,0,0,0,0,0,14,0,0,0,0
60345,1,1,1991,0,0,0,0,0,0,0,0,0,0
60345,2,1,1991,0,0,0,0,0,0,0,0,0,0
60346,1,1,1991,0,0,0,0,0,0,0,0,0,0
60346,2,1,1991,0,0,0,0,0,0,0,0,0,0
60347,1,1,1991,0,0,0,0,0,0,0,0,0,0
60348,1,1,1991,0,0,0,0,0,0,0,0,0,0
60348,2,1,1991,0,0,0,0,0,0,0,0,0,0
60348,3,1,1991,0,0,0,0,0,0,0,0,0,0
60349,0,1,1991,0,0,0,0,0,0,0,0,0,0
60349,1,1,1991,0,0,0,0,0,0,0,0,0,0
60350,0,1,1991,0,0,0,0,0,0,0,0,0,0
60350,1,1,1991,0,0,0,0,0,0,0,0,0,0
60351,1,1,1991,0,0,0,0,0,0,0,0,0,0
60352,1,1,1991,0,0,0,0,0,0,0,0,0,0
60353,1,1,1991,18,18,18,18,18,18,18,18,18,18
60354,1,1,1991,4,4,4,4,4,4,4,4,4,4
60354,2,1,1991,6,0,27,3,4,19,6,19,18,13
60355,0,1,1991,0,0,0,0,0,0,0,0,0,0
60355,1,1,1991,0,0,0,0,0,0,0,0,0,0
60356,1,1,1991,6,0,0,18,10,20,30,18,0,11
60356,2,1,1991,0,0,0,0,0,0,0,0,0,0
60357,1,1,1991,0,0,0,0,0,0,0,0,0,0
60357,2,1,1991,20,20,20,20,20,20,20,20,20,20
60358,0,1,1991,22,22,22,22,22,22,22,22,22,22
60358,1,1,1991,0,0,0,0,0,0,0,0,0,0
60359,0,1,1991,0,0,0,0,0,0,0,0,0,0
60359,1,1,1991,0,0,0,0,0,0,0,0,0,0
60360,1,1,1991,0,0,0,0,0,0,0,0,0,0
60360,2,1,1991,0,0,0,0,0,0,0,0,0,0
60361,0,1,1991,19,19,19,19,19,19,19,19,19,19
60361,1,1,1991,0,0,0,0,0,0,0,0,0,0
60362,1,1,1991,0,0,0,0,0,0,0,0,0,0
60362,2,1,1991,0,0,0,0,17,0,0,0,0,0
60363,1,1,1991,0,0,0,0,0,0,0,0,0,0
60363,2,1,1991,0,0,0,0,0,0,0,0,0,0
60363,3,1,1991,0,0,0,0,0,0,0,0,0,0
60364,1,1,1991,0,0,0,0,0,0,0,0,0,0
60364,2,1,1991,0,0,0,0,0,0,0,0,0,0
60365,1,1,1991,0,0,0,0,0,0,0,0,0,0
60366,0,1,1991,0,0,0,0,0,0,0,0,0,0
60366,1,1,1991,0,0,0,0,8,0,0,0,0,0
60367,0,1,1991,0,0,0,0,0,0,0,0,0,0
60367,1,1,1991,0,0,0,0,0,0,0,0,0,0
60368,1,1,1991,20,28,15,16,15,16,34,12,29,16
60369,0,1,1991,0,0,0,0,0,0,0,0,0,0
60369,1,1,1991,0,0,0,0,0,0,0,0,0,0
60370,1,1,1991,15,15,15,15,15,15,15,15,15,15
60371,1,1,1991,21,21,21,21,21,21,21,21,21,21
60372,0,1,1991,0,0,0,0,0,0,0,0,0,0
60372,1,1,1991,3,0,0,0,0,5,0,0,0,0
60373,1,1,1991,0,0,0,0,0,0,0,0,0,0
60374,1,1,1991,0,0,0,0,0,0,0,0,0,0
60375,1,1,1991,0,0,0,0,0,0,0,0,0,0
60375,2,1,1991,0,0,0,0,0,0,0,0,0,0
60376,1,1,1991,0,0,0,0,0,0,0,0,0,0
60376,2,1,1991,0,0,0,0,0,0,0,0,0,0
60377,1,1,1991,0,0,0,0,0,0,0,0,0,0
60378,1,1,1991,0,0,0,0,0,15,0,16,19,0
60378,2,1,1991,0,0,0,0,0,0,0,0,8,0
60379,0,1,1991,25,0,0,0,15,0,0,0,0,0
60379,1,1,1991,0,0,0,0,0,0,0,0,0,8
60380,1,1,1991,0,0,0,0,0,0,0,0,0,0
60381,1,1,1991,18,18,18,18,18,18,18,18,18,18
60382,1,1,1991,16,16,16,16,16,16,16,16,16,16
60383,0,1,1991,0,0,0,0,0,0,0,18,0,0
60383,1,1,1991,0,0,0,0,0,0,0,0,0,0
60384,0,1,1991,0,0,0,0,0,0,0,0,0,0
60384,1,1,1991,0,0,0,0,0,0,0,0,0,0
60385,1,1,1991,0,0,0,0,0,0,0,0,0,0
60385,2,1,1991,0,0,0,0,0,0,0,0,0,0
60386,0,1,1991,0,0,0,0,0,0,0,0,0,0
60386,1,1,1991,0,0,0,0,0,0,0,0,0,0
60387,1,1,1991,0,0,0,0,0,0,0,0,0,0
60387,2,1,1991,0,0,0,0,0,0,0,0,0,5
60387,3,1,1991,0,0,0,0,0,0,0,0,0,0
60388,0,1,1991,25,25,25,25,25,25,25,25,25,25
60388,1,1,1991,16,0,0,0,0,0,0,0,0,0
60388,2,1,1991,18,21,0,0,0,35,15,0,0,23
60389,1,1,1991,12,0,0,11,0,0,0,0,13,31
60390,0,1,1991,12,12,12,12,12,12,12,12,12,12
60390,1,1,1991,0,0,0,0,0,0,0,0,0,0
60391,1,1,1991,0,0,0,0,0,0,0,0,0,0
60392,1,1,1991,0,0,0,0,0,0,0,0,0,0
60393,1,1,1991,0,0,0,0,0,0,0,0,0,0
60393,2,1,1991,0,0,0,0,0,0,0,0,0,0
60394,1,1,1991,0,0,0,0,0,0,0,0,0,0
60394,2,1,1991,0,0,0,11,0,15,0,0,0,0
60395,0,1,1991,0,0,0,0,0,0,0,0,0,0
60395,1,1,1991,0,0,0,0,0,0,0,0,0,0
60396,1,1,1991,0,0,0,0,0,0,0,0,0,0
60396,2,1,1991,0,0,0,0,0,0,0,0,0,0
60396,3,1,1991,0,0,0,0,0,0,0,0,0,0
60397,0,1,1991,0,0,0,0,0,0,0,0,0,0
60397,2,1,1991,0,0,0,0,0,0,0,0,0,0
60398,1,1,1991,0,0,0,0,0,0,0,0,0,0
60399,0,1,1991,0,0,0,0,0,0,0,0,0,0
60399,1,1,1991,0,0,0,0,0,0,0,0,0,0
60400,1,1,1991,0,0,0,0,26,4,0,0,0,0
60401,1,1,1991,20,12,15,13,14,10,25,34,18,11
60401,2,1,1991,13,23,0,0,0,0,0,0,0,0
60402,0,1,1991,0,0,0,0,0,0,0,0,0,0
60402,1,1,1991,0,0,0,0,0,0,0,0,0,0
60403,0,1,1991,0,0,0,0,0,0,0,0,0,0
60403,1,1,1991,0,0,0,0,0,0,0,0,0,0
60404,0,1,1991,31,31,31,31,31,31,31,31,31,31
60404,1,1,1991,5,0,13,14,0,10,0,21,10,0
60405,1,1,1991,7,7,7,7,7,7,7,7,7,7
60405,2,1,1991,0,0,0,0,0,0,0,0,0,0
60406,1,1,1991,0,0,0,0,0,0,0,0,0,0
60406,2,1,1991,0,0,0,0,0,0,0,0,0,0
60407,0,1,1991,0,0,0,0,0,0,0,0,0,0
60407,1,1,1991,0,0,0,0,0,0,0,0,0,6
60408,1,1,1991,0,0,17,0,8,0,0,0,0,0
60408,2,1,1991,0,0,0,0,0,0,0,0,0,0
60409,1,1,1991,0,0,0,0,0,0,0,0,0,0
60409,2,1,1991,23,23,23,23,23,23,23,23,23,23
60410,0,1,1991,0,0,18,14,0,0,0,0,0,0
60410,0,2,1991,0,0,0,0,0,0,0,0,0,0
60410,0,3,1991,0,0,46,0,0,0,31,27,0,0
60410,1,1,1991,0,0,0,0,0,0,0,0,0,0
60411,1,1,1991,0,0,0,0,0,0,0,0,0,0
60411,2,1,1991,0,0,0,0,0,0,0,0,0,0
60412,1,1,1991,1,1,1,1,1,1,1,1,1,1
60413,0,1,1991,0,0,0,0,0,0,0,0,0,0
60413,1,1,1991,0,0,0,0,0,0,0,0,0,0
60414,0,1,1991,14,14,14,14,14,14,14,14,14,14
60414,1,1,1991,0,0,0,0,0,0,0,0,0,0
60415,0,1,1991,0,0,0,0,0,0,0,0,0,0
60415,1,1,1991,0,0,0,0,0,0,0,0,0,0
60416,0,1,1991,27,27,27,27,27,27,27,27,27,27
60416,1,1,1991,0,0,0,0,0,0,0,0,0,0
60417,1,1,1991,7,17,12,13,9,20,30,18,18,12
60417,2,1,1991,0,0,0,0,7,0,0,0,0,0
60418,1,1,1991,24,24,24,24,24,24,24,24,24,24
60418,2,1,1991,0,0,0,0,0,0,0,0,0,0
60419,1,1,1991,0,0,11,0,0,0,0,0,0,0
60419,2,1,1991,0,0,0,0,0,0,0,0,0,0
60420,1,1,1991,20,20,20,20,20,20,20,20,20,20
60421,0,1,1991,23,23,23,23,23,23,23,23,23,23
60421,1,1,1991,0,0,0,0,0,0,0,0,16,0
60422,1,1,1991,0,0,0,0,0,0,0,0,0,0
60422,2,1,1991,0,0,0,0,0,0,0,0,0,0
60423,0,1,1991,30,30,30,30,30,30,30,30,30,30
60423,1,1,1991,0,0,0,0,0,0,0,0,0,0
60424,1,1,1991,10,10,10,10,10,10,10,10,10,10
60425,1,1,1991,24,24,24,24,24,24,24,24,24,24
60425,2,1,1991,0,19,0,0,0,0,0,14,0,0
60425,3,1,1991,0,0,0,0,24,0,0,0,0,7
60426,1,1,1991,13,13,13,13,13,13,13,13,13,13
60427,1,1,1991,0,0,0,0,0,0,0,0,0,0
60428,1,1,1991,23,23,23,23,23,23,23,23,23,23
60428,2,1,1991,0,0,0,0,0,0,0,0,0,0
60429,1,1,1991,20,20,20,20,20,20,20,20,20,20
60429,2,1,1991,0,0,0,0,0,0,0,0,0,0
60430,0,1,1991,0,9,28,18,9,31,0,18,16,26
60430,0,2,1991,0,0,0,0,0,0,0,0,0,0
60430,0,3,1991,0,0,0,0,0,0,0,0,0,0
60430,1,1,1991,15,15,15,15,15,15,15,15,15,15
60431,1,1,1991,0,0,0,0,0,0,0,0,0,0
60431,2,1,1991,0,0,0,0,0,0,0,0,0,0
60432,1,1,1991,2,2,2,2,2,2,2,2,2,2
60433,1,1,1991,28,28,28,28,28,28,28,28,28,28
60434,1,1,1991,15,15,15,15,15,15,15,15,15,15
60434,2,1,1991,0,0,0,0,0,0,0,0,0,0
60435,1,1,1991,19,19,19,19,19,19,19,19,19,19
60436,1,1,1991,13,13,13,13,13,13,13,13,13,13
60437,0,1,1991,0,0,0,0,0,0,0,0,0,0
60437,1,1,1991,0,0,0,0,0,0,0,0,0,0
60438,1,1,1991,0,0,0,0,25,0,12,0,10,0
60439,1,1,1991,20,20,20,20,20,20,20,20,20,20
60439,2,1,1991,0,0,0,0,0,0,0,0,0,9
60440,1,1,1991,0,0,0,0,0,0,0,0,0,0
60441,1,1,1991,0,0,0,0,0,0,0,0,0,0
60442,1,1,1991,0,0,0,0,0,0,0,0,0,0
60442,2,1,1991,0,0,0,0,0,0,0,0,0,0
60442,3,1,1991,0,0,0,0,0,10,0,0,0,0
60442,4,1,1991,0,0,0,0,0,0,0,0,0,0
60443,1,1,1991,15,15,15,15,15,15,15,15,15,15
60444,1,1,1991,0,0,0,0,0,0,0,0,0,0
60445,1,1,1991,0,0,0,0,0,0,0,0,0,0
60445,2,1,1991,12,25,0,15,0,0,0,16,0,8
60446,0,1,1991,0,0,0,0,18,0,8,0,0,23
60446,1,1,1991,0,0,0,14,0,0,0,0,0,0
60447,1,1,1991,0,0,0,0,0,0,0,0,0,0
60447,2,1,1991,0,0,0,0,0,0,0,0,0,0
60448,1,1,1991,20,20,20,20,20,20,20,20,20,20
60449,1,1,1991,0,0,0,0,0,0,0,0,0,0
60449,2,1,1991,0,0,0,0,0,0,0,0,0,12
60450,1,1,1991,0,0,0,0,0,0,0,0,0,0
60451,1,1,1991,30,30,30,30,30,30,30,30,30,30
60452,1,1,1991,0,0,0,0,0,0,0,0,0,0
60452,2,1,1991,0,0,0,0,0,0,0,0,0,0
60453,0,1,1991,12,12,12,12,12,12,12,12,12,12
60453,1,1,1991,0,0,0,0,0,0,0,0,0,0
60454,0,1,1991,0,0,0,0,0,0,0,0,0,0
60454,1,1,1991,0,0,0,0,0,0,0,0,0,0
60455,1,1,1991,5,5,5,5,5,5,5,5,5,5
60456,1,1,1991,0,0,0,0,3,0,0,0,0,0
60456,2,1,1991,10,10,10,10,10,10,10,10,10,10
60457,1,1,1991,0,0,0,0,0,0,0,0,0,0
60458,0,1,1991,0,0,0,0,0,0,0,0,0,0
60458,1,1,1991,0,0,0,0,8,0,0,0,0,0
60459,0,1,1991,0,0,0,0,0,0,0,0,0,0
60459,1,1,1991,0,0,0,0,0,0,0,0,0,0
60460,1,1,1991,18,18,18,18,18,18,18,18,18,18
60461,0,1,1991,0,0,0,0,0,0,0,0,0,0
60461,1,1,1991,0,0,0,0,0,0,0,0,0,0
60462,0,1,1991,0,0,0,0,0,0,0,0,0,0
60462,1,1,1991,0,0,0,0,0,0,0,0,0,0
60463,1,1,1991,0,0,0,0,0,0,0,0,0,0
60464,1,1,1991,0,0,0,0,0,0,0,0,0,0
60464,2,1,1991,0,0,0,0,0,0,0,0,0,0
60465,1,1,1991,0,0,0,0,0,0,0,0,0,0
60465,2,1,1991,0,0,0,0,0,0,0,0,0,0
60465,3,1,1991,0,0,0,0,0,0,0,0,0,0
60466,1,1,1991,33,33,33,33,33,33,33,33,33,33
60467,1,1,1991,10,10,10,10,10,10,10,10,10,10
60468,0,1,1991,10,10,10,10,10,10,10,10,10,10
60468,1,1,1991,16,16,16,16,16,16,16,16,16,16
60469,1,1,1991,49,0,11,0,0,0,0,0,0,0
60470,1,1,1991,6,6,6,6,6,6,6,6,6,6
60470,2,1,1991,0,0,0,0,0,0,0,0,0,0
60471,1,1,1991,20,20,20,20,20,20,20,20,20,20
60472,1,1,1991,0,0,0,0,0,0,0,0,0,0
60473,1,1,1991,15,15,15,15,15,15,15,15,15,15
60474,1,1,1991,7,7,7,7,7,7,7,7,7,7
60475,1,1,1991,17,17,17,17,17,17,17,17,17,17
60476,0,1,1991,0,0,0,0,0,0,0,0,0,0
60476,1,1,1991,0,0,0,0,0,0,0,0,0,0
60477,0,1,1991,0,0,0,0,0,0,0,0,0,0
60477,1,1,1991,0,0,0,0,0,0,0,0,0,0
60478,1,1,1991,20,20,20,20,20,20,20,20,20,20
60479,1,1,1991,5,5,5,5,5,5,5,5,5,5
60480,1,1,1991,0,0,0,0,0,0,0,0,0,0
60480,2,1,1991,6,6,6,6,6,6,6,6,6,6
60480,3,1,1991,0,0,0,0,0,0,0,0,0,0
60481,1,1,1991,17,17,17,17,17,17,17,17,17,17
60482,0,1,1991,36,36,36,36,36,36,36,36,36,36
60482,1,1,1991,1,1,1,1,1,1,1,1,1,1
60483,1,1,1991,8,8,8,8,8,8,8,8,8,8
60484,0,1,1991,19,19,19,19,19,19,19,19,19,19
60484,1,1,1991,5,0,14,9,0,0,0,0,0,0
60485,1,1,1991,42,0,0,15,0,0,0,0,0,0
60486,1,1,1991,0,0,0,0,0,0,0,0,0,0
60487,0,1,1991,0,0,0,0,0,0,0,0,0,0
60487,0,2,1991,0,0,0,0,0,0,0,0,0,0
60487,1,1,1991,0,0,0,0,0,0,0,0,0,0
60488,1,1,1991,14,11,8,17,18,11,12,14,19,21
60489,0,1,1991,0,0,0,0,0,0,0,0,0,0
60489,1,1,1991,0,0,0,0,0,6,0,0,0,0
60490,1,1,1991,0,0,0,0,0,0,0,0,0,0
60490,2,1,1991,0,0,0,0,0,0,0,0,0,0
60491,0,1,1991,0,0,0,0,0,0,0,0,0,0
60491,1,1,1991,0,0,0,19,0,0,0,0,0,25
60492,0,1,1991,0,0,0,0,0,0,0,0,0,0
60492,1,1,1991,0,0,0,0,0,0,0,0,0,0
60493,1,1,1991,0,0,0,0,0,0,0,0,0,0
60493,2,1,1991,0,0,0,0,0,0,0,0,0,0
60493,3,1,1991,0,0,0,0,0,0,0,0,0,0
60493,4,1,1991,0,0,0,0,0,0,0,0,0,0
60493,5,1,1991,0,0,0,0,0,0,0,0,0,5
60494,0,1,1991,25,25,25,25,25,25,25,25,25,25
60494,1,1,1991,0,0,0,0,0,0,0,0,0,0
60495,1,1,1991,10,10,10,10,10,10,10,10,10,10
60496,1,1,1991,10,10,10,10,10,10,10,10,10,10
60496,2,1,1991,0,0,0,0,0,0,0,23,0,22
60497,1,1,1991,0,0,0,0,0,0,0,0,0,0
60497,2,1,1991,22,22,22,22,22,22,22,22,22,22
60498,1,1,1991,0,0,0,0,0,0,0,0,0,0
60499,0,1,1991,0,0,0,0,0,0,0,0,0,0
60499,1,1,1991,0,0,0,0,0,0,0,0,0,2
60500,1,1,1991,7,7,7,7,7,7,7,7,7,7
60501,1,1,1991,0,0,0,0,0,0,0,0,0,0
60502,0,1,1991,0,0,0,0,0,0,0,0,0,0
60502,1,1,1991,0,0,0,0,0,0,0,0,0,0
60503,1,1,1991,0,0,0,0,18,0,0,0,0,0
60503,2,1,1991,0,0,0,0,0,0,0,0,0,0
60504,1,1,1991,0,0,0,0,0,0,0,0,0,0
60504,2,1,1991,0,0,0,0,0,0,0,0,0,0
60505,1,1,1991,0,0,0,0,0,0,0,0,0,0
60505,2,1,1991,0,0,0,0,0,0,0,0,0,0
60506,0,1,1991,0,0,0,0,0,0,0,0,0,0
60506,1,1,1991,0,0,0,0,0,0,0,0,0,0
60507,1,1,1991,0,0,0,0,0,0,0,0,0,0
60507,2,1,1991,0,0,0,0,0,0,0,0,0,0
60508,1,1,1991,0,0,0,0,0,12,0,0,0,0
60508,2,1,1991,0,0,0,0,0,0,0,0,0,0
60508,3,1,1991,0,0,0,0,0,0,0,0,0,0
60509,1,1,1991,0,0,0,0,0,0,0,0,0,0
60509,2,1,1991,9,9,9,9,9,9,9,9,9,9
60510,1,1,1991,0,0,0,0,0,0,0,0,0,0
60510,2,1,1991,0,0,0,0,0,0,0,0,0,0
60511,1,1,1991,15,15,15,15,15,15,15,15,15,15
60512,1,1,1991,0,0,0,0,0,0,0,0,0,0
60512,2,1,1991,0,0,0,0,0,0,0,0,0,0
60512,3,1,1991,0,0,0,0,0,0,0,0,0,0
60513,1,1,1991,9,9,9,9,9,9,9,9,9,9
60513,2,1,1991,0,0,0,0,0,0,0,0,0,0
60513,3,1,1991,0,0,0,0,0,0,0,0,0,22
60513,4,1,1991,0,0,0,0,0,0,0,0,0,0