ST_CASE,VEH_NO,PER_NO,YEAR,P1,P2,P3,P4,P5,P6,P7,P8,P9,P10
60513,5,1,1991,0,0,0,0,0,0,0,0,0,0
60514,1,1,1991,0,0,0,0,0,0,0,0,0,0
60514,2,1,1991,20,20,20,20,20,20,20,20,20,20
60515,1,1,1991,0,0,0,0,0,0,0,0,0,0
60516,0,1,1991,0,0,0,0,0,0,0,0,0,0
60516,1,1,1991,0,0,0,0,0,0,0,0,0,0
60517,1,1,1991,0,0,0,0,0,0,0,0,0,0
60517,2,1,1991,0,0,0,0,0,0,0,0,0,0
60517,3,1,1991,0,0,0,0,0,0,0,0,0,0
60518,1,1,1991,0,0,0,0,0,0,0,0,0,0
60519,1,1,1991,0,0,0,0,0,0,0,0,0,0
60520,0,1,1991,33,33,33,33,33,33,33,33,33,33
60520,1,1,1991,22,17,14,0,10,20,0,4,3,0
60521,1,1,1991,18,18,18,18,18,18,18,18,18,18
60522,1,1,1991,0,0,0,0,0,0,0,0,0,0
60523,1,1,1991,0,0,0,0,0,0,0,0,0,21
60523,2,1,1991,0,0,0,0,0,0,0,0,0,0
60524,0,1,1991,0,0,0,0,0,0,0,0,0,0
60524,1,1,1991,0,0,0,0,0,0,0,0,0,0
60525,1,1,1991,0,0,0,0,0,0,0,0,0,0
60525,2,1,1991,0,0,0,0,0,0,0,0,0,0
60526,1,1,1991,0,0,0,0,0,0,0,0,0,0
60526,2,1,1991,0,0,0,0,0,0,0,0,0,0
60527,0,1,1991,0,0,0,0,0,0,0,0,0,0
60527,1,1,1991,0,0,0,0,0,0,0,0,0,0
60528,1,1,1991,19,19,19,19,19,19,19,19,19,19
60529,1,1,1991,0,0,0,0,0,0,0,0,0,0
60530,1,1,1991,0,0,0,0,0,0,0,0,0,0
60530,2,1,1991,0,0,0,0,0,0,0,0,0,0
60530,3,1,1991,0,0,0,0,0,0,0,0,0,0
60530,4,1,1991,0,0,0,0,0,0,0,0,0,0
60530,5,1,1991,0,12,0,0,0,0,0,0,0,0
60531,1,1,1991,0,0,0,0,0,0,0,0,0,0
60531,2,1,1991,0,0,0,15,0,0,0,0,0,0
60531,3,1,1991,0,0,0,0,0,0,0,0,0,0
60532,1,1,1991,0,0,0,0,0,0,0,0,0,0
60532,2,1,1991,0,0,0,0,0,0,0,0,0,0
60533,1,1,1991,0,0,0,0,0,0,0,0,0,0
60533,2,1,1991,0,0,0,0,0,0,0,0,0,0
60534,1,1,1991,27,27,27,27,27,27,27,27,27,27
60535,1,1,1991,20,8,18,29,20,20,21,16,11,10
60536,1,1,1991,14,14,14,14,14,14,14,14,14,14
60537,1,1,1991,0,0,0,0,0,0,0,0,0,0
60538,0,1,1991,2,2,2,2,2,2,2,2,2,2
60538,0,2,1991,0,10,0,0,0,0,0,5,20,11
60538,1,1,1991,13,13,13,13,13,13,13,13,13,13
60539,0,1,1991,0,0,0,0,0,0,0,0,0,0
60539,1,1,1991,0,0,0,0,0,0,0,0,0,0
60540,0,3,1991,0,0,0,0,0,0,0,0,0,0
60540,0,4,1991,0,0,0,0,11,0,0,0,0,0
60540,1,1,1991,15,0,0,0,0,5,0,0,0,0
60541,0,1,1991,0,0,0,0,0,0,0,0,0,0
60541,1,1,1991,0,0,0,0,0,0,0,0,0,0
60542,1,1,1991,29,29,29,29,29,29,29,29,29,29
60543,1,1,1991,21,21,21,21,21,21,21,21,21,21
60544,0,1,1991,21,21,21,21,21,21,21,21,21,21
60544,1,1,1991,22,6,0,14,17,0,8,0,0,0
60545,0,1,1991,0,0,0,0,0,0,0,0,0,0
60545,1,1,1991,10,10,10,10,10,10,10,10,10,10
60546,1,1,1991,6,6,6,6,6,6,6,6,6,6
60547,1,1,1991,0,0,0,0,0,0,0,0,0,0
60547,2,1,1991,0,0,0,0,0,0,0,0,0,0
60548,1,1,1991,0,0,0,0,0,0,0,0,0,0
60549,0,1,1991,0,0,0,0,0,0,0,0,0,0
60549,0,2,1991,0,17,0,0,0,0,0,0,0,0
60549,1,1,1991,21,0,0,0,0,7,0,19,15,0
60550,1,1,1991,8,0,0,0,0,10,0,0,0,0
60550,2,1,1991,0,0,0,0,0,0,0,0,0,0
60551,1,1,1991,7,7,7,7,7,7,7,7,7,7
60551,2,1,1991,0,0,0,0,0,0,0,0,0,0
60552,1,1,1991,0,0,0,0,0,0,0,0,0,0
60553,1,1,1991,0,0,0,0,0,0,0,0,0,0
60553,2,1,1991,0,0,0,0,0,0,0,0,0,0
60554,0,1,1991,0,0,0,0,0,0,0,0,0,0
60554,1,1,1991,0,0,0,0,0,0,0,0,0,0
60554,2,1,1991,0,0,0,0,0,0,0,0,0,0
60555,2,1,1991,0,0,0,0,0,0,0,0,0,0
60556,1,1,1991,0,0,0,0,0,0,0,0,0,0
60556,2,1,1991,0,0,0,0,0,0,0,0,0,0
60557,1,1,1991,0,0,0,0,0,0,0,0,0,0
60558,0,1,1991,0,0,0,0,0,0,0,0,0,0
60558,1,1,1991,0,0,0,0,0,0,0,0,0,0
60559,0,1,1991,0,0,0,0,0,0,0,0,0,0
60559,0,2,1991,0,0,0,0,0,0,0,0,0,0
60559,1,1,1991,0,0,0,0,0,0,20,0,0,12
60560,1,1,1991,24,24,24,24,24,24,24,24,24,24
60560,2,1,1991,0,0,0,0,0,0,0,0,0,0
60561,1,1,1991,16,16,16,16,16,16,16,16,16,16
60562,1,1,1991,22,22,22,22,22,22,22,22,22,22
60563,0,1,1991,0,0,0,0,0,0,0,0,0,0
60563,1,1,1991,0,0,0,0,0,0,0,0,0,0
60564,1,1,1991,0,0,0,0,0,0,0,0,0,0
60565,1,1,1991,0,0,0,0,0,0,0,0,0,0
60565,2,1,1991,0,0,0,0,0,0,0,0,0,0
60566,1,1,1991,0,0,0,8,0,0,0,0,0,0
60566,2,1,1991,0,0,0,0,0,0,0,0,0,0
60566,3,1,1991,0,0,0,0,0,0,0,0,0,0
60567,1,1,1991,0,0,0,0,0,0,0,0,0,0
60567,2,1,1991,0,0,0,0,0,0,0,0,0,0
60568,1,1,1991,22,22,22,22,22,22,22,22,22,22
60569,1,1,1991,13,13,13,13,13,13,13,13,13,13
60570,1,1,1991,23,23,23,23,23,23,23,23,23,23
60571,1,1,1991,0,0,0,0,0,0,0,0,0,0
60572,0,1,1991,0,0,0,0,0,0,0,0,0,0
60572,1,1,1991,14,14,14,14,14,14,14,14,14,14
60573,1,1,1991,9,9,9,9,9,9,9,9,9,9
60574,1,1,1991,17,17,17,17,17,17,17,17,17,17
60575,1,1,1991,15,15,15,15,15,15,15,15,15,15
60575,2,1,1991,0,0,0,0,0,0,0,0,0,0
60576,1,1,1991,0,0,0,0,0,0,0,0,0,0
60577,1,1,1991,4,4,4,4,4,4,4,4,4,4
60578,1,1,1991,0,0,0,0,0,0,0,0,0,0
60579,1,1,1991,9,9,9,9,9,9,9,9,9,9
60579,2,1,1991,0,0,0,0,0,0,0,0,0,0
60579,3,1,1991,0,0,0,0,0,0,0,0,0,0
60580,0,1,1991,0,0,0,0,0,0,0,0,0,0
60580,1,1,1991,0,13,0,0,13,0,0,0,11,0
60581,1,1,1991,17,17,17,17,17,17,17,17,17,17
60582,1,1,1991,14,14,14,14,14,14,14,14,14,14
60583,1,1,1991,12,12,12,12,12,12,12,12,12,12
60584,1,1,1991,0,23,0,0,0,0,18,0,0,0
60584,2,1,1991,0,0,0,0,0,0,0,0,0,0
60585,1,1,1991,0,0,0,0,0,0,0,0,0,0
60586,0,1,1991,27,27,27,27,27,27,27,27,27,27
60586,1,1,1991,0,0,0,0,0,0,0,0,0,0
60587,1,1,1991,25,25,25,25,25,25,25,25,25,25
60588,1,1,1991,19,19,19,19,19,19,19,19,19,19
60589,1,1,1991,0,0,0,0,0,0,0,0,0,0
60590,1,1,1991,39,39,39,39,39,39,39,39,39,39
60590,2,1,1991,0,0,0,0,0,0,0,0,0,0
60591,0,1,1991,22,22,22,22,22,22,22,22,22,22
60591,0,2,1991,0,18,17,16,27,28,13,0,31,35
60591,1,1,1991,0,0,0,0,0,0,0,24,0,0
60592,0,1,1991,24,24,24,24,24,24,24,24,24,24
60592,1,1,1991,0,4,9,15,7,16,8,8,15,9
60593,0,1,1991,21,21,21,21,21,21,21,21,21,21
60593,1,1,1991,0,0,0,0,0,0,0,0,0,0
60594,1,1,1991,0,0,0,0,0,0,0,0,0,0
60594,2,1,1991,0,0,0,0,0,0,0,0,0,0
60594,3,1,1991,0,0,0,0,0,0,0,0,0,0
60595,1,1,1991,34,34,34,34,34,34,34,34,34,34
60595,2,1,1991,0,0,0,0,0,0,0,0,0,0
60596,1,1,1991,0,0,0,0,0,0,0,0,0,0
60596,2,1,1991,0,0,0,0,0,0,0,0,0,0
60597,1,1,1991,21,21,21,21,21,21,21,21,21,21
60597,2,1,1991,0,0,0,0,0,0,0,0,0,0
60598,0,1,1991,0,0,0,0,0,0,0,0,0,0
60598,1,1,1991,16,0,0,0,0,0,0,0,0,0
60599,1,1,1991,0,0,0,0,0,0,0,0,0,0
60600,1,1,1991,19,19,19,19,19,19,19,19,19,19
60601,1,1,1991,17,17,17,17,17,17,17,17,17,17
60602,1,1,1991,12,12,12,12,12,12,12,12,12,12
60603,0,1,1991,0,0,0,0,0,0,0,0,0,0
60603,1,1,1991,0,0,0,0,0,0,0,0,0,0
60604,1,1,1991,16,16,16,16,16,16,16,16,16,16
60605,1,1,1991,10,10,10,10,10,10,10,10,10,10
60606,1,1,1991,0,0,0,0,0,0,0,0,0,0
60607,1,1,1991,16,16,16,16,16,16,16,16,16,16
60607,2,1,1991,0,0,0,0,0,0,0,13,0,0
60607,3,1,1991,0,14,0,0,0,0,0,0,0,0
60607,4,1,1991,0,0,0,0,6,0,0,20,9,17
60608,0,1,1991,0,0,0,0,0,0,0,0,0,0
60608,1,1,1991,14,14,14,14,14,14,14,14,14,14
60609,0,1,1991,11,11,11,11,11,11,11,11,11,11
60609,1,1,1991,0,0,10,0,7,0,0,0,0,0
60610,1,1,1991,20,20,20,20,20,20,20,20,20,20
60610,2,1,1991,0,0,0,0,0,0,0,0,0,0
60611,0,1,1991,17,17,17,17,17,17,17,17,17,17
60611,1,1,1991,0,0,0,0,0,0,0,0,0,0
60611,2,1,1991,0,9,0,0,0,0,0,0,0,0
60611,3,1,1991,0,0,0,0,0,0,0,0,0,0
60612,1,1,1991,0,0,0,0,0,0,0,0,0,0
60612,2,1,1991,0,0,0,0,0,0,0,0,0,0
60613,0,1,1991,0,0,0,0,0,0,0,0,0,0
60613,1,1,1991,0,0,0,0,0,0,0,11,0,0
60614,1,1,1991,0,0,0,0,0,0,0,0,0,0
60614,2,1,1991,0,0,0,0,0,0,0,0,0,0
60615,1,1,1991,0,0,0,0,0,0,0,0,0,0
60615,2,1,1991,0,0,0,0,12,0,0,0,0,0
60616,1,1,1991,0,0,0,0,0,0,0,0,0,0
60616,2,1,1991,0,0,0,0,0,0,0,0,0,0
60617,1,1,1991,0,0,0,0,0,0,0,0,0,0
60617,2,1,1991,0,0,0,0,0,0,0,0,0,0
60618,1,1,1991,0,0,0,0,0,0,0,0,0,0
60618,2,1,1991,0,0,0,0,0,0,0,0,0,0
60619,1,1,1991,24,24,24,24,24,24,24,24,24,24
60619,2,1,1991,0,0,0,0,0,17,0,0,0,11
60619,3,1,1991,11,0,0,0,0,0,0,0,0,0
60620,0,1,1991,33,33,33,33,33,33,33,33,33,33
60620,1,1,1991,0,0,0,0,0,0,0,0,0,0
60621,0,1,1991,0,0,0,0,0,0,0,0,0,0
60621,1,1,1991,0,0,0,0,0,7,0,0,0,8
60622,1,1,1991,25,25,25,25,25,25,25,25,25,25
60623,0,1,1991,0,0,0,0,0,0,0,0,0,0
60623,1,1,1991,0,0,0,0,0,0,0,0,0,0
60624,0,1,1991,18,18,18,18,18,18,18,18,18,18
60624,1,1,1991,0,0,0,0,0,0,12,0,0,0
60625,0,1,1991,18,18,18,18,18,18,18,18,18,18
60625,0,2,1991,18,0,5,32,16,0,0,8,24,0
60625,1,1,1991,13,13,13,13,13,13,13,13,13,13
60626,0,1,1991,0,0,0,0,0,0,0,0,0,0
60626,1,1,1991,0,0,0,0,0,0,0,0,0,0
60627,1,1,1991,0,0,0,0,0,0,0,0,0,0
60627,2,1,1991,0,0,0,0,0,0,0,0,0,0
60628,1,1,1991,0,0,0,0,0,0,0,0,0,0
60628,2,1,1991,0,0,0,0,4,0,0,0,0,0
60628,3,1,1991,0,0,8,0,0,36,0,0,0,0
60629,0,1,1991,0,0,0,0,0,0,0,0,0,0
60629,1,1,1991,0,0,0,0,0,0,0,0,0,0
60630,0,1,1991,0,0,19,0,0,0,0,0,0,0
60630,1,1,1991,0,0,0,0,0,0,0,0,0,0
60631,1,1,1991,0,0,0,0,0,0,0,0,0,0
60631,2,1,1991,0,0,0,0,0,0,0,0,0,0
60632,1,1,1991,3,3,3,3,3,3,3,3,3,3
60633,1,1,1991,0,0,8,0,0,0,27,0,0,0
60634,1,1,1991,13,13,13,13,13,13,13,13,13,13
60635,1,1,1991,0,0,0,0,0,0,0,0,0,0
60636,0,1,1991,0,0,0,0,0,0,0,0,0,0
60636,1,1,1991,0,0,0,0,0,0,0,0,0,0
60637,1,1,1991,0,0,0,0,0,0,0,0,0,0
60638,1,1,1991,0,0,0,0,0,0,0,0,0,0
60639,0,1,1991,0,0,0,0,0,0,0,0,0,0
60639,1,1,1991,17,15,14,21,0,0,13,14,0,0
60640,1,1,1991,17,17,17,17,17,17,17,17,17,17
60641,1,1,1991,0,0,0,0,0,0,0,0,0,0
60642,1,1,1991,0,0,0,0,0,0,0,0,0,0
60643,1,1,1991,11,11,11,11,11,11,11,11,11,11
60643,2,1,1991,0,0,0,0,0,0,0,0,0,0
60643,3,1,1991,0,0,0,0,0,0,0,0,0,0
60644,0,1,1991,25,25,25,25,25,25,25,25,25,25
60644,1,1,1991,0,0,0,0,0,0,0,0,0,20
60645,1,1,1991,18,18,18,18,18,18,18,18,18,18
60645,2,1,1991,0,0,12,0,0,0,0,0,0,0
60646,1,1,1991,19,19,19,19,19,19,19,19,19,19
60646,2,1,1991,0,0,0,0,0,0,0,0,0,0
60646,3,1,1991,0,0,0,0,0,0,15,0,0,0
60647,1,1,1991,6,6,6,6,6,6,6,6,6,6
60648,1,1,1991,12,12,12,12,12,12,12,12,12,12
60649,1,1,1991,0,0,0,0,0,0,0,0,0,0
60649,2,1,1991,30,30,30,30,30,30,30,30,30,30
60650,0,1,1991,0,0,0,0,0,0,0,0,0,0
60650,1,1,1991,3,3,3,3,3,3,3,3,3,3
60651,1,1,1991,13,13,13,13,13,13,13,13,13,13
60652,1,1,1991,0,0,0,0,0,0,0,0,10,0
60652,2,1,1991,0,0,0,0,0,0,0,0,0,0
60652,3,1,1991,0,0,0,0,0,0,0,0,0,0
60653,1,1,1991,16,16,16,16,16,16,16,16,16,16
60653,2,1,1991,0,0,0,0,0,0,0,0,0,0
60654,0,1,1991,0,0,0,0,0,0,0,0,0,0
60654,1,1,1991,10,10,0,0,4,23,5,0,5,13
60655,1,1,1991,0,0,0,0,0,0,0,0,0,0
60656,1,1,1991,0,0,0,0,0,0,0,0,0,0
60656,2,1,1991,0,0,0,0,0,0,0,0,0,0
60657,1,1,1991,8,8,8,8,8,8,8,8,8,8
60658,0,1,1991,0,0,0,0,0,0,0,0,0,0
60658,1,1,1991,0,0,0,0,0,0,0,0,0,0
60659,0,1,1991,17,17,17,17,17,17,17,17,17,17
60659,1,1,1991,0,0,0,0,0,0,0,0,0,0
60660,0,1,1991,7,7,7,7,7,7,7,7,7,7
60660,0,2,1991,0,0,24,15,16,26,0,27,48,27
60660,1,1,1991,0,0,0,22,8,0,0,0,0,0
60661,1,1,1991,20,20,20,20,20,20,20,20,20,20
60661,2,1,1991,0,0,0,13,0,0,0,0,7,0
60662,1,1,1991,0,0,0,0,0,0,0,0,0,0
60662,2,1,1991,0,0,0,0,0,0,0,0,0,0
60663,1,1,1991,20,20,20,20,20,20,20,20,20,20
60664,1,1,1991,21,21,21,21,21,21,21,21,21,21
60665,1,1,1991,16,16,16,16,16,16,16,16,16,16
60666,1,1,1991,0,0,0,0,0,0,0,0,0,0
60666,2,1,1991,0,0,0,0,0,0,0,0,0,0
60667,1,1,1991,0,0,0,0,0,0,0,0,0,0
60667,2,1,1991,0,0,0,0,0,0,0,0,0,0
60667,3,1,1991,0,0,0,0,0,0,0,0,0,0
60667,4,1,1991,0,0,0,0,0,0,0,0,0,0
60667,5,1,1991,0,0,0,0,24,0,0,0,0,0
60667,6,1,1991,0,0,0,0,0,0,0,0,0,0
60667,7,1,1991,0,0,0,0,0,0,0,0,0,0
60667,8,1,1991,0,0,0,0,0,0,0,0,0,0
60667,9,1,1991,0,0,0,0,0,0,0,0,0,0
60668,1,1,1991,0,0,0,0,0,0,0,0,0,0
60668,2,1,1991,0,0,0,0,0,0,0,0,0,0
60668,3,1,1991,0,0,0,0,0,0,0,0,0,0
60668,4,1,1991,0,0,0,0,0,0,0,0,0,0
60669,1,1,1991,0,0,0,0,0,0,0,0,0,0
60669,2,1,1991,0,0,0,0,0,0,0,0,0,0
60670,0,1,1991,22,22,22,22,22,22,22,22,22,22
60670,1,1,1991,0,0,0,0,0,0,0,0,0,0
60671,1,1,1991,0,0,0,0,0,0,0,0,0,0
60672,0,1,1991,24,24,24,24,24,24,24,24,24,24
60672,1,1,1991,0,11,9,4,0,0,0,0,17,0
60672,2,1,1991,11,0,0,0,0,0,0,0,0,0
60672,3,1,1991,0,0,0,0,0,0,0,0,0,0
60673,1,1,1991,7,7,7,7,7,7,7,7,7,7
60674,1,1,1991,21,21,21,21,21,21,21,21,21,21
60675,1,1,1991,16,0,0,27,0,0,0,0,0,0
60675,2,1,1991,0,0,0,0,0,0,0,0,0,0
60676,1,1,1991,41,41,41,41,41,41,41,41,41,41
60677,1,1,1991,0,0,0,0,0,0,0,0,0,0
60678,1,1,1991,0,2,0,0,0,0,0,0,0,0
60678,2,1,1991,0,0,0,0,0,0,0,0,0,0
60679,1,1,1991,0,0,0,0,0,0,0,0,0,0
60680,1,1,1991,31,31,31,31,31,31,31,31,31,31
60681,0,1,1991,29,29,29,29,29,29,29,29,29,29
60681,1,1,1991,15,15,15,15,15,15,15,15,15,15
60682,1,1,1991,15,15,15,15,15,15,15,15,15,15
60682,2,1,1991,0,0,0,0,0,0,0,0,0,0
60683,1,1,1991,7,7,7,7,7,7,7,7,7,7
60684,1,1,1991,0,0,0,6,0,0,12,12,0,0
60685,1,1,1991,9,14,0,0,0,0,23,0,0,0
60686,1,1,1991,0,0,0,0,0,0,0,0,0,0
60686,2,1,1991,0,0,0,0,0,0,0,0,0,0
60687,1,1,1991,18,18,18,18,18,18,18,18,18,18
60688,0,1,1991,0,0,0,0,0,0,0,0,0,0
60688,1,1,1991,0,0,0,0,0,0,5,0,0,0
60688,2,1,1991,0,0,0,0,0,0,0,0,0,0
60688,3,1,1991,0,0,0,0,0,0,0,0,0,0
60689,1,1,1991,22,22,22,22,22,22,22,22,22,22
60689,2,1,1991,0,0,0,0,0,0,0,0,0,0
60690,0,1,1991,8,8,8,8,8,8,8,8,8,8
60690,0,2,1991,0,0,7,20,0,24,0,15,20,0
60690,1,1,1991,6,0,9,13,6,0,17,21,6,6
60691,1,1,1991,9,9,9,9,9,9,9,9,9,9
60692,1,1,1991,3,3,3,3,3,3,3,3,3,3
60692,2,1,1991,0,0,0,0,0,0,0,0,0,0
60693,0,1,1991,0,0,0,0,0,0,0,0,0,0
60693,1,1,1991,0,0,0,0,0,0,0,0,0,0
60694,1,1,1991,0,0,0,0,0,0,0,0,10,0
60694,2,1,1991,0,0,0,0,0,13,0,0,0,0
60694,3,1,1991,0,0,0,0,0,0,0,0,0,0
60695,0,1,1991,0,0,0,0,0,0,0,0,0,0
60695,0,2,1991,3,3,3,3,3,3,3,3,3,3
60695,1,1,1991,0,0,0,0,0,0,0,0,0,0
60696,1,1,1991,18,18,18,18,18,18,18,18,18,18
60696,2,1,1991,0,0,0,0,0,0,0,0,16,0
60697,1,1,1991,0,10,0,0,0,0,0,0,0,0
60697,2,1,1991,0,0,0,0,0,0,0,0,0,0
60698,0,1,1991,0,0,0,0,0,0,0,0,0,0
60698,1,1,1991,0,0,0,0,0,0,0,0,0,0
60699,1,1,1991,28,28,28,28,28,28,28,28,28,28
60700,1,1,1991,0,0,0,0,0,0,0,0,0,0
60700,2,1,1991,0,0,0,0,0,0,0,0,0,0
60701,1,1,1991,0,0,0,0,27,0,0,0,0,0
60701,2,1,1991,0,0,0,0,0,0,0,0,0,0
60702,1,1,1991,19,19,19,19,19,19,19,19,19,19
60703,1,1,1991,0,0,0,0,0,23,0,0,0,0
60703,2,1,1991,0,0,0,0,0,0,0,0,0,0
60704,1,1,1991,30,30,30,30,30,30,30,30,30,30
60705,1,1,1991,16,16,16,16,16,16,16,16,16,16
60706,1,1,1991,0,0,0,0,0,0,0,0,0,0
60706,2,1,1991,0,0,0,0,0,0,0,0,0,0
60707,1,1,1991,0,0,0,0,0,0,0,0,0,0
60707,2,1,1991,0,0,0,0,0,0,0,0,0,0
60707,3,1,1991,0,0,0,0,0,0,0,0,0,0
60708,1,1,1991,13,13,13,13,13,13,13,13,13,13
60709,1,1,1991,19,19,19,19,19,19,19,19,19,19
60710,1,1,1991,36,36,36,36,36,36,36,36,36,36
60710,2,1,1991,0,0,0,0,0,0,0,0,0,0
60711,1,1,1991,0,0,0,0,0,0,0,0,0,0
60711,2,1,1991,0,0,0,0,0,0,0,0,0,0
60712,1,1,1991,0,0,0,0,0,21,0,0,0,0
60712,2,1,1991,0,0,0,0,0,0,0,0,0,0
60713,1,1,1991,0,0,0,0,0,0,0,25,0,0
60713,2,1,1991,0,0,0,0,0,0,0,0,0,0
60714,1,1,1991,0,0,0,0,15,0,0,0,0,0
60714,2,1,1991,0,0,0,0,0,0,0,0,0,0
60715,0,1,1991,6,6,6,6,6,6,6,6,6,6
60715,1,1,1991,0,0,0,0,0,0,0,0,0,0
60716,1,1,1991,0,14,0,0,0,0,0,0,0,0
60716,2,1,1991,0,0,0,0,0,0,0,0,0,0
60717,1,1,1991,0,0,0,0,0,0,0,0,0,0
60718,1,1,1991,0,0,0,0,0,0,0,0,0,0
60719,0,1,1991,0,0,0,0,0,0,0,0,0,0
60719,1,1,1991,7,7,7,7,7,7,7,7,7,7
60720,1,1,1991,0,0,0,0,0,0,0,0,0,0
60720,2,1,1991,0,0,0,0,0,0,0,0,0,0
60720,3,1,1991,0,0,0,0,0,0,0,0,0,0
60720,4,1,1991,0,0,0,0,0,0,0,0,0,0
60720,5,1,1991,0,0,0,0,0,0,0,0,0,0
60720,6,1,1991,0,0,0,0,0,0,0,0,0,0
60720,7,1,1991,0,0,0,0,0,0,0,0,0,0
60720,8,1,1991,0,0,0,0,0,0,0,0,0,0
60720,9,1,1991,0,16,0,0,0,0,0,0,0,0
60720,10,1,1991,0,0,0,0,0,0,0,0,0,0
60720,11,1,1991,0,0,0,0,0,0,0,0,0,0
60720,12,1,1991,0,23,0,0,0,0,0,0,0,0
60720,13,1,1991,0,0,0,0,0,0,0,0,0,0
60720,14,1,1991,0,0,0,0,0,0,0,0,0,0
60721,1,1,1991,0,0,0,0,0,0,0,0,0,0
60721,2,1,1991,0,0,0,0,0,0,0,0,0,0
60722,1,1,1991,0,0,20,0,0,0,0,0,0,0
60722,2,1,1991,0,0,0,0,0,0,0,0,0,0
60723,1,1,1991,0,0,0,0,0,0,0,0,0,0
60723,2,1,1991,0,0,0,0,0,0,0,0,0,0
60724,0,1,1991,0,0,0,0,0,0,0,0,0,0
60724,1,1,1991,13,0,11,0,0,11,0,12,0,0
60725,1,1,1991,0,0,0,0,0,0,0,0,0,0
60725,2,1,1991,0,0,0,0,0,0,0,0,0,0
60726,1,1,1991,0,0,0,0,0,0,0,0,0,0
60726,2,1,1991,0,0,0,0,0,0,0,0,0,0
60727,1,1,1991,0,0,0,0,0,0,0,0,0,0
60727,2,1,1991,0,0,0,0,0,0,0,0,0,0
60728,1,1,1991,8,8,8,8,8,8,8,8,8,8
60729,1,1,1991,0,0,0,0,0,0,0,0,0,0
60729,2,1,1991,25,25,25,25,25,25,25,25,25,25
60730,1,1,1991,18,18,18,18,18,18,18,18,18,18
60731,1,1,1991,0,0,0,0,0,12,15,0,0,0
60732,1,1,1991,46,46,46,46,46,46,46,46,46,46
60733,0,1,1991,23,23,23,23,23,23,23,23,23,23
60733,1,1,1991,0,0,0,0,23,0,0,0,0,9
60734,0,1,1991,9,9,9,9,9,9,9,9,9,9
60734,1,1,1991,0,0,0,0,0,0,0,0,0,0
60735,1,1,1991,0,0,0,0,0,0,0,0,0,0
60736,1,1,1991,18,18,18,18,18,18,18,18,18,18
60737,1,1,1991,0,0,0,0,0,0,0,0,0,0
60737,2,1,1991,0,0,0,0,5,0,0,0,0,0
60738,1,1,1991,8,8,8,8,8,8,8,8,8,8
60739,1,1,1991,23,23,23,23,23,23,23,23,23,23
60740,1,1,1991,0,0,0,0,0,0,0,0,0,0
60741,1,1,1991,0,0,0,0,0,0,0,0,0,0
60742,0,1,1991,0,0,0,0,0,0,0,0,0,0
60742,1,1,1991,0,0,0,0,0,0,0,0,0,0
60743,1,1,1991,4,4,4,4,4,4,4,4,4,4
60743,2,1,1991,0,0,0,0,0,0,0,0,0,0
60743,3,1,1991,0,0,0,0,0,0,0,0,0,0
60744,0,1,1991,23,23,23,23,23,23,23,23,23,23
60744,1,1,1991,0,5,0,0,0,0,0,0,0,0
60745,1,1,1991,0,0,0,0,0,0,0,0,15,0
60746,0,1,1991,0,0,0,0,0,0,0,0,0,0
60746,1,1,1991,0,0,0,0,0,0,0,0,0,0
60747,1,1,1991,2,2,2,2,2,2,2,2,2,2
60747,2,1,1991,0,0,0,0,0,11,0,0,0,0
60748,1,1,1991,19,19,19,19,19,19,19,19,19,19
60749,1,1,1991,0,0,0,0,0,0,0,0,0,0
60750,0,1,1991,0,0,0,0,0,0,0,0,0,0
60750,0,2,1991,0,0,0,0,0,0,0,0,0,0
60750,1,1,1991,0,0,0,0,0,0,0,0,0,0
60751,0,1,1991,0,0,0,0,0,0,0,0,0,0
60751,1,1,1991,0,0,0,0,0,0,0,0,0,0
60752,1,1,1991,0,0,0,0,0,0,0,0,0,0
60752,2,1,1991,0,0,0,0,0,0,0,0,0,0
60753,1,1,1991,0,0,0,0,0,0,0,0,0,0
60753,2,1,1991,0,0,0,0,0,0,0,0,0,0
60754,1,1,1991,16,16,16,16,16,16,16,16,16,16
60754,2,1,1991,9,14,9,25,14,13,9,13,14,0
60754,3,1,1991,2,2,2,2,2,2,2,2,2,2
60754,4,1,1991,0,0,0,0,0,0,0,0,0,0
60754,5,1,1991,0,0,0,0,0,0,0,0,0,0
60755,1,1,1991,0,0,0,0,0,0,0,0,0,0
60755,2,1,1991,0,0,0,0,0,0,0,0,0,0
60756,1,1,1991,0,0,0,0,0,0,0,0,0,0
60757,0,1,1991,0,0,0,0,0,0,0,0,0,0
60757,1,1,1991,0,0,0,0,0,0,0,0,0,0
60758,1,1,1991,13,0,0,0,0,0,0,0,19,0
60758,2,1,1991,0,0,0,0,0,0,7,0,0,0
60759,1,1,1991,0,0,0,0,0,0,0,0,0,0
60759,2,1,1991,0,0,0,0,0,0,0,0,0,0
60760,1,1,1991,0,0,0,0,0,0,0,0,0,0
60760,2,1,1991,0,0,0,0,0,0,0,0,0,0
60761,1,1,1991,20,20,20,20,20,20,20,20,20,20
60761,2,1,1991,9,9,9,9,9,9,9,9,9,9
60762,1,1,1991,5,27,8,15,20,22,11,29,16,9
60763,1,1,1991,5,5,5,5,5,5,5,5,5,5
60763,2,1,1991,0,0,0,0,0,0,0,0,0,0
60764,1,1,1991,15,15,15,15,15,15,15,15,15,15