ST_CASE,VEH_NO,PER_NO,YEAR,P1,P2,P3,P4,P5,P6,P7,P8,P9,P10
60765,1,1,1991,25,25,25,25,25,25,25,25,25,25
60766,1,1,1991,0,0,0,0,0,0,0,0,0,0
60767,1,1,1991,0,0,0,0,0,0,0,0,0,0
60767,2,1,1991,0,0,0,0,0,0,0,0,0,0
60768,0,1,1991,13,13,13,13,13,13,13,13,13,13
60768,1,1,1991,0,0,0,0,0,0,0,22,0,0
60769,1,1,1991,0,0,0,0,0,0,0,0,0,0
60769,2,1,1991,0,0,0,0,0,0,0,0,0,0
60770,1,1,1991,0,0,0,0,0,0,0,0,0,0
60771,1,1,1991,0,0,0,0,0,0,0,0,0,0
60772,1,1,1991,10,10,10,10,10,10,10,10,10,10
60773,1,1,1991,0,0,0,0,0,0,0,0,0,0
60773,2,1,1991,0,0,0,0,0,0,0,0,0,0
60774,1,1,1991,0,0,0,0,0,0,0,0,0,0
60775,1,1,1991,0,0,0,0,0,0,0,0,0,0
60775,2,1,1991,0,0,0,0,0,0,0,0,0,0
60776,1,1,1991,11,11,11,11,11,11,11,11,11,11
60777,1,1,1991,25,25,25,25,25,25,25,25,25,25
60778,1,1,1991,0,0,0,0,0,0,24,0,0,0
60778,2,1,1991,0,0,4,0,0,0,0,0,0,6
60778,3,1,1991,0,0,0,0,0,0,0,0,0,0
60779,0,1,1991,24,24,24,24,24,24,24,24,24,24
60779,1,1,1991,0,0,0,0,14,17,0,0,0,0
60780,1,1,1991,0,0,0,0,0,0,0,0,0,0
60780,2,1,1991,0,0,0,0,0,13,0,0,0,0
60781,1,1,1991,0,0,0,0,0,0,0,0,0,0
60782,0,1,1991,22,22,22,22,22,22,22,22,22,22
60782,1,1,1991,0,0,0,0,0,0,0,0,0,0
60782,2,1,1991,0,0,0,0,0,0,0,0,0,0
60783,1,1,1991,0,0,0,0,0,0,0,0,0,0
60783,2,1,1991,0,0,0,0,0,0,0,0,0,0
60783,3,1,1991,0,0,0,0,0,0,0,0,0,0
60784,1,1,1991,0,0,0,0,0,0,0,0,0,0
60784,2,1,1991,0,0,0,0,0,0,0,0,0,0
60785,0,1,1991,0,0,0,0,0,0,0,0,0,0
60785,1,1,1991,0,0,0,0,0,0,0,0,0,0
60786,1,1,1991,0,0,0,0,0,0,0,0,0,0
60786,2,1,1991,0,0,0,0,0,0,0,0,0,0
60787,1,1,1991,0,0,0,0,0,0,0,0,0,0
60788,1,1,1991,26,26,26,26,26,26,26,26,26,26
60788,2,1,1991,0,0,0,0,0,0,0,0,0,0
60789,1,1,1991,0,0,0,0,0,0,0,0,0,0
60789,2,1,1991,0,0,0,0,0,0,0,0,0,0
60790,1,1,1991,34,34,34,34,34,34,34,34,34,34
60791,1,1,1991,0,0,0,0,0,0,0,0,0,0
60792,1,1,1991,0,0,0,0,0,0,0,0,0,0
60793,0,1,1991,23,0,0,0,0,0,22,0,46,0
60793,1,1,1991,0,0,0,0,0,0,0,0,4,0
60794,1,1,1991,16,16,16,16,16,16,16,16,16,16
60794,2,1,1991,0,0,0,0,0,0,0,0,0,0
60794,3,1,1991,0,0,0,0,0,0,0,0,0,0
60795,1,1,1991,0,0,0,0,0,0,0,0,0,0
60795,2,1,1991,0,0,0,0,0,0,0,0,0,0
60796,0,1,1991,0,0,0,0,0,0,0,0,0,0
60796,1,1,1991,0,0,0,0,0,0,0,0,0,0
60797,0,1,1991,27,27,27,27,27,27,27,27,27,27
60797,1,1,1991,3,3,3,3,3,3,3,3,3,3
60798,1,1,1991,0,0,0,0,0,0,0,0,0,0
60799,1,1,1991,0,0,12,0,0,0,0,0,0,0
60800,1,1,1991,0,0,0,0,0,0,0,0,0,0
60800,2,1,1991,0,0,0,0,0,0,0,0,0,0
60801,1,1,1991,20,20,20,20,20,20,20,20,20,20
60801,2,1,1991,0,0,0,0,0,0,0,0,0,0
60802,0,1,1991,12,12,12,12,12,12,12,12,12,12
60802,1,1,1991,0,0,0,0,0,0,0,0,0,0
60803,0,1,1991,0,0,0,0,0,0,0,0,0,0
60803,1,1,1991,0,0,0,0,0,0,0,0,0,0
60804,1,1,1991,0,0,0,0,0,0,0,0,0,0
60804,2,1,1991,0,0,0,0,0,0,0,0,0,0
60805,0,1,1991,26,26,26,26,26,26,26,26,26,26
60805,1,1,1991,0,0,0,0,0,0,0,0,0,0
60806,1,1,1991,25,25,25,25,25,25,25,25,25,25
60807,1,1,1991,0,0,0,0,0,0,0,0,0,0
60808,0,1,1991,25,25,25,25,25,25,25,25,25,25
60808,1,1,1991,1,1,1,1,1,1,1,1,1,1
60809,1,1,1991,0,0,0,0,0,0,0,0,0,0
60809,2,1,1991,0,0,13,0,0,0,0,0,0,0
60809,3,1,1991,0,0,0,0,0,0,0,0,0,0
60809,4,1,1991,0,0,0,0,0,0,0,0,0,0
60810,1,1,1991,2,2,2,2,2,2,2,2,2,2
60810,2,1,1991,0,0,0,0,0,0,0,0,0,0
60810,3,1,1991,0,0,0,0,9,15,5,0,23,8
60811,0,1,1991,0,0,0,0,0,0,0,0,0,0
60811,1,1,1991,0,0,0,0,0,0,0,0,0,0
60812,1,1,1991,0,0,0,0,0,0,0,0,0,0
60812,2,1,1991,0,0,0,0,0,0,0,0,0,0
60813,1,1,1991,0,0,4,0,0,0,0,0,0,0
60813,2,1,1991,0,0,0,0,0,0,0,0,0,0
60814,1,1,1991,12,12,12,12,12,12,12,12,12,12
60815,1,1,1991,0,0,0,0,0,0,0,0,0,0
60816,0,1,1991,30,30,30,30,30,30,30,30,30,30
60816,1,1,1991,0,0,0,0,0,0,0,0,0,0
60817,0,1,1991,0,0,0,0,0,0,0,0,0,0
60817,1,1,1991,0,0,0,0,0,0,0,0,0,0
60818,1,1,1991,0,0,0,0,0,0,0,0,0,0
60818,2,1,1991,0,0,0,0,0,0,0,0,0,0
60819,0,1,1991,0,0,0,0,0,0,0,0,0,0
60819,1,1,1991,0,0,0,0,0,0,0,0,0,0
60820,1,1,1991,21,21,21,21,21,21,21,21,21,21
60821,1,1,1991,0,0,0,0,0,0,0,0,0,0
60821,2,1,1991,0,0,0,0,0,0,0,0,0,0
60822,1,1,1991,25,25,25,25,25,25,25,25,25,25
60823,1,1,1991,27,27,27,27,27,27,27,27,27,27
60823,2,1,1991,0,0,0,0,0,0,0,0,0,0
60823,3,1,1991,6,23,0,5,17,20,15,18,16,7
60824,0,1,1991,0,0,0,0,0,0,0,0,0,0
60824,1,1,1991,0,0,0,0,0,0,0,0,0,0
60825,1,1,1991,15,15,15,15,15,15,15,15,15,15
60826,0,1,1991,23,5,18,10,28,8,7,18,20,27
60826,1,1,1991,10,0,0,20,0,14,17,0,8,0
60827,1,1,1991,0,0,0,0,0,0,0,0,0,0
60828,0,1,1991,0,0,0,0,0,0,0,0,0,0
60828,1,1,1991,0,0,0,0,0,0,0,0,0,0
60829,1,1,1991,0,0,0,0,0,0,27,0,0,0
60829,2,1,1991,0,0,0,0,0,0,0,0,0,0
60830,1,1,1991,0,0,0,0,0,0,0,0,0,0
60830,2,1,1991,0,0,0,0,0,0,0,0,0,0
60831,1,1,1991,0,0,0,0,0,0,0,0,0,0
60831,2,1,1991,0,0,0,0,0,0,0,0,0,11
60831,3,1,1991,0,0,0,0,0,0,0,0,0,0
60832,0,1,1991,10,11,0,0,11,0,36,20,0,0
60832,1,1,1991,0,0,0,0,0,12,0,0,0,0
60833,1,1,1991,0,0,0,0,0,0,0,0,0,0
60833,2,1,1991,0,0,0,0,0,0,0,0,0,0
60834,0,1,1991,0,0,0,0,0,0,0,0,0,0
60834,1,1,1991,0,25,0,0,0,7,0,0,0,0
60835,1,1,1991,0,0,0,0,0,0,0,0,0,0
60835,2,1,1991,12,12,12,12,12,12,12,12,12,12
60836,1,1,1991,0,0,0,0,0,0,0,0,0,0
60837,1,1,1991,0,0,0,0,0,9,0,0,0,0
60837,2,1,1991,0,0,0,0,0,0,0,0,0,0
60838,1,1,1991,9,0,0,0,0,0,0,0,11,0
60839,1,1,1991,0,0,0,0,0,0,0,0,0,0
60839,2,1,1991,0,0,0,0,0,0,0,0,0,0
60840,1,1,1991,0,0,0,0,0,0,0,0,0,0
60840,2,1,1991,0,0,0,0,0,0,0,0,0,0
60841,1,1,1991,0,0,0,0,0,0,0,0,0,0
60841,2,1,1991,0,0,0,0,0,0,0,0,0,0
60842,0,1,1991,4,4,4,4,4,4,4,4,4,4
60842,1,1,1991,0,0,0,0,0,0,0,0,0,0
60843,1,1,1991,18,18,18,18,18,18,18,18,18,18
60844,1,1,1991,0,0,0,0,0,0,0,0,0,0
60845,1,1,1991,0,0,0,0,0,0,0,0,0,0
60846,1,1,1991,0,0,0,0,0,0,0,15,0,0
60846,2,1,1991,0,0,0,0,0,0,0,0,0,0
60847,0,1,1991,0,0,0,0,0,0,0,0,0,0
60847,0,2,1991,0,0,12,0,0,18,35,23,0,0
60847,0,3,1991,0,26,0,10,0,0,15,10,15,5
60847,1,1,1991,0,0,0,0,0,0,0,0,0,0
60848,0,1,1991,0,0,0,0,0,0,0,0,0,0
60848,1,1,1991,0,0,0,0,0,0,0,0,0,0
60849,1,1,1991,0,0,0,0,0,0,0,0,0,0
60850,0,1,1991,24,24,24,24,24,24,24,24,24,24
60850,1,1,1991,0,0,0,0,8,14,0,0,30,24
60851,1,3,1991,29,0,0,0,0,19,0,0,25,0
60852,1,1,1991,0,0,0,0,0,0,0,0,0,0
60853,0,1,1991,0,0,0,0,0,0,0,0,0,0
60853,1,1,1991,15,15,15,15,15,15,15,15,15,15
60855,1,1,1991,0,0,16,0,0,0,0,0,0,0
60855,2,1,1991,0,0,0,0,0,0,0,0,0,0
60855,3,1,1991,0,0,0,0,0,0,0,0,0,0
60856,1,1,1991,9,5,19,0,0,0,12,7,0,20
60857,1,1,1991,31,31,31,31,31,31,31,31,31,31
60857,2,1,1991,0,0,0,0,0,0,0,0,0,0
60858,0,1,1991,0,0,0,0,0,0,0,0,0,0
60858,1,1,1991,0,0,0,0,0,0,0,0,0,14
60859,1,1,1991,0,0,0,0,0,0,0,0,0,0
60860,1,1,1991,29,29,29,29,29,29,29,29,29,29
60861,1,1,1991,16,16,16,16,16,16,16,16,16,16
60862,1,1,1991,0,0,0,0,0,0,0,0,0,0
60862,2,1,1991,0,0,0,0,0,0,0,28,0,0
60863,1,1,1991,0,0,0,0,0,0,0,0,0,0
60864,1,1,1991,0,0,0,0,0,0,0,0,0,0
60864,2,1,1991,0,0,0,0,0,0,0,0,0,0
60865,1,1,1991,0,0,0,0,15,0,0,0,0,0
60866,1,1,1991,32,32,32,32,32,32,32,32,32,32
60867,1,1,1991,3,9,10,19,6,0,0,21,0,0
60868,0,1,1991,20,20,20,20,20,20,20,20,20,20
60868,1,1,1991,0,0,0,0,0,0,0,0,0,0
60869,1,1,1991,26,26,26,26,26,26,26,26,26,26
60870,1,1,1991,26,26,26,26,26,26,26,26,26,26
60871,1,1,1991,8,8,8,8,8,8,8,8,8,8
60871,2,1,1991,0,0,0,0,0,0,0,0,0,0
60872,1,1,1991,0,0,0,0,0,0,0,0,0,0
60872,2,1,1991,0,0,0,0,0,0,0,0,0,0
60873,1,1,1991,0,0,0,0,0,0,0,0,0,0
60874,1,1,1991,17,17,17,17,17,17,17,17,17,17
60875,1,1,1991,10,10,10,10,10,10,10,10,10,10
60876,0,1,1991,40,40,40,40,40,40,40,40,40,40
60876,1,1,1991,5,5,5,5,5,5,5,5,5,5
60877,1,1,1991,21,21,21,21,21,21,21,21,21,21
60877,2,1,1991,0,0,0,0,0,0,0,0,0,0
60878,1,1,1991,0,0,0,0,0,0,0,0,0,0
60878,2,1,1991,4,19,8,16,17,15,16,31,13,13
60879,1,1,1991,0,0,0,0,0,0,0,0,0,0
60880,0,1,1991,0,0,0,0,0,0,0,0,0,0
60880,1,1,1991,0,0,0,0,0,0,0,0,0,0
60881,0,1,1991,30,30,30,30,30,30,30,30,30,30
60881,0,2,1991,11,11,23,19,26,0,0,21,13,11
60881,1,1,1991,0,0,0,0,0,0,0,0,0,0
60882,1,1,1991,0,0,0,0,0,0,0,0,0,0
60883,1,1,1991,0,0,0,0,0,0,0,0,0,0
60883,2,1,1991,0,0,0,0,0,0,0,0,0,0
60884,1,1,1991,0,0,0,0,0,0,0,0,0,0
60885,1,1,1991,0,0,0,0,0,0,0,0,0,0
60886,1,1,1991,18,18,18,18,18,18,18,18,18,18
60887,1,1,1991,26,26,26,26,26,26,26,26,26,26
60887,2,1,1991,0,0,0,0,0,0,0,0,0,0
60888,1,1,1991,0,0,0,0,0,0,0,0,0,0
60889,1,1,1991,0,0,0,0,0,0,0,0,0,0
60889,2,1,1991,0,0,0,0,0,0,0,0,0,0
60890,1,1,1991,0,0,0,0,0,0,0,0,0,0
60891,0,1,1991,0,0,0,0,0,0,0,0,0,0
60891,0,2,1991,13,14,0,9,0,8,0,17,22,11
60891,1,1,1991,0,0,0,0,0,0,0,0,0,0
60892,0,1,1991,0,0,0,0,0,0,0,0,0,0
60892,1,1,1991,0,0,0,0,0,0,0,0,0,0
60893,1,1,1991,0,0,0,0,0,0,0,0,0,0
60894,1,1,1991,0,0,0,0,0,0,0,0,12,0
60894,2,1,1991,0,22,0,0,0,0,0,0,0,0
60895,1,1,1991,23,23,23,23,23,23,23,23,23,23
60896,1,1,1991,8,8,8,8,8,8,8,8,8,8
60896,2,1,1991,0,0,0,0,0,0,0,0,0,0
60897,0,1,1991,0,0,0,0,0,0,0,0,0,0
60897,1,1,1991,0,0,0,0,0,0,0,0,0,0
60898,0,1,1991,42,42,42,42,42,42,42,42,42,42
60898,1,1,1991,0,15,0,0,15,0,0,0,0,11
60899,1,1,1991,0,0,0,0,0,0,0,0,0,0
60900,1,1,1991,24,24,24,24,24,24,24,24,24,24
60900,2,1,1991,0,0,0,0,0,0,0,0,0,0
60901,0,1,1991,13,13,13,13,13,13,13,13,13,13
60901,1,1,1991,0,0,0,17,3,0,0,0,19,0
60902,1,1,1991,5,5,5,5,5,5,5,5,5,5
60903,1,1,1991,0,0,0,0,0,0,0,0,0,0
60903,2,1,1991,0,0,0,0,0,0,0,0,0,0
60904,0,1,1991,7,7,7,7,7,7,7,7,7,7
60904,1,1,1991,0,0,0,0,0,0,0,0,0,0
60905,1,1,1991,16,16,16,16,16,16,16,16,16,16
60906,1,1,1991,0,0,0,0,0,0,0,0,6,0
60906,2,1,1991,0,0,0,0,0,0,0,0,0,0
60907,1,1,1991,24,0,0,0,0,0,0,0,0,0
60908,1,1,1991,21,7,15,14,11,13,12,18,16,23
60909,0,1,1991,23,12,21,18,17,23,30,30,31,11
60909,1,1,1991,0,0,0,10,0,12,0,11,0,0
60910,1,1,1991,0,0,0,0,0,0,0,0,0,0
60910,2,1,1991,0,0,0,0,0,0,0,0,0,0
60911,1,1,1991,0,0,0,0,0,0,0,0,0,0
60911,2,1,1991,0,0,0,0,0,0,0,0,0,0
60912,1,1,1991,21,21,21,21,21,21,21,21,21,21
60913,0,1,1991,25,25,25,25,25,25,25,25,25,25
60913,1,1,1991,0,0,0,0,0,0,0,0,0,0
60914,1,1,1991,29,29,29,29,29,29,29,29,29,29
60915,1,1,1991,17,17,17,17,17,17,17,17,17,17
60915,2,1,1991,0,0,0,0,0,0,0,0,0,0
60916,1,1,1991,6,6,6,6,6,6,6,6,6,6
60917,1,1,1991,0,0,0,0,0,0,0,0,0,0
60918,1,1,1991,0,0,14,0,0,0,0,0,0,0
60918,2,1,1991,0,0,0,0,0,0,0,0,0,0
60919,0,1,1991,0,0,0,0,0,0,0,0,0,0
60919,1,1,1991,0,0,0,0,0,0,0,0,0,0
60920,1,1,1991,0,0,0,0,0,0,0,0,0,0
60920,2,1,1991,0,0,0,0,0,0,0,0,0,0
60920,3,1,1991,0,0,0,0,0,0,0,0,0,0
60921,1,1,1991,9,9,9,9,9,9,9,9,9,9
60921,2,1,1991,0,0,0,0,0,0,0,0,0,0
60922,1,1,1991,0,0,0,0,0,0,0,0,0,0
60923,1,1,1991,0,0,0,0,0,0,0,0,0,0
60924,1,1,1991,21,21,21,21,21,21,21,21,21,21
60925,1,1,1991,0,0,16,26,0,0,0,0,0,0
60926,1,1,1991,0,0,0,0,0,0,0,0,0,0
60927,1,1,1991,0,0,0,8,0,0,14,15,0,0
60927,2,1,1991,0,0,0,0,0,0,0,0,0,0
60928,1,1,1991,0,0,0,0,0,0,0,0,0,0
60928,2,1,1991,17,17,17,17,17,17,17,17,17,17
60929,1,1,1991,25,25,25,25,25,25,25,25,25,25
60930,1,1,1991,17,17,12,0,0,12,6,0,17,4
60930,2,1,1991,0,0,0,0,0,0,0,0,0,0
60931,1,1,1991,0,0,0,0,0,0,0,0,0,0
60932,0,1,1991,0,0,0,0,0,0,0,0,0,0
60932,1,1,1991,10,17,0,15,5,22,10,28,18,25
60933,1,1,1991,11,22,11,8,18,13,0,0,22,22
60934,1,1,1991,1,1,1,1,1,1,1,1,1,1
60935,1,1,1991,22,22,22,22,22,22,22,22,22,22
60935,2,1,1991,7,7,7,7,7,7,7,7,7,7
60936,1,1,1991,16,16,16,16,16,16,16,16,16,16
60937,1,1,1991,29,29,29,29,29,29,29,29,29,29
60938,0,1,1991,0,0,0,0,0,0,0,0,0,0
60938,0,2,1991,0,23,0,0,9,0,0,0,0,29
60938,0,3,1991,0,0,17,18,4,20,8,6,0,17
60938,1,1,1991,0,0,0,0,0,0,0,0,0,0
60938,2,1,1991,0,12,0,0,0,0,0,0,0,0
60939,1,1,1991,0,0,0,0,0,0,0,0,0,0
60940,1,1,1991,5,5,5,5,5,5,5,5,5,5
60940,2,1,1991,0,0,0,0,0,0,0,0,0,0
60941,1,1,1991,0,0,0,0,0,0,0,0,0,0
60941,2,1,1991,0,0,0,0,0,0,0,0,0,0
60941,3,1,1991,0,0,0,0,0,0,0,0,0,0
60941,4,1,1991,0,0,0,0,0,0,0,0,0,0
60942,0,1,1991,0,0,0,0,0,0,0,0,0,0
60942,1,1,1991,0,0,0,0,0,0,0,0,0,0
60943,1,1,1991,11,11,11,11,11,11,11,11,11,11
60943,2,1,1991,18,18,18,18,18,18,18,18,18,18
60944,0,1,1991,3,3,3,3,3,3,3,3,3,3
60944,1,1,1991,0,0,0,0,0,0,0,0,0,0
60945,1,1,1991,0,0,0,0,0,0,0,0,0,0
60945,2,1,1991,0,0,0,0,0,0,0,0,0,0
60946,1,1,1991,0,0,0,0,0,0,0,0,0,0
60946,2,1,1991,0,0,0,0,0,0,0,0,0,0
60947,1,1,1991,6,6,6,6,6,6,6,6,6,6
60947,2,1,1991,0,0,0,0,0,0,0,0,0,0
60948,0,1,1991,0,0,0,0,0,0,0,0,0,0
60948,0,2,1991,2,2,2,2,2,2,2,2,2,2
60948,1,1,1991,0,0,0,0,0,0,0,0,0,0
60949,1,1,1991,0,0,0,0,0,0,0,0,0,0
60949,2,1,1991,0,0,0,0,0,0,0,0,0,0
60950,1,1,1991,21,21,21,21,21,21,21,21,21,21
60951,0,1,1991,0,0,0,0,0,0,0,0,0,0
60951,1,1,1991,0,0,0,0,0,0,0,22,18,0
60953,1,1,1991,0,0,0,0,0,0,0,0,0,0
60954,0,1,1991,0,0,0,0,0,0,0,0,0,0
60954,1,1,1991,0,0,0,0,0,0,0,0,0,0
60955,0,1,1991,0,0,0,0,0,0,0,0,0,0
60955,1,1,1991,0,0,0,0,0,0,0,0,6,12
60956,0,1,1991,0,0,0,0,0,0,0,0,0,0
60956,1,1,1991,0,0,0,0,0,0,0,0,0,0
60957,1,1,1991,0,0,0,0,0,0,0,0,0,0
60958,1,1,1991,22,22,22,22,22,22,22,22,22,22
60959,1,1,1991,14,14,14,14,14,14,14,14,14,14
60960,1,1,1991,0,0,0,0,0,0,0,0,0,0
60960,2,1,1991,0,0,0,0,0,0,0,0,0,0
60961,1,1,1991,0,0,0,0,0,0,0,0,0,0
60962,1,1,1991,6,6,6,6,6,6,6,6,6,6
60963,1,1,1991,0,0,0,0,0,0,0,0,0,0
60964,1,1,1991,0,0,0,0,0,0,0,0,0,0
60964,2,1,1991,0,0,0,0,0,0,0,0,0,0
60965,1,1,1991,0,0,0,0,0,0,0,0,0,0
60965,2,1,1991,0,0,0,0,0,0,0,0,0,0
60966,1,1,1991,14,14,14,14,14,14,14,14,14,14
60966,2,1,1991,0,0,0,0,0,0,0,0,0,0
60967,1,1,1991,0,0,0,0,0,0,0,0,0,0
60967,2,1,1991,11,11,11,11,11,11,11,11,11,11
60968,1,1,1991,14,14,14,14,14,14,14,14,14,14
60968,2,1,1991,0,0,0,0,0,0,0,0,0,0
60969,0,1,1991,0,0,0,0,0,0,0,0,0,0
60969,1,1,1991,0,0,0,0,0,0,0,0,9,0
60970,0,1,1991,0,0,0,0,0,0,0,0,0,0
60970,1,1,1991,13,0,0,0,8,0,0,0,0,0
60971,1,1,1991,0,0,0,0,0,0,0,0,0,0
60971,2,1,1991,0,0,0,0,0,0,0,0,14,0
60972,0,1,1991,0,0,0,0,0,0,0,0,0,0
60972,1,1,1991,0,0,0,0,0,0,0,0,0,0
60973,0,1,1991,4,4,4,4,4,4,4,4,4,4
60973,1,1,1991,0,0,0,0,0,0,0,0,0,0
60974,0,1,1991,23,13,0,19,0,0,20,0,0,3
60974,1,1,1991,20,0,0,0,0,7,0,14,0,0
60975,1,1,1991,0,0,0,0,0,0,0,0,0,0
60975,2,1,1991,0,0,0,0,0,0,0,0,0,0
60976,1,1,1991,0,0,0,0,0,0,0,0,0,0
60976,2,1,1991,0,0,0,0,0,0,0,0,0,0
60977,1,1,1991,17,17,17,17,17,17,17,17,17,17
60977,2,1,1991,3,3,3,3,3,3,3,3,3,3
60978,1,1,1991,13,13,13,13,13,13,13,13,13,13
60978,2,1,1991,0,0,0,0,0,0,0,0,0,0
60979,1,1,1991,0,0,0,0,0,0,0,0,0,0
60979,2,1,1991,0,0,0,0,0,0,21,0,0,15
60980,0,1,1991,0,0,0,0,0,0,0,0,0,0
60980,1,1,1991,15,15,15,15,15,15,15,15,15,15
60981,1,1,1991,16,16,16,16,16,16,16,16,16,16
60981,2,1,1991,0,0,0,0,0,0,0,0,0,0
60982,1,1,1991,0,0,0,0,0,0,0,0,0,0
60982,2,1,1991,0,0,0,0,0,0,0,0,0,0
60983,1,1,1991,15,15,15,15,15,15,15,15,15,15
60984,1,1,1991,0,0,0,0,0,0,0,0,0,0
60985,1,1,1991,0,0,0,0,0,0,0,0,0,0
60985,2,1,1991,0,0,0,0,0,0,0,0,0,0
60985,3,1,1991,0,0,0,0,0,0,0,0,0,0
60986,0,1,1991,0,0,0,0,0,0,0,0,0,0
60986,1,1,1991,0,0,0,0,0,0,0,0,0,0
60987,1,1,1991,0,0,0,0,0,0,0,0,0,0
60987,2,1,1991,0,0,0,0,0,0,0,0,0,0
60988,1,1,1991,0,0,0,0,0,0,0,0,0,0
60988,2,1,1991,0,0,0,0,0,0,0,0,0,0
60989,1,1,1991,29,29,29,29,29,29,29,29,29,29
60990,1,1,1991,12,12,12,12,12,12,12,12,12,12
60990,2,1,1991,0,0,0,0,0,0,0,0,0,0
60991,0,1,1991,0,0,0,0,0,0,0,0,0,0
60991,0,2,1991,0,0,6,0,0,0,0,16,0,0
60991,1,1,1991,0,0,0,0,0,0,0,0,0,0
60992,1,1,1991,0,0,0,0,0,0,0,0,0,0
60993,1,1,1991,0,0,0,0,0,0,0,0,20,0
60994,1,1,1991,0,0,0,0,0,0,0,0,0,0
60995,1,1,1991,0,0,0,0,0,0,0,0,0,0
60996,1,1,1991,17,17,17,17,17,17,17,17,17,17
60996,2,1,1991,0,0,0,0,0,0,0,4,0,0
60997,1,1,1991,0,0,0,0,0,0,0,0,0,0
60998,0,1,1991,0,0,0,0,0,0,0,0,0,0
60998,1,1,1991,8,52,20,32,9,15,9,8,4,24
60999,0,1,1991,0,0,0,0,0,0,0,0,0,0
60999,1,1,1991,0,0,0,0,0,0,0,0,0,0
61000,1,1,1991,14,14,14,14,14,14,14,14,14,14
61001,1,1,1991,0,0,0,0,6,0,0,0,0,0
61001,2,1,1991,20,20,20,20,20,20,20,20,20,20
61002,1,1,1991,27,27,27,27,27,27,27,27,27,27
61002,2,1,1991,0,0,0,0,0,0,0,0,0,0
61003,0,1,1991,0,0,0,0,0,0,0,0,0,0
61003,1,1,1991,0,0,0,0,0,0,0,0,0,0
61004,1,1,1991,0,0,0,0,0,0,0,0,0,0
61004,2,1,1991,0,0,0,0,0,0,0,0,0,0
61005,1,1,1991,0,0,0,0,13,0,0,0,0,6
61005,2,1,1991,20,4,9,34,9,9,5,9,0,13
61006,1,1,1991,0,0,0,0,0,0,0,0,0,0
61007,1,1,1991,16,16,16,16,16,16,16,16,16,16
61007,2,1,1991,0,0,0,0,0,0,0,0,0,0
61008,0,1,1991,31,43,0,23,7,18,0,23,22,20
61008,1,1,1991,0,0,0,0,0,0,0,0,0,0
61009,0,1,1991,0,0,0,0,0,0,0,0,0,0
61009,1,1,1991,11,9,10,9,0,11,9,9,14,8
61009,2,1,1991,15,9,0,0,0,0,0,0,0,0
61009,3,1,1991,0,0,0,0,21,0,0,5,0,0
61010,1,1,1991,28,28,28,28,28,28,28,28,28,28
61011,1,1,1991,0,0,0,0,0,0,0,0,0,0
61012,1,1,1991,14,14,14,14,14,14,14,14,14,14
61013,0,1,1991,0,0,0,0,0,0,0,0,0,0
61013,1,1,1991,0,0,0,0,0,0,0,16,0,0
61014,0,1,1991,0,0,0,0,0,0,0,0,0,0
61014,1,1,1991,0,0,0,14,0,0,0,0,0,0
61015,0,1,1991,0,0,0,0,0,0,0,0,0,0
61015,1,1,1991,0,0,0,0,0,0,0,0,0,0
61016,1,1,1991,16,16,16,16,16,16,16,16,16,16
61016,2,1,1991,0,0,0,0,0,0,0,14,10,0
61016,3,1,1991,0,3,0,0,0,13,0,0,6,0
61016,4,1,1991,0,0,0,0,0,0,0,0,0,0
61016,5,1,1991,0,0,0,0,0,0,0,0,0,0
61016,6,1,1991,0,0,0,0,0,0,0,0,0,0
61017,1,1,1991,15,15,15,15,15,15,15,15,15,15
61018,1,1,1991,14,14,14,14,14,14,14,14,14,14
61019,1,1,1991,0,25,0,0,0,0,0,0,0,0
61020,0,1,1991,0,0,0,0,0,0,0,0,0,0
61020,1,1,1991,0,0,0,0,0,0,0,0,0,0
61021,1,1,1991,20,20,20,20,20,20,20,20,20,20
61022,1,1,1991,0,0,0,0,0,0,0,0,0,0
61022,2,1,1991,0,0,0,0,0,0,23,0,0,0
61023,1,1,1991,0,0,0,0,0,0,0,0,0,0
61023,2,1,1991,18,18,18,18,18,18,18,18,18,18
61024,1,1,1991,29,29,29,29,29,29,29,29,29,29
61024,2,1,1991,0,0,0,0,0,0,0,0,0,0
61025,1,1,1991,21,21,21,21,21,21,21,21,21,21
61025,2,1,1991,0,0,0,0,0,0,20,0,0,0
61026,1,1,1991,0,0,0,0,0,0,0,0,0,0
61027,0,1,1991,36,19,18,16,28,42,26,0,11,6
61027,1,1,1991,13,13,13,13,13,13,13,13,13,13
61028,1,1,1991,4,4,4,4,4,4,4,4,4,4
61028,2,1,1991,0,0,0,0,0,0,0,0,0,0
61028,3,1,1991,0,0,0,0,0,0,0,0,0,0
61029,1,1,1991,7,7,7,7,7,7,7,7,7,7
61030,1,1,1991,0,0,0,0,0,0,0,0,0,0
61030,2,1,1991,0,0,0,0,0,0,0,0,0,0
61030,3,1,1991,0,0,0,0,0,0,0,0,0,0
61031,0,1,1991,0,0,0,0,0,0,0,0,0,0
61031,1,1,1991,0,0,27,0,0,0,0,0,0,0
61032,0,1,1991,31,31,31,31,31,31,31,31,31,31
61032,1,1,1991,20,0,0,0,0,0,0,0,0,0
61033,1,1,1991,0,15,14,0,0,0,0,0,7,16
61033,2,1,1991,11,11,11,11,11,11,11,11,11,11