ST_CASE,VEH_NO,PER_NO,YEAR,P1,P2,P3,P4,P5,P6,P7,P8,P9,P10
61034,0,1,1991,30,30,30,30,30,30,30,30,30,30
61034,1,1,1991,3,3,3,3,3,3,3,3,3,3
61035,1,1,1991,19,19,19,19,19,19,19,19,19,19
61035,2,1,1991,0,0,0,0,0,0,0,0,0,0
61036,1,1,1991,0,26,15,18,20,24,22,0,0,10
61037,0,1,1991,10,10,10,10,10,10,10,10,10,10
61037,1,1,1991,10,10,10,10,10,10,10,10,10,10
61037,2,1,1991,0,0,14,0,0,0,0,0,0,0
61038,1,1,1991,17,17,17,17,17,17,17,17,17,17
61039,1,1,1991,0,0,29,17,29,0,21,21,20,28
61040,0,1,1991,0,0,0,0,0,0,0,0,0,0
61040,1,1,1991,0,0,0,0,0,0,0,0,0,0
61041,1,1,1991,0,0,0,0,0,0,0,0,0,0
61042,1,1,1991,0,14,17,10,0,25,0,0,10,0
61042,2,1,1991,18,18,18,18,18,18,18,18,18,18
61043,1,1,1991,0,0,0,0,0,0,0,0,0,0
61043,2,1,1991,0,0,0,23,0,0,0,0,0,0
61044,1,1,1991,0,0,0,0,0,0,0,0,0,0
61045,1,1,1991,0,7,9,23,0,19,0,0,0,0
61046,1,1,1991,0,0,0,0,0,0,0,0,0,0
61047,1,1,1991,12,12,12,12,12,12,12,12,12,12
61048,1,1,1991,0,0,0,0,0,0,0,0,0,0
61048,2,1,1991,8,8,8,8,8,8,8,8,8,8
61049,0,1,1991,0,0,0,0,0,0,0,0,0,0
61049,0,2,1991,0,0,0,0,0,0,0,0,0,0
61049,0,3,1991,0,0,0,0,0,0,0,0,0,0
61049,1,1,1991,0,0,10,0,0,0,0,22,0,0
61049,2,1,1991,0,0,0,0,0,0,0,0,0,0
61050,0,1,1991,28,28,28,28,28,28,28,28,28,28
61050,1,1,1991,0,0,0,0,0,0,0,0,0,0
61051,0,1,1991,5,5,5,5,5,5,5,5,5,5
61051,0,2,1991,6,6,6,6,6,6,6,6,6,6
61051,0,3,1991,3,3,3,3,3,3,3,3,3,3
61051,0,5,1991,0,0,27,0,0,0,0,0,0,0
61051,1,1,1991,0,0,0,0,0,24,0,0,0,0
61052,0,1,1991,14,14,14,14,14,14,14,14,14,14
61052,1,1,1991,0,6,0,0,0,0,0,0,0,0
61053,1,1,1991,0,0,0,0,0,0,0,0,0,0
61054,0,1,1991,0,0,0,0,0,0,0,0,0,0
61054,1,1,1991,0,0,0,0,0,0,0,0,0,0
61055,1,1,1991,0,0,0,0,0,0,0,0,0,0
61055,2,1,1991,0,0,0,0,0,0,0,0,0,0
61056,1,1,1991,0,0,0,0,0,0,0,0,0,0
61056,2,1,1991,0,0,0,0,0,0,0,0,0,0
61057,0,1,1991,0,0,0,0,0,0,0,15,50,0
61057,1,1,1991,0,0,0,0,0,0,0,0,0,0
61058,1,1,1991,0,0,0,0,0,0,0,0,0,0
61058,2,1,1991,0,0,0,0,0,0,0,0,0,0
61059,0,1,1991,0,0,0,0,0,0,0,0,0,0
61059,1,1,1991,0,0,0,0,0,0,0,0,0,0
61060,1,1,1991,22,0,0,0,0,0,0,24,22,0
61061,0,1,1991,0,0,0,0,0,0,0,0,0,0
61061,1,1,1991,0,0,0,15,0,0,0,0,0,0
61062,1,1,1991,0,0,0,0,0,0,0,0,0,0
61063,0,1,1991,2,2,2,2,2,2,2,2,2,2
61063,1,1,1991,15,18,0,0,0,0,0,0,0,14
61064,1,1,1991,17,17,17,17,17,17,17,17,17,17
61065,0,1,1991,0,0,0,0,0,0,0,0,0,0
61065,1,1,1991,0,0,0,0,0,3,0,6,0,0
61066,1,1,1991,0,0,0,0,0,0,0,0,0,0
61067,1,1,1991,0,0,0,0,0,0,0,0,0,0
61068,1,1,1991,0,0,0,0,0,0,0,0,0,0
61068,2,1,1991,0,0,0,0,0,0,0,0,0,0
61069,1,1,1991,6,6,6,6,6,6,6,6,6,6
61070,0,1,1991,0,0,0,0,0,0,0,0,0,0
61070,1,1,1991,0,0,0,0,0,0,0,0,0,0
61071,1,1,1991,0,0,0,5,0,0,0,0,0,0
61071,2,1,1991,0,0,0,0,0,0,0,0,0,0
61072,1,1,1991,20,20,20,20,20,20,20,20,20,20
61072,2,1,1991,0,0,0,0,0,0,0,0,0,0
61073,1,1,1991,0,0,0,0,0,0,0,0,0,0
61073,2,1,1991,0,0,0,5,0,0,0,0,0,0
61074,1,1,1991,18,18,18,18,18,18,18,18,18,18
61074,2,1,1991,15,15,15,15,15,15,15,15,15,15
61075,0,1,1991,0,0,0,0,0,0,34,0,21,24
61075,1,1,1991,20,0,0,0,0,6,0,10,0,0
61076,0,1,1991,20,20,20,20,20,20,20,20,20,20
61076,0,2,1991,0,0,0,22,28,0,28,23,0,15
61076,1,1,1991,8,8,8,8,8,8,8,8,8,8
61077,0,1,1991,0,0,0,0,0,0,0,0,0,0
61077,1,1,1991,0,8,0,0,21,0,0,21,0,0
61078,1,1,1991,3,3,3,3,3,3,3,3,3,3
61079,1,1,1991,0,0,0,0,0,0,0,0,0,0
61079,2,1,1991,0,0,0,0,0,5,0,0,0,0
61080,1,1,1991,0,0,0,0,0,0,0,0,0,0
61080,2,1,1991,0,0,0,0,0,0,0,0,0,0
61081,1,1,1991,0,0,0,0,0,0,0,0,0,0
61081,2,1,1991,0,0,0,0,0,0,0,0,0,0
61082,1,1,1991,47,47,47,47,47,47,47,47,47,47
61083,1,1,1991,14,14,14,14,14,14,14,14,14,14
61084,1,1,1991,14,14,14,14,14,14,14,14,14,14
61085,1,1,1991,0,0,0,0,0,0,0,0,0,0
61085,2,1,1991,0,0,0,0,0,0,0,0,0,0
61086,1,1,1991,0,0,0,0,0,0,0,0,0,0
61087,1,1,1991,15,15,15,15,15,15,15,15,15,15
61087,2,1,1991,0,0,0,0,0,0,12,0,0,0
61088,0,1,1991,0,0,0,0,0,0,0,0,0,0
61088,1,1,1991,0,0,0,0,0,11,0,0,0,0
61089,1,1,1991,0,0,0,0,23,0,0,0,0,0
61089,2,1,1991,0,0,0,0,0,0,0,0,0,0
61089,3,1,1991,0,10,0,0,0,0,0,0,0,0
61089,4,1,1991,0,0,0,0,7,0,20,0,0,0
61089,5,1,1991,9,0,0,0,0,0,0,0,0,0
61089,6,1,1991,0,0,0,0,0,0,0,0,0,0
61090,0,1,1991,35,35,35,35,35,35,35,35,35,35
61090,1,1,1991,0,0,0,0,0,0,0,0,0,0
61091,0,1,1991,20,20,20,20,20,20,20,20,20,20
61091,0,2,1991,29,29,29,29,29,29,29,29,29,29
61091,1,1,1991,0,0,0,0,0,0,0,0,0,0
61092,1,1,1991,0,0,0,0,0,0,0,0,0,0
61092,2,1,1991,0,0,0,0,0,0,0,0,0,0
61092,3,1,1991,0,0,0,0,0,0,0,0,0,0
61092,4,1,1991,0,0,0,0,0,0,0,0,0,0
61092,5,1,1991,0,0,0,0,0,0,0,0,0,0
61092,6,1,1991,0,0,0,0,0,0,0,0,0,0
61092,7,1,1991,0,0,0,0,0,0,0,0,0,0
61092,8,1,1991,0,0,0,0,0,0,0,0,0,0
61092,9,1,1991,0,0,0,0,0,0,0,0,0,0
61092,10,1,1991,0,0,0,0,0,0,0,9,0,0
61092,11,1,1991,0,0,0,0,0,7,0,0,0,0
61093,1,1,1991,13,13,13,13,13,13,13,13,13,13
61094,1,1,1991,0,0,0,0,0,0,0,0,0,0
61094,2,1,1991,0,0,0,0,0,0,0,0,0,0
61095,1,1,1991,0,0,0,0,0,0,0,0,0,0
61095,2,1,1991,0,0,0,0,0,0,0,0,0,0
61096,1,1,1991,0,0,0,0,0,0,0,0,0,0
61097,1,1,1991,0,0,0,0,0,0,0,0,0,0
61098,0,1,1991,13,26,13,27,32,25,31,30,37,8
61098,1,1,1991,0,0,0,0,8,0,7,20,10,5
61099,1,1,1991,0,0,0,0,0,0,0,0,0,0
61100,1,1,1991,30,30,30,30,30,30,30,30,30,30
61100,2,1,1991,0,0,0,0,0,0,0,0,0,0
61101,0,1,1991,0,0,20,0,0,0,0,0,0,8
61101,1,1,1991,0,0,0,0,0,0,0,0,0,0
61102,1,1,1991,0,0,0,0,0,0,0,0,0,0
61103,1,1,1991,20,20,20,20,20,20,20,20,20,20
61103,2,1,1991,0,0,0,0,0,0,0,0,0,0
61104,1,1,1991,14,14,14,14,14,14,14,14,14,14
61104,2,1,1991,0,0,0,0,0,0,0,0,0,0
61105,1,1,1991,11,11,11,11,11,11,11,11,11,11
61106,1,1,1991,9,9,9,9,9,9,9,9,9,9
61106,2,1,1991,7,7,7,7,7,7,7,7,7,7
61106,3,1,1991,0,0,22,8,0,0,11,0,0,0
61106,4,1,1991,0,0,0,0,0,0,0,0,0,0
61107,1,1,1991,11,11,11,11,11,11,11,11,11,11
61108,1,1,1991,18,18,18,18,18,18,18,18,18,18
61109,1,1,1991,17,17,17,17,17,17,17,17,17,17
61110,1,1,1991,17,17,17,17,17,17,17,17,17,17
61111,1,1,1991,21,21,21,21,21,21,21,21,21,21
61112,1,1,1991,19,19,19,19,19,19,19,19,19,19
61112,2,1,1991,0,0,13,23,15,12,10,0,0,0
61113,1,1,1991,0,0,0,0,0,0,0,0,0,0
61113,2,1,1991,0,0,0,0,0,0,0,0,0,0
61113,3,1,1991,0,0,0,0,0,0,0,0,0,0
61114,1,1,1991,19,19,19,19,19,19,19,19,19,19
61115,1,1,1991,0,0,0,0,0,0,0,0,0,0
61116,0,1,1991,10,10,10,10,10,10,10,10,10,10
61116,1,1,1991,0,0,0,2,0,5,17,13,22,0
61116,2,1,1991,0,0,0,13,0,0,6,6,0,0
61116,3,1,1991,0,13,0,0,0,21,0,24,0,0
61117,1,1,1991,0,0,0,0,0,0,0,0,0,0
61117,2,1,1991,0,0,0,26,0,0,0,0,0,0
61118,1,1,1991,7,7,7,7,7,7,7,7,7,7
61119,1,1,1991,7,7,7,7,7,7,7,7,7,7
61119,2,1,1991,0,0,0,0,0,0,0,0,0,0
61120,1,1,1991,0,0,0,0,0,0,0,0,0,0
61121,1,1,1991,16,16,9,7,0,10,13,14,21,0
61122,1,1,1991,0,0,0,0,0,0,0,0,0,0
61123,1,1,1991,9,9,9,9,9,9,9,9,9,9
61123,2,1,1991,0,0,0,0,0,22,0,0,0,0
61124,1,1,1991,20,20,20,20,20,20,20,20,20,20
61124,2,1,1991,0,0,0,0,10,19,0,0,0,0
61124,3,1,1991,0,0,0,0,0,0,0,0,0,0
61125,0,1,1991,0,0,0,0,0,0,0,0,0,0
61125,1,1,1991,0,0,0,0,0,0,0,0,0,0
61126,0,1,1991,0,0,0,0,0,0,0,0,0,0
61126,1,1,1991,0,0,0,0,0,0,0,0,0,0
61127,0,1,1991,5,5,5,5,5,5,5,5,5,5
61127,1,1,1991,0,0,0,0,0,0,0,0,0,14
61128,1,1,1991,13,13,13,13,13,13,13,13,13,13
61129,1,1,1991,20,20,20,20,20,20,20,20,20,20
61129,2,1,1991,0,0,0,0,0,0,0,0,0,0
61130,1,1,1991,9,9,9,9,9,9,9,9,9,9
61131,0,1,1991,21,21,21,21,21,21,21,21,21,21
61131,1,1,1991,0,0,0,0,0,0,0,0,0,0
61132,1,1,1991,0,0,0,0,0,0,0,0,0,0
61132,2,1,1991,13,13,13,13,13,13,13,13,13,13
61133,1,1,1991,0,0,0,0,0,0,0,0,0,0
61134,0,1,1991,0,0,0,0,0,0,0,12,0,0
61134,0,2,1991,0,0,12,0,27,14,0,8,0,0
61134,0,3,1991,14,0,0,0,0,0,0,23,0,0
61134,1,1,1991,0,0,0,0,0,0,0,0,0,0
61134,2,1,1991,0,0,0,0,0,0,0,0,0,0
61135,1,1,1991,0,0,0,0,0,13,0,0,0,0
61136,1,1,1991,6,6,6,6,6,6,6,6,6,6
61137,0,1,1991,0,0,0,0,0,0,0,0,0,0
61137,1,1,1991,0,0,0,0,0,0,0,0,0,0
61137,2,1,1991,0,0,0,0,0,14,0,0,0,0
61138,1,1,1991,0,0,0,0,0,0,0,0,0,0
61139,1,1,1991,6,6,6,6,6,6,6,6,6,6
61140,1,1,1991,31,31,31,31,31,31,31,31,31,31
61140,2,1,1991,0,0,0,0,0,0,0,0,0,0
61141,1,1,1991,23,23,23,23,23,23,23,23,23,23
61142,1,1,1991,0,0,0,0,0,0,0,10,0,0
61142,2,1,1991,0,0,0,0,0,0,0,0,0,0
61142,3,1,1991,0,0,0,0,0,0,0,0,0,0
61143,0,1,1991,21,21,21,21,21,21,21,21,21,21
61143,1,1,1991,0,0,0,0,0,0,0,0,8,0
61144,1,1,1991,21,21,21,21,21,21,21,21,21,21
61145,1,1,1991,0,0,0,0,0,0,0,0,0,0
61145,2,1,1991,0,0,0,0,0,0,0,0,0,0
61146,1,1,1991,0,0,0,0,0,0,0,0,0,15
61146,2,1,1991,9,9,9,9,9,9,9,9,9,9
61147,1,1,1991,0,0,0,0,0,0,0,0,0,0
61148,1,1,1991,10,10,10,10,10,10,10,10,10,10
61149,1,1,1991,0,10,0,0,0,0,0,0,0,2
61149,2,1,1991,0,0,0,0,0,0,0,0,0,0
61150,1,1,1991,30,30,30,30,30,30,30,30,30,30
61151,1,1,1991,17,17,17,17,17,17,17,17,17,17
61151,2,1,1991,0,0,0,0,0,0,0,0,0,0
61152,1,1,1991,0,0,0,0,0,0,0,0,0,0
61152,2,1,1991,0,0,0,0,0,0,0,0,0,0
61153,1,1,1991,25,25,25,25,25,25,25,25,25,25
61154,1,1,1991,23,23,23,23,23,23,23,23,23,23
61155,1,1,1991,0,0,0,0,0,0,0,0,0,0
61155,2,1,1991,0,0,0,0,0,0,0,0,0,0
61155,3,1,1991,8,0,0,0,0,0,0,0,0,0
61156,1,1,1991,31,31,31,31,31,31,31,31,31,31
61157,1,1,1991,22,22,22,22,22,22,22,22,22,22
61158,1,1,1991,0,0,0,0,0,0,0,0,0,0
61158,2,1,1991,0,0,0,0,0,0,0,0,0,0
61159,0,1,1991,0,0,0,0,0,0,0,0,0,0
61159,0,2,1991,0,0,0,0,0,0,0,9,0,0
61159,1,1,1991,0,0,0,0,0,0,0,0,0,0
61159,2,1,1991,0,0,0,0,0,0,0,0,0,0
61160,1,1,1991,11,11,11,11,11,11,11,11,11,11
61161,0,1,1991,0,0,0,0,0,0,0,0,0,0
61161,1,1,1991,0,0,0,0,0,0,0,0,0,0
61162,1,1,1991,0,0,0,0,0,0,0,0,0,0
61162,2,1,1991,0,0,0,16,0,0,0,0,0,0
61163,1,1,1991,0,0,0,0,0,0,0,0,0,0
61163,2,1,1991,0,0,0,0,0,0,0,0,0,0
61164,1,1,1991,28,28,28,28,28,28,28,28,28,28
61165,1,1,1991,19,19,19,19,19,19,19,19,19,19
61166,1,1,1991,0,0,0,0,0,0,0,0,0,0
61167,1,1,1991,0,0,0,0,0,0,0,0,0,0
61168,1,1,1991,17,17,17,17,17,17,17,17,17,17
61168,2,1,1991,0,0,0,0,0,0,0,0,0,0
61169,0,1,1991,0,0,0,0,0,0,0,0,0,0
61169,1,1,1991,0,0,0,0,0,0,0,0,0,0
61170,0,1,1991,0,0,0,0,0,0,0,0,0,0
61170,1,1,1991,0,0,0,0,0,0,0,0,0,0
61171,1,1,1991,0,0,0,0,0,0,0,0,0,0
61171,2,1,1991,0,0,0,0,0,0,0,0,0,0
61172,0,1,1991,0,0,0,0,0,0,0,0,0,0
61173,1,1,1991,0,0,0,0,0,0,0,0,0,0
61174,1,1,1991,0,0,0,0,0,0,0,0,0,0
61175,1,1,1991,0,0,0,0,0,0,0,0,0,0
61176,1,1,1991,19,19,19,19,19,19,19,19,19,19
61176,2,1,1991,10,10,10,10,10,10,10,10,10,10
61177,1,1,1991,23,23,23,23,23,23,23,23,23,23
61178,0,1,1991,22,22,22,22,22,22,22,22,22,22
61178,1,1,1991,0,12,13,5,0,0,8,0,11,22
61179,0,1,1991,34,34,34,34,34,34,34,34,34,34
61179,1,1,1991,0,0,0,0,0,0,0,0,0,0
61180,0,1,1991,27,27,27,27,27,27,27,27,27,27
61180,1,1,1991,0,0,0,12,0,0,0,0,0,0
61180,2,1,1991,24,0,0,0,0,0,0,0,0,0
61181,1,1,1991,0,0,0,0,0,0,0,0,0,0
61181,2,1,1991,0,0,0,0,0,0,0,0,0,0
61182,1,1,1991,13,0,0,0,0,7,0,0,0,0
61182,2,1,1991,0,0,0,0,0,0,0,6,0,0
61182,3,1,1991,0,0,0,0,0,0,0,0,0,0
61182,4,1,1991,0,0,0,0,0,0,0,0,32,0
61183,1,1,1991,0,0,0,0,0,0,0,0,0,0
61184,1,1,1991,0,0,0,0,0,0,0,0,0,0
61185,1,1,1991,0,0,0,0,0,0,0,0,0,0
61185,2,1,1991,0,0,0,0,0,0,0,0,0,0
61186,1,1,1991,0,0,0,0,0,15,0,0,0,0
61186,2,1,1991,0,0,0,0,0,0,0,0,0,0
61187,1,1,1991,0,0,0,0,0,0,0,0,0,0
61187,2,1,1991,0,0,0,7,0,0,0,0,0,0
61187,3,1,1991,0,0,0,0,0,0,0,0,0,0
61187,4,1,1991,0,0,0,0,0,0,0,0,0,0
61187,5,1,1991,0,0,0,0,0,0,0,0,0,0
61187,6,1,1991,0,0,0,0,0,0,0,0,0,0
61187,7,1,1991,0,0,0,0,0,0,0,0,0,0
61187,8,1,1991,0,0,0,0,0,0,0,0,0,0
61187,9,1,1991,0,0,0,0,0,0,0,0,0,0
61188,1,1,1991,21,21,21,21,21,21,21,21,21,21
61188,2,1,1991,0,0,0,0,0,0,0,0,0,0
61188,3,1,1991,6,0,0,0,0,0,0,0,0,0
61189,1,1,1991,0,0,0,0,0,0,0,0,0,0
61190,1,1,1991,0,0,0,0,0,0,0,0,0,0
61191,1,1,1991,0,0,0,0,0,0,0,0,0,0
61191,2,1,1991,0,0,0,0,0,0,0,0,0,0
61192,1,1,1991,0,0,0,0,0,0,0,0,0,0
61192,2,1,1991,0,0,0,0,0,0,0,0,0,0
61192,3,1,1991,0,0,0,0,0,0,0,0,0,0
61193,1,1,1991,0,0,0,0,0,0,0,0,0,0
61194,1,1,1991,0,0,0,0,0,0,0,0,0,0
61195,1,1,1991,0,0,0,0,0,0,0,0,0,0
61195,2,1,1991,0,0,0,0,0,0,0,0,0,0
61196,1,1,1991,0,0,0,0,0,0,0,0,0,0
61197,0,1,1991,0,0,0,0,0,0,0,0,0,0
61197,1,1,1991,0,0,0,0,0,0,0,0,0,0
61198,1,1,1991,0,0,0,0,0,0,0,0,0,0
61199,1,1,1991,16,16,16,16,16,16,16,16,16,16
61200,1,1,1991,9,9,9,9,9,9,9,9,9,9
61200,2,1,1991,16,0,23,0,12,9,0,0,25,0
61201,0,1,1991,14,14,14,14,14,14,14,14,14,14
61201,1,1,1991,0,0,0,0,0,0,0,0,0,0
61201,2,1,1991,0,0,0,0,0,0,0,0,0,0
61202,1,1,1991,0,0,0,0,0,0,0,0,0,0
61203,0,1,1991,0,0,0,0,0,0,0,0,0,0
61203,1,1,1991,23,23,23,23,23,23,23,23,23,23
61204,1,1,1991,0,0,0,0,0,0,0,0,0,0
61204,2,1,1991,0,0,0,0,0,0,0,0,0,0
61204,3,1,1991,0,0,0,0,0,0,0,0,0,0
61205,0,1,1991,0,0,0,0,0,0,0,0,0,0
61205,1,1,1991,0,0,0,0,0,0,0,0,0,0
61206,1,1,1991,0,0,0,0,0,0,0,0,0,0
61207,1,1,1991,21,21,21,21,21,21,21,21,21,21
61207,2,1,1991,0,0,0,0,0,0,0,0,0,0
61207,3,1,1991,0,0,0,0,0,0,0,0,0,0
61208,1,1,1991,10,10,10,10,10,10,10,10,10,10
61208,2,1,1991,2,2,2,2,2,2,2,2,2,2
61209,0,1,1991,3,3,3,3,3,3,3,3,3,3
61209,1,1,1991,0,0,0,0,0,0,0,0,0,0
61210,1,1,1991,18,18,18,18,18,18,18,18,18,18
61211,1,1,1991,0,0,0,0,0,0,0,0,0,0
61211,2,1,1991,0,0,0,0,0,0,0,0,0,7
61212,1,1,1991,30,30,30,30,30,30,30,30,30,30
61213,1,1,1991,7,7,7,7,7,7,7,7,7,7
61213,2,1,1991,0,0,0,0,0,0,0,0,0,0
61214,0,1,1991,33,33,33,33,33,33,33,33,33,33
61214,1,1,1991,0,0,0,0,0,0,0,0,0,0
61215,1,1,1991,11,11,11,11,11,11,11,11,11,11
61216,1,1,1991,0,0,0,0,0,0,0,0,0,0
61216,2,1,1991,16,10,18,12,17,5,19,17,19,13
61217,0,1,1991,0,0,0,0,0,0,0,0,0,0
61217,1,1,1991,0,0,0,0,0,0,0,0,0,0
61218,1,1,1991,0,0,0,0,0,0,0,0,0,0
61218,2,1,1991,0,0,0,0,0,0,0,0,0,0
61218,3,1,1991,0,0,0,0,0,0,0,0,0,0
61219,1,1,1991,11,11,11,11,11,11,11,11,11,11
61220,1,1,1991,0,0,0,0,0,0,0,0,0,0
61221,1,1,1991,0,0,0,0,0,0,0,0,0,0
61221,2,1,1991,3,3,3,3,3,3,3,3,3,3
61222,1,1,1991,25,25,25,25,25,25,25,25,25,25
61223,1,1,1991,0,0,0,0,0,0,0,0,0,0
61223,2,1,1991,0,0,0,0,0,0,0,0,0,0
61223,3,1,1991,0,0,0,0,0,0,0,0,0,28
61224,1,1,1991,0,0,0,0,0,0,0,0,0,0
61224,2,1,1991,0,0,0,0,0,0,0,0,0,0
61225,1,1,1991,9,9,9,9,9,9,9,9,9,9
61225,2,1,1991,0,0,0,0,24,0,0,0,0,0
61226,1,1,1991,0,0,0,0,0,0,0,0,0,0
61227,1,1,1991,0,0,0,0,0,0,8,0,23,0
61228,1,1,1991,24,0,0,20,0,0,0,6,17,15
61229,1,1,1991,16,16,16,16,16,16,16,16,16,16
61229,2,1,1991,0,0,0,0,0,0,0,0,0,0
61230,1,1,1991,24,24,24,24,24,24,24,24,24,24
61230,2,1,1991,0,0,0,0,0,0,0,0,0,0
61231,1,1,1991,21,21,21,21,21,21,21,21,21,21
61232,1,1,1991,5,5,5,5,5,5,5,5,5,5
61233,1,1,1991,15,15,15,15,15,15,15,15,15,15
61233,2,1,1991,0,0,0,0,0,0,0,0,0,0
61234,0,1,1991,0,0,0,0,0,0,0,0,0,0
61234,1,1,1991,0,0,0,0,0,13,0,5,11,2
61235,0,1,1991,0,0,0,0,0,0,0,0,0,0
61235,0,2,1991,0,0,4,0,26,9,14,14,0,20
61235,1,1,1991,20,16,0,17,0,14,27,0,16,0
61236,0,1,1991,0,0,0,0,0,0,0,0,0,0
61236,1,1,1991,11,0,0,0,21,4,0,0,0,0
61237,0,1,1991,18,18,18,18,18,18,18,18,18,18
61237,1,1,1991,0,0,0,0,0,0,0,0,0,12
61238,1,1,1991,30,30,30,30,30,30,30,30,30,30
61238,2,1,1991,0,0,0,0,0,0,0,0,0,0
61239,1,1,1991,0,0,0,0,0,0,0,0,0,0
61239,2,1,1991,0,0,0,0,0,0,0,0,0,0
61240,1,1,1991,0,0,0,0,0,0,0,0,0,0
61241,1,1,1991,21,21,21,21,21,21,21,21,21,21
61242,0,1,1991,22,22,22,22,22,22,22,22,22,22
61242,1,1,1991,0,0,0,0,0,0,0,0,0,0
61243,1,1,1991,15,15,15,15,15,15,15,15,15,15
61243,2,1,1991,6,6,6,6,6,6,6,6,6,6
61244,1,1,1991,23,23,23,23,23,23,23,23,23,23
61244,2,1,1991,0,0,0,0,0,0,0,0,0,0
61245,1,1,1991,0,0,0,0,0,0,0,0,0,0
61246,1,1,1991,0,0,0,0,0,0,0,0,0,0
61247,1,1,1991,0,0,0,0,0,0,0,0,0,0
61247,2,1,1991,0,0,0,0,0,0,0,0,0,0
61248,1,1,1991,0,0,0,20,0,0,0,0,0,15
61249,1,1,1991,0,0,0,0,0,0,0,0,0,0
61249,2,1,1991,0,0,0,0,0,0,0,0,0,0
61250,1,1,1991,0,0,0,0,0,0,0,0,0,0
61251,1,1,1991,2,2,2,2,2,2,2,2,2,2
61252,1,1,1991,0,0,0,0,0,0,0,0,0,0
61253,1,1,1991,0,0,0,0,0,0,0,0,0,0
61253,2,1,1991,25,25,25,25,25,25,25,25,25,25
61254,1,1,1991,14,14,14,14,14,14,14,14,14,14
61255,1,1,1991,0,0,0,0,0,0,0,0,0,0
61255,2,1,1991,0,0,0,0,0,0,0,0,0,0
61256,1,1,1991,22,22,22,22,22,22,22,22,22,22
61257,1,1,1991,15,15,15,15,15,15,15,15,15,15
61258,1,1,1991,5,5,5,5,5,5,5,5,5,5
61259,1,1,1991,11,11,11,11,11,11,11,11,11,11
61259,2,1,1991,0,0,0,0,0,0,0,0,0,0
61260,1,1,1991,0,0,0,0,0,0,0,0,0,0
61260,2,1,1991,0,0,30,0,14,0,0,0,0,0
61261,0,1,1991,0,0,0,24,0,0,0,15,9,33
61261,1,1,1991,0,0,0,0,0,0,0,0,0,0
61262,1,1,1991,7,7,7,7,7,7,7,7,7,7
61263,0,1,1991,19,19,19,19,19,19,19,19,19,19
61263,1,1,1991,0,0,0,13,11,6,0,14,0,0
61264,0,1,1991,0,0,0,0,0,0,0,0,0,0
61264,1,1,1991,0,0,0,0,0,0,0,0,0,0
61265,1,1,1991,4,4,4,4,4,4,4,4,4,4
61265,2,1,1991,0,0,0,0,0,0,0,0,0,0
61265,3,1,1991,0,0,0,0,0,0,0,0,0,0
61266,1,1,1991,0,0,0,0,0,0,0,0,0,0
61267,1,1,1991,0,0,0,0,0,0,0,0,0,0
61267,2,1,1991,0,0,0,0,0,0,0,0,13,0
61268,1,1,1991,24,24,24,24,24,24,24,24,24,24
61269,1,1,1991,29,29,29,29,29,29,29,29,29,29
61270,1,1,1991,18,18,18,18,18,18,18,18,18,18
61270,2,1,1991,0,0,0,0,0,0,0,0,0,0
61271,1,1,1991,6,6,6,6,6,6,6,6,6,6
61272,1,1,1991,0,0,0,0,0,15,0,0,0,0
61273,1,1,1991,0,0,0,0,0,0,0,0,0,0
61273,2,1,1991,0,0,0,0,0,0,0,0,0,0
61274,1,1,1991,0,0,0,0,0,0,0,0,0,0
61274,2,1,1991,0,0,0,0,0,0,0,0,0,0
61275,1,1,1991,12,17,13,19,8,3,8,15,3,23
61276,1,1,1991,27,27,27,27,27,27,27,27,27,27
61277,1,1,1991,9,9,9,9,9,9,9,9,9,9
61278,1,1,1991,9,23,11,15,7,21,0,3,24,18
61278,2,1,1991,0,0,0,0,0,0,0,0,0,0
61279,0,1,1991,24,24,24,24,24,24,24,24,24,24
61279,1,1,1991,0,0,0,0,0,0,0,0,0,20
61280,1,1,1991,0,0,0,0,0,0,0,0,0,0
61280,2,1,1991,0,0,0,0,0,0,0,0,0,0
61281,0,1,1991,0,0,0,0,0,0,0,0,0,0
61281,1,1,1991,0,0,0,0,0,0,0,0,0,0
61282,1,1,1991,0,0,0,0,0,0,0,0,0,0
61282,2,1,1991,7,7,7,7,7,7,7,7,7,7
61283,1,1,1991,0,0,0,0,0,0,0,0,0,0
61283,2,1,1991,0,0,0,0,0,0,0,0,0,0
61284,1,1,1991,0,0,0,0,0,0,0,0,0,0
61284,2,1,1991,0,0,0,0,0,0,0,0,0,13
61285,0,1,1991,0,0,0,0,0,0,0,0,0,0
61285,1,1,1991,0,0,0,0,0,0,0,0,0,0
61286,1,1,1991,0,0,0,0,0,0,0,0,0,0
61286,2,1,1991,0,0,33,0,0,0,0,0,0,0
61286,3,1,1991,0,0,0,0,0,0,0,0,0,0
61286,4,1,1991,0,0,0,0,0,0,0,0,0,0
61287,1,1,1991,0,0,0,0,0,0,0,0,0,0
61287,2,1,1991,0,0,0,0,0,0,0,0,0,0
61288,1,1,1991,15,15,15,15,15,15,15,15,15,15
61289,1,1,1991,15,15,15,15,15,15,15,15,15,15
61289,2,1,1991,0,0,0,0,0,15,0,0,0,0
61289,3,1,1991,0,0,0,0,0,0,0,0,0,0