ST_CASE,VEH_NO,PER_NO,YEAR,P1,P2,P3,P4,P5,P6,P7,P8,P9,P10
61290,1,1,1991,6,6,6,6,6,6,6,6,6,6
61291,1,1,1991,0,0,0,0,0,9,0,0,0,0
61292,0,1,1991,0,0,0,0,0,0,0,0,0,0
61292,0,2,1991,0,0,0,0,0,0,0,0,0,0
61292,1,1,1991,9,0,0,0,0,0,0,0,0,0
61293,1,1,1991,15,15,15,15,15,15,15,15,15,15
61294,0,1,1991,30,30,30,30,30,30,30,30,30,30
61294,1,1,1991,0,0,0,0,0,0,0,0,0,0
61295,1,1,1991,0,0,0,0,0,0,0,0,0,0
61296,1,1,1991,0,0,0,0,0,0,0,0,0,0
61297,0,1,1991,27,27,27,27,27,27,27,27,27,27
61297,1,1,1991,0,0,0,0,0,0,0,0,0,0
61298,0,1,1991,27,27,27,27,27,27,27,27,27,27
61298,1,1,1991,0,0,0,0,0,0,0,0,0,0
61299,1,1,1991,0,0,0,0,0,0,0,0,0,0
61299,2,1,1991,0,0,0,0,0,0,0,0,0,0
61300,1,1,1991,12,12,12,12,12,12,12,12,12,12
61300,2,1,1991,11,11,11,11,11,11,11,11,11,11
61301,1,1,1991,9,0,18,0,0,0,0,0,17,0
61301,2,1,1991,0,26,10,0,17,23,0,0,0,13
61301,3,1,1991,0,0,0,0,0,0,0,0,0,0
61302,1,1,1991,0,0,0,0,0,0,15,0,0,0
61303,1,1,1991,0,0,0,0,0,0,0,0,0,0
61303,2,1,1991,28,4,9,0,0,0,28,0,0,0
61304,1,1,1991,0,0,0,0,0,0,0,0,0,0
61305,1,1,1991,0,0,0,0,0,0,0,0,0,0
61305,2,1,1991,0,0,0,0,0,0,0,0,0,0
61305,3,1,1991,0,0,0,0,0,0,0,0,0,0
61305,4,1,1991,0,0,0,0,0,0,0,0,0,0
61306,1,1,1991,0,0,0,0,0,0,0,0,0,0
61307,0,1,1991,0,0,0,0,0,0,0,0,0,0
61307,1,1,1991,0,0,0,0,0,0,0,0,0,0
61308,1,1,1991,0,0,0,0,0,0,0,0,0,0
61309,1,1,1991,6,6,6,6,6,6,6,6,6,6
61309,2,1,1991,0,0,0,0,0,0,0,0,0,0
61310,1,1,1991,0,0,0,0,0,0,0,0,0,0
61311,1,1,1991,0,30,0,0,25,0,0,0,0,0
61312,1,1,1991,16,16,16,16,16,16,16,16,16,16
61313,1,1,1991,0,0,0,0,0,0,0,0,0,0
61313,2,1,1991,26,26,26,26,26,26,26,26,26,26
61314,0,1,1991,29,29,29,29,29,29,29,29,29,29
61314,1,1,1991,0,0,36,0,0,0,0,0,0,0
61315,1,1,1991,8,8,8,8,8,8,8,8,8,8
61316,1,1,1991,2,2,2,2,2,2,2,2,2,2
61317,1,1,1991,0,0,0,0,0,0,0,0,0,0
61317,2,1,1991,0,0,0,0,0,0,0,0,0,0
61318,1,1,1991,19,19,19,19,19,19,19,19,19,19
61319,0,1,1991,25,25,25,25,25,25,25,25,25,25
61319,1,1,1991,5,0,0,10,0,0,5,0,0,0
61320,0,1,1991,20,20,20,20,20,20,20,20,20,20
61320,1,1,1991,23,23,23,23,23,23,23,23,23,23
61321,1,1,1991,4,7,5,14,15,19,0,8,13,8
61322,0,1,1991,0,0,0,0,0,0,0,0,0,0
61322,1,1,1991,22,11,0,3,7,4,10,0,18,0
61323,1,1,1991,0,0,0,0,0,0,0,0,0,0
61324,1,1,1991,0,0,0,0,0,0,0,14,0,0
61325,1,1,1991,0,0,0,0,0,0,0,0,0,0
61325,2,1,1991,0,0,0,0,0,0,0,0,0,0
61326,1,1,1991,0,0,0,0,0,0,0,0,0,0
61326,2,1,1991,0,0,0,0,0,0,0,0,0,0
61326,3,1,1991,0,0,0,0,0,0,0,0,0,0
61327,1,1,1991,0,0,0,0,0,0,0,0,0,0
61328,1,1,1991,0,0,0,0,0,0,0,0,0,0
61329,1,1,1991,0,0,0,0,0,0,0,0,0,0
61329,2,1,1991,0,0,0,0,0,0,0,0,0,0
61330,1,1,1991,7,7,7,7,7,7,7,7,7,7
61330,2,1,1991,17,17,17,17,17,17,17,17,17,17
61331,1,1,1991,13,13,13,13,13,13,13,13,13,13
61332,1,1,1991,0,0,0,0,0,0,0,0,0,0
61333,1,1,1991,0,0,0,0,0,0,0,0,0,0
61334,1,1,1991,14,14,14,14,14,14,14,14,14,14
61335,1,1,1991,30,30,30,30,30,30,30,30,30,30
61336,1,1,1991,16,16,16,16,16,16,16,16,16,16
61336,2,1,1991,0,0,0,0,0,0,0,0,0,0
61337,1,1,1991,38,38,38,38,38,38,38,38,38,38
61338,0,1,1991,24,24,24,24,24,24,24,24,24,24
61338,1,1,1991,0,0,0,0,0,0,0,0,0,0
61339,0,1,1991,0,0,0,0,0,0,0,0,0,0
61339,1,1,1991,0,0,0,0,0,0,0,0,0,0
61340,1,1,1991,0,0,0,0,0,0,0,14,0,0
61340,2,1,1991,0,0,0,0,0,0,0,0,0,0
61341,1,1,1991,0,0,0,0,0,0,0,0,0,0
61341,2,1,1991,8,0,11,0,0,17,0,21,0,18
61342,1,1,1991,0,0,0,0,0,0,0,0,0,0
61343,1,1,1991,0,0,0,0,0,0,0,0,0,0
61344,0,1,1991,0,0,0,0,0,0,0,0,0,0
61344,1,1,1991,21,21,21,21,21,21,21,21,21,21
61345,1,1,1991,0,0,0,0,0,0,0,0,0,0
61346,1,1,1991,24,24,24,24,24,24,24,24,24,24
61346,2,1,1991,0,0,0,0,0,0,0,0,0,0
61347,1,1,1991,18,18,18,18,18,18,18,18,18,18
61348,1,1,1991,0,0,0,0,0,0,0,0,0,0
61348,2,1,1991,0,0,0,0,0,0,0,0,0,0
61348,3,1,1991,0,0,17,0,0,0,0,0,0,0
61349,1,1,1991,0,0,0,0,0,0,0,0,0,0
61350,0,1,1991,0,0,0,0,0,0,0,0,0,0
61350,1,1,1991,0,0,0,0,0,0,0,0,0,0
61351,0,1,1991,0,0,0,0,0,0,0,0,0,0
61351,1,1,1991,0,0,16,0,0,0,0,0,9,0
61352,1,1,1991,13,13,13,13,13,13,13,13,13,13
61353,0,1,1991,0,0,0,0,0,0,0,0,0,0
61353,1,1,1991,0,0,0,0,0,0,0,0,0,0
61354,1,1,1991,12,0,0,18,12,13,0,0,36,22
61355,1,1,1991,2,2,2,2,2,2,2,2,2,2
61356,1,1,1991,0,0,0,0,0,0,0,0,0,0
61356,2,1,1991,0,0,0,0,0,0,0,0,0,0
61357,0,1,1991,0,17,0,17,0,0,0,0,13,0
61357,0,2,1991,0,0,0,0,0,0,0,0,0,0
61357,1,1,1991,22,22,22,22,22,22,22,22,22,22
61358,1,1,1991,0,0,0,0,0,0,0,0,0,0
61358,2,1,1991,0,0,0,0,0,0,0,0,0,0
61359,1,1,1991,0,0,0,0,0,0,0,0,0,0
61360,1,1,1991,0,0,0,0,0,0,0,0,0,0
61361,1,1,1991,24,24,24,24,24,24,24,24,24,24
61361,2,1,1991,5,5,5,5,5,5,5,5,5,5
61362,1,1,1991,13,13,13,13,13,13,13,13,13,13
61362,2,1,1991,5,5,5,5,5,5,5,5,5,5
61363,1,1,1991,0,0,0,0,0,0,0,0,0,0
61363,2,1,1991,0,0,0,0,0,0,0,0,0,0
61363,3,1,1991,0,0,0,0,0,0,0,0,0,0
61363,4,1,1991,0,0,0,0,0,0,0,0,0,0
61364,0,1,1991,27,27,27,27,27,27,27,27,27,27
61364,1,1,1991,10,7,0,15,0,0,13,7,0,0
61364,2,1,1991,23,0,0,0,0,0,0,0,0,0
61365,2,1,1991,28,12,8,12,9,3,26,14,10,19
61365,3,1,1991,2,2,2,2,2,2,2,2,2,2
61366,1,1,1991,16,16,16,16,16,16,16,16,16,16
61366,2,1,1991,0,0,0,0,0,0,0,0,0,0
61367,0,1,1991,0,0,0,0,0,0,0,0,0,0
61367,0,2,1991,4,4,4,4,4,4,4,4,4,4
61367,1,1,1991,9,9,9,9,9,9,9,9,9,9
61368,1,1,1991,22,22,22,22,22,22,22,22,22,22
61369,1,1,1991,0,0,0,0,0,0,0,0,0,0
61370,1,1,1991,0,0,0,0,0,0,0,0,0,0
61371,1,1,1991,2,2,2,2,2,2,2,2,2,2
61371,2,1,1991,0,0,0,0,0,0,0,0,0,0
61372,1,1,1991,0,0,0,0,0,0,0,0,0,0
61372,2,1,1991,0,0,0,0,0,7,0,0,0,0
61373,1,1,1991,0,0,0,0,0,0,0,0,0,0
61374,1,1,1991,24,24,24,24,24,24,24,24,24,24
61374,2,1,1991,22,22,22,22,22,22,22,22,22,22
61375,1,1,1991,12,12,12,12,12,12,12,12,12,12
61376,1,1,1991,14,14,14,14,14,14,14,14,14,14
61377,0,1,1991,24,24,24,24,24,24,24,24,24,24
61377,1,1,1991,7,0,0,0,0,0,0,0,19,13
61378,1,1,1991,0,0,0,0,0,0,0,5,0,0
61378,2,1,1991,0,0,0,0,0,0,0,0,0,0
61379,1,1,1991,9,9,9,9,9,9,9,9,9,9
61380,1,1,1991,0,0,0,0,0,0,0,0,0,0
61380,2,1,1991,0,0,0,0,0,0,0,0,0,0
61381,1,1,1991,3,3,3,3,3,3,3,3,3,3
61382,1,1,1991,20,20,20,20,20,20,20,20,20,20
61383,1,1,1991,0,0,0,0,0,0,0,0,0,0
61383,2,1,1991,0,0,0,0,0,0,0,0,0,0
61384,1,1,1991,12,12,12,12,12,12,12,12,12,12
61385,1,1,1991,0,0,0,0,0,0,0,0,0,0
61385,2,1,1991,3,3,3,3,3,3,3,3,3,3
61386,1,1,1991,26,26,26,26,26,26,26,26,26,26
61387,1,1,1991,29,29,29,29,29,29,29,29,29,29
61388,0,1,1991,0,0,0,0,0,0,0,0,0,0
61388,1,1,1991,0,0,0,0,0,15,0,17,0,0
61389,1,1,1991,18,18,18,18,18,18,18,18,18,18
61389,2,1,1991,3,3,3,3,3,3,3,3,3,3
61390,1,1,1991,0,0,0,0,0,0,0,0,0,0
61390,2,1,1991,0,0,0,0,0,0,0,0,11,0
61390,3,1,1991,27,27,27,27,27,27,27,27,27,27
61390,4,1,1991,0,0,0,0,0,0,13,0,0,0
61391,1,1,1991,0,0,12,0,0,0,0,0,0,0
61392,1,1,1991,4,4,4,4,4,4,4,4,4,4
61393,1,1,1991,0,0,0,0,0,0,12,0,0,0
61393,2,1,1991,0,0,0,0,0,0,18,0,0,0
61394,1,1,1991,19,19,19,19,19,19,19,19,19,19
61395,1,1,1991,0,0,0,0,0,0,0,0,0,0
61395,2,1,1991,0,0,0,0,0,0,0,0,0,0
61396,1,1,1991,18,18,18,18,18,18,18,18,18,18
61397,1,1,1991,0,0,0,0,0,0,0,0,0,0
61398,1,1,1991,0,0,0,0,0,0,0,0,0,0
61398,2,1,1991,0,0,0,0,0,0,0,0,0,0
61398,3,1,1991,21,21,21,21,21,21,21,21,21,21
61399,1,1,1991,14,14,14,14,14,14,14,14,14,14
61400,0,1,1991,21,21,21,21,21,21,21,21,21,21
61400,1,1,1991,0,0,0,0,0,0,0,0,0,0
61401,1,1,1991,27,27,27,27,27,27,27,27,27,27
61402,1,1,1991,0,0,0,0,0,0,0,0,0,0
61403,1,1,1991,17,17,17,17,17,17,17,17,17,17
61403,2,1,1991,9,0,0,0,0,0,0,0,0,0
61403,3,1,1991,0,0,0,0,0,0,0,0,0,0
61404,1,1,1991,0,0,0,0,0,0,0,0,0,0
61404,2,1,1991,0,0,0,0,0,0,0,0,0,0
61405,1,1,1991,0,0,0,0,0,0,0,0,0,0
61405,2,1,1991,0,0,0,0,0,0,0,0,0,0
61405,3,1,1991,0,0,0,0,0,0,0,0,0,0
61406,1,1,1991,0,0,0,0,0,0,0,0,21,0
61406,2,1,1991,0,0,0,0,0,0,0,0,0,0
61407,1,1,1991,0,0,0,0,0,0,0,0,0,0
61407,2,1,1991,0,0,0,0,0,0,0,0,0,0
61407,3,1,1991,0,0,0,0,0,0,0,0,0,0
61408,1,1,1991,0,0,0,0,0,0,0,0,0,0
61408,2,1,1991,0,0,0,0,0,0,0,0,0,0
61408,3,1,1991,0,0,0,21,22,0,0,0,3,0
61409,1,1,1991,0,0,0,0,0,0,0,0,0,0
61410,1,1,1991,12,19,16,9,13,10,8,23,15,13
61411,1,1,1991,13,13,13,13,13,13,13,13,13,13
61412,0,1,1991,0,0,0,0,0,0,0,0,0,0
61412,1,1,1991,17,17,17,17,17,17,17,17,17,17
61413,1,1,1991,0,0,0,0,0,0,0,0,0,0
61414,0,1,1991,0,0,0,0,0,0,0,0,0,0
61414,1,1,1991,0,0,0,0,0,0,0,0,0,0
61415,1,1,1991,0,0,0,0,0,0,0,0,0,0
61416,1,1,1991,0,0,0,0,0,0,0,0,0,0
61417,0,1,1991,0,0,0,0,0,0,0,0,0,0
61417,1,1,1991,0,0,0,0,0,0,0,0,0,0
61418,0,1,1991,0,0,0,0,0,0,0,0,0,0
61418,1,1,1991,12,0,11,0,0,9,11,12,0,0
61419,1,1,1991,0,0,0,0,0,0,0,0,0,0
61420,1,1,1991,9,9,9,9,9,9,9,9,9,9
61421,1,1,1991,0,0,0,0,0,0,0,0,0,0
61422,1,1,1991,11,11,11,11,11,11,11,11,11,11
61423,1,1,1991,12,12,12,12,12,12,12,12,12,12
61424,1,1,1991,13,13,13,13,13,13,13,13,13,13
61424,2,1,1991,0,0,0,0,0,0,0,0,0,0
61425,1,1,1991,0,0,0,0,0,0,0,0,0,0
61425,2,1,1991,0,0,0,0,0,0,0,0,0,0
61425,3,1,1991,0,0,0,0,0,0,0,0,0,0
61426,1,1,1991,20,20,20,20,20,20,20,20,20,20
61427,1,1,1991,0,8,0,0,0,22,0,0,0,0
61427,2,1,1991,0,0,0,0,0,0,0,0,0,0
61428,1,1,1991,8,8,8,8,8,8,8,8,8,8
61428,2,1,1991,13,6,14,14,0,10,22,20,10,11
61429,1,1,1991,28,28,28,28,28,28,28,28,28,28
61430,1,1,1991,0,0,0,0,10,25,16,0,0,26
61431,1,1,1991,0,0,0,0,0,0,0,0,0,0
61431,2,1,1991,0,0,0,0,0,0,0,0,0,0
61431,3,1,1991,0,0,0,0,0,0,0,0,0,0
61432,1,1,1991,15,15,15,15,15,15,15,15,15,15
61432,2,1,1991,0,0,0,0,0,0,0,0,0,0
61433,1,1,1991,1,1,1,1,1,1,1,1,1,1
61433,2,1,1991,0,0,0,0,0,0,0,0,0,0
61434,0,1,1991,27,27,27,27,27,27,27,27,27,27
61434,1,1,1991,0,10,0,0,13,0,15,0,0,0
61434,2,1,1991,0,0,0,0,0,0,0,0,0,0
61435,1,1,1991,0,0,0,0,0,0,0,0,0,0
61435,2,1,1991,0,0,0,0,0,0,0,0,0,0
61436,1,1,1991,12,12,12,12,12,12,12,12,12,12
61436,2,1,1991,0,0,0,0,0,0,0,19,0,0
61437,1,1,1991,0,0,0,0,0,0,0,0,0,0
61437,2,1,1991,0,0,0,0,0,0,0,0,0,0
61438,1,1,1991,12,12,12,12,12,12,12,12,12,12
61438,2,1,1991,0,0,0,5,0,0,0,0,0,0
61439,1,1,1991,0,0,0,0,0,0,0,0,0,0
61439,2,1,1991,0,0,0,0,0,0,0,0,0,0
61440,0,1,1991,0,0,0,0,0,0,0,0,0,0
61440,1,1,1991,0,0,0,0,0,0,0,0,0,0
61440,2,1,1991,0,0,0,0,0,0,0,0,0,0
61441,1,1,1991,0,0,0,0,0,0,0,0,0,0
61442,0,1,1991,0,0,0,0,0,0,0,0,0,0
61442,1,1,1991,0,0,0,0,0,0,0,0,0,0
61443,1,1,1991,0,0,0,0,0,0,0,0,0,0
61444,1,1,1991,0,0,0,0,0,0,0,0,0,0
61445,1,1,1991,19,19,19,19,19,19,19,19,19,19
61446,1,1,1991,15,15,15,15,15,15,15,15,15,15
61447,1,1,1991,7,7,7,7,7,7,7,7,7,7
61447,2,1,1991,0,0,0,0,0,0,0,0,14,0
61448,0,1,1991,2,0,0,0,0,0,0,0,0,0
61448,0,2,1991,0,0,0,0,0,0,0,0,0,0
61448,1,1,1991,0,0,0,0,0,0,0,0,0,0
61449,1,1,1991,0,0,0,0,0,0,0,0,0,0
61450,1,1,1991,0,17,13,21,16,14,15,27,13,9
61451,1,1,1991,0,0,0,0,0,0,0,0,0,0
61451,2,1,1991,0,0,0,0,0,0,0,0,0,0
61451,3,1,1991,0,0,0,0,0,0,0,0,0,0
61452,1,1,1991,21,21,21,21,21,21,21,21,21,21
61453,1,1,1991,12,12,12,12,12,12,12,12,12,12
61454,1,1,1991,10,0,10,0,0,0,0,14,7,0
61454,2,1,1991,22,0,15,0,14,0,17,0,0,0
61455,0,1,1991,4,4,4,4,4,4,4,4,4,4
61455,1,1,1991,0,0,0,0,0,9,20,0,0,7
61456,1,1,1991,20,20,20,20,20,20,20,20,20,20
61457,1,1,1991,20,20,20,20,20,20,20,20,20,20
61458,1,1,1991,0,0,0,0,0,0,0,0,0,0
61459,0,1,1991,12,12,12,12,12,12,12,12,12,12
61459,1,1,1991,17,17,17,17,17,17,17,17,17,17
61460,1,1,1991,15,15,15,15,15,15,15,15,15,15
61460,2,1,1991,0,0,0,0,0,0,0,0,0,0
61460,3,1,1991,0,0,0,0,0,0,0,0,0,0
61461,0,1,1991,27,27,27,27,27,27,27,27,27,27
61461,1,1,1991,0,30,0,0,29,28,10,0,0,13
61462,1,1,1991,25,25,25,25,25,25,25,25,25,25
61463,1,1,1991,0,0,0,0,0,0,0,0,0,0
61463,2,1,1991,0,0,0,0,0,0,0,0,0,0
61464,1,1,1991,0,0,0,0,0,0,0,0,0,0
61464,2,1,1991,0,0,0,0,0,0,0,0,0,0
61464,3,1,1991,0,0,0,0,0,0,0,0,0,0
61465,1,1,1991,25,25,25,25,25,25,25,25,25,25
61466,1,1,1991,20,20,20,20,20,20,20,20,20,20
61466,2,1,1991,8,8,8,8,8,8,8,8,8,8
61467,1,1,1991,18,18,18,18,18,18,18,18,18,18
61468,0,1,1991,0,0,0,0,0,0,0,0,0,0
61468,0,2,1991,0,0,0,0,0,0,0,0,0,0
61468,0,3,1991,0,0,0,0,0,0,0,0,0,0
61468,0,4,1991,0,0,0,0,0,0,0,0,0,0
61468,0,5,1991,0,0,0,0,0,0,0,0,0,0
61468,1,1,1991,0,0,0,0,0,0,0,0,0,0
61469,1,1,1991,12,30,15,12,26,23,20,15,24,12
61469,2,1,1991,14,14,14,14,14,14,14,14,14,14
61470,1,1,1991,31,31,31,31,31,31,31,31,31,31
61471,1,1,1991,3,3,3,3,3,3,3,3,3,3
61472,1,1,1991,0,0,0,0,0,0,0,0,0,0
61473,1,1,1991,10,10,10,10,10,10,10,10,10,10
61474,1,1,1991,0,0,0,0,0,0,0,0,0,0
61475,0,1,1991,3,3,3,3,3,3,3,3,3,3
61475,1,1,1991,0,5,0,18,0,0,0,0,0,0
61476,1,1,1991,29,12,15,19,27,12,18,12,17,3
61476,2,1,1991,0,0,0,0,0,0,0,0,0,0
61477,1,1,1991,6,6,6,6,6,6,6,6,6,6
61478,1,2,1991,0,16,0,0,0,10,27,31,0,16
61479,1,1,1991,0,0,0,0,0,0,0,0,0,0
61479,2,1,1991,0,0,0,0,0,0,0,0,0,0
61480,1,1,1991,0,0,0,0,0,0,0,0,0,0
61480,2,1,1991,0,0,0,0,0,0,0,0,0,0
61480,3,1,1991,0,0,0,0,0,0,0,0,0,0
61481,1,1,1991,0,0,0,0,0,0,0,0,0,0
61481,2,1,1991,0,0,0,0,0,0,0,0,0,0
61482,1,1,1991,11,11,11,11,11,11,11,11,11,11
61482,2,1,1991,0,0,0,0,0,14,0,0,0,0
61483,1,1,1991,0,0,0,0,0,0,0,0,0,0
61484,0,1,1991,0,0,0,0,0,0,0,0,0,0
61484,1,1,1991,0,0,0,0,0,0,0,0,0,0
61485,1,1,1991,0,0,0,0,0,0,0,0,0,0
61485,2,1,1991,0,0,0,0,0,0,0,0,0,0
61486,0,1,1991,0,0,0,0,0,0,0,0,0,0
61486,1,1,1991,0,0,0,0,0,0,0,0,0,0
61487,0,1,1991,41,20,0,0,9,0,0,7,0,0
61487,1,1,1991,16,0,0,0,0,0,0,0,0,0
61488,0,1,1991,18,18,18,18,18,18,18,18,18,18
61488,1,1,1991,5,0,0,0,6,0,0,0,0,0
61489,1,1,1991,0,0,0,0,0,0,8,0,0,0
61489,2,1,1991,0,0,0,0,0,0,0,0,0,0
61490,1,1,1991,0,0,0,0,0,0,0,0,0,0
61490,2,1,1991,0,0,0,0,0,0,0,0,0,0
61491,0,1,1991,0,0,0,0,0,0,0,0,0,0
61491,1,1,1991,0,0,0,0,0,0,0,0,0,0
61492,0,1,1991,0,0,0,0,0,0,0,0,0,0
61492,1,1,1991,0,0,0,0,0,0,19,0,0,0
61492,2,1,1991,0,0,0,0,0,0,0,0,0,0
61493,1,1,1991,0,0,24,25,0,0,0,0,28,0
61494,1,1,1991,0,0,0,0,0,0,0,0,0,0
61494,2,1,1991,0,0,0,0,0,0,0,0,0,0
61495,1,1,1991,0,0,0,0,0,0,0,0,0,0
61495,2,1,1991,0,0,0,0,0,0,0,0,0,0
61496,0,1,1991,0,0,0,26,0,0,2,0,0,0
61496,1,1,1991,0,0,0,0,0,0,0,0,8,0
61496,3,1,1991,0,0,0,0,0,0,0,0,0,0
61496,4,1,1991,0,0,0,0,0,0,0,0,0,0
61496,5,1,1991,0,0,0,0,0,0,0,0,0,0
61496,6,1,1991,0,0,0,0,0,0,0,0,0,0
61496,7,1,1991,0,0,0,0,0,0,0,0,0,0
61496,8,1,1991,0,0,0,0,0,0,0,0,0,0
61496,9,1,1991,0,0,0,0,0,0,0,0,0,0
61497,1,1,1991,0,0,0,0,0,0,0,0,0,0
61498,1,1,1991,13,13,13,13,13,13,13,13,13,13
61498,2,1,1991,26,13,17,17,13,14,26,23,6,0
61499,1,1,1991,21,21,21,21,21,21,21,21,21,21
61499,2,1,1991,10,10,10,10,10,10,10,10,10,10
61499,3,1,1991,0,0,0,0,0,0,0,0,0,15
61499,4,1,1991,0,0,0,0,0,0,0,0,0,0
61500,1,1,1991,0,0,0,0,0,0,0,0,0,0
61500,2,1,1991,0,0,0,0,0,0,0,0,0,0
61500,3,1,1991,0,0,0,0,0,0,0,0,0,0
61500,4,1,1991,0,0,0,0,0,0,0,0,0,0
61501,1,1,1991,0,0,0,0,0,0,0,0,0,0
61501,2,1,1991,0,0,0,0,0,0,0,0,0,0
61502,1,1,1991,0,0,0,0,0,0,0,0,0,0
61503,0,1,1991,0,0,0,0,0,0,0,0,0,0
61503,1,1,1991,0,0,0,0,0,0,0,0,0,0
61504,1,1,1991,0,0,0,0,0,0,0,0,0,0
61505,0,1,1991,0,0,0,0,0,0,0,0,0,0
61505,1,1,1991,0,0,0,0,0,0,0,0,0,0
61506,0,1,1991,0,0,0,0,0,0,0,0,0,0
61506,1,1,1991,12,0,0,0,17,0,27,0,0,0
61507,0,1,1991,0,0,0,0,0,0,0,0,0,0
61507,1,1,1991,0,0,0,0,0,0,0,0,0,0
61508,0,1,1991,0,0,0,0,0,0,0,0,0,0
61508,1,1,1991,0,0,0,0,0,0,0,0,0,0
61509,0,1,1991,0,0,0,0,0,0,0,0,0,0
61509,1,1,1991,0,0,0,0,0,0,0,0,0,0
61510,0,1,1991,22,22,22,22,22,22,22,22,22,22
61510,1,1,1991,0,0,0,0,0,0,0,0,0,0
61511,1,1,1991,0,0,0,0,0,0,0,0,0,0
61511,2,1,1991,0,0,0,0,0,0,0,0,0,0
61511,3,1,1991,0,0,0,0,0,0,0,0,0,0
61511,4,1,1991,0,0,0,0,0,0,0,0,0,0
61512,1,1,1991,0,0,0,0,0,0,0,0,0,0
61513,1,1,1991,10,10,10,10,10,10,10,10,10,10
61513,2,1,1991,0,0,0,0,0,22,0,0,0,0
61514,1,1,1991,0,0,0,0,0,0,0,0,0,0
61514,2,1,1991,0,0,0,0,0,0,0,0,0,0
61515,1,1,1991,24,24,24,24,24,24,24,24,24,24
61515,2,1,1991,0,0,0,0,0,0,0,0,0,0
61516,1,1,1991,30,30,30,30,30,30,30,30,30,30
61517,0,1,1991,11,11,11,11,11,11,11,11,11,11
61517,1,1,1991,0,0,15,22,11,0,0,0,23,22
61518,1,1,1991,0,0,0,0,0,0,0,0,0,0
61519,1,1,1991,0,0,0,0,0,0,0,0,0,0
61520,1,1,1991,14,14,14,14,14,14,14,14,14,14
61521,1,1,1991,8,0,0,0,1,25,0,29,0,12
61522,1,1,1991,0,0,0,0,0,0,0,0,0,0
61522,2,1,1991,0,0,0,0,0,0,0,0,0,0
61522,3,1,1991,3,3,3,3,3,3,3,3,3,3
61523,1,1,1991,20,20,20,20,20,20,20,20,20,20
61523,2,1,1991,0,0,0,0,0,0,0,0,0,0
61524,0,1,1991,18,18,18,18,18,18,18,18,18,18
61524,1,1,1991,0,0,0,0,7,0,0,0,0,0
61525,1,1,1991,6,6,6,6,6,6,6,6,6,6
61526,1,1,1991,17,17,17,17,17,17,17,17,17,17
61527,1,1,1991,0,17,0,0,0,0,13,0,0,0
61528,1,1,1991,0,0,0,0,0,0,0,0,0,0
61528,2,1,1991,0,0,0,0,0,0,0,0,0,0
61529,1,1,1991,7,7,7,7,7,7,7,7,7,7
61530,1,1,1991,17,9,18,18,9,10,14,14,16,16
61531,1,1,1991,31,31,31,31,31,31,31,31,31,31
61531,2,1,1991,0,0,0,0,0,0,0,0,0,0
61532,1,1,1991,6,6,6,6,6,6,6,6,6,6
61532,2,1,1991,0,0,0,0,0,0,0,0,0,0
61533,1,1,1991,10,10,10,10,10,10,10,10,10,10
61533,2,1,1991,0,0,0,0,0,0,0,0,0,0
61534,1,1,1991,15,15,15,15,15,15,15,15,15,15
61536,0,1,1991,0,0,0,0,0,0,0,0,0,0
61536,1,1,1991,0,0,0,0,0,0,0,0,0,0
61536,2,1,1991,0,0,0,0,0,0,0,0,0,5
61537,1,1,1991,0,0,0,34,0,0,0,0,0,25
61538,1,1,1991,14,14,14,14,14,14,14,14,14,14
61539,1,1,1991,2,2,2,2,2,2,2,2,2,2
61539,2,1,1991,0,0,0,0,0,0,0,0,31,0
61540,1,1,1991,15,0,0,16,4,3,0,5,0,0
61540,2,1,1991,0,0,0,0,0,0,0,0,0,0
61540,3,1,1991,0,13,0,0,0,0,0,0,0,0
61541,0,1,1991,36,36,36,36,36,36,36,36,36,36
61541,1,1,1991,0,0,0,0,0,0,0,0,0,0
61542,1,1,1991,18,18,18,18,18,18,18,18,18,18
61542,2,1,1991,0,0,0,0,0,6,0,0,0,8
61543,1,1,1991,19,0,0,0,8,0,0,8,0,0
61544,1,1,1991,0,0,0,0,0,0,0,0,0,0
61544,2,1,1991,0,14,0,0,0,0,0,0,0,0
61545,1,1,1991,0,0,0,0,0,0,0,0,0,0
61546,0,1,1991,0,0,0,0,0,0,0,0,0,0
61546,1,1,1991,0,0,0,0,0,0,0,0,10,8
61547,1,1,1991,8,8,8,8,8,8,8,8,8,8
61548,1,1,1991,0,0,0,0,0,0,0,0,0,0
61548,2,1,1991,0,0,0,0,6,0,0,0,0,0
61549,1,1,1991,0,0,0,0,0,0,0,0,0,0
61549,2,1,1991,0,13,0,0,0,0,0,17,0,0
61550,1,1,1991,12,12,12,12,12,12,12,12,12,12
61551,1,1,1991,0,0,0,0,0,0,0,0,0,0
61551,2,1,1991,0,0,0,0,0,0,0,0,0,0
61552,1,1,1991,0,0,0,0,0,0,0,0,0,0
61552,2,1,1991,0,0,0,0,0,0,0,0,0,0
61553,1,1,1991,2,2,2,2,2,2,2,2,2,2
61553,2,1,1991,14,14,14,14,14,14,14,14,14,14
61554,1,1,1991,12,12,12,12,12,12,12,12,12,12
61554,2,1,1991,0,0,0,0,0,0,0,0,0,0