ST_CASE,VEH_NO,PER_NO,YEAR,P1,P2,P3,P4,P5,P6,P7,P8,P9,P10
61554,3,1,1991,7,0,0,0,0,0,0,0,0,0
61555,1,1,1991,11,11,11,11,11,11,11,11,11,11
61555,2,1,1991,0,0,0,0,0,0,0,0,0,0
61556,1,1,1991,0,0,0,0,0,0,0,0,0,0
61557,0,1,1991,0,0,0,0,0,0,0,8,0,0
61557,0,2,1991,0,0,0,0,0,0,0,0,0,0
61557,0,3,1991,0,0,0,0,0,0,0,0,0,0
61557,0,4,1991,0,0,0,0,0,0,0,0,0,0
61557,1,1,1991,0,0,0,0,0,0,0,0,0,0
61557,2,1,1991,0,0,0,0,0,0,0,0,0,0
61557,3,1,1991,0,0,0,0,0,0,0,0,0,0
61558,0,1,1991,0,0,0,0,0,0,0,0,0,0
61558,0,2,1991,0,18,0,0,0,0,0,0,0,0
61558,0,3,1991,0,0,0,0,0,0,0,0,0,0
61558,0,4,1991,0,0,0,0,0,0,0,0,0,0
61558,1,1,1991,0,0,0,0,0,0,0,0,0,0
61559,1,1,1991,0,0,0,0,0,0,0,0,0,0
61559,2,1,1991,0,0,0,0,0,0,0,0,0,0
61559,3,1,1991,0,0,0,0,0,0,0,0,0,0
61560,1,1,1991,0,0,0,0,0,0,0,0,0,0
61560,2,1,1991,0,0,0,0,0,0,0,0,0,0
61560,3,1,1991,0,0,0,0,0,0,0,0,0,0
61561,1,1,1991,0,0,0,0,0,0,0,0,0,0
61561,2,1,1991,0,9,0,0,0,0,0,0,0,0
61562,0,1,1991,0,0,0,0,0,0,0,0,0,0
61562,1,1,1991,0,0,0,0,0,0,0,0,0,0
61563,1,1,1991,0,0,0,0,0,0,0,0,0,0
61564,1,1,1991,3,3,3,3,3,3,3,3,3,3
61564,2,1,1991,0,0,0,0,0,0,0,0,0,0
61565,1,1,1991,0,0,0,0,0,0,0,0,0,0
61566,1,1,1991,0,0,0,0,0,0,0,0,0,0
61567,1,1,1991,0,0,0,0,0,0,0,0,0,0
61567,2,1,1991,0,0,0,0,0,0,0,0,0,0
61568,1,1,1991,0,0,0,0,0,0,0,0,0,0
61568,2,1,1991,0,0,0,0,0,0,0,0,0,0
61569,1,1,1991,0,14,0,0,0,0,0,0,0,0
61569,2,1,1991,0,0,0,0,0,0,0,0,0,0
61570,1,1,1991,0,0,0,0,0,0,0,0,0,0
61571,1,1,1991,26,26,26,26,26,26,26,26,26,26
61572,1,1,1991,16,16,16,16,16,16,16,16,16,16
61572,2,1,1991,0,0,0,0,0,10,0,18,0,0
61573,0,1,1991,0,0,0,0,0,0,0,0,0,0
61573,1,1,1991,0,0,0,10,0,0,0,0,0,0
61574,1,1,1991,0,0,0,0,0,0,0,0,0,0
61575,0,1,1991,0,0,0,0,0,0,0,0,0,0
61575,1,1,1991,23,3,7,13,14,0,30,0,22,14
61576,1,1,1991,0,0,0,0,0,0,0,0,0,0
61576,2,1,1991,0,0,0,0,0,0,0,0,0,0
61577,0,1,1991,0,0,0,0,0,0,0,0,0,0
61577,1,1,1991,0,0,0,0,0,0,0,0,0,0
61578,1,1,1991,9,9,9,9,9,9,9,9,9,9
61579,0,1,1991,24,24,24,24,24,24,24,24,24,24
61579,1,1,1991,0,0,0,0,0,0,0,0,0,0
61580,1,1,1991,19,19,19,19,19,19,19,19,19,19
61581,1,1,1991,0,0,0,0,0,0,0,0,0,0
61582,1,1,1991,0,0,0,0,0,0,0,0,0,11
61582,2,1,1991,0,0,0,0,0,0,0,0,0,0
61583,1,1,1991,0,0,0,0,0,0,0,0,0,0
61584,1,1,1991,0,0,0,0,0,0,0,0,0,0
61585,1,1,1991,0,0,0,0,0,0,0,0,0,0
61585,2,1,1991,0,0,0,0,0,0,0,0,0,0
61586,1,1,1991,0,0,0,0,0,0,0,0,0,0
61586,2,1,1991,0,0,0,11,0,0,0,0,20,0
61587,1,1,1991,0,0,0,0,0,0,0,0,0,0
61587,2,1,1991,14,14,14,14,14,14,14,14,14,14
61588,1,1,1991,0,0,0,0,0,0,0,0,0,0
61588,2,1,1991,0,0,0,0,0,0,0,0,0,10
61589,0,1,1991,0,0,0,0,0,0,0,0,0,0
61589,1,1,1991,0,0,0,0,0,0,0,0,0,0
61590,0,1,1991,0,0,0,0,0,0,0,0,0,0
61590,1,1,1991,0,0,0,0,0,0,0,0,0,0
61591,1,1,1991,0,0,0,0,0,0,0,0,0,0
61591,2,1,1991,0,0,0,0,0,0,0,0,0,0
61592,1,1,1991,3,3,3,3,3,3,3,3,3,3
61593,0,1,1991,0,0,0,0,0,0,0,0,0,0
61593,1,1,1991,0,8,0,0,0,0,0,0,0,0
61594,1,1,1991,0,0,0,0,0,0,0,0,0,0
61595,1,1,1991,24,24,24,24,24,24,24,24,24,24
61595,2,1,1991,0,0,0,15,16,0,0,0,0,0
61596,1,1,1991,0,0,0,0,0,0,0,0,0,0
61597,0,1,1991,0,0,0,0,0,0,0,0,0,0
61597,1,1,1991,0,0,0,0,0,0,0,0,0,0
61598,1,1,1991,26,26,26,26,26,26,26,26,26,26
61599,1,1,1991,13,13,13,13,13,13,13,13,13,13
61600,1,1,1991,0,0,0,0,0,0,0,0,0,0
61601,0,1,1991,15,15,15,15,15,15,15,15,15,15
61601,1,1,1991,7,7,7,7,7,7,7,7,7,7
61602,1,1,1991,19,19,19,19,19,19,19,19,19,19
61603,1,1,1991,0,0,0,0,0,0,0,0,0,0
61604,1,1,1991,0,0,0,0,0,0,0,0,0,0
61605,1,1,1991,30,30,30,30,30,30,30,30,30,30
61606,0,1,1991,31,31,31,31,31,31,31,31,31,31
61606,1,1,1991,8,8,8,8,8,8,8,8,8,8
61607,1,1,1991,0,0,0,0,0,0,0,0,0,0
61608,1,1,1991,0,0,0,0,0,0,0,0,0,0
61608,2,1,1991,0,0,0,0,0,0,0,0,0,0
61609,1,1,1991,0,0,0,0,0,0,0,0,0,0
61610,1,1,1991,0,0,0,0,0,0,0,0,0,0
61610,2,1,1991,0,0,15,0,0,0,0,0,3,0
61611,1,1,1991,0,0,0,0,0,0,0,0,0,0
61612,1,1,1991,0,0,0,0,0,0,0,0,0,0
61612,2,1,1991,0,0,0,0,0,0,0,0,0,0
61612,3,1,1991,0,0,0,0,0,0,0,0,0,0
61613,1,1,1991,0,0,0,0,0,0,0,0,0,0
61614,0,1,1991,0,0,0,0,0,0,0,0,0,0
61614,1,1,1991,22,22,22,22,22,22,22,22,22,22
61615,1,1,1991,15,15,15,15,15,15,15,15,15,15
61615,2,1,1991,0,0,0,0,0,0,0,0,0,0
61616,1,1,1991,0,0,0,0,0,0,0,0,0,0
61617,0,1,1991,0,0,0,0,0,0,0,0,0,0
61617,1,1,1991,0,0,25,0,0,0,0,0,0,23
61618,0,1,1991,3,3,3,3,3,3,3,3,3,3
61618,1,1,1991,0,0,0,0,0,0,0,0,0,0
61619,1,1,1991,0,0,0,0,0,0,0,0,0,0
61620,1,1,1991,18,18,18,18,18,18,18,18,18,18
61621,0,1,1991,0,0,0,0,0,0,0,20,0,0
61621,0,2,1991,0,0,0,0,0,0,0,0,0,0
61621,0,3,1991,0,0,0,0,0,0,0,0,0,0
61621,0,4,1991,0,0,0,0,0,0,0,0,0,0
61621,0,5,1991,0,0,0,0,0,0,0,0,0,0
61621,0,6,1991,0,17,0,0,0,0,0,0,0,0
61621,0,7,1991,0,0,0,11,0,0,0,22,0,43
61621,0,8,1991,0,0,0,0,0,0,0,0,0,0
61621,1,1,1991,21,0,0,0,0,0,5,0,0,0
61621,2,1,1991,0,0,0,0,0,0,0,0,0,0
61622,1,1,1991,0,0,0,0,0,0,0,0,0,0
61622,2,1,1991,0,0,0,0,0,0,0,0,0,0
61623,0,1,1991,0,0,0,0,0,0,0,0,0,0
61623,1,1,1991,0,0,0,0,0,0,0,0,0,0
61624,0,1,1991,0,0,0,0,0,0,0,0,0,0
61624,1,1,1991,0,0,0,0,0,0,0,0,0,0
61625,1,1,1991,0,0,0,0,0,0,0,0,0,0
61626,1,1,1991,0,0,0,0,0,0,0,0,0,0
61627,1,1,1991,0,0,0,0,0,0,0,0,0,0
61628,0,1,1991,0,0,0,0,0,0,0,0,0,0
61628,0,2,1991,0,0,0,0,0,0,0,0,0,0
61628,0,3,1991,0,0,0,0,0,0,0,0,0,0
61628,1,1,1991,0,0,0,0,0,0,0,0,0,0
61629,1,1,1991,0,13,0,0,0,0,0,0,0,0
61629,2,1,1991,0,0,0,1,0,0,0,12,16,0
61630,0,1,1991,0,0,0,0,0,0,0,0,0,0
61630,1,1,1991,0,0,0,0,0,0,0,0,0,0
61631,1,1,1991,0,19,0,0,0,0,18,0,0,0
61632,1,1,1991,17,17,17,17,17,17,17,17,17,17
61633,1,1,1991,25,25,25,25,25,25,25,25,25,25
61634,1,1,1991,28,28,28,28,28,28,28,28,28,28
61635,1,1,1991,10,10,10,10,10,10,10,10,10,10
61636,1,1,1991,0,0,0,0,0,0,0,0,0,0
61637,1,1,1991,0,17,0,0,0,0,0,0,0,0
61637,2,1,1991,0,0,0,0,0,0,0,0,0,0
61638,1,1,1991,12,12,12,12,12,12,12,12,12,12
61639,1,1,1991,17,17,17,17,17,17,17,17,17,17
61639,2,1,1991,0,5,0,0,0,0,0,0,0,0
61639,3,1,1991,0,0,0,0,0,0,0,0,0,0
61640,0,1,1991,0,0,0,0,0,0,17,0,0,0
61640,1,1,1991,0,0,0,0,10,0,0,0,20,17
61641,0,1,1991,0,0,0,0,0,0,0,0,0,0
61641,1,1,1991,0,0,0,0,0,0,0,0,0,0
61642,1,1,1991,0,0,0,0,0,0,0,0,0,0
61642,2,1,1991,23,23,23,23,23,23,23,23,23,23
61643,1,1,1991,0,0,0,0,0,0,0,0,0,0
61643,2,1,1991,0,0,0,0,0,0,0,0,0,0
61644,1,1,1991,0,0,0,0,0,0,0,0,0,0
61645,1,1,1991,13,0,28,5,16,13,30,18,0,28
61646,1,1,1991,0,0,0,0,0,0,0,0,0,0
61647,1,1,1991,0,0,0,0,0,0,0,0,0,0
61648,0,1,1991,0,0,0,0,0,0,0,0,0,0
61648,1,1,1991,0,0,0,0,12,0,0,0,0,0
61649,1,1,1991,0,0,0,0,0,0,0,0,0,0
61649,2,1,1991,0,0,0,0,0,0,0,0,0,0
61650,1,1,1991,0,0,0,0,0,0,0,0,0,0
61651,0,1,1991,0,0,0,0,0,0,0,0,0,0
61651,1,1,1991,9,16,26,16,7,17,15,16,8,3
61651,2,1,1991,30,19,0,0,10,0,0,0,10,12
61652,1,1,1991,0,0,0,0,0,15,0,0,0,0
61652,2,1,1991,0,0,0,0,20,0,0,0,0,0
61653,1,1,1991,0,0,0,25,0,0,0,0,0,0
61653,2,1,1991,0,9,0,0,0,0,0,6,0,0
61654,1,1,1991,0,0,0,0,0,0,0,0,0,0
61654,2,1,1991,0,0,0,0,0,0,0,0,0,0
61655,0,1,1991,7,7,7,7,7,7,7,7,7,7
61655,1,1,1991,0,2,0,0,0,0,0,0,0,0
61656,1,1,1991,21,21,21,21,21,21,21,21,21,21
61656,2,1,1991,0,0,0,0,0,0,0,0,0,0
61657,1,1,1991,23,23,23,23,23,23,23,23,23,23
61658,1,1,1991,15,15,15,15,15,15,15,15,15,15
61659,1,1,1991,0,0,0,0,0,0,9,6,0,0
61660,1,1,1991,17,17,17,17,17,17,17,17,17,17
61661,1,1,1991,0,0,0,0,0,0,0,0,0,0
61661,2,1,1991,0,0,0,0,0,0,0,0,0,0
61661,3,1,1991,0,0,0,0,0,0,0,0,0,0
61662,1,1,1991,0,0,0,0,0,0,0,0,0,0
61663,1,1,1991,5,5,5,5,5,5,5,5,5,5
61664,0,1,1991,0,0,0,0,0,0,0,0,0,0
61664,1,1,1991,22,22,22,22,22,22,22,22,22,22
61664,2,1,1991,0,0,0,0,0,0,0,0,0,0
61665,1,1,1991,0,0,0,0,0,0,0,0,0,0
61666,0,1,1991,0,10,0,0,0,0,0,0,0,0
61666,1,1,1991,0,0,0,0,0,0,0,0,0,0
61667,1,1,1991,21,21,21,21,21,21,21,21,21,21
61668,1,1,1991,10,10,10,10,10,10,10,10,10,10
61668,2,1,1991,0,0,0,0,0,0,0,0,0,0
61669,0,1,1991,13,13,13,13,13,13,13,13,13,13
61669,1,1,1991,0,0,0,0,0,0,0,0,0,0
61670,1,1,1991,0,0,0,0,0,0,0,0,0,11
61670,2,1,1991,0,0,0,0,0,0,0,0,0,0
61671,1,1,1991,13,13,13,13,13,13,13,13,13,13
61672,1,1,1991,0,0,0,0,0,0,0,0,0,0
61673,1,1,1991,26,16,11,18,11,11,17,0,25,9
61674,1,1,1991,0,0,0,0,6,0,0,0,0,0
61675,1,1,1991,0,0,0,0,0,0,0,0,0,0
61675,2,1,1991,0,0,0,0,0,19,0,0,0,0
61676,1,1,1991,0,0,0,0,0,0,0,0,0,0
61677,1,1,1991,0,0,0,0,0,0,0,0,0,0
61678,1,1,1991,0,0,0,0,0,0,0,0,0,0
61678,2,1,1991,0,0,0,0,0,0,0,0,0,0
61679,1,1,1991,5,5,5,5,5,5,5,5,5,5
61679,2,1,1991,0,0,0,0,0,0,0,0,0,0
61680,1,1,1991,32,32,32,32,32,32,32,32,32,32
61680,2,1,1991,2,2,2,2,2,2,2,2,2,2
61681,1,1,1991,0,0,0,0,0,0,0,0,0,0
61681,2,1,1991,0,0,0,0,0,0,0,0,0,0
61681,3,1,1991,0,0,0,0,0,0,0,0,0,0
61682,1,1,1991,7,7,7,7,7,7,7,7,7,7
61683,1,1,1991,18,18,18,18,18,18,18,18,18,18
61684,1,1,1991,16,0,7,0,17,14,16,15,16,22
61684,2,1,1991,0,0,0,0,0,0,0,0,0,0
61685,1,1,1991,23,23,23,23,23,23,23,23,23,23
61685,2,1,1991,0,0,0,0,0,0,0,0,0,0
61686,1,1,1991,0,0,0,0,0,0,0,0,0,0
61686,2,1,1991,0,0,0,0,0,0,0,0,0,0
61686,3,1,1991,0,0,0,0,0,0,0,0,0,0
61687,0,1,1991,0,0,0,0,0,0,0,0,0,0
61687,1,1,1991,0,0,0,0,0,0,4,0,0,0
61688,1,1,1991,0,0,0,0,0,0,0,0,0,0
61688,2,1,1991,0,0,0,0,0,0,0,0,0,0
61688,3,1,1991,0,0,0,0,0,8,0,0,0,0
61689,1,1,1991,7,7,7,7,7,7,7,7,7,7
61690,1,1,1991,15,15,15,15,15,15,15,15,15,15
61691,1,1,1991,17,17,17,17,17,17,17,17,17,17
61692,1,1,1991,16,16,16,16,16,16,16,16,16,16
61693,1,1,1991,0,0,0,0,0,0,0,0,0,0
61693,2,1,1991,0,0,0,5,0,0,0,21,0,8
61694,1,1,1991,0,0,0,0,0,0,0,0,0,0
61694,2,1,1991,0,0,0,0,0,0,0,0,0,0
61695,0,1,1991,0,0,0,0,0,0,0,0,0,0
61695,1,1,1991,0,0,0,0,0,0,0,0,0,0
61696,1,1,1991,0,0,21,10,0,0,0,0,0,0
61697,0,1,1991,19,0,0,0,0,0,0,0,0,0
61697,1,1,1991,0,0,0,27,0,0,0,0,0,0
61698,1,1,1991,0,0,0,0,0,0,0,0,0,0
61699,1,1,1991,0,0,0,0,0,0,0,0,0,0
61699,2,1,1991,0,0,0,0,0,0,0,0,0,0
61699,3,1,1991,0,0,0,0,0,0,0,0,0,0
61699,4,1,1991,0,0,0,0,0,0,0,0,0,0
61699,5,1,1991,0,0,0,0,0,0,0,0,0,0
61699,6,1,1991,0,10,0,0,0,0,0,0,0,0
61700,0,1,1991,0,0,0,0,0,0,0,0,0,0
61700,1,1,1991,0,0,0,0,0,0,0,0,0,0
61700,2,1,1991,0,0,0,0,0,0,0,0,0,0
61701,1,1,1991,0,0,0,0,0,0,0,0,0,0
61702,1,1,1991,3,3,3,3,3,3,3,3,3,3
61703,1,1,1991,0,0,0,0,0,0,0,0,0,0
61703,2,1,1991,31,31,31,31,31,31,31,31,31,31
61704,1,1,1991,13,13,13,13,13,13,13,13,13,13
61705,1,1,1991,0,0,0,0,0,0,0,0,0,0
61705,2,1,1991,0,0,0,0,0,0,0,0,0,0
61706,0,1,1991,0,0,0,0,0,0,0,0,0,0
61706,0,2,1991,23,32,0,7,14,32,17,0,10,34
61706,1,1,1991,0,0,0,0,0,0,0,0,0,0
61707,1,1,1991,23,23,23,23,23,23,23,23,23,23
61707,2,1,1991,0,0,0,0,0,0,0,0,0,0
61708,1,1,1991,0,0,0,0,0,0,0,0,0,0
61708,2,1,1991,0,0,0,0,0,0,0,0,0,0
61709,0,1,1991,0,0,0,0,0,0,0,0,0,0
61709,0,2,1991,0,0,0,0,0,0,0,0,0,0
61709,1,1,1991,0,0,0,0,0,0,0,0,0,0
61710,1,1,1991,0,0,0,0,0,0,0,0,0,0
61710,2,1,1991,0,0,0,0,0,0,0,0,0,0
61710,3,1,1991,0,0,0,0,0,0,0,0,0,0
61711,0,1,1991,0,0,0,0,0,0,0,0,0,0
61711,1,1,1991,8,0,0,0,16,0,0,0,0,0
61712,0,1,1991,0,0,0,0,0,0,0,0,0,0
61712,1,1,1991,0,0,0,0,0,0,0,0,0,0
61713,1,1,1991,20,20,20,20,20,20,20,20,20,20
61714,1,1,1991,0,0,0,0,0,0,0,0,0,0
61715,1,1,1991,19,19,19,19,19,19,19,19,19,19
61715,2,1,1991,16,16,16,16,16,16,16,16,16,16
61716,0,1,1991,27,27,27,27,27,27,27,27,27,27
61716,1,1,1991,0,0,0,0,0,0,24,0,13,0
61717,1,1,1991,15,18,26,6,25,24,22,20,15,20
61718,1,1,1991,0,0,0,0,0,14,0,0,11,0
61718,2,1,1991,0,0,0,0,0,0,0,0,0,0
61719,1,1,1991,11,11,11,11,11,11,11,11,11,11
61719,2,1,1991,12,12,12,12,12,12,12,12,12,12
61720,0,1,1991,29,29,29,29,29,29,29,29,29,29
61720,1,1,1991,11,28,0,24,14,0,26,0,0,13
61721,1,1,1991,20,20,20,20,20,20,20,20,20,20
61722,0,1,1991,0,0,0,0,0,0,0,0,0,0
61722,1,1,1991,0,0,0,0,0,0,0,0,0,0
61723,1,1,1991,18,18,18,18,18,18,18,18,18,18
61724,1,1,1991,0,0,0,0,0,0,0,0,0,0
61724,2,1,1991,20,20,20,20,20,20,20,20,20,20
61725,1,1,1991,0,0,0,0,0,0,0,0,0,0
61726,1,1,1991,7,5,0,0,0,0,0,0,14,0
61726,2,1,1991,11,11,11,11,11,11,11,11,11,11
61727,1,1,1991,13,20,0,0,0,0,0,0,0,0
61728,1,1,1991,22,22,22,22,22,22,22,22,22,22
61729,1,1,1991,6,6,6,6,6,6,6,6,6,6
61730,0,1,1991,23,23,23,23,23,23,23,23,23,23
61730,1,1,1991,1,1,1,1,1,1,1,1,1,1
61731,1,1,1991,13,13,13,13,13,13,13,13,13,13
61731,2,1,1991,0,0,0,0,0,0,0,0,0,0
61732,1,1,1991,24,11,0,18,0,21,22,0,28,0
61733,1,1,1991,0,0,0,0,0,0,0,0,0,0
61733,2,1,1991,16,16,16,16,16,16,16,16,16,16
61733,3,1,1991,0,0,0,23,0,0,0,0,0,0
61734,1,1,1991,10,10,10,10,10,10,10,10,10,10
61734,2,1,1991,15,15,15,15,15,15,15,15,15,15
61734,3,1,1991,0,0,0,0,0,0,0,0,0,0
61735,1,1,1991,0,0,0,0,0,0,0,0,0,0
61735,2,1,1991,0,0,0,0,4,0,0,0,0,12
61736,1,1,1991,8,0,0,0,0,0,0,0,0,0
61736,2,1,1991,0,0,0,0,0,0,0,0,0,0
61737,1,1,1991,0,0,0,0,0,0,0,0,0,0
61737,2,1,1991,0,0,0,0,0,0,0,0,0,0
61738,1,1,1991,23,23,23,23,23,23,23,23,23,23
61739,1,1,1991,6,6,6,6,6,6,6,6,6,6
61740,0,1,1991,0,0,0,0,0,0,0,0,0,0
61740,1,1,1991,0,0,0,0,0,0,0,0,0,0
61741,1,1,1991,0,0,0,0,0,0,0,0,0,0
61741,2,1,1991,0,0,0,0,0,0,0,0,0,0
61742,1,1,1991,0,8,0,0,0,0,0,0,0,7
61743,1,1,1991,14,14,14,14,14,14,14,14,14,14
61744,1,1,1991,0,0,0,0,0,0,0,0,0,0
61745,1,1,1991,26,26,26,26,26,26,26,26,26,26
61745,2,1,1991,14,0,0,0,0,0,0,0,0,0
61746,1,1,1991,20,0,0,29,0,0,0,16,0,0
61747,1,1,1991,0,0,0,0,22,0,0,0,0,0
61747,2,1,1991,0,0,0,0,0,0,0,0,0,0
61747,3,1,1991,0,0,0,0,0,0,0,0,0,0
61748,1,1,1991,11,11,11,11,11,11,11,11,11,11
61748,2,1,1991,0,0,0,0,0,0,0,0,0,0
61749,1,1,1991,0,0,0,0,0,0,0,0,0,0
61749,2,1,1991,0,0,0,0,0,0,0,0,0,0
61750,1,1,1991,0,0,0,0,0,0,0,0,0,0
61750,2,1,1991,0,0,0,0,7,0,0,0,0,0
61751,1,1,1991,22,22,22,22,22,22,22,22,22,22
61752,1,1,1991,18,18,18,18,18,18,18,18,18,18
61753,1,1,1991,15,15,15,15,15,15,15,15,15,15
61754,1,1,1991,6,6,6,6,6,6,6,6,6,6
61755,1,1,1991,0,0,0,0,0,0,0,0,0,0
61755,2,1,1991,0,0,0,0,0,2,0,0,0,0
61756,1,1,1991,0,0,0,0,0,0,0,0,0,0
61757,1,1,1991,0,0,0,0,0,0,0,0,0,0
61758,1,1,1991,8,8,8,8,8,8,8,8,8,8
61758,2,1,1991,0,0,0,0,0,0,0,0,0,0
61759,1,1,1991,31,31,31,31,31,31,31,31,31,31
61759,2,1,1991,14,0,0,0,0,0,0,0,0,0
61760,1,1,1991,9,0,7,0,9,0,13,0,12,0
61760,2,1,1991,0,0,0,0,0,0,0,0,0,0
61761,1,1,1991,19,19,19,19,19,19,19,19,19,19
61762,1,1,1991,0,0,0,0,0,0,0,0,0,0
61763,0,1,1991,0,0,0,0,21,0,14,0,0,0
61763,1,1,1991,0,0,0,0,0,0,0,0,0,0
61764,0,1,1991,45,45,45,45,45,45,45,45,45,45
61764,1,1,1991,0,0,0,0,0,11,0,0,0,0
61765,1,1,1991,18,18,18,18,18,18,18,18,18,18
61766,1,1,1991,16,16,16,16,16,16,16,16,16,16
61767,1,1,1991,15,15,15,15,15,15,15,15,15,15
61768,0,1,1991,26,26,26,26,26,26,26,26,26,26
61768,1,1,1991,0,0,0,0,0,10,0,0,0,0
61769,1,1,1991,33,33,33,33,33,33,33,33,33,33
61770,1,1,1991,12,12,12,12,12,12,12,12,12,12
61771,1,1,1991,3,3,3,3,3,3,3,3,3,3
61771,2,1,1991,22,21,0,0,0,0,0,0,16,0
61772,0,1,1991,0,0,0,0,0,0,0,0,0,0
61772,1,1,1991,0,0,0,0,0,0,0,0,0,0
61773,1,1,1991,0,0,0,0,0,0,0,0,0,0
61774,1,1,1991,15,15,15,15,15,15,15,15,15,15
61775,0,1,1991,8,8,8,8,8,8,8,8,8,8
61775,1,1,1991,0,0,0,0,0,0,0,0,0,0
61776,0,1,1991,0,0,0,0,0,0,0,0,0,0
61776,1,1,1991,0,0,0,0,14,0,0,0,13,0
61777,1,1,1991,0,0,0,0,0,0,0,0,0,0
61777,2,1,1991,0,0,0,0,0,0,0,0,0,0
61778,1,1,1991,0,0,0,0,0,0,0,0,0,0
61778,2,1,1991,0,0,0,0,0,0,0,0,0,0
61779,1,1,1991,0,0,0,0,0,0,0,0,0,0
61779,2,1,1991,0,0,0,0,0,0,0,0,0,0
61779,3,1,1991,0,0,0,0,0,0,0,0,0,0
61780,1,1,1991,5,5,5,5,5,5,5,5,5,5
61781,1,1,1991,7,29,11,16,7,11,14,31,8,2
61782,1,1,1991,16,16,16,16,16,16,16,16,16,16
61782,2,1,1991,0,0,0,0,0,0,0,0,0,0
61783,1,1,1991,0,0,0,0,0,0,0,0,0,0
61783,2,1,1991,0,0,0,0,0,0,0,0,0,0
61784,1,1,1991,18,17,19,9,20,21,10,7,16,13
61784,2,1,1991,0,0,0,0,0,0,0,0,0,0
61785,1,1,1991,0,0,0,0,0,0,0,0,0,0
61785,2,1,1991,0,0,0,0,0,0,0,0,0,0
61786,1,1,1991,9,3,0,19,0,0,0,0,0,10
61787,1,1,1991,0,0,0,0,0,0,0,0,0,0
61788,1,1,1991,0,0,0,0,13,0,0,15,0,0
61788,2,1,1991,0,0,0,0,0,0,0,0,0,0
61788,3,1,1991,0,0,0,0,0,0,0,0,0,0
61789,1,1,1991,9,9,9,9,9,9,9,9,9,9
61790,1,1,1991,10,10,10,10,10,10,10,10,10,10
61791,1,1,1991,8,8,8,8,8,8,8,8,8,8
61792,1,1,1991,26,26,26,26,26,26,26,26,26,26
61793,1,1,1991,0,0,0,0,0,0,0,0,0,0
61793,2,1,1991,0,0,0,0,0,0,0,0,0,0
61794,0,1,1991,0,0,0,0,0,0,0,0,0,0
61794,0,2,1991,0,0,2,0,0,0,25,9,0,16
61794,1,1,1991,0,0,0,0,0,0,0,0,0,0
61795,1,1,1991,0,0,0,0,0,0,0,0,0,0
61795,2,1,1991,0,0,0,0,0,7,0,0,11,0
61795,3,1,1991,7,7,7,7,7,7,7,7,7,7
61796,1,1,1991,0,0,0,0,0,0,0,0,0,0
61796,2,1,1991,0,0,0,0,0,0,0,0,0,0
61797,1,1,1991,0,0,0,0,0,0,0,0,0,0
61797,2,1,1991,0,0,0,0,0,0,0,0,0,0
61798,1,1,1991,21,21,21,21,21,21,21,21,21,21
61799,1,1,1991,4,4,4,4,4,4,4,4,4,4
61800,1,1,1991,18,18,18,18,18,18,18,18,18,18
61800,2,1,1991,4,4,4,4,4,4,4,4,4,4
61801,1,1,1991,0,0,0,0,0,0,0,0,0,0
61801,2,1,1991,0,0,0,0,0,0,0,0,0,0
61802,1,1,1991,19,19,19,19,19,19,19,19,19,19
61802,2,1,1991,0,0,0,0,15,0,0,0,0,0
61803,1,1,1991,18,18,18,18,18,18,18,18,18,18
61804,1,1,1991,0,0,0,0,0,0,0,0,0,0
61804,2,1,1991,20,20,20,20,20,20,20,20,20,20
61805,1,1,1991,0,0,0,0,0,0,0,0,0,0
61805,2,1,1991,0,0,0,0,0,0,0,0,0,0
61806,1,1,1991,18,18,18,18,18,18,18,18,18,18
61806,2,1,1991,0,0,0,0,0,0,0,0,0,0
61807,0,1,1991,0,0,0,0,0,0,0,0,0,0
61807,1,1,1991,0,0,0,0,0,0,0,0,0,0
61808,0,1,1991,20,20,20,20,20,20,20,20,20,20
61808,1,1,1991,0,0,0,0,0,4,0,0,0,0
61809,1,1,1991,37,37,37,37,37,37,37,37,37,37
61809,2,1,1991,0,0,0,0,0,0,0,0,0,0
61809,3,1,1991,0,0,0,0,0,0,0,0,0,19
61810,1,1,1991,19,19,19,19,19,19,19,19,19,19
61811,1,1,1991,12,12,12,12,12,12,12,12,12,12
61811,2,1,1991,2,2,2,2,2,2,2,2,2,2
61812,0,1,1991,0,0,0,0,0,0,0,0,0,0
61812,1,1,1991,0,0,0,0,0,0,0,0,0,0
61812,2,1,1991,0,0,0,26,0,0,0,0,0,0
61812,3,1,1991,0,0,0,0,0,0,0,0,0,0
61813,1,1,1991,0,0,0,0,0,0,0,0,0,0
61814,0,1,1991,0,0,0,0,0,0,0,0,0,0
61814,1,1,1991,0,0,0,0,0,0,0,0,0,0
61815,1,1,1991,27,27,27,27,27,27,27,27,27,27
61816,1,1,1991,0,0,0,0,0,0,0,0,0,0
61817,0,1,1991,0,0,0,0,0,0,0,0,0,0
61817,1,1,1991,0,0,0,0,0,0,0,0,0,0
61818,0,1,1991,0,0,0,0,0,0,0,0,0,0
61818,1,1,1991,0,0,0,0,0,0,0,0,0,0
61819,1,1,1991,0,0,0,0,0,0,0,0,0,0
61819,2,1,1991,0,0,0,0,0,0,0,0,0,0
61820,0,1,1991,0,0,0,0,0,0,0,0,0,0
61820,1,1,1991,0,0,0,0,0,0,0,0,0,0