ST_CASE,VEH_NO,PER_NO,YEAR,P1,P2,P3,P4,P5,P6,P7,P8,P9,P10
61821,1,1,1991,0,0,0,0,0,0,0,0,0,0
61821,2,1,1991,11,14,12,19,17,34,27,21,2,13
61822,1,1,1991,0,0,0,0,0,0,0,0,0,0
61822,2,1,1991,0,0,0,0,0,0,0,0,0,0
61823,0,1,1991,0,0,23,21,15,13,0,22,0,8
61823,1,1,1991,6,19,13,7,9,0,13,0,16,5
61824,1,1,1991,0,0,0,0,0,0,0,0,0,0
61824,2,1,1991,0,0,0,0,0,0,0,0,0,0
61825,1,1,1991,0,0,0,0,0,0,0,0,0,0
61826,1,1,1991,0,0,0,0,0,0,0,0,0,0
61826,2,1,1991,0,0,0,0,0,0,0,0,0,18
61827,1,1,1991,13,13,13,13,13,13,13,13,13,13
61828,1,1,1991,15,15,15,15,15,15,15,15,15,15
61828,2,1,1991,0,0,0,0,0,0,0,0,0,0
61828,3,1,1991,0,0,0,20,0,0,0,0,0,0
61829,1,1,1991,0,0,0,0,0,0,0,0,0,0
61829,2,1,1991,0,0,0,0,0,0,0,0,0,0
61830,1,1,1991,0,0,0,0,0,0,0,0,0,0
61831,1,1,1991,20,20,20,20,20,20,20,20,20,20
61832,1,1,1991,0,0,0,0,0,0,0,0,0,0
61832,2,1,1991,0,0,0,0,0,0,0,0,0,0
61833,1,1,1991,0,0,0,0,0,0,0,0,0,0
61834,1,1,1991,10,10,10,10,10,10,10,10,10,10
61835,1,1,1991,0,0,0,0,0,0,0,0,0,0
61835,2,1,1991,0,0,0,0,0,0,0,0,0,0
61836,0,1,1991,0,0,0,0,0,0,0,0,0,0
61836,1,1,1991,0,0,0,0,0,0,0,0,0,0
61837,0,1,1991,0,0,0,0,0,0,0,0,0,0
61837,1,1,1991,18,0,6,16,22,10,0,7,21,23
61837,2,1,1991,0,0,0,0,23,0,0,0,0,15
61837,3,1,1991,0,0,0,0,0,0,0,0,0,0
61838,1,1,1991,11,11,11,11,11,11,11,11,11,11
61839,1,1,1991,0,0,0,0,0,0,0,0,0,0
61839,2,1,1991,0,0,0,0,0,0,0,0,0,0
61840,1,1,1991,0,0,0,0,0,0,0,0,0,0
61841,1,1,1991,0,0,0,0,0,0,0,0,0,0
61841,2,1,1991,0,0,0,0,0,0,0,0,0,0
61842,0,1,1991,0,0,0,0,0,0,0,0,0,0
61842,1,1,1991,0,0,0,0,0,0,0,0,0,13
61843,1,1,1991,13,13,13,13,13,13,13,13,13,13
61844,1,1,1991,0,0,0,0,0,0,0,0,0,0
61845,1,1,1991,22,22,22,22,22,22,22,22,22,22
61846,1,1,1991,0,0,0,0,0,0,0,0,0,0
61847,1,1,1991,17,17,17,17,17,17,17,17,17,17
61848,1,1,1991,29,29,29,29,29,29,29,29,29,29
61848,2,1,1991,0,0,2,0,0,0,0,0,0,0
61849,1,1,1991,0,0,0,0,0,0,0,0,0,0
61850,1,1,1991,16,0,0,0,0,0,0,6,0,0
61850,2,1,1991,6,6,6,6,6,6,6,6,6,6
61851,0,1,1991,0,0,0,0,0,0,0,0,0,0
61851,1,1,1991,0,0,0,0,0,0,0,0,0,0
61851,2,1,1991,0,0,0,0,0,0,0,0,0,0
61852,1,1,1991,0,0,0,0,0,0,0,0,0,0
61853,1,1,1991,0,0,0,0,0,0,0,0,0,0
61854,0,1,1991,0,0,0,0,0,0,0,0,0,0
61854,1,1,1991,8,7,0,0,15,32,15,34,24,7
61855,1,1,1991,1,1,1,1,1,1,1,1,1,1
61856,1,1,1991,31,31,31,31,31,31,31,31,31,31
61856,2,1,1991,12,0,0,0,0,0,14,21,0,0
61856,3,1,1991,0,0,0,0,3,0,0,0,0,0
61856,4,1,1991,0,0,0,0,0,0,0,0,0,0
61856,5,1,1991,0,0,0,0,0,0,0,0,0,0
61857,1,1,1991,16,16,16,16,16,16,16,16,16,16
61858,1,1,1991,15,15,15,15,15,15,15,15,15,15
61859,0,1,1991,0,0,0,0,0,0,0,0,0,0
61859,1,1,1991,0,0,0,0,0,0,0,0,14,10
61860,1,1,1991,20,20,20,20,20,20,20,20,20,20
61861,1,1,1991,17,17,17,17,17,17,17,17,17,17
61862,1,1,1991,0,0,0,0,0,0,0,0,0,0
61862,2,1,1991,0,0,0,0,0,0,0,0,0,0
61863,1,1,1991,0,0,0,0,0,0,0,0,0,0
61864,1,1,1991,0,0,0,0,0,0,0,0,0,0
61864,2,1,1991,0,0,0,0,0,0,0,0,0,0
61865,2,1,1991,7,7,7,7,7,7,7,7,7,7
61865,3,1,1991,0,0,0,0,0,0,0,0,0,0
61866,1,1,1991,0,0,0,0,0,0,0,0,0,0
61867,1,1,1991,0,0,0,0,0,14,0,0,0,0
61867,2,1,1991,0,0,0,0,0,0,0,0,0,0
61868,1,1,1991,0,0,13,9,18,25,15,7,0,24
61869,1,1,1991,0,0,0,0,0,0,0,0,0,0
61869,2,1,1991,0,19,21,0,0,0,0,0,19,0
61870,1,1,1991,0,32,10,28,0,0,27,0,19,0
61871,1,1,1991,0,0,0,0,0,0,0,0,0,0
61871,2,1,1991,0,0,0,0,0,0,0,0,0,0
61871,3,1,1991,0,0,0,0,0,0,0,0,0,0
61871,4,1,1991,0,0,0,0,0,0,0,0,0,0
61872,0,1,1991,32,0,20,0,0,0,0,0,9,0
61872,1,1,1991,0,0,0,0,0,0,0,0,0,0
61873,0,1,1991,0,0,0,0,0,0,0,0,0,0
61873,1,1,1991,0,0,0,0,0,0,0,0,0,0
61874,1,1,1991,0,0,0,0,0,0,0,0,0,0
61874,2,1,1991,0,0,0,0,0,0,0,0,0,0
61875,0,1,1991,0,0,0,0,0,0,0,0,0,0
61875,0,2,1991,0,0,0,0,0,0,0,2,0,0
61875,1,1,1991,0,0,0,0,0,0,0,0,0,0
61876,1,1,1991,16,16,16,16,16,16,16,16,16,16
61876,2,1,1991,0,0,0,0,0,0,0,0,0,0
61877,0,1,1991,25,25,25,25,25,25,25,25,25,25
61877,1,1,1991,0,0,0,0,0,0,16,0,0,0
61878,1,1,1991,20,20,20,20,20,20,20,20,20,20
61879,1,1,1991,0,0,0,0,0,0,0,0,0,0
61879,2,1,1991,0,0,0,0,12,34,0,0,0,0
61880,1,1,1991,16,16,16,16,16,16,16,16,16,16
61881,0,1,1991,14,14,14,14,14,14,14,14,14,14
61881,1,1,1991,0,0,0,9,0,0,0,0,0,0
61882,0,1,1991,0,0,0,0,0,0,0,0,0,0
61882,1,1,1991,3,3,3,3,3,3,3,3,3,3
61883,1,1,1991,0,0,0,0,0,0,0,0,0,0
61884,1,1,1991,0,0,0,0,0,0,0,0,0,0
61884,2,1,1991,0,0,0,0,0,0,0,0,0,0
61885,1,1,1991,0,0,0,0,0,0,0,0,0,0
61886,0,1,1991,7,7,7,7,7,7,7,7,7,7
61886,1,1,1991,0,0,0,0,0,0,0,0,0,0
61887,1,1,1991,21,21,21,21,21,21,21,21,21,21
61887,2,1,1991,0,0,0,0,0,0,0,0,0,0
61888,1,1,1991,17,17,17,17,17,17,17,17,17,17
61889,1,1,1991,0,0,0,0,0,0,0,0,0,0
61890,0,1,1991,24,24,24,24,24,24,24,24,24,24
61890,1,1,1991,6,0,4,11,0,0,10,0,0,11
61891,1,1,1991,0,19,19,13,19,0,0,4,0,0
61891,2,1,1991,0,0,0,0,0,0,0,0,0,0
61892,1,1,1991,0,0,0,0,0,0,0,0,0,0
61893,0,1,1991,0,0,0,0,0,0,0,0,0,0
61893,1,1,1991,0,0,0,0,0,0,0,0,0,0
61894,0,1,1991,0,0,0,0,0,0,0,0,0,0
61895,1,1,1991,0,0,0,0,0,0,0,0,0,0
61895,2,1,1991,0,0,0,0,0,0,0,0,0,0
61896,1,1,1991,0,0,0,0,0,0,0,0,18,0
61897,1,1,1991,12,0,0,0,0,0,0,0,0,0
61897,2,1,1991,0,0,0,0,0,0,0,0,0,0
61898,1,1,1991,6,6,6,6,6,6,6,6,6,6
61899,1,1,1991,20,20,20,20,20,20,20,20,20,20
61900,1,1,1991,0,0,0,0,0,0,0,0,0,16
61900,2,1,1991,0,0,0,0,0,0,0,0,0,0
61901,1,1,1991,0,0,0,0,0,0,25,0,0,30
61901,2,1,1991,0,0,0,0,0,0,0,12,0,0
61902,1,1,1991,0,0,0,0,0,0,0,0,0,0
61903,1,1,1991,4,4,4,4,4,4,4,4,4,4
61903,2,1,1991,0,0,0,0,0,0,0,0,0,0
61904,1,1,1991,37,37,37,37,37,37,37,37,37,37
61904,2,1,1991,0,0,0,0,0,0,0,0,0,0
61905,0,1,1991,13,18,4,22,0,0,0,17,9,12
61905,1,1,1991,0,0,0,0,0,0,0,0,0,0
61906,1,1,1991,0,0,0,0,0,0,0,0,0,0
61906,2,1,1991,29,0,0,0,0,0,0,0,0,0
61907,1,1,1991,0,0,0,0,0,0,0,0,0,0
61908,1,1,1991,0,0,0,0,0,0,0,0,0,0
61908,2,1,1991,0,12,0,0,0,0,0,16,0,0
61908,3,1,1991,0,0,0,0,0,0,0,0,0,0
61909,1,1,1991,0,0,0,0,0,0,0,0,0,0
61909,2,1,1991,0,0,0,0,0,0,0,0,0,0
61910,0,1,1991,0,0,0,0,0,0,0,0,0,0
61910,1,1,1991,0,0,0,0,0,0,0,0,0,0
61910,2,1,1991,0,0,0,0,0,0,0,0,0,0
61910,3,1,1991,0,0,0,0,0,0,0,0,0,0
61910,4,1,1991,0,0,0,0,0,0,0,0,0,0
61910,5,1,1991,0,0,0,0,0,0,0,0,0,0
61910,6,1,1991,0,0,0,0,0,0,0,0,0,0
61911,0,1,1991,17,17,17,17,17,17,17,17,17,17
61911,1,1,1991,0,0,0,0,0,0,0,0,0,0
61912,1,1,1991,24,24,24,24,24,24,24,24,24,24
61913,1,1,1991,0,0,0,0,0,0,0,0,0,0
61913,2,1,1991,0,0,0,0,0,0,0,0,0,0
61914,1,1,1991,0,0,0,0,0,0,0,0,0,0
61914,2,1,1991,0,0,0,0,0,0,0,0,0,0
61915,1,1,1991,26,26,26,26,26,26,26,26,26,26
61916,1,1,1991,0,0,0,0,0,0,0,0,0,0
61917,1,1,1991,13,13,13,13,13,13,13,13,13,13
61918,0,1,1991,21,21,21,21,21,21,21,21,21,21
61918,1,1,1991,0,0,0,0,0,0,0,7,0,0
61919,0,1,1991,0,0,0,0,0,0,0,0,0,0
61920,1,1,1991,0,0,0,0,0,0,0,0,0,0
61921,1,1,1991,14,14,14,14,14,14,14,14,14,14
61921,2,1,1991,0,0,0,0,0,0,0,0,0,0
61922,1,1,1991,17,17,17,17,17,17,17,17,17,17
61923,1,1,1991,2,2,2,2,2,2,2,2,2,2
61924,1,1,1991,0,0,0,0,0,0,0,0,0,0
61925,1,1,1991,0,0,0,0,0,0,0,0,0,0
61925,2,1,1991,0,0,0,0,0,0,0,0,0,0
61926,1,1,1991,0,0,0,0,0,0,0,0,0,0
61926,2,1,1991,0,0,0,0,0,0,0,0,0,0
61927,1,1,1991,0,0,0,0,0,0,0,0,0,0
61927,2,1,1991,0,0,0,0,0,0,0,0,0,0
61928,1,1,1991,0,0,0,0,0,0,0,0,0,0
61928,2,1,1991,0,0,0,0,0,0,0,0,0,0
61929,1,1,1991,0,0,0,0,0,0,0,0,0,0
61929,2,1,1991,0,0,0,0,0,0,0,0,0,0
61930,1,1,1991,0,0,0,0,0,0,0,0,0,0
61930,2,1,1991,0,0,0,0,0,0,0,0,0,0
61931,1,1,1991,22,22,22,22,22,22,22,22,22,22
61932,1,1,1991,0,0,0,0,0,0,0,0,0,0
61932,2,1,1991,0,0,0,0,0,0,0,0,0,0
61933,1,1,1991,0,0,0,0,0,0,0,0,0,0
61933,2,1,1991,6,6,6,6,6,6,6,6,6,6
61934,1,1,1991,17,17,17,17,17,17,17,17,17,17
61935,0,1,1991,20,20,20,20,20,20,20,20,20,20
61935,1,1,1991,0,0,0,0,0,0,0,0,21,15
61936,0,1,1991,0,19,0,17,0,27,0,0,0,0
61936,1,1,1991,0,0,0,0,0,0,0,0,0,0
61936,2,1,1991,0,0,0,0,0,0,0,0,0,0
61937,0,1,1991,0,0,0,0,0,0,0,0,0,0
61937,1,1,1991,0,0,0,0,0,0,0,0,0,0
61938,1,1,1991,26,7,17,0,0,5,0,0,0,0
61938,2,1,1991,0,0,0,0,7,0,0,12,0,0
61939,1,1,1991,19,19,19,19,19,19,19,19,19,19
61940,0,1,1991,10,10,10,10,10,10,10,10,10,10
61940,0,2,1991,0,0,24,12,35,0,0,0,17,0
61940,1,1,1991,0,0,0,0,0,15,0,10,0,0
61940,2,1,1991,0,0,0,0,13,0,0,0,0,0
61941,0,1,1991,21,0,26,0,0,16,0,0,15,0
61941,1,1,1991,0,0,0,0,0,0,0,0,0,0
61941,2,1,1991,0,0,0,0,0,0,0,0,0,0
61942,1,1,1991,13,13,13,13,13,13,13,13,13,13
61942,2,1,1991,0,0,0,0,0,0,0,0,0,0
61942,3,1,1991,7,7,7,7,7,7,7,7,7,7
61943,0,1,1991,0,0,0,0,0,0,0,0,0,0
61943,1,1,1991,0,0,0,0,0,5,0,0,0,0
61944,1,1,1991,15,15,15,15,15,15,15,15,15,15
61944,2,1,1991,0,0,0,0,0,0,0,0,0,0
61945,0,1,1991,0,0,0,0,0,0,0,0,0,0
61945,1,1,1991,0,0,0,0,0,0,0,0,0,0
61945,2,1,1991,0,0,0,0,0,0,0,0,0,0
61946,1,1,1991,0,0,0,0,0,0,0,0,0,0
61946,2,1,1991,14,9,0,0,11,0,0,0,28,19
61947,1,1,1991,0,0,0,0,0,0,0,0,0,0
61947,2,1,1991,0,0,0,0,0,0,0,0,0,0
61948,1,1,1991,0,0,0,0,0,0,0,0,0,0
61948,2,1,1991,0,0,0,0,0,0,0,0,0,0
61949,1,1,1991,6,6,6,6,6,6,6,6,6,6
61949,2,1,1991,18,8,20,0,0,0,0,17,0,0
61950,0,1,1991,0,0,0,0,0,0,0,0,0,0
61950,1,1,1991,0,0,0,0,0,0,0,0,0,0
61950,2,1,1991,0,0,0,0,0,0,0,0,0,0
61951,0,1,1991,17,31,0,0,0,16,0,0,25,0
61951,1,1,1991,0,0,0,0,0,0,0,0,0,0
61952,1,1,1991,4,2,13,23,12,4,7,13,27,7
61952,2,1,1991,0,0,0,0,0,0,0,0,0,0
61952,3,1,1991,0,6,10,0,0,7,0,16,0,17
61953,1,1,1991,19,19,19,19,19,19,19,19,19,19
61953,2,1,1991,0,0,0,0,0,0,0,0,0,0
61954,1,1,1991,0,0,0,0,0,0,0,0,0,0
61955,1,1,1991,10,18,0,16,20,0,9,16,15,27
61955,2,1,1991,0,0,0,0,0,0,0,0,0,0
61956,1,1,1991,0,0,0,0,0,0,0,0,0,0
61957,1,1,1991,0,0,12,0,0,0,0,0,0,0
61958,1,1,1991,19,19,19,19,19,19,19,19,19,19
61959,1,1,1991,7,0,0,0,0,0,0,0,20,0
61960,1,1,1991,0,0,0,0,0,0,0,0,0,0
61961,1,1,1991,20,20,20,20,20,20,20,20,20,20
61961,2,1,1991,17,17,17,17,17,17,17,17,17,17
61962,1,1,1991,0,0,0,0,0,0,0,0,0,0
61963,1,1,1991,26,26,26,26,26,26,26,26,26,26
61964,1,1,1991,12,12,12,12,12,12,12,12,12,12
61965,0,1,1991,0,0,0,0,0,0,0,0,0,0
61965,1,1,1991,0,0,35,0,0,0,0,0,0,0
61966,1,1,1991,17,17,17,17,17,17,17,17,17,17
61966,2,1,1991,0,0,0,0,0,0,0,0,0,0
61966,3,1,1991,0,0,0,0,0,0,0,0,0,0
61967,1,1,1991,0,0,0,0,0,0,0,0,0,0
61967,2,1,1991,0,0,0,0,0,0,0,0,0,0
61968,1,1,1991,0,0,0,0,0,0,0,0,0,0
61969,1,1,1991,11,11,11,11,11,11,11,11,11,11
61970,0,1,1991,5,5,5,5,5,5,5,5,5,5
61970,1,1,1991,0,0,0,0,0,0,0,0,0,0
61971,1,1,1991,24,24,24,24,24,24,24,24,24,24
61972,1,1,1991,9,0,0,0,0,0,0,0,0,0
61972,2,1,1991,0,0,0,0,0,0,0,0,0,0
61973,1,1,1991,0,0,0,0,0,0,0,0,0,0
61974,1,1,1991,10,10,10,10,10,10,10,10,10,10
61974,2,1,1991,0,0,0,0,0,0,0,0,0,0
61974,3,1,1991,0,0,0,0,0,0,0,0,0,0
61975,1,1,1991,0,0,0,0,0,14,0,0,0,0
61975,2,1,1991,0,0,0,0,0,0,0,0,0,0
61976,0,1,1991,0,0,0,0,0,0,0,0,0,0
61976,1,1,1991,0,0,0,0,0,0,0,0,0,0
61977,1,1,1991,0,0,0,0,0,0,0,0,0,0
61977,2,1,1991,0,0,0,0,0,0,0,0,0,0
61978,1,1,1991,0,0,9,0,0,4,0,0,22,9
61979,1,1,1991,1,1,1,1,1,1,1,1,1,1
61979,2,1,1991,0,0,0,0,0,0,0,0,0,0
61980,1,1,1991,24,24,24,24,24,24,24,24,24,24
61981,0,1,1991,0,0,0,0,0,0,0,0,0,0
61981,1,1,1991,10,5,17,0,0,26,12,11,12,13
61982,0,1,1991,0,0,0,0,0,0,0,0,0,0
61982,1,1,1991,0,0,0,0,0,0,0,0,6,0
61983,1,1,1991,14,14,14,14,14,14,14,14,14,14
61984,1,1,1991,10,10,10,10,10,10,10,10,10,10
61985,1,1,1991,0,0,0,0,0,0,0,0,0,0
61985,2,1,1991,8,0,0,0,0,0,0,0,0,0
61986,0,1,1991,0,0,0,0,0,0,0,0,0,0
61986,0,2,1991,0,0,0,0,13,0,0,6,21,27
61986,1,1,1991,8,38,7,11,8,11,6,10,16,18
61987,1,1,1991,0,0,0,0,0,0,0,0,0,0
61987,2,1,1991,0,0,0,0,0,0,0,9,0,0
61988,0,1,1991,0,0,0,0,0,0,0,0,0,0
61988,1,1,1991,0,0,0,0,0,0,0,0,0,0
61989,0,1,1991,0,0,0,0,0,0,0,0,0,0
61989,1,1,1991,8,15,4,10,18,0,11,0,7,5
61990,1,1,1991,0,0,28,0,16,17,37,0,0,0
61991,1,1,1991,0,0,0,0,0,0,0,0,0,0
61992,1,1,1991,0,0,0,0,0,0,0,0,0,0
61992,2,1,1991,0,0,0,0,0,0,0,0,0,0
61993,1,1,1991,0,0,0,0,0,0,0,0,0,0
61993,2,1,1991,0,0,0,0,0,0,0,0,0,0
61994,1,1,1991,0,0,0,0,0,0,0,0,0,0
61994,2,1,1991,11,11,11,11,11,11,11,11,11,11
61995,1,1,1991,0,0,0,0,0,0,0,0,0,0
61995,2,1,1991,0,0,0,0,0,0,0,0,0,0
61996,1,1,1991,0,0,0,0,0,0,0,0,0,0
61997,1,1,1991,0,0,0,0,0,0,0,0,0,0
61997,2,1,1991,0,0,0,0,0,0,0,0,0,0
61998,0,1,1991,0,0,0,0,0,0,0,0,0,0
61998,1,1,1991,0,0,0,0,0,0,0,0,0,0
61999,1,1,1991,24,24,24,24,24,24,24,24,24,24
62000,1,1,1991,0,0,0,0,0,0,0,0,0,0
62000,2,1,1991,23,23,23,23,23,23,23,23,23,23
62001,1,1,1991,0,0,0,0,0,0,0,0,0,0
62002,1,1,1991,19,8,12,19,9,0,0,15,0,11
62003,1,1,1991,0,0,0,0,0,0,0,0,0,0
62003,2,1,1991,0,0,0,0,5,0,0,0,0,0
62004,0,1,1991,0,0,0,0,0,0,0,0,0,0
62004,1,1,1991,0,0,0,0,0,0,0,0,0,0
62004,2,1,1991,0,0,0,0,0,0,0,0,0,0
62004,3,1,1991,0,0,0,0,14,0,0,0,0,0
62005,1,1,1991,29,29,29,29,29,29,29,29,29,29
62006,1,1,1991,15,15,15,15,15,15,15,15,15,15
62007,1,1,1991,0,0,0,0,0,0,0,0,0,0
62007,2,1,1991,0,0,0,0,0,0,0,0,0,0
62008,1,1,1991,0,0,0,0,0,0,0,0,0,0
62008,2,1,1991,0,0,0,0,0,0,0,0,0,0
62009,1,1,1991,0,0,0,0,0,0,0,0,0,0
62010,1,1,1991,0,13,0,0,0,0,0,0,0,0
62010,2,1,1991,0,0,0,0,0,0,0,0,0,0
62011,1,1,1991,0,11,11,0,0,0,0,0,0,0
62011,2,1,1991,0,0,0,0,0,0,0,0,0,0
62012,0,1,1991,0,0,0,0,0,0,0,0,0,0
62012,1,1,1991,0,0,0,0,0,0,0,0,0,0
62013,1,1,1991,0,0,0,0,0,0,0,0,0,0
62013,2,1,1991,0,0,0,0,0,0,0,0,0,0
62013,3,1,1991,0,0,0,0,0,0,0,12,0,0
62014,1,1,1991,0,0,0,0,17,0,0,0,0,0
62014,2,1,1991,0,0,0,0,0,0,0,0,0,0
62015,1,1,1991,0,0,0,0,0,0,0,0,0,0
62016,1,1,1991,22,22,22,22,22,22,22,22,22,22
62017,1,1,1991,0,0,0,0,0,0,0,0,0,0
62018,0,1,1991,0,0,0,0,0,0,0,0,0,0
62019,1,1,1991,0,0,0,0,0,0,0,0,0,0
62019,2,1,1991,0,0,0,0,0,0,0,0,0,0
62019,3,1,1991,0,0,0,0,8,0,0,0,0,0
62020,1,1,1991,9,9,9,9,9,9,9,9,9,9
62020,2,1,1991,0,0,0,0,0,0,0,0,0,0
62021,0,1,1991,0,0,0,0,0,0,0,0,0,0
62021,1,1,1991,0,0,0,0,0,0,0,0,0,0
62022,1,1,1991,0,0,0,0,0,0,0,0,0,0
62022,2,1,1991,0,0,0,0,0,0,0,0,0,0
62023,1,1,1991,0,0,0,0,0,0,0,0,0,0
62024,1,1,1991,15,26,16,9,0,31,10,24,10,18
62025,1,1,1991,0,0,0,0,0,0,0,0,0,0
62025,2,1,1991,0,0,0,0,0,0,0,0,0,0
62026,1,1,1991,0,0,0,0,0,0,0,0,0,0
62026,2,1,1991,0,0,0,0,0,0,0,0,0,0
62027,1,1,1991,0,0,0,0,0,0,0,0,0,0
62027,2,1,1991,0,0,0,0,0,0,0,0,0,10
62028,1,1,1991,0,0,0,0,0,0,0,0,0,0
62029,0,1,1991,0,0,0,0,0,0,0,0,0,0
62029,1,1,1991,0,0,0,0,0,0,0,0,0,0
62030,1,1,1991,0,0,0,0,0,0,0,0,0,0
62031,1,1,1991,7,7,7,7,7,7,7,7,7,7
62032,0,1,1991,0,0,0,0,0,0,0,0,0,0
62032,1,1,1991,0,0,0,0,0,0,0,0,0,0
62033,1,1,1991,28,28,28,28,28,28,28,28,28,28
62034,1,1,1991,0,0,0,0,0,0,0,0,0,0
62035,1,1,1991,15,15,15,15,15,15,15,15,15,15
62035,2,1,1991,5,5,5,5,5,5,5,5,5,5
62036,1,1,1991,25,25,25,25,25,25,25,25,25,25
62036,2,1,1991,0,0,0,0,0,0,0,0,0,0
62037,0,1,1991,25,16,8,29,0,0,0,25,5,0
62037,0,2,1991,23,32,0,9,0,27,0,14,0,14
62037,1,1,1991,0,0,0,0,0,0,0,0,0,0
62038,1,1,1991,0,0,0,0,0,0,0,0,0,0
62038,2,1,1991,0,0,0,0,27,0,0,0,0,0
62039,0,1,1991,0,0,0,0,0,0,0,0,0,0
62039,1,1,1991,0,0,0,0,0,0,0,0,0,0
62040,1,1,1991,12,12,12,12,12,12,12,12,12,12
62041,1,1,1991,22,22,22,22,22,22,22,22,22,22
62041,2,1,1991,0,0,0,11,15,0,0,0,0,17
62042,1,1,1991,24,24,24,24,24,24,24,24,24,24
62042,2,1,1991,0,0,0,0,0,0,0,0,0,9
62042,3,1,1991,0,22,0,0,0,0,0,0,0,0
62043,1,1,1991,0,0,0,0,0,0,0,0,0,0
62044,1,1,1991,11,11,11,11,11,11,11,11,11,11
62045,1,1,1991,20,20,20,20,20,20,20,20,20,20
62045,2,1,1991,0,0,0,0,0,0,0,0,0,0
62046,1,1,1991,8,8,8,8,8,8,8,8,8,8
62047,1,1,1991,0,0,0,0,0,0,12,0,0,0
62048,1,1,1991,0,0,0,0,0,0,0,14,0,0
62049,1,1,1991,0,0,0,0,0,0,0,0,0,0
62050,1,1,1991,20,20,20,20,20,20,20,20,20,20
62050,2,1,1991,0,0,0,0,0,0,0,0,0,0
62050,3,1,1991,0,0,0,0,0,0,0,0,0,0
62050,4,1,1991,7,7,7,7,7,7,7,7,7,7
62051,1,1,1991,5,5,5,5,5,5,5,5,5,5
62052,1,1,1991,15,15,15,15,15,15,15,15,15,15
62053,1,1,1991,25,25,25,25,25,25,25,25,25,25
62054,1,1,1991,0,0,0,0,0,0,0,0,0,0
62054,2,1,1991,21,0,0,0,0,0,0,0,0,0
62055,1,1,1991,0,0,0,0,0,0,0,0,0,0
62055,2,1,1991,14,14,14,14,14,14,14,14,14,14
62056,1,1,1991,24,24,24,24,24,24,24,24,24,24
62057,0,1,1991,15,15,15,15,15,15,15,15,15,15
62057,1,1,1991,16,0,0,0,17,0,0,0,0,0
62058,1,1,1991,0,0,0,0,0,0,0,0,0,0
62058,2,1,1991,0,0,0,0,0,0,0,0,0,0
62059,1,1,1991,10,10,10,10,10,10,10,10,10,10
62059,2,1,1991,0,0,0,0,0,0,0,0,0,0
62060,1,1,1991,0,0,0,0,0,0,0,0,0,0
62060,2,1,1991,0,0,0,0,0,0,0,0,0,0
62061,0,1,1991,0,0,0,0,0,0,0,0,0,0
62061,1,1,1991,0,0,0,0,0,0,0,0,0,0
62062,1,1,1991,0,0,0,0,0,0,0,4,0,0
62062,2,1,1991,0,0,0,0,0,0,0,0,0,0
62063,1,1,1991,0,0,0,0,0,0,0,0,0,0
62064,1,1,1991,0,0,0,0,0,0,0,0,0,0
62064,2,1,1991,0,0,0,0,0,0,0,0,0,0
62065,1,1,1991,0,0,0,0,0,0,0,0,0,0
62066,1,1,1991,24,24,24,24,24,24,24,24,24,24
62067,1,1,1991,11,11,11,11,11,11,11,11,11,11
62068,1,1,1991,14,14,14,14,14,14,14,14,14,14
62068,2,1,1991,2,2,2,2,2,2,2,2,2,2
62069,0,1,1991,10,10,10,10,10,10,10,10,10,10
62069,1,1,1991,0,22,0,0,0,9,0,0,0,0
62070,1,1,1991,0,0,0,0,0,0,0,0,0,0
62070,2,1,1991,0,0,0,0,0,0,0,0,0,0
62071,1,1,1991,0,0,0,0,0,0,0,0,0,0
62071,2,1,1991,0,0,0,0,0,0,0,0,0,0
62072,1,1,1991,7,7,7,7,7,7,7,7,7,7
62072,2,1,1991,1,1,1,1,1,1,1,1,1,1
62073,1,1,1991,11,11,11,11,11,11,11,11,11,11
62073,2,1,1991,0,0,0,0,0,0,0,0,0,0
62074,1,1,1991,9,9,9,9,9,9,9,9,9,9
62074,2,1,1991,0,0,0,0,0,0,0,0,0,0
62075,1,1,1991,0,0,0,0,0,0,0,0,0,0
62076,1,1,1991,13,0,11,18,12,25,27,15,32,23
62077,1,1,1991,0,0,0,0,0,0,0,0,0,0
62077,2,1,1991,0,0,0,0,0,0,0,0,0,0
62078,0,1,1991,0,0,0,0,0,0,0,0,0,0
62078,1,1,1991,0,0,0,0,0,0,0,0,0,0
62079,1,1,1991,0,0,0,9,0,19,0,0,0,0
62079,2,1,1991,0,0,0,0,0,0,0,0,0,0
62080,1,1,1991,0,0,0,0,0,0,0,0,0,0
62080,2,1,1991,0,0,0,0,0,0,0,0,0,0
62081,0,1,1991,0,0,0,0,0,0,0,0,0,0
62081,1,1,1991,0,0,0,0,0,0,0,0,0,0
62082,1,1,1991,6,6,6,6,6,6,6,6,6,6
62083,1,1,1991,23,23,23,23,23,23,23,23,23,23
62084,1,1,1991,0,0,0,0,0,0,0,0,0,0
62084,2,1,1991,0,3,0,0,0,0,0,0,0,0
62085,1,1,1991,0,0,0,0,0,0,0,0,0,0
62086,1,1,1991,0,0,0,0,0,0,0,0,0,0
62087,1,1,1991,0,0,0,0,0,0,0,0,0,0
62087,2,1,1991,0,0,0,0,0,0,0,0,0,0
62088,1,1,1991,0,0,0,0,0,0,0,0,0,0
62088,2,1,1991,0,0,0,0,0,0,0,0,0,0
62089,1,1,1991,2,2,2,2,2,2,2,2,2,2
62090,1,1,1991,21,21,21,21,21,21,21,21,21,21
62090,2,1,1991,0,0,0,0,0,0,0,0,0,0