ST_CASE,VEH_NO,PER_NO,YEAR,P1,P2,P3,P4,P5,P6,P7,P8,P9,P10
62091,1,1,1991,0,0,0,0,0,0,0,0,0,0
62091,2,1,1991,0,0,0,0,0,0,0,0,0,0
62091,3,1,1991,0,0,0,0,0,0,0,0,0,0
62092,1,1,1991,26,26,26,26,26,26,26,26,26,26
62093,1,1,1991,23,23,23,23,23,23,23,23,23,23
62094,1,1,1991,0,0,0,0,0,0,0,0,0,0
62095,1,1,1991,22,22,22,22,22,22,22,22,22,22
62096,1,1,1991,0,0,0,0,0,0,0,0,0,0
62096,2,1,1991,0,0,0,0,0,0,0,0,0,0
62097,0,1,1991,9,9,9,9,9,9,9,9,9,9
62097,1,1,1991,0,0,0,0,6,0,0,0,0,0
62098,1,1,1991,12,12,12,12,12,12,12,12,12,12
62098,2,1,1991,0,0,0,0,0,0,0,0,0,0
62098,3,1,1991,0,0,0,0,0,16,20,0,0,0
62099,0,1,1991,26,27,14,13,14,15,38,0,0,22
62099,1,1,1991,16,0,11,0,3,0,0,11,0,0
62100,1,1,1991,19,19,19,19,19,19,19,19,19,19
62100,2,1,1991,0,0,0,0,16,0,0,0,0,0
62101,0,1,1991,20,20,20,20,20,20,20,20,20,20
62101,1,1,1991,0,0,0,0,0,0,0,0,5,0
62102,1,1,1991,0,0,0,0,0,0,0,0,0,0
62103,1,1,1991,0,0,0,0,0,0,0,8,0,0
62103,2,1,1991,20,20,20,20,20,20,20,20,20,20
62104,1,1,1991,0,0,0,0,0,0,0,0,0,0
62104,2,1,1991,0,0,0,0,0,0,0,0,0,0
62105,1,1,1991,0,0,0,0,0,0,0,0,0,0
62105,2,1,1991,0,0,0,0,0,0,0,0,0,0
62106,1,1,1991,0,0,0,0,0,0,0,0,0,0
62106,2,1,1991,0,0,0,0,0,0,0,0,0,0
62107,1,1,1991,0,0,0,0,0,0,0,11,0,0
62107,2,1,1991,0,0,0,0,0,0,8,0,0,0
62108,1,1,1991,0,0,0,0,0,0,0,0,0,0
62109,0,1,1991,0,0,0,0,0,0,0,0,0,0
62109,1,1,1991,0,0,0,0,0,0,0,0,0,0
62110,0,1,1991,7,7,7,7,7,7,7,7,7,7
62110,1,1,1991,0,0,0,0,0,0,0,0,0,0
62111,1,1,1991,18,18,18,18,18,18,18,18,18,18
62111,2,1,1991,0,0,0,0,0,0,0,0,0,0
62112,1,1,1991,12,12,12,12,12,12,12,12,12,12
62113,1,1,1991,7,7,7,7,7,7,7,7,7,7
62113,2,1,1991,0,0,0,0,0,0,0,0,0,0
62114,1,1,1991,13,13,13,13,13,13,13,13,13,13
62114,2,1,1991,0,0,0,6,0,0,0,0,0,0
62115,1,1,1991,0,0,0,0,0,0,0,0,0,0
62116,1,1,1991,0,0,0,0,0,0,0,0,0,0
62116,2,1,1991,10,10,10,10,10,10,10,10,10,10
62117,1,1,1991,19,19,26,10,39,13,18,6,0,0
62118,0,1,1991,0,0,2,20,0,0,11,0,0,0
62118,0,2,1991,0,0,0,0,0,0,0,0,0,25
62118,1,1,1991,22,22,22,22,22,22,22,22,22,22
62119,1,1,1991,0,0,0,0,0,0,0,0,0,0
62119,2,1,1991,0,0,0,0,0,0,0,0,0,0
62119,3,1,1991,0,0,0,0,0,0,0,0,0,0
62120,0,1,1991,0,0,0,0,0,0,0,0,0,0
62120,1,1,1991,8,11,21,21,4,10,19,6,9,8
62121,0,1,1991,0,0,0,0,0,0,0,0,0,0
62121,1,1,1991,0,0,0,17,10,0,0,0,0,0
62122,1,1,1991,16,16,16,16,16,16,16,16,16,16
62122,2,1,1991,0,0,0,0,0,0,0,13,0,0
62122,3,1,1991,0,0,0,0,0,0,0,0,0,0
62123,1,1,1991,0,0,0,0,0,0,0,0,0,0
62123,3,1,1991,0,0,0,0,0,0,0,0,0,0
62124,1,1,1991,0,0,0,0,0,0,0,0,0,0
62125,1,1,1991,0,0,0,0,0,0,0,0,0,0
62125,2,1,1991,0,0,0,0,0,0,0,0,0,0
62126,1,1,1991,0,0,0,0,0,0,0,0,0,0
62127,0,1,1991,11,11,11,11,11,11,11,11,11,11
62127,1,1,1991,0,0,0,0,0,0,0,0,0,0
62128,1,1,1991,0,0,0,20,0,18,12,14,0,13
62129,1,1,1991,0,0,0,0,0,0,0,0,0,0
62129,2,1,1991,0,0,0,0,0,0,0,0,0,0
62130,1,1,1991,0,0,0,0,0,0,0,0,0,0
62131,1,1,1991,0,0,0,0,0,0,0,0,0,0
62131,2,1,1991,0,0,0,0,0,0,0,0,0,0
62131,3,1,1991,0,0,0,0,11,0,0,0,0,0
62131,4,1,1991,0,0,20,31,0,0,0,0,0,0
62132,1,1,1991,13,13,13,13,13,13,13,13,13,13
62132,2,1,1991,0,0,0,0,0,0,0,0,0,0
62133,1,1,1991,0,0,0,0,0,0,0,0,0,0
62133,2,1,1991,0,0,0,0,0,0,0,0,0,0
62134,0,1,1991,0,0,0,0,0,0,0,0,0,0
62134,1,1,1991,0,0,0,0,0,0,0,0,0,0
62135,1,1,1991,18,0,0,0,18,0,0,0,0,0
62135,2,1,1991,0,0,0,0,0,0,0,0,0,0
62136,1,1,1991,0,0,0,0,0,0,0,0,0,0
62136,2,1,1991,0,0,0,0,0,0,0,0,0,0
62136,3,1,1991,0,0,0,0,0,0,0,0,0,0
62136,4,1,1991,0,0,0,0,33,0,0,0,0,0
62136,5,1,1991,0,0,0,0,0,0,0,0,0,0
62136,6,1,1991,0,0,0,10,0,0,0,0,0,0
62136,7,1,1991,0,0,0,0,0,0,0,0,0,0
62137,0,1,1991,0,0,0,0,0,0,0,0,0,0
62137,1,1,1991,0,0,0,0,0,0,0,0,0,0
62138,0,1,1991,21,21,21,21,21,21,21,21,21,21
62138,1,1,1991,0,0,0,20,0,0,0,24,0,0
62138,2,1,1991,28,0,0,0,0,0,0,0,8,0
62139,1,1,1991,20,20,20,20,20,20,20,20,20,20
62140,1,1,1991,0,0,0,0,0,0,0,0,0,0
62140,2,1,1991,0,0,0,0,0,0,0,0,0,0
62141,1,1,1991,0,0,0,0,0,0,0,0,0,0
62141,2,1,1991,0,0,6,0,11,0,0,0,0,0
62142,1,1,1991,17,17,17,17,17,17,17,17,17,17
62143,1,1,1991,19,19,19,19,19,19,19,19,19,19
62144,1,1,1991,14,14,14,14,14,14,14,14,14,14
62145,1,1,1991,9,9,9,9,9,9,9,9,9,9
62146,0,1,1991,0,0,0,0,0,0,0,0,0,0
62146,1,1,1991,0,0,0,0,0,0,0,0,0,0
62147,1,1,1991,0,0,0,0,0,0,0,0,0,0
62148,1,1,1991,25,25,25,25,25,25,25,25,25,25
62149,1,1,1991,0,0,0,0,0,0,0,0,39,0
62149,2,1,1991,0,0,0,0,0,0,0,0,0,0
62150,1,1,1991,0,0,0,0,0,0,0,0,0,0
62150,2,1,1991,0,0,0,0,0,0,0,0,0,0
62150,3,1,1991,0,0,0,0,0,0,0,0,0,0
62150,4,1,1991,0,0,0,0,0,0,0,0,0,0
62151,1,1,1991,0,0,0,0,0,0,0,0,0,0
62151,2,1,1991,0,0,0,0,0,0,0,0,0,0
62152,1,1,1991,0,0,0,0,23,0,0,0,0,0
62152,2,1,1991,0,0,0,0,0,0,0,0,0,0
62153,1,1,1991,0,0,0,0,0,0,0,0,0,0
62154,0,1,1991,2,2,2,2,2,2,2,2,2,2
62154,0,2,1991,10,46,0,43,6,24,14,29,15,0
62154,1,1,1991,0,0,0,14,0,0,0,0,0,0
62155,1,1,1991,0,0,0,0,0,0,0,0,0,0
62156,0,1,1991,17,17,17,17,17,17,17,17,17,17
62156,1,1,1991,0,0,0,0,14,0,0,0,0,0
62156,2,1,1991,0,14,0,6,0,6,9,0,0,7
62156,3,1,1991,0,21,0,17,0,11,0,0,13,15
62157,1,1,1991,0,0,0,0,0,0,0,0,0,0
62158,1,1,1991,0,0,0,0,0,0,0,0,0,0
62159,0,1,1991,0,0,0,0,0,0,0,0,0,0
62159,1,1,1991,21,0,0,10,0,0,0,0,0,13
62160,1,1,1991,22,0,0,0,0,0,0,12,0,0
62160,2,1,1991,0,0,0,0,0,0,0,0,0,0
62161,1,1,1991,20,20,20,20,20,20,20,20,20,20
62162,1,1,1991,0,0,0,0,0,0,0,0,0,0
62163,0,1,1991,0,0,0,0,0,0,0,0,0,0
62163,1,1,1991,0,0,14,0,0,0,0,3,11,0
62164,1,1,1991,0,0,0,0,0,0,0,0,0,0
62164,2,1,1991,18,0,0,0,0,0,0,0,0,0
62164,3,1,1991,0,0,0,0,0,0,0,0,0,0
62165,1,1,1991,0,0,0,0,0,0,0,0,0,0
62166,1,1,1991,0,0,0,0,0,0,0,0,0,0
62166,2,1,1991,0,0,0,0,0,0,0,0,0,0
62167,1,1,1991,0,0,0,0,0,0,0,0,0,0
62167,2,1,1991,0,0,0,0,0,0,0,0,0,0
62168,1,1,1991,0,0,0,0,13,0,0,0,0,0
62169,1,1,1991,9,9,9,9,9,9,9,9,9,9
62169,2,1,1991,0,0,0,0,0,0,0,0,0,0
62169,3,1,1991,0,0,0,0,0,0,0,0,0,0
62170,0,1,1991,24,24,24,24,24,24,24,24,24,24
62170,1,1,1991,0,0,0,0,0,0,0,0,0,0
62171,0,1,1991,22,22,22,22,22,22,22,22,22,22
62171,1,1,1991,0,19,0,0,11,0,0,0,0,0
62172,1,1,1991,28,28,28,28,28,28,28,28,28,28
62173,1,1,1991,16,16,16,16,16,16,16,16,16,16
62174,1,1,1991,15,15,15,15,15,15,15,15,15,15
62175,1,1,1991,6,6,6,6,6,6,6,6,6,6
62175,2,1,1991,0,0,0,0,0,0,0,0,0,0
62176,1,2,1991,12,25,0,14,24,0,0,25,0,2
62177,1,1,1991,21,21,21,21,21,21,21,21,21,21
62178,1,1,1991,0,0,0,0,0,0,0,0,0,0
62179,1,1,1991,4,4,4,4,4,4,4,4,4,4
62179,2,1,1991,0,0,0,0,0,0,0,0,0,0
62180,1,1,1991,16,16,16,16,16,16,16,16,16,16
62180,2,1,1991,0,0,0,0,0,0,0,0,0,0
62180,3,1,1991,23,21,17,25,17,22,20,18,19,11
62181,1,1,1991,9,9,9,9,9,9,9,9,9,9
62182,1,1,1991,0,16,0,0,0,0,12,0,0,0
62182,2,1,1991,0,0,0,0,0,0,0,0,0,0
62182,3,1,1991,0,0,0,0,0,0,0,0,0,0
62183,0,1,1991,3,3,3,3,3,3,3,3,3,3
62183,1,1,1991,0,0,0,0,0,0,0,0,0,0
62184,1,1,1991,20,0,5,0,0,17,0,0,0,0
62184,2,1,1991,0,0,0,0,0,0,0,0,0,0
62185,1,1,1991,0,0,0,0,0,0,0,0,0,0
62185,2,1,1991,0,0,0,0,0,0,0,0,0,0
62186,1,1,1991,0,0,0,0,0,0,0,0,0,0
62187,1,1,1991,0,0,0,0,0,0,0,0,0,0
62188,1,1,1991,7,7,7,7,7,7,7,7,7,7
62189,1,1,1991,0,0,0,0,0,0,0,0,0,0
62190,1,1,1991,9,0,0,11,0,0,0,0,0,0
62191,1,1,1991,0,0,0,0,0,0,0,0,0,0
62191,2,1,1991,0,0,0,0,0,0,0,0,0,0
62192,1,1,1991,0,0,0,0,0,0,0,0,0,0
62193,1,1,1991,0,0,0,0,0,0,0,0,0,0
62193,2,1,1991,0,0,0,0,0,0,0,0,0,0
62194,1,1,1991,0,0,0,0,0,0,0,0,0,0
62194,2,1,1991,0,0,0,0,0,0,0,0,0,0
62194,3,1,1991,0,0,0,0,0,0,0,0,13,0
62194,4,1,1991,7,11,12,14,5,20,12,24,14,13
62194,5,1,1991,0,0,0,0,0,0,0,0,0,0
62194,6,1,1991,0,0,0,0,0,0,0,0,0,0
62194,7,1,1991,0,0,0,0,0,0,0,0,0,0
62195,1,1,1991,21,21,21,21,21,21,21,21,21,21
62196,1,1,1991,0,0,0,0,0,0,0,0,0,0
62196,2,1,1991,2,2,2,2,2,2,2,2,2,2
62197,1,1,1991,11,11,11,11,11,11,11,11,11,11
62198,1,1,1991,12,12,12,12,12,12,12,12,12,12
62198,2,1,1991,0,0,0,0,0,0,0,0,0,0
62198,3,1,1991,0,0,0,0,0,0,0,0,0,0
62199,1,1,1991,2,2,2,2,2,2,2,2,2,2
62200,1,1,1991,0,10,0,0,0,0,0,0,0,0
62200,2,1,1991,0,0,0,0,0,0,0,0,0,0
62201,0,1,1991,0,0,0,0,0,0,0,0,0,0
62201,1,1,1991,8,8,8,8,8,8,8,8,8,8
62202,1,1,1991,0,0,0,0,0,0,0,0,0,0
62202,2,1,1991,0,0,0,0,0,0,0,0,0,0
62203,0,1,1991,11,11,11,11,11,11,11,11,11,11
62203,1,1,1991,0,0,12,18,0,24,31,0,13,0
62204,1,1,1991,10,10,10,10,10,10,10,10,10,10
62205,1,1,1991,0,0,0,0,0,0,0,0,0,0
62206,0,1,1991,0,0,0,0,0,0,0,0,0,0
62206,1,1,1991,19,19,19,19,19,19,19,19,19,19
62207,0,1,1991,0,0,0,0,0,0,0,0,0,0
62207,1,1,1991,0,0,0,0,0,0,0,0,0,0
62208,1,1,1991,0,0,0,0,0,0,0,0,0,0
62208,2,1,1991,0,0,0,0,0,0,0,0,0,0
62209,1,1,1991,10,10,10,10,10,10,10,10,10,10
62210,1,1,1991,0,0,0,17,0,0,0,0,0,0
62210,2,1,1991,0,0,0,0,0,0,0,0,0,0
62211,0,1,1991,0,0,0,0,0,0,0,0,0,0
62211,1,1,1991,0,0,0,0,0,0,0,0,0,0
62212,1,1,1991,23,23,23,23,23,23,23,23,23,23
62213,1,1,1991,28,0,0,0,0,0,10,0,21,20
62214,1,1,1991,17,17,17,17,17,17,17,17,17,17
62214,2,1,1991,0,0,0,0,0,0,0,11,0,0
62215,1,1,1991,18,18,18,18,18,18,18,18,18,18
62216,1,1,1991,0,0,0,0,0,0,0,0,0,0
62216,2,1,1991,0,0,0,0,0,0,0,0,0,0
62217,0,1,1991,21,21,21,21,21,21,21,21,21,21
62217,1,1,1991,0,0,0,0,0,0,0,0,0,0
62218,1,1,1991,28,28,28,28,28,28,28,28,28,28
62219,1,1,1991,4,4,4,4,4,4,4,4,4,4
62219,2,1,1991,18,18,18,18,18,18,18,18,18,18
62220,1,1,1991,4,4,4,4,4,4,4,4,4,4
62220,2,1,1991,0,0,0,0,12,0,0,10,1,12
62221,0,1,1991,0,0,0,0,0,0,0,0,0,0
62221,1,1,1991,0,0,0,0,0,0,0,0,0,0
62222,1,1,1991,0,0,0,0,0,0,0,0,0,0
62223,0,1,1991,27,2,5,23,50,0,8,0,21,0
62223,1,1,1991,23,23,23,23,23,23,23,23,23,23
62224,1,1,1991,25,25,25,25,25,25,25,25,25,25
62225,0,1,1991,45,45,45,45,45,45,45,45,45,45
62225,1,1,1991,0,0,0,0,0,0,0,0,0,0
62226,1,1,1991,28,28,28,28,28,28,28,28,28,28
62227,1,1,1991,24,24,24,24,24,24,24,24,24,24
62227,2,1,1991,0,0,0,0,0,0,0,0,0,0
62228,1,1,1991,0,0,0,0,0,0,0,0,0,0
62229,1,1,1991,7,7,7,7,7,7,7,7,7,7
62229,2,1,1991,0,0,0,0,0,0,0,0,0,0
62230,1,1,1991,5,5,5,5,5,5,5,5,5,5
62230,2,1,1991,0,0,0,0,0,0,0,0,0,0
62231,1,1,1991,30,30,30,30,30,30,30,30,30,30
62232,1,1,1991,0,0,0,0,0,0,0,0,0,0
62232,2,1,1991,0,0,0,0,0,0,0,0,0,0
62233,0,1,1991,0,0,0,30,0,19,0,0,21,9
62233,1,1,1991,0,0,0,0,0,0,5,0,0,0
62234,0,1,1991,0,0,0,0,0,0,0,0,0,0
62234,1,1,1991,0,0,0,0,0,0,0,0,0,0
62235,0,1,1991,0,0,13,23,8,18,0,12,22,29
62235,1,1,1991,0,28,0,10,0,21,0,0,0,0
62236,1,1,1991,0,0,0,0,0,0,0,0,0,0
62236,2,1,1991,0,0,0,0,0,0,0,0,0,0
62237,1,1,1991,26,26,26,26,26,26,26,26,26,26
62237,2,1,1991,14,0,13,0,0,0,0,0,0,0
62238,1,1,1991,17,17,17,17,17,17,17,17,17,17
62238,2,1,1991,0,0,0,0,0,0,0,0,0,0
62239,1,1,1991,0,0,0,0,0,0,0,0,0,0
62239,2,1,1991,0,0,0,0,0,0,0,0,0,0
62239,3,1,1991,0,0,0,0,0,0,0,8,0,0
62240,1,1,1991,0,0,0,0,0,0,0,0,0,0
62240,2,1,1991,0,0,5,0,0,0,8,29,0,14
62241,1,1,1991,3,25,13,18,29,14,3,16,14,16
62242,0,1,1991,0,0,0,0,0,0,0,0,0,0
62242,1,1,1991,0,0,0,0,0,0,0,0,0,0
62243,1,1,1991,0,0,0,0,0,0,0,0,0,0
62243,2,1,1991,0,0,0,0,0,0,0,0,0,0
62244,1,1,1991,22,22,22,22,22,22,22,22,22,22
62245,1,1,1991,0,0,0,0,0,0,0,0,0,0
62245,2,1,1991,0,0,0,0,0,0,0,0,0,0
62246,0,1,1991,0,0,0,0,0,0,0,0,0,0
62246,1,1,1991,0,0,0,0,0,0,0,0,0,0
62247,1,1,1991,31,31,31,31,31,31,31,31,31,31
62248,1,1,1991,18,18,18,18,18,18,18,18,18,18
62249,1,1,1991,14,14,14,14,14,14,14,14,14,14
62249,2,1,1991,4,4,4,4,4,4,4,4,4,4
62250,0,1,1991,0,0,0,0,0,0,0,0,0,0
62250,1,1,1991,0,0,0,0,0,0,0,0,0,0
62251,1,1,1991,0,0,0,0,0,0,0,0,0,0
62252,1,1,1991,0,0,0,0,0,0,0,0,0,0
62252,2,1,1991,0,0,27,0,0,0,0,0,0,0
62253,0,1,1991,0,0,0,0,0,0,0,0,0,0
62253,1,1,1991,0,0,0,0,0,0,0,12,0,0
62254,1,1,1991,0,0,0,0,0,0,0,0,0,0
62254,2,1,1991,0,0,0,0,0,0,0,0,0,0
62255,1,1,1991,0,0,0,0,0,0,0,0,0,0
62255,2,1,1991,0,0,0,0,0,0,0,0,0,0
62256,1,1,1991,0,0,0,0,0,0,0,0,0,0
62257,1,1,1991,21,21,21,21,21,21,21,21,21,21
62257,2,1,1991,0,0,0,0,0,0,0,0,0,0
62258,0,1,1991,0,0,0,0,0,0,0,0,0,0
62258,1,1,1991,0,0,0,18,0,0,0,0,0,0
62259,1,1,1991,5,5,5,5,5,5,5,5,5,5
62259,2,1,1991,0,0,0,0,0,0,0,0,0,0
62260,0,1,1991,16,16,16,16,16,16,16,16,16,16
62260,1,1,1991,0,0,0,0,0,22,0,0,0,0
62261,1,1,1991,22,22,22,22,22,22,22,22,22,22
62262,1,1,1991,0,0,0,0,0,0,0,0,0,0
62263,1,1,1991,28,28,28,28,28,28,28,28,28,28
62264,1,1,1991,12,12,12,12,12,12,12,12,12,12
62264,2,1,1991,0,0,0,0,0,0,0,0,0,0
62265,1,1,1991,0,0,0,0,0,0,0,0,0,0
62265,2,1,1991,0,0,0,0,0,0,0,0,0,0
62266,1,1,1991,0,0,0,0,0,0,0,0,0,0
62266,2,1,1991,0,0,0,0,0,0,0,0,0,0
62266,3,1,1991,0,0,0,0,0,0,0,0,0,0
62267,0,1,1991,0,0,0,0,0,0,0,0,0,0
62267,1,1,1991,0,0,0,0,0,0,0,0,0,0
62268,1,1,1991,16,16,16,16,16,16,16,16,16,16
62269,0,1,1991,0,0,0,0,0,0,0,0,0,0
62269,1,1,1991,0,0,0,0,0,0,0,0,0,0
62270,1,1,1991,0,0,0,0,0,0,0,0,0,0
62270,2,1,1991,0,0,0,0,0,0,0,0,0,0
62271,1,1,1991,0,0,0,0,0,0,0,0,0,0
62272,1,1,1991,14,6,6,0,0,0,0,0,0,0
62272,2,1,1991,14,19,11,0,19,0,0,15,0,12
62273,0,1,1991,0,0,0,0,0,0,0,0,0,0
62273,1,1,1991,0,0,0,0,0,0,0,12,0,0
62274,1,1,1991,0,0,0,0,0,0,0,0,0,0
62275,1,1,1991,0,0,0,0,0,0,0,0,0,0
62275,2,1,1991,0,9,0,0,10,0,0,0,0,0
62276,1,1,1991,20,20,20,20,20,20,20,20,20,20
62276,2,1,1991,0,0,0,0,0,0,0,0,0,0
62277,1,1,1991,16,16,16,16,16,16,16,16,16,16
62278,0,1,1991,0,0,32,0,0,0,15,23,0,23
62278,1,1,1991,0,0,0,0,0,0,0,0,0,0
62279,0,1,1991,29,29,29,29,29,29,29,29,29,29
62279,1,1,1991,14,0,0,0,0,0,17,0,0,0
62279,2,1,1991,0,0,0,0,0,5,0,0,0,0
62280,1,1,1991,24,24,24,24,24,24,24,24,24,24
62281,0,1,1991,26,26,26,26,26,26,26,26,26,26
62281,1,1,1991,0,0,0,0,0,0,0,20,0,0
62282,1,1,1991,0,0,0,0,0,0,0,0,0,0
62283,1,1,1991,17,17,17,17,17,17,17,17,17,17
62284,1,1,1991,0,0,0,0,0,0,0,0,0,0
62285,0,1,1991,0,0,0,0,0,0,0,0,0,0
62285,0,2,1991,0,0,0,0,0,0,0,0,0,0
62285,1,1,1991,2,2,2,2,2,2,2,2,2,2
62286,1,1,1991,21,21,21,21,21,21,21,21,21,21
62287,1,1,1991,19,19,19,19,19,19,19,19,19,19
62288,0,1,1991,0,0,0,0,0,0,0,0,0,0
62288,1,1,1991,0,0,0,0,0,0,20,12,0,0
62289,1,1,1991,0,0,0,0,0,0,0,0,0,0
62290,1,1,1991,0,0,0,0,0,0,0,0,0,0
62291,0,1,1991,18,18,18,18,18,18,18,18,18,18
62291,1,1,1991,18,18,18,18,18,18,18,18,18,18
62292,1,1,1991,22,22,22,22,22,22,22,22,22,22
62293,1,1,1991,15,15,15,15,15,15,15,15,15,15
62294,1,1,1991,0,0,0,0,0,0,0,0,0,0
62295,1,1,1991,0,0,0,0,0,0,0,0,0,0
62295,2,1,1991,0,0,0,0,0,0,0,0,0,0
62296,1,1,1991,0,0,0,0,0,0,0,0,0,0
62296,2,1,1991,0,0,0,0,0,0,0,0,0,0
62297,1,1,1991,0,0,0,0,0,6,0,0,0,0
62297,2,1,1991,0,0,0,0,0,0,0,0,0,0
62298,0,1,1991,0,0,0,0,0,0,0,0,0,0
62298,1,1,1991,14,18,29,12,20,6,0,14,9,11
62299,1,1,1991,18,18,18,18,18,18,18,18,18,18
62300,1,1,1991,0,0,0,0,0,0,0,0,0,23
62300,2,1,1991,0,0,0,0,0,0,0,0,0,0
62301,1,1,1991,38,38,38,38,38,38,38,38,38,38
62301,2,1,1991,0,0,0,0,0,0,0,0,0,0
62302,0,1,1991,13,13,13,13,13,13,13,13,13,13
62302,0,2,1991,0,0,0,0,0,0,0,0,0,0
62302,1,1,1991,0,0,0,0,0,0,0,0,0,0
62303,1,1,1991,24,24,24,24,24,24,24,24,24,24
62303,2,1,1991,0,0,0,0,21,8,11,26,24,4
62304,1,1,1991,0,0,0,0,0,0,0,0,0,0
62304,2,1,1991,0,0,0,0,0,0,0,0,0,0
62304,3,1,1991,0,0,0,0,0,0,0,0,0,0
62305,1,1,1991,15,15,15,15,15,15,15,15,15,15
62306,1,1,1991,0,0,0,0,0,0,0,0,0,0
62306,2,1,1991,0,0,0,0,0,0,0,0,0,0
62307,1,1,1991,0,0,0,0,0,0,0,0,0,0
62308,0,1,1991,27,27,27,27,27,27,27,27,27,27
62308,1,1,1991,0,0,0,0,0,0,0,0,0,0
62309,1,1,1991,0,0,0,0,0,0,0,0,0,0
62309,2,1,1991,0,0,0,0,0,0,0,0,0,0
62310,0,1,1991,0,0,0,0,0,0,0,0,0,0
62310,0,2,1991,0,0,0,0,0,0,0,0,0,0
62310,1,1,1991,0,16,0,10,0,0,16,0,0,0
62311,1,1,1991,0,0,0,0,0,0,0,0,0,0
62311,3,1,1991,0,4,0,0,5,0,0,0,11,0
62312,1,1,1991,25,25,25,25,25,25,25,25,25,25
62312,2,1,1991,0,0,0,0,0,0,0,0,0,0
62312,3,1,1991,0,0,0,0,0,0,0,0,0,0
62312,4,1,1991,0,0,0,0,0,0,0,0,0,0
62312,5,1,1991,0,0,0,0,0,0,0,0,0,0
62312,6,1,1991,29,12,0,17,18,6,0,0,21,19
62312,7,1,1991,0,0,0,0,0,0,0,9,0,0
62313,1,1,1991,0,0,0,0,0,0,0,0,0,0
62313,2,1,1991,0,0,0,0,0,0,0,0,0,0
62314,0,1,1991,0,0,0,0,0,0,0,0,0,0
62314,1,1,1991,8,0,0,0,0,0,0,0,0,0
62314,2,1,1991,0,0,0,0,0,0,0,0,0,14
62315,0,1,1991,33,33,33,33,33,33,33,33,33,33
62315,1,1,1991,0,21,0,0,0,0,0,15,0,0
62316,1,1,1991,0,0,0,0,0,0,0,0,0,0
62316,2,1,1991,0,0,15,6,0,0,0,0,0,0
62317,1,1,1991,0,0,0,0,0,0,0,0,0,0
62317,2,1,1991,0,0,0,0,0,0,0,0,0,0
62318,1,1,1991,28,28,28,28,28,28,28,28,28,28
62319,1,1,1991,24,17,15,0,13,4,4,5,2,13
62319,2,1,1991,0,0,5,23,0,0,0,0,0,10
62320,1,1,1991,6,6,6,6,6,6,6,6,6,6
62320,2,1,1991,0,0,0,0,0,0,0,0,0,0
62321,1,1,1991,14,14,14,14,14,14,14,14,14,14
62322,1,1,1991,14,14,14,14,14,14,14,14,14,14
62323,1,1,1991,0,0,0,0,0,0,0,0,0,0
62324,1,1,1991,0,0,0,0,0,0,0,0,0,0
62325,1,1,1991,0,0,0,0,0,0,0,0,0,0
62326,1,1,1991,0,0,0,0,0,0,0,0,0,0
62327,1,1,1991,0,0,0,0,0,0,0,0,0,0
62327,2,1,1991,0,0,0,0,0,0,0,0,0,0
62328,1,1,1991,0,0,0,0,0,0,0,0,0,0
62328,2,1,1991,0,0,0,0,0,0,0,0,0,0
62329,0,1,1991,0,0,0,0,0,0,0,0,0,0
62329,1,1,1991,0,0,0,0,0,0,0,0,0,0
62330,0,1,1991,0,0,0,0,0,0,0,0,0,0
62330,1,1,1991,0,0,0,16,0,0,0,0,0,0
62331,1,1,1991,0,0,0,0,0,0,0,0,0,0
62331,2,1,1991,0,0,0,0,0,0,0,0,0,0
62332,1,1,1991,0,0,0,0,0,0,0,0,0,0
62333,1,1,1991,0,0,0,0,0,0,0,0,0,0
62333,2,1,1991,29,29,29,29,29,29,29,29,29,29
62334,1,1,1991,12,12,12,12,12,12,12,12,12,12
62335,0,1,1991,4,4,4,4,4,4,4,4,4,4
62335,1,1,1991,0,0,0,0,0,0,0,0,0,0
62336,1,1,1991,11,11,11,11,11,11,11,11,11,11
62337,0,1,1991,0,0,0,0,0,0,0,0,0,0
62337,1,1,1991,7,5,15,21,7,12,21,13,15,29
62338,0,1,1991,24,24,24,24,24,24,24,24,24,24
62338,1,1,1991,0,0,0,0,0,0,0,0,0,4
62339,1,1,1991,17,17,17,17,17,17,17,17,17,17
62340,1,1,1991,21,21,21,21,21,21,21,21,21,21
62341,1,1,1991,0,0,0,0,0,0,0,0,0,0
62341,2,1,1991,0,0,0,0,0,0,0,0,0,0
62342,0,1,1991,19,19,19,19,19,19,19,19,19,19
62342,0,2,1991,15,15,15,15,15,15,15,15,15,15
62342,1,1,1991,9,9,9,9,9,9,9,9,9,9
62343,1,1,1991,20,20,20,20,20,20,20,20,20,20
62344,1,1,1991,8,8,8,8,8,8,8,8,8,8
62344,2,1,1991,0,20,0,0,0,0,0,0,0,0
62345,1,1,1991,0,0,0,0,0,0,0,0,0,0
62346,1,1,1991,24,24,24,24,24,24,24,24,24,24
62347,1,1,1991,18,18,18,18,18,18,18,18,18,18
62348,1,1,1991,0,0,0,0,0,0,0,0,0,0
62348,2,1,1991,0,0,0,0,0,0,0,0,0,0
62349,1,1,1991,0,0,0,0,0,0,0,0,0,0
62350,0,1,1991,0,0,0,0,0,0,0,0,0,0
62350,1,1,1991,0,0,0,0,0,0,0,0,0,0