ST_CASE,VEH_NO,PER_NO,YEAR,P1,P2,P3,P4,P5,P6,P7,P8,P9,P10
62351,1,1,1991,23,23,23,23,23,23,23,23,23,23
62352,1,1,1991,0,0,0,0,0,0,0,0,0,0
62353,1,1,1991,0,0,0,0,0,0,0,0,0,0
62353,2,1,1991,23,16,0,0,0,0,0,0,0,0
62354,1,1,1991,0,0,0,0,0,0,0,0,0,0
62354,2,1,1991,0,0,0,0,0,0,0,0,0,0
62354,3,1,1991,7,0,0,0,0,0,0,0,0,0
62355,1,1,1991,0,0,0,0,0,0,0,0,0,0
62356,1,1,1991,0,0,7,0,0,0,0,0,0,0
62356,2,1,1991,0,0,0,0,0,0,0,0,0,0
62357,1,1,1991,0,22,0,0,0,18,0,0,16,10
62358,1,1,1991,0,0,0,0,0,0,0,0,0,0
62359,1,1,1991,12,12,12,12,12,12,12,12,12,12
62360,1,1,1991,0,0,0,0,0,0,0,0,0,6
62361,1,1,1991,13,13,13,13,13,13,13,13,13,13
62361,2,1,1991,0,0,0,0,0,0,0,0,0,0
62361,3,1,1991,0,0,0,0,0,0,0,0,0,0
62361,4,1,1991,0,0,0,0,0,0,0,0,0,0
62362,1,1,1991,0,0,23,0,0,0,0,0,0,0
62363,1,1,1991,11,11,11,11,11,11,11,11,11,11
62363,2,1,1991,0,0,0,0,0,0,0,0,0,0
62364,1,1,1991,11,11,11,11,11,11,11,11,11,11
62364,2,1,1991,0,0,0,0,0,0,0,0,0,0
62365,0,1,1991,0,0,0,0,0,0,0,0,27,0
62365,1,1,1991,0,0,0,4,0,0,0,0,0,0
62366,1,1,1991,13,13,13,13,13,13,13,13,13,13
62367,1,1,1991,2,2,2,2,2,2,2,2,2,2
62367,2,1,1991,0,0,0,0,16,0,0,0,0,7
62368,1,1,1991,0,0,0,0,11,22,31,8,0,15
62369,0,1,1991,18,18,18,18,18,18,18,18,18,18
62369,1,1,1991,10,10,10,10,10,10,10,10,10,10
62370,1,1,1991,20,20,20,20,20,20,20,20,20,20
62371,1,1,1991,19,19,19,19,19,19,19,19,19,19
62372,1,1,1991,27,27,27,27,27,27,27,27,27,27
62373,1,1,1991,0,0,0,0,0,0,0,0,0,0
62374,1,1,1991,18,18,18,18,18,18,18,18,18,18
62375,1,1,1991,0,0,0,0,0,0,0,0,0,0
62375,2,1,1991,0,0,0,19,10,10,10,19,14,13
62376,0,1,1991,34,7,32,0,15,28,20,19,0,0
62376,1,1,1991,16,16,16,16,16,16,16,16,16,16
62377,1,1,1991,0,0,0,0,0,0,0,0,0,0
62377,2,1,1991,0,0,0,0,0,0,0,0,0,0
62378,1,1,1991,16,16,16,16,16,16,16,16,16,16
62379,1,1,1991,0,0,0,0,0,0,0,0,0,0
62380,1,1,1991,19,19,19,19,19,19,19,19,19,19
62380,2,1,1991,0,0,0,0,0,0,0,0,0,0
62381,0,1,1991,0,0,0,0,0,0,0,0,0,0
62381,1,1,1991,0,0,0,0,0,0,0,0,0,0
62381,2,1,1991,0,0,0,0,0,0,0,0,0,0
62382,0,1,1991,0,0,0,0,0,0,0,0,0,0
62382,0,2,1991,0,3,0,0,0,0,0,0,0,0
62382,1,1,1991,0,0,0,0,0,0,0,0,0,0
62383,1,1,1991,0,0,0,0,0,0,0,0,0,0
62383,2,1,1991,0,0,0,0,0,0,0,0,0,0
62384,0,1,1991,0,0,0,0,0,0,0,0,0,0
62384,1,1,1991,0,0,0,0,0,0,0,0,0,0
62385,0,1,1991,2,2,2,2,2,2,2,2,2,2
62385,1,1,1991,0,0,0,0,0,0,0,7,0,0
62386,1,1,1991,18,18,18,18,18,18,18,18,18,18
62387,1,1,1991,0,0,0,0,0,0,0,0,0,0
62388,0,1,1991,0,0,0,0,0,0,0,0,0,0
62388,1,1,1991,0,0,0,0,0,0,0,0,0,0
62389,1,1,1991,0,0,0,0,0,0,0,0,0,0
62389,2,1,1991,0,0,0,0,0,0,0,21,0,0
62389,3,1,1991,0,0,0,0,0,0,0,0,0,0
62390,1,1,1991,21,21,21,21,21,21,21,21,21,21
62391,1,1,1991,0,0,0,0,0,0,0,0,0,0
62391,2,1,1991,0,0,0,0,0,0,0,0,0,0
62392,1,1,1991,0,0,0,0,0,0,0,0,0,0
62392,2,1,1991,0,0,0,0,0,0,0,0,0,0
62393,0,1,1991,0,0,0,0,0,0,0,0,0,0
62393,1,1,1991,0,0,0,0,0,0,0,0,0,0
62394,0,1,1991,29,29,29,29,29,29,29,29,29,29
62394,1,1,1991,0,0,0,0,0,0,0,0,0,0
62395,1,1,1991,20,20,20,20,20,20,20,20,20,20
62396,0,1,1991,0,0,0,0,0,0,0,0,0,0
62396,1,1,1991,12,12,12,12,12,12,12,12,12,12
62397,1,1,1991,24,24,24,24,24,24,24,24,24,24
62398,1,1,1991,21,15,18,17,31,14,10,5,18,14
62398,2,1,1991,0,0,0,0,0,0,0,0,0,0
62399,1,1,1991,17,17,17,17,17,17,17,17,17,17
62400,1,1,1991,19,19,19,19,19,19,19,19,19,19
62401,1,1,1991,0,0,0,0,0,0,0,0,0,0
62401,2,1,1991,0,0,0,0,0,0,0,0,0,0
62402,1,1,1991,0,0,0,0,0,0,0,0,0,0
62402,2,1,1991,0,0,0,0,0,0,0,0,0,0
62403,1,1,1991,0,0,0,0,0,0,0,0,0,0
62403,2,1,1991,0,0,0,0,0,0,0,0,0,0
62404,1,1,1991,2,2,2,2,2,2,2,2,2,2
62405,1,1,1991,11,11,11,11,11,11,11,11,11,11
62405,2,1,1991,0,0,0,0,0,0,0,0,0,0
62406,1,1,1991,18,18,18,18,18,18,18,18,18,18
62407,0,1,1991,0,0,0,0,0,0,0,0,0,0
62407,1,1,1991,0,0,0,0,0,0,0,0,0,0
62408,1,1,1991,0,0,0,0,0,0,0,0,0,0
62408,2,1,1991,0,0,0,0,0,0,0,0,0,0
62409,1,1,1991,9,9,9,9,9,9,9,9,9,9
62410,0,1,1991,2,38,18,0,8,10,0,14,9,0
62410,1,1,1991,0,0,0,0,0,0,0,0,0,0
62411,1,1,1991,0,0,0,0,0,0,0,0,0,0
62411,2,1,1991,0,0,0,0,0,0,0,0,0,0
62412,0,1,1991,0,0,0,0,0,0,0,0,0,0
62412,1,1,1991,0,0,0,0,0,0,0,0,0,0
62413,1,1,1991,0,0,0,0,0,0,0,0,0,0
62413,2,1,1991,0,0,0,0,0,0,0,0,0,0
62413,3,1,1991,0,0,0,0,0,0,0,28,0,10
62414,1,1,1991,0,0,0,0,0,0,0,0,9,0
62414,2,1,1991,0,0,0,0,0,0,0,0,0,0
62415,1,1,1991,0,0,0,0,0,0,0,0,0,0
62416,1,1,1991,0,0,0,0,0,0,0,0,0,0
62417,0,1,1991,0,0,0,0,0,0,0,0,0,0
62417,1,1,1991,0,0,0,0,0,0,0,0,0,0
62418,1,1,1991,0,0,0,0,0,0,0,7,0,0
62418,2,1,1991,0,0,0,0,0,0,0,0,0,0
62418,3,1,1991,0,0,0,0,0,0,0,0,0,0
62419,1,1,1991,0,0,0,43,0,5,0,0,0,0
62420,1,1,1991,0,0,0,0,0,0,0,0,0,0
62421,1,1,1991,0,0,0,0,0,0,0,0,0,0
62421,2,1,1991,0,0,0,0,0,0,0,0,0,0
62422,1,1,1991,7,7,7,7,7,7,7,7,7,7
62422,2,1,1991,0,0,0,0,0,11,0,0,0,0
62423,0,1,1991,0,0,0,0,0,0,0,0,0,0
62423,1,1,1991,0,0,0,0,0,0,0,0,0,0
62423,2,1,1991,0,0,0,0,0,0,0,0,0,0
62425,1,1,1991,0,0,0,0,0,0,0,0,0,0
62425,2,1,1991,0,0,0,0,0,0,0,0,0,22
62426,1,1,1991,0,0,0,0,0,0,0,0,0,0
62426,2,1,1991,0,0,0,0,0,0,0,0,0,0
62427,1,1,1991,0,0,0,0,0,0,0,0,0,0
62428,1,1,1991,16,16,16,16,16,16,16,16,16,16
62429,1,1,1991,0,0,0,0,0,0,0,0,0,0
62429,2,1,1991,0,0,0,0,0,0,0,0,0,0
62430,1,1,1991,14,14,14,14,14,14,14,14,14,14
62431,1,1,1991,12,12,12,12,12,12,12,12,12,12
62432,1,1,1991,0,0,0,0,0,0,0,0,0,0
62432,2,1,1991,0,0,0,0,0,0,0,0,0,0
62433,1,1,1991,0,0,0,0,0,0,0,0,0,0
62433,2,1,1991,0,0,0,0,0,0,0,0,0,0
62434,1,1,1991,0,0,0,0,0,0,0,0,0,0
62434,2,1,1991,0,0,0,0,17,0,0,0,0,0
62434,3,1,1991,0,0,0,0,0,0,0,0,0,0
62435,1,1,1991,0,0,0,0,0,0,0,0,0,0
62435,2,1,1991,0,0,0,0,0,0,0,0,0,0
62436,1,1,1991,0,0,0,15,8,11,0,0,0,0
62436,2,1,1991,6,6,6,6,6,6,6,6,6,6
62437,1,1,1991,14,14,14,14,14,14,14,14,14,14
62438,1,1,1991,21,21,21,21,21,21,21,21,21,21
62438,2,1,1991,0,0,0,0,0,0,0,0,0,0
62439,1,1,1991,0,0,0,0,0,0,0,0,0,6
62440,1,1,1991,0,0,0,0,0,0,0,0,0,0
62440,2,1,1991,0,0,0,0,0,0,0,0,0,0
62441,1,1,1991,19,19,19,19,19,19,19,19,19,19
62442,1,1,1991,16,16,16,16,16,16,16,16,16,16
62443,1,1,1991,0,0,0,0,0,0,0,0,0,0
62444,1,1,1991,0,0,0,0,0,0,0,0,0,0
62444,2,1,1991,0,0,0,0,0,0,0,0,0,0
62445,1,1,1991,0,0,0,0,0,0,0,0,0,0
62446,1,1,1991,0,0,0,0,0,0,0,0,0,0
62447,0,1,1991,0,0,0,0,0,0,0,0,0,0
62447,1,1,1991,0,0,0,0,0,0,0,0,0,0
62448,1,1,1991,0,0,0,0,0,0,0,0,0,0
62448,2,1,1991,0,0,0,0,0,0,0,0,0,0
62449,1,1,1991,21,21,21,21,21,21,21,21,21,21
62449,2,1,1991,0,0,14,0,0,0,0,0,0,0
62450,1,1,1991,30,30,30,30,30,30,30,30,30,30
62451,1,1,1991,0,0,0,0,0,5,0,0,0,0
62451,2,1,1991,0,0,0,0,0,0,0,0,0,0
62452,1,1,1991,4,4,4,4,4,4,4,4,4,4
62453,1,1,1991,19,19,19,19,19,19,19,19,19,19
62453,2,1,1991,0,0,0,0,0,0,0,0,0,0
62454,1,1,1991,10,10,10,10,10,10,10,10,10,10
62454,2,1,1991,0,0,0,0,0,0,0,0,0,0
62455,1,1,1991,21,21,21,21,21,21,21,21,21,21
62456,1,1,1991,0,0,0,0,0,0,0,0,0,0
62456,2,1,1991,0,0,0,0,0,0,0,0,0,0
62457,1,1,1991,0,0,0,0,0,0,0,0,0,0
62458,1,1,1991,0,0,0,0,0,0,0,0,0,0
62459,0,1,1991,0,0,0,0,0,0,0,0,0,0
62459,1,1,1991,0,0,0,0,0,0,0,0,0,0
62460,1,1,1991,0,0,0,0,24,0,0,0,0,0
62461,1,1,1991,0,0,0,0,0,0,0,0,0,0
62461,2,1,1991,0,0,0,0,0,0,0,0,0,0
62462,1,1,1991,0,0,0,0,0,0,0,0,0,0
62463,1,1,1991,0,0,0,0,0,0,0,0,0,0
62464,1,1,1991,0,0,0,0,0,0,0,0,0,0
62464,2,1,1991,0,0,0,0,0,0,0,0,0,0
62465,1,1,1991,0,0,0,0,0,0,0,0,0,0
62465,2,1,1991,0,0,0,0,0,0,0,0,0,0
62465,3,1,1991,0,0,0,0,0,0,0,0,0,0
62465,4,1,1991,0,0,0,0,0,0,0,0,0,0
62466,1,1,1991,0,0,0,0,0,0,0,0,0,0
62467,1,1,1991,0,14,0,18,0,0,0,0,0,0
62468,0,1,1991,0,0,0,0,0,0,0,0,0,0
62468,1,1,1991,0,0,0,0,0,0,0,0,8,0
62469,1,1,1991,0,0,0,0,0,0,0,0,0,0
62470,1,1,1991,0,0,0,0,0,0,0,0,0,0
62470,2,1,1991,0,0,0,0,0,33,0,22,0,0
62471,1,1,1991,0,0,0,0,0,0,0,0,0,0
62471,2,1,1991,0,0,0,0,0,0,0,0,0,0
62472,0,1,1991,0,0,0,0,0,0,0,0,0,0
62472,1,1,1991,0,0,0,0,0,0,0,0,0,0
62473,0,1,1991,0,0,0,0,0,0,0,0,0,0
62473,1,1,1991,0,0,0,0,0,0,0,0,0,0
62474,0,1,1991,16,16,16,16,16,16,16,16,16,16
62474,1,1,1991,0,15,3,18,24,16,0,14,0,9
62474,2,1,1991,0,0,0,24,0,0,0,0,0,0
62475,1,1,1991,16,16,16,16,16,16,16,16,16,16
62476,1,1,1991,13,13,13,13,13,13,13,13,13,13
62477,1,1,1991,16,16,16,16,16,16,16,16,16,16
62478,1,1,1991,15,15,15,15,15,15,15,15,15,15
62479,1,1,1991,19,19,19,19,19,19,19,19,19,19
62480,1,1,1991,0,0,0,0,0,0,0,0,0,0
62480,2,1,1991,0,0,0,0,0,0,15,0,0,0
62481,0,1,1991,0,0,0,0,0,0,0,0,0,0
62481,1,1,1991,0,0,0,0,0,0,0,0,0,0
62482,1,1,1991,0,0,0,0,0,0,0,0,0,0
62483,1,1,1991,0,0,0,0,0,0,0,0,8,0
62484,1,1,1991,0,0,0,0,0,0,0,0,0,0
62484,2,1,1991,0,0,0,0,0,0,0,0,0,0
62485,1,1,1991,14,14,14,14,14,14,14,14,14,14
62486,1,1,1991,0,0,0,0,0,0,0,0,0,0
62487,1,1,1991,4,4,4,4,4,4,4,4,4,4
62488,1,1,1991,30,30,30,30,30,30,30,30,30,30
62488,2,1,1991,0,0,0,0,0,0,0,0,0,0
62489,1,1,1991,17,17,17,17,17,17,17,17,17,17
62489,2,1,1991,0,0,0,0,0,0,0,0,0,0
62490,1,1,1991,7,7,7,7,7,7,7,7,7,7
62491,1,1,1991,0,0,0,0,0,0,0,0,0,0
62491,2,1,1991,0,0,0,0,0,0,0,0,0,0
62492,1,1,1991,0,0,0,0,0,0,0,0,0,0
62493,1,1,1991,0,0,18,0,0,0,22,0,10,0
62494,1,1,1991,0,0,0,0,0,0,0,0,0,0
62495,1,1,1991,0,0,0,0,0,0,0,0,0,0
62495,2,1,1991,0,0,0,0,0,0,0,0,0,0
62495,3,1,1991,0,0,0,0,0,0,0,0,0,0
62496,1,1,1991,0,0,0,0,0,0,0,0,0,0
62497,1,1,1991,0,0,0,0,0,0,0,0,0,0
62498,0,1,1991,0,0,0,0,0,0,0,0,0,0
62498,1,1,1991,0,0,0,0,0,0,0,0,0,0
62499,1,1,1991,0,0,0,0,0,0,0,0,0,0
62499,2,1,1991,0,0,0,0,0,0,0,0,0,0
62500,1,1,1991,0,0,0,0,0,0,0,0,0,0
62501,1,1,1991,0,0,0,0,0,0,0,0,0,0
62501,2,1,1991,2,2,2,2,2,2,2,2,2,2
62502,1,1,1991,0,0,0,0,0,0,0,0,0,0
62502,2,1,1991,0,0,0,0,0,0,0,0,0,0
62503,1,1,1991,0,0,0,0,0,0,0,0,0,0
62504,1,1,1991,0,0,0,0,0,0,0,0,0,0
62504,2,1,1991,0,10,0,0,0,0,0,0,0,0
62504,3,1,1991,0,0,0,0,0,0,0,0,0,0
62505,1,1,1991,0,0,0,0,0,0,0,0,0,0
62505,2,1,1991,0,0,0,0,0,0,0,0,0,0
62505,3,1,1991,0,0,0,0,0,0,0,0,0,0
62506,0,1,1991,0,0,0,0,0,0,0,0,0,0
62506,1,1,1991,0,0,0,0,0,0,0,0,0,0
62507,0,1,1991,0,0,0,0,0,0,0,0,0,0
62507,0,2,1991,0,0,16,0,0,0,0,0,4,21
62507,0,3,1991,0,0,0,0,0,0,0,0,0,0
62507,1,1,1991,25,25,25,25,25,25,25,25,25,25
62508,1,1,1991,0,0,0,0,0,0,0,0,0,0
62509,1,1,1991,13,13,13,13,13,13,13,13,13,13
62510,1,1,1991,3,3,3,3,3,3,3,3,3,3
62511,1,1,1991,0,0,0,0,0,0,0,0,0,0
62511,2,1,1991,0,0,0,0,0,0,0,0,0,0
62512,0,1,1991,0,0,0,0,0,0,0,0,0,0
62512,0,2,1991,0,0,0,21,0,0,0,0,0,0
62512,1,1,1991,0,0,0,0,0,0,0,0,0,0
62513,1,1,1991,88,88,88,88,88,88,88,88,88,88
62513,2,1,1991,0,0,0,0,0,0,0,0,0,0
62513,3,1,1991,0,0,0,0,0,0,0,0,0,0
62514,1,1,1991,0,0,0,0,0,0,0,0,0,0
62515,1,1,1991,0,0,0,0,0,0,0,0,0,0
62515,2,1,1991,0,0,0,0,0,0,0,0,0,0
62516,1,1,1991,13,0,0,0,14,12,14,0,0,0
62516,2,1,1991,0,0,0,0,0,0,0,0,0,0
62517,1,1,1991,0,0,0,0,0,0,0,0,0,0
62518,1,1,1991,0,0,0,0,0,0,0,0,0,0
62519,1,1,1991,0,0,0,0,0,0,0,0,0,0
62519,2,1,1991,0,0,0,0,0,0,0,0,0,0
62520,0,1,1991,0,0,0,0,0,0,0,0,0,0
62520,0,2,1991,0,0,0,0,0,0,0,0,0,0
62520,1,1,1991,0,0,0,0,0,0,0,0,0,0
62521,1,1,1991,16,16,16,16,16,16,16,16,16,16
62521,2,1,1991,21,21,21,21,21,21,21,21,21,21
62522,1,1,1991,0,0,0,12,0,0,0,0,0,0
62523,1,1,1991,0,0,13,0,0,0,0,0,0,0
62523,2,1,1991,18,18,18,18,18,18,18,18,18,18
62524,1,1,1991,0,0,0,0,0,0,0,0,0,0
62525,1,1,1991,12,12,12,12,12,12,12,12,12,12
62526,0,1,1991,0,0,0,0,0,0,0,0,0,0
62526,2,1,1991,0,0,0,0,0,0,0,0,0,0
62527,1,1,1991,22,0,0,0,0,0,11,0,0,0
62527,2,1,1991,0,0,0,0,0,0,0,0,0,0
62528,0,1,1991,0,0,0,0,0,0,0,0,0,0
62528,1,1,1991,0,0,0,0,0,0,0,0,0,0
62529,0,1,1991,23,23,23,23,23,23,23,23,23,23
62529,1,1,1991,0,0,0,0,0,0,0,0,0,0
62530,1,1,1991,5,5,5,5,5,5,5,5,5,5
62531,1,1,1991,21,21,21,21,21,21,21,21,21,21
62531,2,1,1991,0,13,0,14,13,0,0,0,0,0
62532,1,1,1991,19,19,19,19,19,19,19,19,19,19
62533,1,1,1991,0,0,0,0,0,0,0,0,0,0
62534,0,1,1991,0,0,0,0,0,0,0,0,0,0
62534,1,1,1991,0,0,0,0,0,0,0,0,0,0
62535,1,1,1991,0,0,0,0,0,0,0,0,0,0
62536,1,1,1991,37,37,37,37,37,37,37,37,37,37
62537,1,1,1991,22,22,22,22,22,22,22,22,22,22
62538,1,1,1991,26,26,26,26,26,26,26,26,26,26
62539,1,1,1991,23,23,23,23,23,23,23,23,23,23
62540,1,1,1991,0,0,0,0,0,0,0,0,0,0
62541,1,1,1991,14,14,14,14,14,14,14,14,14,14
62542,1,1,1991,19,19,19,19,19,19,19,19,19,19
62543,1,1,1991,37,37,37,37,37,37,37,37,37,37
62544,1,1,1991,0,0,0,0,0,0,0,0,0,0
62545,1,1,1991,0,0,0,0,0,0,0,0,0,0
62546,1,1,1991,0,0,0,0,0,0,0,0,0,0
62546,2,1,1991,0,0,0,0,0,0,0,0,0,0
62547,1,1,1991,28,28,28,28,28,28,28,28,28,28
62548,1,1,1991,17,17,17,17,17,17,17,17,17,17
62548,2,1,1991,0,0,13,0,0,0,0,0,0,0
62549,0,1,1991,0,0,0,0,0,4,0,40,0,0
62550,1,1,1991,0,0,0,0,0,0,0,0,0,0
62551,1,1,1991,9,9,9,9,9,9,9,9,9,9
62552,1,1,1991,0,0,0,0,0,0,0,0,0,0
62552,2,1,1991,0,0,0,0,0,0,0,0,0,0
62553,1,1,1991,0,0,0,0,0,0,0,0,0,0
62554,1,1,1991,0,0,0,0,0,0,0,0,0,0
62554,2,1,1991,0,0,0,0,0,0,0,0,0,0
62555,1,1,1991,9,9,9,9,9,9,9,9,9,9
62556,1,1,1991,17,17,17,17,17,17,17,17,17,17
62557,1,1,1991,14,14,14,14,14,14,14,14,14,14
62558,1,1,1991,16,16,16,16,16,16,16,16,16,16
62559,1,1,1991,0,0,0,0,0,0,0,0,0,18
62559,2,1,1991,0,0,0,0,0,0,0,0,0,0
62560,1,1,1991,48,48,48,48,48,48,48,48,48,48
62561,0,1,1991,0,0,0,26,19,16,15,14,15,0
62561,1,1,1991,0,0,0,0,0,0,0,0,0,0
62561,2,1,1991,0,0,0,0,0,0,0,0,0,0
62561,4,1,1991,0,0,0,0,0,0,0,0,0,0
62561,5,1,1991,0,0,0,0,0,0,0,0,0,0
62562,0,1,1991,0,0,0,0,0,0,0,0,0,0
62562,1,1,1991,20,0,3,0,0,0,0,0,0,0
62562,2,1,1991,0,0,0,15,0,0,0,0,0,0
62563,1,1,1991,5,5,5,5,5,5,5,5,5,5
62563,2,1,1991,0,0,0,0,0,0,0,0,0,0
62564,1,1,1991,0,0,0,0,0,0,0,0,0,0
62564,2,1,1991,0,0,5,0,9,0,0,11,0,0
62564,3,1,1991,20,0,0,5,0,7,0,0,0,0
62565,1,1,1991,0,0,0,0,0,0,0,0,0,0
62566,1,1,1991,0,0,0,0,0,0,0,0,0,0
62566,2,1,1991,18,0,0,0,0,0,0,0,0,0
62566,3,1,1991,0,0,0,0,0,0,0,0,0,0
62567,1,1,1991,25,25,25,25,25,25,25,25,25,25
62568,1,1,1991,0,0,0,0,0,0,0,0,0,0
62568,2,1,1991,0,0,0,0,0,0,0,0,0,0
62568,3,1,1991,0,0,0,0,0,0,0,0,0,0
62569,1,1,1991,0,0,0,0,0,0,0,0,0,0
62570,1,1,1991,10,10,10,10,10,10,10,10,10,10
62571,0,1,1991,0,0,0,0,0,0,0,0,0,0
62571,1,1,1991,0,0,0,0,0,0,0,0,0,0
62572,1,1,1991,0,0,0,0,0,0,0,0,22,0
62573,1,1,1991,0,0,0,0,0,0,0,0,0,0
62574,0,1,1991,0,0,0,0,0,0,0,0,0,0
62574,1,1,1991,0,0,0,0,0,0,0,0,0,0
62575,1,1,1991,17,17,17,17,17,17,17,17,17,17
62576,0,1,1991,0,0,0,0,0,0,0,0,0,0
62576,0,2,1991,0,0,0,0,0,0,0,0,0,0
62576,1,1,1991,20,20,20,20,20,20,20,20,20,20
62577,0,1,1991,8,8,8,8,8,8,8,8,8,8
62577,0,2,1991,18,18,18,18,18,18,18,18,18,18
62577,1,1,1991,22,22,22,22,22,22,22,22,22,22
62578,1,1,1991,0,0,0,0,0,0,0,0,0,0
62578,2,1,1991,0,0,0,0,0,0,0,0,0,0
62579,0,1,1991,0,0,0,0,0,0,0,0,0,0
62579,1,1,1991,2,2,2,2,2,2,2,2,2,2
62580,1,1,1991,6,11,11,10,9,0,11,5,10,16
62580,2,1,1991,0,0,0,0,0,0,0,0,0,0
62580,3,1,1991,0,0,0,0,0,0,14,0,0,0
62581,0,1,1991,0,0,0,0,0,0,0,0,0,0
62581,1,1,1991,0,0,0,0,0,0,0,0,12,19
62582,1,1,1991,0,0,0,0,0,0,0,0,0,0
62582,2,1,1991,0,0,0,0,0,0,0,0,0,0
62583,1,1,1991,0,0,0,0,0,0,0,0,0,0
62584,1,1,1991,0,0,0,0,0,0,0,0,0,0
62584,2,1,1991,0,0,0,0,0,0,0,0,0,0
62585,1,1,1991,0,0,0,0,0,0,0,0,0,0
62585,2,1,1991,0,0,0,0,0,0,0,0,0,0
62586,1,1,1991,0,0,0,0,0,0,0,0,0,0
62587,1,1,1991,21,21,21,21,21,21,21,21,21,21
62587,2,1,1991,0,0,0,0,0,8,0,0,0,0
62587,3,1,1991,0,0,0,0,0,0,0,0,0,0
62588,1,1,1991,10,17,18,9,9,12,12,12,5,0
62588,2,1,1991,0,0,0,0,0,0,5,14,0,0
62588,3,1,1991,4,4,4,4,4,4,4,4,4,4
62589,1,1,1991,19,19,19,19,19,19,19,19,19,19
62590,1,1,1991,0,0,0,0,0,0,0,0,0,0
62590,2,1,1991,0,0,0,0,0,0,0,0,0,0
62590,3,1,1991,0,0,0,0,0,0,0,0,0,0
62591,1,1,1991,0,5,0,0,0,8,0,0,0,0
62591,2,1,1991,0,0,0,0,0,0,0,0,0,0
62592,1,1,1991,0,0,0,0,0,0,0,0,0,0
62592,2,1,1991,12,0,0,0,0,0,0,0,0,0
62593,1,1,1991,24,24,24,24,24,24,24,24,24,24
62593,2,1,1991,0,0,0,0,0,0,0,0,0,0
62594,1,1,1991,24,24,24,24,24,24,24,24,24,24
62594,2,1,1991,0,0,0,0,0,0,0,0,0,0
62595,0,1,1991,0,0,0,0,0,0,0,0,0,0
62595,1,1,1991,6,14,0,8,27,18,21,16,0,0
62596,0,1,1991,27,27,27,27,27,27,27,27,27,27
62596,1,1,1991,0,0,0,0,0,0,0,0,0,0
62597,1,1,1991,0,0,0,0,0,0,0,0,0,0
62597,2,1,1991,15,13,20,18,28,10,0,13,8,18
62598,1,1,1991,0,0,0,0,0,0,0,0,0,0
62599,1,1,1991,14,14,14,14,14,14,14,14,14,14
62600,1,1,1991,0,0,0,0,0,0,0,0,0,0
62601,0,1,1991,15,15,15,15,15,15,15,15,15,15
62601,1,1,1991,0,0,0,0,0,0,0,0,0,0
62602,0,1,1991,0,0,0,0,0,0,0,0,0,0
62602,1,1,1991,0,0,0,0,0,0,0,0,0,0
62603,1,1,1991,0,0,0,0,0,0,0,0,0,0
62603,2,1,1991,3,20,14,8,24,0,0,0,0,29
62604,1,1,1991,14,14,14,14,14,14,14,14,14,14
62604,2,1,1991,0,0,0,0,0,0,0,0,0,0
62605,1,1,1991,10,10,10,10,10,10,10,10,10,10
62606,1,1,1991,10,10,10,10,10,10,10,10,10,10
62606,2,1,1991,0,0,0,0,0,0,0,0,0,0
62607,1,1,1991,37,37,37,37,37,37,37,37,37,37
62607,2,1,1991,0,0,0,0,0,0,0,0,0,0
62608,1,1,1991,0,0,0,0,0,0,0,0,0,0
62608,2,1,1991,0,0,0,0,0,0,0,0,0,0
62609,2,1,1991,0,30,0,0,0,0,0,0,0,0
62610,1,1,1991,0,0,0,0,0,0,0,0,0,0
62610,2,1,1991,0,0,0,0,0,0,0,0,0,0
62611,1,1,1991,10,10,10,10,10,10,10,10,10,10
62611,2,1,1991,0,0,0,18,0,0,0,0,0,0
62612,0,1,1991,0,0,0,0,0,0,0,0,0,0
62612,1,1,1991,0,0,0,0,0,0,0,0,0,0
62613,1,1,1991,0,0,0,0,0,0,0,0,0,0
62613,2,1,1991,0,0,0,0,0,0,0,0,0,0
62614,1,1,1991,0,0,0,0,0,0,0,0,0,0
62614,2,1,1991,5,0,0,0,0,0,0,24,0,0
62614,3,1,1991,0,0,0,0,0,0,0,0,0,0
62614,4,1,1991,0,0,0,0,0,0,0,0,0,0
62615,1,1,1991,0,0,0,0,0,0,0,0,0,0
62615,2,1,1991,0,0,0,0,0,0,0,0,0,0
62616,1,1,1991,0,0,0,0,0,0,0,0,0,0
62617,1,1,1991,0,0,0,0,0,0,0,0,0,0
62617,2,1,1991,0,0,0,0,0,0,0,0,0,0
62617,3,1,1991,0,0,0,0,0,0,0,0,0,0
62618,1,1,1991,0,0,0,0,0,0,0,0,0,0
62618,2,1,1991,0,0,0,0,0,0,0,0,0,0
62619,1,1,1991,0,0,0,0,13,0,0,0,0,0
62619,2,1,1991,0,0,0,0,0,0,0,0,0,0
62620,1,1,1991,0,4,0,0,0,0,0,0,0,0
62621,1,1,1991,0,0,0,0,0,0,0,0,0,0
62621,2,1,1991,0,0,0,0,0,0,0,0,0,0
62622,0,1,1991,0,0,0,0,0,0,0,0,0,0
62622,1,1,1991,0,0,0,0,0,0,0,0,0,0
62623,1,1,1991,0,0,0,0,0,0,0,0,0,0
62624,1,1,1991,0,0,0,0,0,17,0,8,0,8
62624,2,1,1991,0,0,0,8,0,0,0,0,0,11
62625,1,1,1991,0,0,0,0,0,0,0,0,0,0
62625,2,1,1991,17,0,0,0,0,0,0,0,0,0
62626,1,1,1991,11,11,11,11,11,11,11,11,11,11
62626,2,1,1991,10,10,10,10,10,10,10,10,10,10