ST_CASE,VEH_NO,PER_NO,YEAR,P1,P2,P3,P4,P5,P6,P7,P8,P9,P10
62627,1,1,1991,0,0,0,0,0,0,0,0,0,0
62628,1,1,1991,0,0,0,0,0,0,0,0,0,0
62628,2,1,1991,0,0,0,0,0,0,0,0,0,0
62628,3,1,1991,0,0,0,0,0,0,0,0,0,0
62629,1,1,1991,25,25,25,25,25,25,25,25,25,25
62630,0,1,1991,0,0,0,0,0,0,0,0,0,10
62630,0,2,1991,4,18,2,12,0,5,7,11,0,0
62630,1,1,1991,16,16,16,16,16,16,16,16,16,16
62631,1,1,1991,27,27,27,27,27,27,27,27,27,27
62632,1,1,1991,20,20,20,20,20,20,20,20,20,20
62633,1,1,1991,20,20,20,20,20,20,20,20,20,20
62633,2,1,1991,0,0,0,0,0,0,0,0,0,0
62634,1,1,1991,0,0,0,0,0,0,0,0,0,0
62635,1,1,1991,0,0,0,0,0,0,0,0,0,0
62635,2,1,1991,0,0,0,0,0,0,0,0,0,0
62636,1,1,1991,0,0,0,0,0,0,0,0,0,0
62636,2,1,1991,0,0,0,0,0,0,0,0,0,0
62636,3,1,1991,0,0,0,0,0,0,0,0,0,0
62637,1,1,1991,0,0,0,0,0,0,0,0,0,0
62637,2,1,1991,0,0,0,0,0,0,0,0,0,0
62638,1,1,1991,0,0,0,0,0,0,0,0,0,0
62638,2,1,1991,0,0,0,0,0,0,0,0,0,0
62639,1,1,1991,0,0,0,0,0,0,0,0,0,0
62639,2,1,1991,0,0,0,0,0,0,0,0,0,0
62640,1,1,1991,18,18,18,18,18,18,18,18,18,18
62641,1,1,1991,0,0,0,0,0,0,0,0,0,0
62642,1,1,1991,0,0,0,0,0,0,0,0,0,0
62642,2,1,1991,0,0,0,0,0,0,0,0,0,0
62643,0,1,1991,0,0,0,0,0,0,0,0,0,0
62643,1,1,1991,0,0,0,0,0,0,0,0,0,0
62644,0,1,1991,0,0,0,0,0,0,0,0,0,0
62644,1,1,1991,0,0,0,0,0,0,0,0,0,0
62645,1,1,1991,0,0,0,0,0,0,0,0,0,0
62645,2,1,1991,0,0,0,0,0,0,0,0,0,0
62646,1,1,1991,0,0,0,0,0,0,0,0,0,0
62647,1,1,1991,0,0,0,0,0,0,0,0,0,0
62648,1,1,1991,5,5,5,5,5,5,5,5,5,5
62648,2,1,1991,0,0,0,12,0,0,0,0,0,0
62649,1,1,1991,19,19,19,19,19,19,19,19,19,19
62650,1,1,1991,12,12,12,12,12,12,12,12,12,12
62651,1,1,1991,2,2,2,2,2,2,2,2,2,2
62652,0,1,1991,0,0,0,0,0,0,0,0,0,0
62652,2,1,1991,0,0,0,0,0,0,0,0,0,0
62653,1,1,1991,0,0,0,0,0,0,0,0,0,0
62653,2,1,1991,0,0,0,0,0,0,0,0,0,0
62653,3,1,1991,0,0,0,0,0,0,0,0,0,0
62653,4,1,1991,0,0,0,0,0,0,0,0,0,0
62654,0,1,1991,0,0,0,0,0,0,0,0,0,0
62654,1,1,1991,0,0,0,0,0,0,0,0,0,0
62655,1,1,1991,0,0,0,0,0,0,0,0,0,0
62655,2,1,1991,0,0,0,0,0,0,0,0,0,0
62656,1,1,1991,0,0,0,0,0,0,0,0,0,0
62656,2,1,1991,0,0,0,0,0,0,0,0,0,0
62657,1,1,1991,0,0,0,0,0,0,0,0,0,0
62658,1,1,1991,13,13,13,13,13,13,13,13,13,13
62659,1,1,1991,15,15,15,15,15,15,15,15,15,15
62660,1,1,1991,22,22,22,22,22,22,22,22,22,22
62661,1,1,1991,0,0,0,0,0,0,0,0,0,0
62662,0,1,1991,0,0,0,0,0,0,0,0,0,0
62662,0,2,1991,20,22,8,28,0,9,0,14,14,23
62662,1,1,1991,0,21,13,11,5,15,28,0,9,16
62663,0,1,1991,0,0,0,0,0,0,0,0,0,0
62663,1,1,1991,0,0,0,0,0,0,0,0,0,0
62664,1,1,1991,0,0,0,0,0,0,0,0,0,0
62664,2,1,1991,23,0,0,0,0,0,0,0,0,0
62665,0,1,1991,0,0,0,0,0,0,0,0,0,0
62665,0,2,1991,0,0,0,31,0,0,0,0,0,0
62665,1,1,1991,15,15,15,15,15,15,15,15,15,15
62666,1,1,1991,0,0,0,0,0,0,0,0,0,0
62666,2,1,1991,0,0,0,0,0,0,0,0,0,0
62666,3,1,1991,0,0,0,0,0,0,0,0,0,0
62666,4,1,1991,0,0,0,0,0,0,0,0,0,0
62666,5,1,1991,0,0,0,0,0,0,0,0,0,0
62667,1,1,1991,0,9,0,0,0,0,0,0,0,0
62667,2,1,1991,0,0,0,0,0,0,0,0,0,5
62668,1,1,1991,23,23,23,23,23,23,23,23,23,23
62668,2,1,1991,0,0,0,0,0,0,0,0,0,0
62669,1,1,1991,16,16,16,16,16,16,16,16,16,16
62669,2,1,1991,0,0,0,0,0,0,0,0,0,0
62670,1,1,1991,0,0,0,0,0,0,0,0,0,0
62671,1,1,1991,0,0,0,0,0,0,0,0,0,0
62672,1,1,1991,12,12,12,12,12,12,12,12,12,12
62673,1,1,1991,21,21,21,21,21,21,21,21,21,21
62674,1,1,1991,14,14,14,14,14,14,14,14,14,14
62674,2,1,1991,0,0,0,0,0,0,0,0,0,0
62675,1,1,1991,21,21,21,21,21,21,21,21,21,21
62676,1,1,1991,23,23,23,23,23,23,23,23,23,23
62677,1,1,1991,0,0,0,16,0,0,0,0,0,0
62677,2,1,1991,24,24,24,24,24,24,24,24,24,24
62678,0,1,1991,0,0,0,0,0,0,0,0,0,0
62678,1,1,1991,0,0,0,0,0,0,0,0,0,0
62679,1,1,1991,0,0,0,0,0,0,0,0,0,0
62679,2,1,1991,0,0,0,0,0,0,0,0,0,0
62680,0,1,1991,0,0,0,0,0,0,0,0,0,8
62680,1,1,1991,0,0,0,0,0,0,0,0,0,0
62681,1,1,1991,0,0,0,0,0,0,0,0,0,0
62682,0,1,1991,5,5,5,5,5,5,5,5,5,5
62682,1,1,1991,0,0,29,0,0,0,0,13,0,0
62683,0,1,1991,0,0,0,0,0,0,0,0,0,0
62683,1,1,1991,0,23,0,0,0,0,0,0,0,0
62684,1,1,1991,0,0,0,0,0,0,0,0,0,0
62684,2,1,1991,0,0,0,0,0,0,0,0,0,0
62685,1,1,1991,0,0,0,0,0,0,0,0,10,0
62686,0,1,1991,13,13,13,13,13,13,13,13,13,13
62686,1,1,1991,0,0,0,0,0,3,0,0,6,0
62687,0,1,1991,12,12,12,12,12,12,12,12,12,12
62687,1,1,1991,3,3,3,3,3,3,3,3,3,3
62688,0,1,1991,0,0,0,0,0,0,0,0,0,0
62688,1,1,1991,0,0,0,0,0,0,0,0,0,0
62689,1,1,1991,0,0,0,0,0,0,0,0,0,0
62689,2,1,1991,0,0,0,0,0,0,0,0,0,0
62690,1,1,1991,0,0,0,0,0,0,0,0,0,0
62690,2,1,1991,22,22,22,22,22,22,22,22,22,22
62691,1,1,1991,0,0,0,0,0,0,0,0,0,0
62692,1,1,1991,3,3,3,3,3,3,3,3,3,3
62693,1,1,1991,22,22,22,22,22,22,22,22,22,22
62694,1,1,1991,26,26,26,26,26,26,26,26,26,26
62694,2,1,1991,0,0,0,0,0,0,0,0,0,0
62694,3,1,1991,0,0,0,0,0,0,0,0,0,0
62695,1,1,1991,24,24,24,24,24,24,24,24,24,24
62696,1,1,1991,0,0,0,0,0,0,0,0,0,0
62697,1,1,1991,9,9,9,9,9,9,9,9,9,9
62698,0,1,1991,0,0,0,0,0,0,0,0,0,0
62698,1,1,1991,20,20,20,20,20,20,20,20,20,20
62699,0,1,1991,16,37,38,45,27,7,22,21,42,16
62699,1,1,1991,22,22,22,22,22,22,22,22,22,22
62700,1,1,1991,16,16,16,16,16,16,16,16,16,16
62701,1,1,1991,0,0,0,0,0,0,0,0,0,0
62702,1,1,1991,0,0,0,0,0,0,0,0,0,0
62703,1,1,1991,0,0,0,0,0,0,0,0,0,0
62704,1,1,1991,12,12,12,12,12,12,12,12,12,12
62705,1,1,1991,18,18,18,18,18,18,18,18,18,18
62706,0,1,1991,0,0,0,0,0,0,0,0,0,0
62706,1,1,1991,0,0,0,0,0,0,0,0,0,0
62707,1,1,1991,0,0,0,0,0,0,0,17,0,0
62708,1,1,1991,3,3,3,3,3,3,3,3,3,3
62709,1,1,1991,0,0,0,0,0,0,0,0,0,0
62709,2,1,1991,0,0,0,0,0,0,0,0,0,0
62710,1,1,1991,0,0,0,0,0,0,0,0,0,0
62710,2,1,1991,0,0,0,0,0,0,0,0,0,0
62711,1,1,1991,13,13,13,13,13,13,13,13,13,13
62711,2,1,1991,0,0,0,0,0,0,0,0,0,0
62712,1,1,1991,0,18,0,11,0,0,0,0,16,0
62712,2,1,1991,0,11,0,0,0,0,0,0,0,0
62713,1,1,1991,0,0,0,0,0,0,0,0,0,0
62713,2,1,1991,0,0,0,0,0,0,16,0,0,0
62714,1,1,1991,0,0,0,0,0,0,0,0,0,0
62715,1,1,1991,0,0,0,0,0,0,0,0,0,0
62715,2,1,1991,0,0,0,0,0,0,0,0,0,0
62715,3,1,1991,0,0,0,0,0,0,0,0,0,0
62716,1,1,1991,0,0,0,0,0,0,0,0,0,0
62717,1,1,1991,0,0,0,0,0,0,0,0,0,0
62717,2,1,1991,0,0,0,0,0,0,0,0,0,0
62718,1,1,1991,0,0,0,0,0,0,0,0,0,0
62718,2,1,1991,0,0,0,0,0,0,0,0,0,0
62719,1,1,1991,10,10,10,10,10,10,10,10,10,10
62720,0,1,1991,0,0,0,0,0,0,0,0,0,0
62720,0,2,1991,0,0,0,0,0,0,0,0,0,0
62720,0,3,1991,0,0,0,0,0,21,0,0,0,7
62720,1,1,1991,0,0,0,0,0,0,0,0,0,0
62721,1,1,1991,12,12,12,12,12,12,12,12,12,12
62721,2,1,1991,19,19,19,19,19,19,19,19,19,19
62722,1,1,1991,0,0,0,0,0,0,0,0,0,0
62723,1,1,1991,16,16,16,16,16,16,16,16,16,16
62723,2,1,1991,0,0,0,18,0,0,0,0,0,0
62724,1,1,1991,0,0,0,0,0,0,0,0,0,0
62724,2,1,1991,0,0,0,0,0,0,0,0,0,0
62726,0,1,1991,0,0,0,0,0,0,0,0,0,0
62726,1,1,1991,0,0,0,0,0,0,0,0,0,0
62727,1,1,1991,3,3,3,3,3,3,3,3,3,3
62727,2,1,1991,0,0,0,0,0,0,0,0,0,0
62728,1,1,1991,0,0,0,0,0,0,0,0,0,0
62728,2,1,1991,0,0,0,0,0,0,0,0,0,0
62729,1,1,1991,0,0,0,0,0,0,0,0,0,0
62729,2,1,1991,0,0,0,0,0,0,0,0,0,0
62729,3,1,1991,0,0,0,0,0,0,0,0,0,0
62730,1,1,1991,11,11,11,11,11,11,11,11,11,11
62731,1,1,1991,0,0,0,0,0,0,0,0,0,0
62731,2,1,1991,0,0,0,0,0,0,0,0,0,0
62732,1,1,1991,0,0,0,0,0,0,0,0,0,0
62732,2,1,1991,0,0,23,0,0,0,0,0,0,0
62732,3,1,1991,0,0,0,0,0,0,0,0,0,14
62733,1,1,1991,0,0,0,0,0,0,0,0,0,0
62734,0,1,1991,25,22,0,0,34,19,0,26,0,0
62734,1,1,1991,0,0,0,0,0,10,10,0,0,0
62735,1,1,1991,23,23,23,23,23,23,23,23,23,23
62736,1,1,1991,0,0,0,0,0,0,0,0,0,0
62737,1,1,1991,9,21,7,5,23,17,27,13,17,19
62738,1,1,1991,21,21,21,21,21,21,21,21,21,21
62739,1,1,1991,0,0,0,0,0,0,0,0,0,0
62739,2,1,1991,0,0,0,0,0,0,0,0,0,0
62740,1,1,1991,0,0,0,0,0,0,0,0,0,0
62740,2,1,1991,11,11,11,11,11,11,11,11,11,11
62741,1,1,1991,20,20,20,20,20,20,20,20,20,20
62741,2,1,1991,0,0,0,0,0,0,0,0,12,8
62742,1,1,1991,11,11,11,11,11,11,11,11,11,11
62743,1,1,1991,22,22,22,22,22,22,22,22,22,22
62744,1,1,1991,0,0,0,0,0,0,0,0,0,0
62745,0,1,1991,0,0,0,0,0,0,0,0,0,0
62745,1,1,1991,21,21,21,21,21,21,21,21,21,21
62746,1,1,1991,11,11,11,11,11,11,11,11,11,11
62747,1,1,1991,15,15,15,15,15,15,15,15,15,15
62747,2,1,1991,0,0,0,0,0,0,0,0,0,0
62747,3,1,1991,39,0,0,0,0,9,0,0,0,11
62747,4,1,1991,0,0,0,0,0,0,0,0,0,0
62748,1,1,1991,0,0,0,0,0,0,0,0,0,0
62748,2,1,1991,0,0,0,0,0,0,0,0,0,0
62749,1,1,1991,23,23,23,23,23,23,23,23,23,23
62749,2,1,1991,0,0,0,0,12,0,0,0,0,0
62750,1,1,1991,0,0,0,0,0,0,0,0,0,0
62751,1,1,1991,0,0,0,0,0,0,0,0,0,0
62751,2,1,1991,0,0,0,0,9,0,0,0,0,0
62752,1,1,1991,0,0,0,0,0,0,0,0,0,0
62753,1,1,1991,0,0,0,0,0,0,0,0,0,0
62753,2,1,1991,0,17,18,0,0,0,0,0,0,0
62754,1,1,1991,0,0,0,0,0,0,0,0,0,0
62754,2,1,1991,0,0,0,0,0,0,0,0,0,0
62754,3,1,1991,0,0,0,0,0,0,0,0,0,0
62755,1,1,1991,0,0,0,0,0,0,0,0,0,0
62755,2,1,1991,9,9,9,9,9,9,9,9,9,9
62756,1,1,1991,12,12,12,12,12,12,12,12,12,12
62757,1,1,1991,0,0,0,0,0,0,0,0,0,0
62757,2,1,1991,0,0,0,0,0,9,0,0,0,0
62758,1,1,1991,0,0,0,0,0,0,0,0,0,0
62758,2,1,1991,0,0,0,0,0,0,0,0,0,0
62759,0,1,1991,21,21,21,21,21,21,21,21,21,21
62759,1,1,1991,0,0,0,0,0,0,0,0,0,0
62760,1,1,1991,16,16,16,16,16,16,16,16,16,16
62760,2,1,1991,0,0,0,15,0,0,6,0,0,0
62761,0,1,1991,0,0,0,0,0,0,0,0,0,0
62761,1,1,1991,14,14,14,14,14,14,14,14,14,14
62762,0,1,1991,28,28,28,28,28,28,28,28,28,28
62762,1,1,1991,8,0,21,8,0,0,15,8,0,0
62763,1,1,1991,14,14,14,14,14,14,14,14,14,14
62764,0,1,1991,0,0,0,0,0,0,0,0,0,0
62764,1,1,1991,0,0,0,0,0,0,0,0,0,0
62765,1,1,1991,0,0,0,0,0,0,0,0,0,0
62765,2,1,1991,0,0,0,0,0,0,0,0,0,0
62766,0,1,1991,0,0,0,0,0,0,0,0,0,0
62766,1,1,1991,0,0,0,0,0,0,0,0,0,0
62767,1,1,1991,15,15,15,15,15,15,15,15,15,15
62768,0,1,1991,0,0,0,0,0,0,0,0,0,0
62768,1,1,1991,0,0,9,25,0,0,0,0,0,0
62769,1,1,1991,0,0,0,0,0,0,0,0,0,0
62769,2,1,1991,0,0,0,0,0,0,0,0,0,0
62770,1,1,1991,0,0,0,0,0,0,0,0,0,0
62771,1,1,1991,0,0,0,0,0,0,0,0,0,0
62771,2,1,1991,0,0,0,0,14,0,0,0,0,0
62772,1,1,1991,0,0,0,0,0,0,0,0,0,0
62772,2,1,1991,3,3,3,3,3,3,3,3,3,3
62773,1,1,1991,22,22,22,22,22,22,22,22,22,22
62773,2,1,1991,0,0,0,0,18,0,0,0,0,0
62774,1,1,1991,30,30,30,30,30,30,30,30,30,30
62775,1,1,1991,0,0,0,0,0,0,0,0,0,0
62775,2,1,1991,0,0,0,0,0,0,0,0,0,0
62776,0,1,1991,0,0,0,0,0,0,0,0,0,0
62776,0,2,1991,0,0,0,0,0,0,0,0,0,0
62776,1,1,1991,0,0,0,0,0,0,0,0,0,0
62776,2,1,1991,0,0,17,16,19,7,15,22,0,0
62777,1,1,1991,25,25,25,25,25,25,25,25,25,25
62778,0,1,1991,20,20,20,20,20,20,20,20,20,20
62778,1,1,1991,0,0,0,0,0,0,0,0,0,0
62779,1,1,1991,5,5,5,5,5,5,5,5,5,5
62779,2,1,1991,0,0,0,0,0,0,0,0,0,0
62780,1,1,1991,0,11,0,0,0,0,0,0,0,6
62780,2,1,1991,1,1,1,1,1,1,1,1,1,1
62781,1,1,1991,20,20,20,20,20,20,20,20,20,20
62782,1,1,1991,13,13,13,13,13,13,13,13,13,13
62782,2,1,1991,0,0,0,0,0,0,0,0,0,0
62782,3,1,1991,0,0,0,0,0,0,0,0,0,0
62783,1,1,1991,0,0,0,0,0,0,6,0,0,0
62783,2,1,1991,19,19,19,19,19,19,19,19,19,19
62783,3,1,1991,0,0,0,0,0,0,0,0,0,0
62784,1,1,1991,21,21,21,21,21,21,21,21,21,21
62785,1,1,1991,4,24,11,7,20,31,23,20,27,28
62786,1,1,1991,17,17,17,17,17,17,17,17,17,17
62786,2,1,1991,0,0,0,0,0,0,0,5,0,0
62787,1,1,1991,25,25,25,25,25,25,25,25,25,25
62787,2,1,1991,0,0,0,0,0,0,0,0,0,0
62787,3,1,1991,0,0,0,16,0,0,0,0,0,0
62787,4,1,1991,0,0,0,0,0,0,0,0,0,0
62788,1,1,1991,0,0,0,0,0,0,0,15,0,0
62789,1,1,1991,21,21,21,21,21,21,21,21,21,21
62789,2,1,1991,0,0,0,0,0,0,0,0,0,0
62790,0,1,1991,18,18,18,18,18,18,18,18,18,18
62790,1,1,1991,25,25,25,25,25,25,25,25,25,25
62791,1,1,1991,17,17,17,17,17,17,17,17,17,17
62792,1,1,1991,0,0,0,0,0,20,0,0,0,0
62792,2,1,1991,0,0,0,0,0,0,0,0,0,0
62793,1,1,1991,11,11,11,11,11,11,11,11,11,11
62794,1,1,1991,0,0,0,0,0,0,0,0,0,0
62794,2,1,1991,22,22,22,22,22,22,22,22,22,22
62795,1,1,1991,0,0,0,0,0,0,0,0,0,0
62796,0,1,1991,0,0,0,0,0,0,0,0,0,0
62796,1,1,1991,0,0,0,0,0,0,0,0,0,0
62797,1,1,1991,0,0,0,0,0,0,0,0,0,0
62797,2,1,1991,0,0,0,0,0,0,0,0,0,0
62798,1,1,1991,0,0,0,0,0,0,0,0,0,0
62799,1,1,1991,0,0,0,0,0,0,0,0,0,0
62800,0,1,1991,18,18,18,18,18,18,18,18,18,18
62800,1,1,1991,8,0,0,0,0,0,0,0,0,0
62801,1,1,1991,0,0,0,0,0,0,0,0,0,0
62802,1,1,1991,0,0,0,0,0,0,0,0,0,0
62802,2,1,1991,0,0,0,0,0,0,0,0,0,0
62803,0,1,1991,0,0,0,0,0,0,0,0,0,0
62803,1,1,1991,0,0,0,0,0,0,0,0,0,0
62803,2,1,1991,0,0,0,0,0,0,0,0,0,0
62804,1,1,1991,0,0,0,0,0,0,0,0,0,0
62804,2,1,1991,0,0,0,0,0,0,0,0,0,0
62805,1,1,1991,14,14,14,14,14,14,14,14,14,14
62806,1,1,1991,16,16,16,16,16,16,16,16,16,16
62806,2,1,1991,0,0,0,0,0,0,0,0,0,0
62807,1,1,1991,28,28,28,28,28,28,28,28,28,28
62807,2,1,1991,0,0,20,0,0,0,0,0,0,0
62808,1,1,1991,13,13,13,13,13,13,13,13,13,13
62808,2,1,1991,0,0,0,11,0,0,0,8,0,0
62809,1,1,1991,19,19,19,19,19,19,19,19,19,19
62809,2,1,1991,0,0,0,0,0,0,0,0,0,0
62810,1,1,1991,0,0,0,0,0,0,0,0,0,0
62810,2,1,1991,0,0,0,0,0,0,0,0,0,0
62811,0,1,1991,0,0,0,0,0,0,0,0,0,0
62811,1,1,1991,13,13,13,13,13,13,13,13,13,13
62812,0,1,1991,21,38,18,45,23,0,28,18,29,23
62812,1,1,1991,0,0,0,0,0,0,0,0,0,0
62813,0,1,1991,12,12,12,12,12,12,12,12,12,12
62813,1,1,1991,6,6,6,6,6,6,6,6,6,6
62814,1,1,1991,0,0,0,0,0,0,0,0,0,17
62814,2,1,1991,0,0,0,0,0,0,0,0,0,0
62815,1,1,1991,18,18,18,18,18,18,18,18,18,18
62816,1,1,1991,23,23,23,23,23,23,23,23,23,23
62817,1,1,1991,21,21,21,21,21,21,21,21,21,21
62818,0,1,1991,0,0,0,0,0,0,0,0,0,0
62818,1,1,1991,0,0,0,0,0,0,0,0,0,0
62819,1,1,1991,11,11,11,11,11,11,11,11,11,11
62820,1,1,1991,0,0,0,0,0,0,0,0,0,0
62821,0,1,1991,0,0,0,0,0,0,0,0,0,0
62821,1,1,1991,0,0,0,0,0,0,0,5,0,0
62822,1,1,1991,0,0,0,0,0,0,0,0,0,0
62823,1,1,1991,0,0,0,0,0,0,0,0,2,0
62823,2,1,1991,0,0,0,0,0,0,0,0,0,0
62824,1,1,1991,0,0,0,0,0,0,0,0,0,0
62825,1,1,1991,0,0,0,0,0,0,0,0,0,0
62826,1,1,1991,15,15,15,15,15,15,15,15,15,15
62827,1,1,1991,17,17,17,17,17,17,17,17,17,17
62828,1,1,1991,0,0,0,0,0,0,0,0,0,0
62828,2,1,1991,0,0,0,0,0,0,0,0,0,0
62829,1,1,1991,0,0,0,0,0,0,0,0,0,0
62829,2,1,1991,18,18,18,18,18,18,18,18,18,18
62830,1,1,1991,0,0,0,0,0,0,0,0,0,0
62831,1,1,1991,0,0,0,0,0,0,0,0,0,0
62831,2,1,1991,0,0,0,0,0,0,0,0,0,0
62832,0,1,1991,0,0,0,0,0,0,0,0,0,0
62832,0,2,1991,0,0,0,0,0,0,0,0,0,0
62832,1,1,1991,0,0,0,0,0,0,0,0,0,0
62833,0,1,1991,0,0,0,0,0,0,0,0,0,0
62833,1,1,1991,6,10,17,0,8,23,13,12,16,9
62834,0,1,1991,0,0,0,0,0,0,0,0,0,0
62834,1,1,1991,0,0,0,0,0,5,0,0,0,0
62835,1,1,1991,0,0,0,0,0,0,0,0,0,0
62835,2,1,1991,0,0,0,0,0,0,0,0,0,0
62835,3,1,1991,13,0,0,0,0,0,0,0,0,0
62836,1,1,1991,25,25,25,25,25,25,25,25,25,25
62837,0,1,1991,0,0,0,0,0,0,0,0,0,0
62837,1,1,1991,0,0,0,0,0,12,0,0,0,0
62838,1,1,1991,54,54,54,54,54,54,54,54,54,54
62839,1,1,1991,0,13,0,0,0,0,9,0,0,0
62840,1,1,1991,10,10,10,10,10,10,10,10,10,10
62841,1,1,1991,23,23,23,23,23,23,23,23,23,23
62841,2,1,1991,0,0,0,0,0,0,0,0,0,0
62842,1,1,1991,0,0,0,0,0,0,0,0,0,0
62843,0,1,1991,0,0,0,0,0,0,0,0,0,0
62843,1,1,1991,0,0,0,0,0,0,0,0,0,0
62843,3,1,1991,12,11,20,34,23,18,16,14,16,8
62844,1,1,1991,20,20,20,20,20,20,20,20,20,20
62844,2,1,1991,7,7,7,7,7,7,7,7,7,7
62845,1,1,1991,14,12,12,14,18,15,14,10,21,3
62846,1,1,1991,0,0,0,0,0,0,0,0,0,0
62847,1,1,1991,3,3,3,3,3,3,3,3,3,3
62847,2,1,1991,0,0,0,0,0,0,0,0,0,0
62847,3,1,1991,0,0,0,16,0,0,0,0,0,0
62848,0,1,1991,26,26,26,26,26,26,26,26,26,26
62848,1,1,1991,19,19,19,19,19,19,19,19,19,19
62849,1,1,1991,0,0,0,0,0,0,0,0,0,0
62849,2,1,1991,0,0,0,0,0,15,0,0,0,0
62850,1,1,1991,15,15,15,15,15,15,15,15,15,15
62851,1,1,1991,0,0,0,0,0,0,0,0,0,0
62851,2,1,1991,0,0,0,0,0,0,0,0,0,0
62852,1,1,1991,0,0,0,0,0,0,0,0,0,0
62852,2,1,1991,0,0,0,0,0,0,0,0,0,0
62853,1,1,1991,0,0,0,0,0,0,0,0,0,0
62854,1,1,1991,0,0,0,0,0,0,0,0,0,0
62855,0,1,1991,0,0,0,0,0,0,0,0,0,0
62855,1,1,1991,17,0,11,0,0,0,0,0,0,0
62856,1,1,1991,0,0,0,0,0,0,0,2,0,0
62856,2,1,1991,0,0,0,0,0,0,0,0,0,0
62856,3,1,1991,0,0,0,0,0,0,0,0,0,0
62857,1,1,1991,0,0,0,0,0,0,0,0,0,0
62857,2,1,1991,0,0,0,0,0,0,0,0,0,0
62858,0,1,1991,0,0,0,5,0,0,0,0,0,0
62858,0,2,1991,0,0,0,0,0,0,0,0,0,0
62858,0,3,1991,0,0,0,0,0,0,0,0,0,0
62858,1,1,1991,9,0,0,0,0,0,0,0,0,0
62859,1,1,1991,0,0,0,0,0,0,0,0,0,0
62860,1,1,1991,10,10,10,10,10,10,10,10,10,10
62860,2,1,1991,0,0,0,0,0,0,0,0,0,0
62860,3,1,1991,0,0,0,0,0,0,0,0,0,0
62861,1,1,1991,6,6,6,6,6,6,6,6,6,6
62861,2,1,1991,0,0,0,0,0,0,0,0,0,0
62862,1,1,1991,0,0,0,0,0,0,0,0,0,0
62863,1,1,1991,0,0,0,0,0,0,0,0,0,0
62863,2,1,1991,0,0,0,0,0,0,0,0,0,0
62864,1,1,1991,14,14,14,14,14,14,14,14,14,14
62865,1,1,1991,14,14,14,14,14,14,14,14,14,14
62866,1,1,1991,0,0,0,0,0,0,0,0,0,0
62867,1,1,1991,24,24,24,24,24,24,24,24,24,24
62868,0,1,1991,0,0,0,0,0,0,0,0,0,0
62868,1,1,1991,0,0,0,0,0,0,0,0,0,0
62869,1,1,1991,22,22,22,22,22,22,22,22,22,22
62869,2,1,1991,0,0,0,0,0,0,3,0,0,0
62870,0,1,1991,0,0,0,0,0,0,0,0,0,0
62870,1,1,1991,0,0,0,0,0,0,0,0,0,0
62871,1,1,1991,9,9,9,9,9,9,9,9,9,9
62871,2,1,1991,23,23,23,23,23,23,23,23,23,23
62872,1,1,1991,13,13,13,13,13,13,13,13,13,13
62872,2,1,1991,0,0,15,0,0,0,0,0,0,0
62873,0,1,1991,0,0,0,0,0,0,0,0,0,0
62873,1,1,1991,0,0,0,0,0,0,0,0,0,0
62874,0,1,1991,0,0,0,0,0,0,0,0,0,0
62874,1,1,1991,0,0,0,0,0,0,0,0,0,0
62875,1,1,1991,14,14,14,14,14,14,14,14,14,14
62875,2,1,1991,0,0,0,0,0,0,0,0,0,20
62876,1,1,1991,0,0,0,0,0,0,0,0,18,0
62876,2,1,1991,0,0,0,0,0,0,0,0,0,0
62877,1,1,1991,0,0,0,0,0,0,0,0,0,0
62877,2,1,1991,0,0,0,0,0,0,0,0,0,0
62878,1,1,1991,16,16,16,16,16,16,16,16,16,16
62879,0,1,1991,0,0,0,0,0,0,0,0,0,0
62879,1,1,1991,0,0,0,0,0,0,0,0,0,0
62880,0,1,1991,39,39,39,39,39,39,39,39,39,39
62880,1,1,1991,15,0,0,0,0,0,0,0,0,0
62880,2,1,1991,0,25,0,0,0,18,0,17,0,0
62881,1,1,1991,11,11,11,11,11,11,11,11,11,11
62882,1,1,1991,0,0,0,0,0,0,0,0,0,0
62882,2,1,1991,0,0,22,0,0,0,0,9,5,0
62883,1,1,1991,0,0,0,0,0,0,0,0,0,0
62884,0,1,1991,30,30,30,30,30,30,30,30,30,30
62884,1,1,1991,12,0,0,0,0,0,0,0,5,0
62884,2,1,1991,0,0,0,0,0,0,0,0,0,0
62885,1,1,1991,0,0,0,0,0,0,0,0,0,0
62886,1,1,1991,0,0,0,0,0,0,0,0,0,0
62887,1,1,1991,0,0,0,0,0,0,0,0,0,0
62888,1,1,1991,0,0,0,0,0,0,0,0,0,0
62888,2,1,1991,0,0,0,0,0,0,0,0,0,0
62889,1,1,1991,0,0,0,0,0,0,0,0,0,0
62889,2,1,1991,0,0,0,0,0,0,0,0,0,0
62889,3,1,1991,0,0,0,0,0,0,0,0,0,0
62890,1,1,1991,0,0,0,0,0,0,0,0,0,0
62890,2,1,1991,0,0,0,0,0,0,0,0,0,0
62891,1,1,1991,0,0,0,0,0,0,0,0,0,0
62892,1,1,1991,0,0,0,0,0,0,0,0,0,0
62892,2,1,1991,0,6,8,26,24,28,17,16,14,7