ST_CASE,VEH_NO,PER_NO,YEAR,P1,P2,P3,P4,P5,P6,P7,P8,P9,P10
62893,1,1,1991,8,8,8,8,8,8,8,8,8,8
62894,1,1,1991,6,6,6,6,6,6,6,6,6,6
62895,1,1,1991,0,8,8,13,25,0,0,0,0,0
62895,2,1,1991,0,0,0,0,0,0,0,0,0,0
62896,1,1,1991,0,0,0,0,0,0,0,0,21,0
62896,2,1,1991,0,0,0,0,0,0,0,0,0,0
62897,1,1,1991,22,22,22,22,22,22,22,22,22,22
62898,1,1,1991,0,0,0,0,0,0,0,0,0,0
62899,1,1,1991,0,0,0,0,0,0,0,0,0,0
62900,0,1,1991,7,7,0,5,0,0,21,0,5,0
62900,1,1,1991,0,0,0,0,0,0,0,0,0,0
62901,0,1,1991,0,0,0,0,0,0,0,0,0,0
62901,1,1,1991,0,0,0,0,0,0,0,0,0,0
62902,0,1,1991,0,0,14,0,29,0,42,0,0,31
62902,1,1,1991,0,0,0,0,0,0,0,0,0,0
62903,1,1,1991,1,1,1,1,1,1,1,1,1,1
62904,1,1,1991,23,23,23,23,23,23,23,23,23,23
62905,0,1,1991,0,0,0,0,0,0,0,0,0,0
62905,1,1,1991,0,0,0,0,0,0,0,0,0,0
62906,1,1,1991,0,0,0,0,0,0,0,0,0,0
62907,1,1,1991,0,0,0,0,6,0,0,0,0,0
62907,2,1,1991,0,0,0,0,0,0,0,0,0,0
62907,3,1,1991,0,0,0,0,0,0,0,0,0,0
62908,0,1,1991,0,0,16,0,0,0,0,0,0,0
62908,1,1,1991,0,14,8,0,0,0,0,0,0,0
62909,1,1,1991,0,0,0,0,0,0,0,0,0,0
62910,1,1,1991,0,0,0,0,0,0,0,0,0,0
62910,2,1,1991,0,0,0,0,0,0,0,0,0,0
62911,1,1,1991,0,0,0,0,0,0,0,0,0,0
62911,2,1,1991,0,0,0,0,0,0,0,0,0,0
62912,1,1,1991,0,0,0,0,0,0,0,34,0,0
62913,1,1,1991,0,0,0,0,0,0,0,0,0,0
62914,1,1,1991,0,0,0,0,0,0,0,0,0,0
62914,2,1,1991,0,0,0,0,0,0,0,0,0,0
62915,1,1,1991,8,8,8,8,8,8,8,8,8,8
62916,1,1,1991,0,0,0,0,0,0,0,0,0,0
62917,1,1,1991,0,0,0,0,0,0,0,0,0,0
62918,0,1,1991,2,2,2,2,2,2,2,2,2,2
62918,1,1,1991,0,0,0,0,0,0,0,0,0,0
62919,1,1,1991,9,0,0,14,0,0,14,0,0,0
62919,2,1,1991,4,4,4,4,4,4,4,4,4,4
62920,1,1,1991,16,16,16,16,16,16,16,16,16,16
62921,1,1,1991,22,22,22,22,22,22,22,22,22,22
62922,0,1,1991,0,0,0,0,0,0,0,0,0,0
62922,1,1,1991,0,0,0,0,0,0,0,0,0,0
62923,0,1,1991,1,1,1,1,1,1,1,1,1,1
62923,1,1,1991,0,0,0,0,0,0,0,0,0,0
62924,1,1,1991,0,0,0,0,0,0,0,0,0,0
62924,2,1,1991,0,0,0,0,0,0,0,0,0,0
62925,1,1,1991,19,12,16,0,13,11,11,7,36,18
62926,0,1,1991,0,0,0,0,0,0,0,0,0,0
62926,1,1,1991,0,0,0,0,0,0,0,0,0,0
62927,1,1,1991,0,0,0,0,0,0,0,0,0,0
62928,0,1,1991,28,28,28,28,28,28,28,28,28,28
62928,1,1,1991,17,0,0,0,0,0,0,0,0,0
62929,0,1,1991,3,3,3,3,3,3,3,3,3,3
62929,1,1,1991,0,0,0,0,0,0,0,0,0,0
62930,1,1,1991,0,13,0,0,0,0,0,0,0,0
62931,1,1,1991,0,0,0,0,0,0,0,0,0,0
62932,1,1,1991,25,25,25,25,25,25,25,25,25,25
62933,1,1,1991,18,18,18,18,18,18,18,18,18,18
62934,1,1,1991,16,16,16,16,16,16,16,16,16,16
62935,1,1,1991,16,16,16,16,16,16,16,16,16,16
62936,1,1,1991,19,0,0,0,0,0,0,0,0,0
62937,1,1,1991,0,0,0,0,0,0,0,0,0,0
62937,2,1,1991,0,0,0,0,0,0,0,0,0,0
62938,1,1,1991,0,0,0,0,0,0,0,0,0,0
62939,1,1,1991,0,0,0,0,0,0,0,0,0,0
62940,1,1,1991,0,0,0,0,0,0,0,0,0,0
62940,2,1,1991,13,0,18,13,15,10,19,11,20,7
62941,1,1,1991,0,9,10,3,5,6,10,10,15,23
62941,2,1,1991,0,0,0,0,0,0,0,0,0,0
62942,0,1,1991,0,0,0,0,23,22,0,0,0,0
62942,0,2,1991,0,0,0,0,0,0,0,0,0,0
62942,1,1,1991,0,0,22,0,0,0,0,0,0,0
62942,2,1,1991,0,0,0,0,0,0,0,0,0,0
62943,0,1,1991,10,0,0,0,0,0,0,38,8,0
62943,1,1,1991,0,0,0,0,0,0,0,0,0,0
62944,0,1,1991,0,0,0,0,0,0,0,0,0,0
62944,1,1,1991,0,0,0,0,0,0,0,0,0,0
62945,1,1,1991,0,0,0,0,0,0,0,0,11,0
62945,2,1,1991,0,0,0,0,0,0,0,0,0,0
62946,0,1,1991,0,0,0,0,0,0,0,0,0,0
62946,1,1,1991,9,9,9,9,9,9,9,9,9,9
62947,1,1,1991,0,0,0,0,0,0,0,0,0,0
62948,1,1,1991,0,0,0,5,0,0,0,0,0,0
62948,2,1,1991,0,0,0,0,0,0,0,0,0,0
62949,1,1,1991,11,11,11,11,11,11,11,11,11,11
62950,1,1,1991,25,25,25,25,25,25,25,25,25,25
62951,1,1,1991,0,0,0,0,0,0,0,0,0,0
62951,2,1,1991,0,0,0,0,0,0,0,0,0,0
62951,3,1,1991,0,0,0,0,0,0,0,0,0,0
62952,1,1,1991,0,0,0,0,0,0,0,0,0,0
62953,1,1,1991,0,0,0,0,0,0,0,0,0,0
62953,2,1,1991,0,0,0,0,0,0,0,0,0,0
62953,3,1,1991,0,0,0,0,0,0,0,0,0,0
62953,4,1,1991,0,0,0,0,0,0,0,0,0,0
62954,1,1,1991,0,19,0,0,0,0,0,0,0,0
62955,1,1,1991,29,29,29,29,29,29,29,29,29,29
62956,1,1,1991,0,0,0,0,0,0,0,0,0,0
62957,1,1,1991,10,10,10,10,10,10,10,10,10,10
62958,1,1,1991,21,21,21,21,21,21,21,21,21,21
62958,2,1,1991,0,0,0,0,0,0,0,0,0,0
62959,1,1,1991,10,10,10,10,10,10,10,10,10,10
62960,1,1,1991,26,26,26,26,26,26,26,26,26,26
62960,2,1,1991,4,4,4,4,4,4,4,4,4,4
62961,1,1,1991,30,30,30,30,30,30,30,30,30,30
62962,1,1,1991,13,21,17,13,8,14,21,15,11,30
62963,1,1,1991,0,0,20,23,0,0,0,20,0,15
62964,1,1,1991,2,2,2,2,2,2,2,2,2,2
62964,2,1,1991,0,7,0,10,0,24,0,0,0,0
62965,0,1,1991,0,0,0,0,0,0,0,0,0,0
62965,0,2,1991,20,18,4,5,27,5,0,24,19,23
62965,1,1,1991,8,0,12,0,12,12,30,0,23,0
62966,1,1,1991,0,0,0,0,0,0,0,0,0,0
62966,2,1,1991,0,0,0,0,0,0,0,0,0,0
62967,1,1,1991,10,10,10,10,10,10,10,10,10,10
62968,1,1,1991,8,8,8,8,8,8,8,8,8,8
62968,2,1,1991,7,7,7,7,7,7,7,7,7,7
62969,0,1,1991,0,0,0,0,0,0,0,0,0,0
62969,1,1,1991,0,0,0,0,0,0,0,0,0,0
62970,1,1,1991,0,0,0,0,0,0,0,0,0,0
62970,2,1,1991,0,0,0,0,0,0,0,0,0,0
62971,1,1,1991,0,0,0,0,0,0,0,0,0,0
62972,1,1,1991,39,39,39,39,39,39,39,39,39,39
62972,2,1,1991,0,0,0,0,0,0,0,0,0,0
62973,0,1,1991,0,0,0,0,0,0,0,0,0,0
62973,1,1,1991,0,0,0,0,0,3,0,0,0,0
62974,1,1,1991,0,0,0,0,0,0,0,0,0,0
62974,2,1,1991,0,0,0,0,0,0,0,0,0,0
62975,1,1,1991,0,0,0,0,0,0,0,0,0,0
62976,0,1,1991,0,0,0,0,0,0,0,0,0,0
62976,1,1,1991,0,0,0,0,0,0,0,0,0,0
62977,1,1,1991,0,0,0,0,0,0,0,0,0,0
62977,2,1,1991,0,0,0,0,0,0,0,0,0,0
62978,1,1,1991,0,0,0,0,0,0,0,0,0,0
62978,2,1,1991,15,0,0,0,0,0,0,0,0,0
62979,0,1,1991,0,0,0,0,0,0,0,0,0,0
62979,1,1,1991,0,0,0,0,0,0,0,0,0,0
62980,1,1,1991,0,18,16,0,0,0,0,16,0,0
62981,0,1,1991,10,10,10,10,10,10,10,10,10,10
62981,0,2,1991,19,0,0,20,0,16,0,0,0,0
62981,1,1,1991,0,0,0,0,0,0,0,0,0,0
62982,1,1,1991,0,0,0,0,0,0,0,0,0,0
62982,2,1,1991,0,0,0,0,0,0,0,0,0,0
62983,1,1,1991,0,0,0,0,0,0,0,0,0,0
62984,1,1,1991,0,0,13,0,0,0,0,0,0,0
62984,2,1,1991,0,0,0,0,0,0,0,0,0,0
62985,1,1,1991,0,0,0,0,0,0,0,0,0,0
62986,1,1,1991,18,18,18,18,18,18,18,18,18,18
62987,1,1,1991,11,11,11,11,11,11,11,11,11,11
62987,2,1,1991,0,0,0,23,0,0,0,0,0,0
62988,1,1,1991,0,0,0,0,0,5,33,0,0,0
62988,2,1,1991,0,0,0,0,0,0,0,0,0,0
62989,1,1,1991,18,18,18,18,18,18,18,18,18,18
62990,1,1,1991,0,0,0,0,0,0,0,0,0,0
62991,1,1,1991,14,14,14,14,14,14,14,14,14,14
62991,2,1,1991,0,0,0,0,0,0,0,0,0,0
62992,1,1,1991,14,14,14,14,14,14,14,14,14,14
62993,1,1,1991,0,0,0,0,0,0,0,0,0,0
62993,2,1,1991,0,0,0,0,0,0,0,0,6,0
62994,1,1,1991,24,24,24,24,24,24,24,24,24,24
62995,1,1,1991,22,22,22,22,22,22,22,22,22,22
62996,1,1,1991,11,11,11,11,11,11,11,11,11,11
62997,0,1,1991,0,0,0,0,0,0,0,0,0,0
62997,1,1,1991,0,0,0,0,0,0,0,0,0,0
62998,1,1,1991,9,9,9,9,9,9,9,9,9,9
62999,1,1,1991,0,0,0,0,0,0,0,0,0,0
63000,1,1,1991,0,0,0,0,0,0,0,0,0,0
63000,2,1,1991,0,0,0,0,0,0,0,0,0,0
63001,1,1,1991,0,0,0,0,0,0,0,0,0,0
63002,1,1,1991,17,17,17,17,17,17,17,17,17,17
63003,1,1,1991,22,22,22,22,22,22,22,22,22,22
63004,1,1,1991,0,0,0,0,0,0,0,0,0,0
63004,2,1,1991,0,0,0,0,0,0,0,0,0,0
63005,0,1,1991,36,36,36,36,36,36,36,36,36,36
63005,1,1,1991,0,0,0,0,0,0,0,0,0,0
63006,1,1,1991,25,25,25,25,25,25,25,25,25,25
63006,2,1,1991,0,20,0,0,0,0,0,11,17,0
63007,0,1,1991,33,33,33,33,33,33,33,33,33,33
63007,1,1,1991,0,0,4,0,3,0,8,0,0,0
63008,1,1,1991,29,29,29,29,29,29,29,29,29,29
63009,1,1,1991,0,0,0,0,0,0,0,0,0,0
63009,2,1,1991,0,0,0,23,0,0,8,7,8,12
63010,1,1,1991,0,0,0,0,0,0,0,0,0,0
63011,1,1,1991,10,10,10,10,10,10,10,10,10,10
63012,1,1,1991,6,6,6,6,6,6,6,6,6,6
63013,1,1,1991,18,18,18,18,18,18,18,18,18,18
63013,2,1,1991,3,3,3,3,3,3,3,3,3,3
63014,1,1,1991,0,0,0,0,0,0,0,0,0,0
63014,2,1,1991,0,0,0,0,0,0,0,0,0,0
63015,1,1,1991,0,0,0,0,0,0,0,0,0,0
63015,2,1,1991,0,0,0,0,0,0,0,0,0,0
63016,0,1,1991,0,0,0,0,0,0,0,0,0,0
63016,1,1,1991,0,0,0,0,0,0,0,0,0,0
63017,1,1,1991,11,11,11,11,11,11,11,11,11,11
63017,2,1,1991,0,0,0,0,0,0,0,0,0,0
63018,1,1,1991,0,0,0,0,0,0,22,0,0,0
63019,0,1,1991,0,0,0,0,0,0,0,0,0,0
63019,1,1,1991,0,0,0,0,0,0,0,0,0,0
63020,1,1,1991,30,30,30,30,30,30,30,30,30,30
63021,1,1,1991,0,0,0,0,0,0,0,0,0,0
63021,2,1,1991,0,0,0,0,0,0,5,0,0,0
63021,3,1,1991,0,0,0,0,0,0,0,0,0,0
63021,4,1,1991,0,0,0,0,0,0,0,0,0,0
63022,0,1,1991,23,0,0,0,0,0,0,0,0,0
63023,1,1,1991,11,11,11,11,11,11,11,11,11,11
63023,2,1,1991,0,0,0,0,0,0,0,0,0,0
63024,1,1,1991,0,0,0,6,14,10,0,4,17,0
63024,2,1,1991,0,0,0,0,0,0,0,0,0,0
63025,0,1,1991,32,32,32,32,32,32,32,32,32,32
63025,1,1,1991,0,0,0,0,0,0,0,0,0,0
63026,0,1,1991,0,0,0,0,0,0,0,0,0,0
63026,1,1,1991,4,4,4,4,4,4,4,4,4,4
63027,1,1,1991,17,17,17,17,17,17,17,17,17,17
63028,0,1,1991,23,23,23,23,23,23,23,23,23,23
63028,1,1,1991,0,0,0,0,0,0,0,5,0,0
63029,1,1,1991,18,18,18,18,18,18,18,18,18,18
63030,1,1,1991,20,20,20,20,20,20,20,20,20,20
63031,1,1,1991,23,23,23,23,23,23,23,23,23,23
63032,1,1,1991,0,0,0,0,17,0,0,0,20,0
63032,2,1,1991,0,0,0,0,0,0,0,0,0,0
63033,1,1,1991,0,0,0,0,0,0,0,0,0,0
63034,0,1,1991,16,16,16,16,16,16,16,16,16,16
63034,1,1,1991,0,0,0,0,0,0,0,0,0,0
63035,1,1,1991,21,21,21,21,21,21,21,21,21,21
63036,2,1,1991,0,0,0,0,0,0,0,0,0,0
63036,3,1,1991,0,0,0,0,0,0,0,0,0,0
63037,1,1,1991,0,27,23,22,18,35,20,28,24,29
63038,1,1,1991,11,11,11,11,11,11,11,11,11,11
63039,1,1,1991,24,24,24,24,24,24,24,24,24,24
63040,1,1,1991,0,0,0,0,0,0,0,0,0,0
63040,2,1,1991,0,0,0,0,0,0,0,0,0,0
63041,1,1,1991,5,5,5,5,5,5,5,5,5,5
63042,1,1,1991,26,26,26,26,26,26,26,26,26,26
63042,2,1,1991,0,0,0,0,0,0,0,0,0,0
63042,3,1,1991,0,0,0,0,2,0,0,0,0,0
63043,1,1,1991,0,0,7,0,0,0,0,0,0,0
63044,0,1,1991,0,0,0,0,0,0,0,0,0,0
63044,1,1,1991,0,0,0,0,0,0,0,0,0,0
63045,1,1,1991,0,0,24,0,9,0,0,0,0,0
63046,0,1,1991,0,0,0,0,0,0,0,0,0,0
63046,1,1,1991,0,0,0,0,0,0,0,0,0,0
63046,2,1,1991,0,0,0,0,0,0,0,0,0,0
63047,1,1,1991,16,16,16,16,16,16,16,16,16,16
63047,2,1,1991,0,0,0,0,0,0,0,0,0,0
63048,1,1,1991,21,21,21,21,21,21,21,21,21,21
63048,2,1,1991,0,0,0,0,0,7,0,0,0,0
63049,1,1,1991,17,17,17,17,17,17,17,17,17,17
63049,2,1,1991,0,0,0,0,0,0,0,0,0,0
63049,3,1,1991,0,0,0,0,0,0,0,0,0,0
63049,4,1,1991,0,26,0,0,11,0,28,9,0,0
63050,0,1,1991,0,0,0,0,0,0,0,0,0,0
63050,1,1,1991,0,0,0,0,0,0,0,0,0,0
63051,1,1,1991,0,0,0,0,0,0,0,0,0,0
63051,2,1,1991,0,0,0,0,0,0,0,0,0,0
63052,1,1,1991,0,0,0,0,0,0,0,0,0,0
63052,2,1,1991,22,39,28,3,6,16,17,9,18,21
63053,1,1,1991,0,0,0,0,0,0,0,0,0,0
63054,1,1,1991,19,19,19,19,19,19,19,19,19,19
63054,2,1,1991,0,0,0,0,0,0,0,0,0,0
63055,1,1,1991,0,0,0,0,0,0,0,0,0,0
63055,2,1,1991,6,6,6,6,6,6,6,6,6,6
63056,1,1,1991,0,0,0,0,0,0,0,0,0,0
63056,2,1,1991,0,0,0,0,0,0,0,0,0,0
63057,1,1,1991,0,0,0,0,0,0,0,0,0,0
63057,2,1,1991,0,0,0,0,0,0,0,0,0,0
63058,1,1,1991,0,0,0,0,0,0,0,0,0,0
63058,2,1,1991,0,0,0,0,0,0,0,0,0,0
63059,0,1,1991,32,32,32,32,32,32,32,32,32,32
63059,1,1,1991,0,0,0,0,0,0,0,0,0,0
63060,1,1,1991,0,0,0,0,0,0,0,0,0,0
63060,2,1,1991,0,0,0,0,0,0,0,0,0,0
63061,1,1,1991,20,20,20,20,20,20,20,20,20,20
63062,1,1,1991,8,8,8,8,8,8,8,8,8,8
63063,0,1,1991,0,2,18,35,0,11,28,13,0,0
63063,1,1,1991,0,13,0,0,30,8,0,16,0,0
63064,1,1,1991,9,9,9,9,9,9,9,9,9,9
63065,1,1,1991,12,9,21,24,0,22,17,13,18,25
63066,1,1,1991,0,16,10,0,0,0,0,0,0,18
63067,1,1,1991,0,0,0,0,0,0,0,0,0,0
63068,0,1,1991,7,7,7,7,7,7,7,7,7,7
63068,1,1,1991,0,0,0,0,0,0,0,0,0,0
63069,0,1,1991,11,11,11,11,11,11,11,11,11,11
63069,1,1,1991,5,18,0,33,16,0,4,19,0,0
63070,1,1,1991,7,7,7,7,7,7,7,7,7,7
63070,2,1,1991,0,0,0,0,0,0,0,0,0,0
63071,0,1,1991,0,0,0,0,0,0,0,0,0,0
63071,1,1,1991,0,0,0,0,0,0,0,0,0,0
63071,2,1,1991,0,0,0,0,0,0,0,0,0,0
63072,1,1,1991,0,0,0,0,0,0,0,0,0,0
63072,2,1,1991,0,0,0,0,0,0,0,0,0,0
63073,1,1,1991,21,21,21,21,21,21,21,21,21,21
63074,1,1,1991,0,0,0,0,0,0,0,0,0,0
63074,2,1,1991,0,0,0,0,0,0,0,0,0,0
63075,0,1,1991,28,28,28,28,28,28,28,28,28,28
63075,1,1,1991,0,0,0,0,26,0,0,0,0,0
63076,0,1,1991,0,0,0,0,0,0,0,0,0,0
63076,1,1,1991,0,0,9,0,0,0,0,0,0,0
63077,1,1,1991,0,0,0,0,0,0,0,0,0,0
63077,2,1,1991,0,0,0,0,0,0,0,0,0,0
63078,0,1,1991,2,2,2,2,2,2,2,2,2,2
63078,1,1,1991,5,34,9,22,0,9,11,25,10,16
63079,0,1,1991,18,18,18,18,18,18,18,18,18,18
63079,1,1,1991,24,0,0,0,10,12,0,0,0,0
63080,0,1,1991,28,28,28,28,28,28,28,28,28,28
63080,1,1,1991,0,0,0,0,0,0,0,0,0,0
63081,1,1,1991,12,12,12,12,12,12,12,12,12,12
63081,2,1,1991,23,23,23,23,23,23,23,23,23,23
63082,0,1,1991,0,0,0,0,0,0,0,0,0,0
63082,1,1,1991,21,4,0,20,0,0,12,17,12,0
63083,1,1,1991,10,10,10,10,10,10,10,10,10,10
63084,1,1,1991,0,0,0,0,0,0,0,0,0,0
63085,1,1,1991,0,0,0,0,0,0,0,0,0,0
63085,2,1,1991,0,0,0,0,0,0,0,0,0,0
63086,1,1,1991,0,0,0,0,0,0,0,0,0,0
63086,2,1,1991,0,0,0,0,0,0,0,0,0,0
63087,1,1,1991,0,15,0,10,0,0,0,0,0,0
63087,2,1,1991,1,1,1,1,1,1,1,1,1,1
63088,0,1,1991,0,0,0,0,0,0,14,0,0,0
63088,1,1,1991,0,0,0,0,0,0,0,0,0,0
63089,1,1,1991,0,0,0,0,0,0,0,0,0,0
63089,2,1,1991,0,0,0,0,0,0,0,0,0,0
63089,3,1,1991,0,0,0,0,0,0,0,0,0,0
63089,4,1,1991,0,0,0,0,0,0,0,0,0,0
63089,5,1,1991,0,0,0,25,0,0,0,17,0,15
63090,1,1,1991,0,0,0,0,0,0,0,0,0,0
63091,1,1,1991,0,0,0,0,0,0,0,0,0,0
63092,1,1,1991,0,0,0,0,0,0,0,0,0,0
63092,2,1,1991,0,0,0,0,0,0,0,0,0,0
63093,1,1,1991,0,0,0,0,0,0,0,0,0,0
63093,2,1,1991,0,0,0,0,0,0,0,0,0,0
63094,1,1,1991,25,25,25,25,25,25,25,25,25,25
63095,1,1,1991,0,0,0,0,0,0,0,0,0,0
63095,2,1,1991,0,0,0,0,0,0,0,0,0,0
63096,1,1,1991,4,4,4,4,4,4,4,4,4,4
63097,1,1,1991,20,20,20,20,20,20,20,20,20,20
63097,2,1,1991,0,0,0,0,0,0,0,0,0,0
63098,1,1,1991,0,0,0,0,0,0,0,0,0,0
63099,0,1,1991,0,0,0,0,0,0,0,0,0,0
63099,1,1,1991,0,0,0,0,0,0,0,0,0,0
63100,1,1,1991,0,0,0,0,0,0,0,0,0,0
63101,1,1,1991,0,0,0,0,0,0,0,0,0,0
63101,2,1,1991,0,18,0,0,0,0,0,0,0,0
63102,1,1,1991,0,0,0,0,0,0,0,0,0,0
63102,2,1,1991,21,21,21,21,21,21,21,21,21,21
63103,1,1,1991,0,0,25,0,0,0,0,0,0,0
63104,0,1,1991,0,0,0,0,0,0,0,0,0,0
63104,1,1,1991,0,0,0,0,0,0,0,0,0,0
63105,1,1,1991,17,17,17,17,17,17,17,17,17,17
63106,0,1,1991,7,7,7,7,7,7,7,7,7,7
63106,1,1,1991,0,0,0,0,0,0,0,0,0,0
63107,1,1,1991,0,0,0,0,0,0,0,0,0,0
63108,1,1,1991,0,0,0,0,0,0,0,0,0,0
63109,0,1,1991,0,0,0,0,0,0,0,0,0,0
63109,1,1,1991,0,0,0,0,0,0,0,0,0,0
63110,1,1,1991,6,6,6,6,6,6,6,6,6,6
63111,0,1,1991,0,0,0,0,0,0,0,0,0,0
63111,1,1,1991,0,0,0,0,0,0,0,0,0,0
63112,1,1,1991,3,3,3,3,3,3,3,3,3,3
63113,1,1,1991,11,11,11,11,11,11,11,11,11,11
63114,1,1,1991,0,0,0,0,0,0,0,0,0,0
63114,2,1,1991,0,0,0,0,0,0,0,0,0,0
63115,1,1,1991,30,30,30,30,30,30,30,30,30,30
63116,0,1,1991,16,16,16,16,16,16,16,16,16,16
63116,1,1,1991,12,14,0,0,0,0,0,0,18,0
63117,1,1,1991,14,14,14,14,14,14,14,14,14,14
63118,1,1,1991,10,10,10,10,10,10,10,10,10,10
63118,2,1,1991,0,0,0,0,0,0,0,28,0,0
63118,3,1,1991,29,0,0,0,0,0,0,0,12,0
63119,1,1,1991,0,0,0,0,0,0,0,0,0,0
63120,1,1,1991,0,0,0,0,0,0,0,0,0,0
63120,2,1,1991,0,0,0,0,0,0,0,0,0,0
63120,3,1,1991,0,0,0,0,0,0,0,0,0,0
63121,1,1,1991,0,0,0,0,0,0,0,0,0,0
63122,1,1,1991,0,0,0,0,0,0,0,0,0,7
63122,2,1,1991,0,0,0,0,0,0,0,0,0,0
63123,1,1,1991,0,0,0,0,0,0,0,0,0,0
63124,1,1,1991,28,28,28,28,28,28,28,28,28,28
63124,2,1,1991,0,0,0,0,0,0,0,0,0,0
63125,0,1,1991,0,0,0,0,0,0,0,0,26,0
63125,1,1,1991,0,0,0,0,0,0,0,0,0,0
63126,1,1,1991,9,9,9,9,9,9,9,9,9,9
63127,1,1,1991,0,0,0,0,0,0,0,0,0,0
63127,2,1,1991,0,0,0,0,0,0,0,0,0,0
63128,1,1,1991,15,15,15,15,15,15,15,15,15,15
63128,2,1,1991,0,0,0,0,0,0,0,0,0,0
63129,1,1,1991,22,22,22,22,22,22,22,22,22,22
63129,2,1,1991,0,0,0,8,0,0,0,0,0,0
63129,3,1,1991,0,0,0,0,0,0,0,0,0,0
63130,0,1,1991,0,0,0,0,0,0,0,0,0,0
63130,0,2,1991,0,0,22,19,0,0,20,21,0,0
63130,2,1,1991,0,18,0,0,0,0,0,0,0,0
63131,0,1,1991,16,16,16,16,16,16,16,16,16,16
63131,1,1,1991,0,0,0,29,0,0,0,0,0,0
63132,1,1,1991,0,0,0,0,0,0,0,0,0,0
63133,1,1,1991,20,20,20,20,20,20,20,20,20,20
63134,1,1,1991,0,0,0,0,0,0,0,0,0,0
63134,2,1,1991,0,0,0,0,0,0,0,0,0,0
63135,1,4,1991,20,11,23,15,26,27,0,0,0,6
63136,1,1,1991,0,0,0,0,0,0,0,0,0,0
63137,1,1,1991,0,0,0,0,0,0,0,0,0,0
63137,2,1,1991,0,0,0,0,0,0,0,0,0,0
63138,1,1,1991,0,0,0,0,0,0,0,0,0,11
63139,1,1,1991,0,0,0,0,0,0,0,0,0,0
63139,2,1,1991,0,0,0,0,0,0,0,0,0,0
63139,3,1,1991,0,0,0,0,3,0,0,0,0,0
63139,4,1,1991,0,0,0,0,0,0,0,0,0,0
63139,5,1,1991,0,0,0,0,11,19,24,0,0,0
63140,1,1,1991,0,0,0,0,0,0,0,0,0,0
63141,1,1,1991,26,26,26,26,26,26,26,26,26,26
63142,1,1,1991,24,24,24,24,24,24,24,24,24,24
63142,2,1,1991,0,0,0,0,0,0,20,0,0,0
63143,1,1,1991,9,9,9,9,9,9,9,9,9,9
63145,1,1,1991,23,23,23,23,23,23,23,23,23,23
63146,0,1,1991,0,0,0,0,0,0,0,0,0,0
63146,1,1,1991,0,0,0,0,0,0,0,0,0,0
63147,0,1,1991,0,0,0,0,0,0,0,0,0,0
63147,1,1,1991,0,0,0,0,0,0,0,0,0,0
63148,1,1,1991,0,0,0,0,0,0,0,0,0,0
63149,1,1,1991,6,6,6,6,6,6,6,6,6,6
63149,2,1,1991,0,0,0,0,0,0,0,0,0,0
63150,1,1,1991,0,3,0,0,0,0,0,9,12,0
63150,2,1,1991,0,0,0,0,0,0,0,0,0,0
63151,1,1,1991,10,10,10,10,10,10,10,10,10,10
63152,1,1,1991,14,14,14,14,14,14,14,14,14,14
63152,2,1,1991,0,0,0,0,0,0,0,0,0,0
63152,3,1,1991,0,0,0,16,0,0,0,17,0,0
63153,0,1,1991,0,0,0,0,0,0,0,0,0,0
63153,1,1,1991,0,0,0,0,0,0,0,0,0,0
63154,0,1,1991,21,21,21,21,21,21,21,21,21,21
63154,1,1,1991,0,0,0,0,0,0,0,0,0,0
63154,2,1,1991,0,9,0,0,0,0,0,0,24,0
63155,1,1,1991,5,5,5,5,5,5,5,5,5,5
63155,2,1,1991,0,0,0,9,0,0,0,0,0,0
63156,0,1,1991,0,35,15,0,0,45,21,18,14,16
63156,1,1,1991,0,0,0,0,20,0,0,0,0,0
63157,1,1,1991,25,25,25,25,25,25,25,25,25,25
63158,0,1,1991,0,0,0,0,0,0,0,0,0,0
63158,1,1,1991,0,0,0,0,0,0,0,0,0,0
63159,1,1,1991,0,0,0,0,0,0,0,0,0,0
63160,0,1,1991,0,0,0,0,0,0,0,0,0,0
63160,1,1,1991,0,0,0,0,0,0,0,0,0,0
63161,1,1,1991,0,0,0,0,0,0,0,0,0,0
63161,2,1,1991,0,0,0,0,0,0,0,0,0,0
63162,1,1,1991,0,0,0,0,0,0,0,0,0,0
63163,1,1,1991,0,0,0,0,0,0,0,0,0,0
63164,1,1,1991,0,0,0,0,0,0,0,0,0,0
63165,1,1,1991,0,0,0,0,0,0,0,0,0,0
63166,0,1,1991,10,10,10,10,10,10,10,10,10,10
63166,1,1,1991,0,0,0,0,0,0,0,0,0,0
63167,1,1,1991,0,21,0,0,0,8,0,0,0,0
63167,2,1,1991,27,27,27,27,27,27,27,27,27,27
63168,0,1,1991,0,0,0,0,0,0,0,0,0,0
63168,1,1,1991,0,0,0,18,0,0,0,0,0,0
63169,1,1,1991,0,0,0,0,0,0,0,0,0,0
63170,1,1,1991,0,0,0,0,24,14,0,0,0,0
63171,1,1,1991,0,0,0,0,0,0,0,0,0,0
63171,2,1,1991,0,0,0,0,0,0,0,0,0,0
63172,0,1,1991,0,0,0,0,0,0,0,0,0,0
63172,1,1,1991,0,0,0,18,0,0,0,0,0,0
63173,0,1,1991,0,0,0,0,0,0,0,0,0,0
63173,1,1,1991,0,0,0,0,0,0,0,0,0,0
63174,1,1,1991,0,0,0,0,0,0,0,0,17,0