ST_CASE,VEH_NO,PER_NO,YEAR,P1,P2,P3,P4,P5,P6,P7,P8,P9,P10
63175,0,1,1991,0,0,0,0,0,0,0,0,0,0
63175,1,1,1991,0,0,0,0,0,0,0,0,0,0
63176,1,1,1991,19,19,19,19,19,19,19,19,19,19
63176,2,1,1991,0,0,0,0,0,0,0,0,0,0
63177,1,1,1991,0,0,0,0,0,0,0,0,0,0
63177,2,1,1991,0,0,0,0,0,0,0,0,0,0
63178,1,1,1991,0,0,0,0,0,0,0,0,0,0
63178,2,1,1991,0,0,0,0,0,0,0,0,0,0
63178,3,1,1991,0,0,0,0,0,0,0,0,0,0
63178,4,1,1991,0,0,0,0,0,0,11,0,0,0
63179,1,1,1991,24,24,24,24,24,24,24,24,24,24
63180,1,1,1991,19,19,19,19,19,19,19,19,19,19
63181,1,1,1991,21,21,21,21,21,21,21,21,21,21
63182,1,1,1991,0,0,15,0,0,0,0,0,0,0
63182,2,1,1991,0,0,0,0,0,0,0,0,0,0
63183,1,1,1991,0,0,0,0,0,0,0,0,0,0
63183,2,1,1991,0,0,0,0,0,0,0,0,0,0
63184,0,1,1991,0,0,0,0,0,0,0,0,0,0
63184,1,1,1991,0,0,0,0,0,0,0,0,0,0
63185,1,1,1991,0,0,0,0,0,0,0,0,0,0
63185,2,1,1991,0,0,0,0,0,0,0,0,0,0
63186,1,1,1991,0,0,0,0,0,0,0,0,0,0
63186,2,1,1991,0,0,0,0,0,0,0,0,0,0
63187,1,1,1991,0,0,0,0,0,0,0,0,0,0
63188,1,1,1991,26,26,26,26,26,26,26,26,26,26
63188,2,1,1991,0,0,0,0,0,0,0,0,0,0
63189,1,1,1991,4,4,4,4,4,4,4,4,4,4
63190,1,1,1991,0,0,0,0,0,0,0,0,0,0
63190,2,1,1991,7,7,7,7,7,7,7,7,7,7
63191,0,1,1991,0,0,0,0,0,0,0,0,0,0
63191,1,1,1991,8,8,8,8,8,8,8,8,8,8
63192,1,1,1991,0,0,0,0,0,0,0,0,0,0
63192,2,1,1991,0,0,0,0,0,0,0,0,0,0
63193,1,1,1991,13,13,13,13,13,13,13,13,13,13
63194,1,1,1991,23,23,23,23,23,23,23,23,23,23
63195,1,1,1991,15,15,15,15,15,15,15,15,15,15
63196,1,1,1991,9,9,9,9,9,9,9,9,9,9
63197,1,1,1991,27,27,27,27,27,27,27,27,27,27
63198,1,1,1991,4,4,4,4,4,4,4,4,4,4
63198,2,1,1991,0,0,0,0,0,0,0,0,0,0
63199,0,1,1991,0,0,0,0,0,0,0,0,0,0
63199,1,1,1991,20,20,20,20,20,20,20,20,20,20
63200,1,1,1991,0,0,0,0,0,0,0,0,17,0
63200,2,1,1991,0,0,0,0,0,0,0,0,0,0
63200,3,1,1991,0,0,0,0,0,0,4,0,0,0
63201,1,1,1991,0,0,0,0,0,0,9,0,0,0
63202,1,1,1991,0,0,0,0,0,0,0,0,0,0
63202,2,1,1991,0,0,0,0,0,0,0,0,0,0
63203,1,1,1991,3,3,3,3,3,3,3,3,3,3
63203,2,1,1991,0,0,0,0,0,0,0,0,0,0
63204,1,1,1991,0,0,0,0,0,0,0,0,0,0
63204,2,1,1991,0,0,0,0,0,0,0,0,0,0
63205,1,1,1991,0,0,0,0,6,0,0,8,19,5
63206,1,1,1991,9,9,9,9,9,9,9,9,9,9
63206,2,1,1991,0,0,0,0,0,7,0,0,0,0
63206,3,1,1991,0,0,29,0,0,0,0,0,0,0
63207,1,1,1991,0,0,0,0,0,0,0,0,0,0
63207,2,1,1991,0,0,0,0,0,0,0,0,0,0
63207,3,1,1991,0,0,0,0,0,0,33,0,0,0
63208,1,1,1991,0,0,0,0,0,0,0,0,0,0
63208,2,1,1991,0,0,0,0,0,0,0,0,0,0
63209,0,1,1991,0,0,0,0,0,0,0,0,0,0
63209,1,1,1991,0,0,0,0,0,0,0,0,0,0
63210,1,1,1991,1,1,1,1,1,1,1,1,1,1
63211,1,1,1991,0,0,0,0,0,0,0,0,0,0
63212,0,1,1991,0,0,7,0,0,21,38,31,21,13
63212,1,1,1991,0,0,0,0,0,0,0,0,0,0
63213,1,1,1991,0,0,0,0,0,0,0,0,0,0
63214,1,1,1991,18,18,18,18,18,18,18,18,18,18
63214,2,1,1991,8,0,0,0,0,0,0,0,0,0
63215,0,1,1991,0,39,0,0,0,0,18,36,18,49
63215,1,1,1991,3,3,3,3,3,3,3,3,3,3
63216,0,1,1991,34,34,34,34,34,34,34,34,34,34
63216,1,1,1991,0,0,0,0,0,0,0,0,0,20
63217,1,1,1991,0,0,0,0,0,0,0,0,0,0
63218,1,1,1991,4,4,4,4,4,4,4,4,4,4
63218,2,1,1991,0,0,0,0,0,0,0,0,0,0
63219,1,1,1991,15,26,18,31,29,14,8,9,15,9
63220,1,1,1991,0,0,0,0,0,0,0,0,0,0
63220,2,1,1991,0,0,0,0,0,0,0,0,0,0
63221,0,1,1991,19,19,19,19,19,19,19,19,19,19
63221,1,1,1991,0,17,3,13,14,17,9,21,0,14
63222,1,1,1991,0,0,0,0,0,0,0,0,0,0
63223,0,1,1991,0,0,0,0,0,0,0,0,0,0
63223,1,1,1991,0,0,0,0,0,0,0,0,0,0
63224,1,1,1991,0,0,0,0,0,0,0,0,0,0
63224,2,1,1991,0,0,0,0,0,0,0,0,0,0
63225,0,1,1991,0,0,0,0,0,0,0,0,0,0
63225,1,1,1991,0,0,0,0,0,0,0,0,0,0
63226,1,1,1991,20,20,20,20,20,20,20,20,20,20
63227,1,1,1991,0,0,0,0,0,0,0,0,0,0
63227,2,1,1991,0,0,0,0,0,0,0,0,0,0
63228,1,1,1991,0,0,0,0,0,0,0,0,0,0
63228,2,1,1991,0,0,0,0,0,0,0,0,0,0
63228,3,1,1991,0,0,0,0,0,0,0,0,0,0
63229,0,1,1991,0,0,0,0,0,0,0,0,0,0
63229,1,1,1991,0,0,0,0,0,0,0,0,0,0
63230,1,1,1991,11,11,11,11,11,11,11,11,11,11
63231,0,1,1991,33,33,33,33,33,33,33,33,33,33
63231,1,1,1991,0,0,0,0,0,0,0,0,0,0
63232,1,1,1991,24,24,24,24,24,24,24,24,24,24
63233,1,1,1991,24,24,24,24,24,24,24,24,24,24
63234,1,1,1991,7,7,7,7,7,7,7,7,7,7
63235,1,1,1991,0,0,0,0,0,0,0,0,0,0
63235,2,1,1991,0,0,0,0,0,0,0,0,0,0
63236,1,1,1991,0,0,0,0,0,0,0,0,0,0
63237,1,1,1991,0,0,0,0,0,0,0,0,0,0
63238,0,1,1991,32,32,32,32,32,32,32,32,32,32
63238,1,1,1991,0,0,0,0,0,0,0,0,0,0
63238,2,1,1991,0,0,0,0,0,0,0,0,0,0
63238,3,1,1991,11,0,0,0,13,0,6,0,0,0
63239,0,1,1991,0,0,15,19,0,0,6,26,12,0
63239,1,1,1991,25,25,25,25,25,25,25,25,25,25
63240,1,1,1991,0,0,0,0,0,0,0,0,0,0
63240,2,1,1991,0,0,0,0,0,0,0,0,0,0
63241,0,1,1991,0,0,0,0,0,0,0,0,0,0
63241,1,1,1991,0,0,0,0,0,0,0,0,0,0
63242,1,1,1991,0,0,0,0,0,0,0,0,0,0
63243,1,1,1991,0,0,0,0,0,0,0,0,0,0
63244,1,1,1991,21,21,21,21,21,21,21,21,21,21
63244,2,1,1991,0,0,0,0,11,0,0,0,0,0
63244,3,1,1991,0,0,0,0,0,0,0,0,0,0
63245,1,1,1991,0,0,0,0,0,0,0,0,0,0
63245,2,1,1991,0,0,0,0,0,0,0,0,0,0
63245,3,1,1991,0,0,0,0,0,0,0,0,0,0
63246,1,1,1991,13,13,13,13,13,13,13,13,13,13
63246,2,1,1991,0,0,0,0,0,0,0,0,0,0
63247,1,1,1991,18,18,18,18,18,18,18,18,18,18
63248,1,1,1991,0,0,5,0,0,16,0,0,0,0
63249,1,1,1991,19,19,19,19,19,19,19,19,19,19
63250,0,1,1991,16,16,16,16,16,16,16,16,16,16
63250,0,2,1991,33,17,4,0,17,21,0,21,16,0
63250,1,1,1991,0,0,0,0,0,0,14,0,0,2
63251,1,1,1991,14,14,14,14,14,14,14,14,14,14
63252,1,1,1991,16,16,16,16,16,16,16,16,16,16
63252,2,1,1991,0,0,0,0,0,0,0,0,0,0
63253,1,1,1991,34,34,34,34,34,34,34,34,34,34
63254,1,1,1991,0,0,0,0,0,0,0,0,0,0
63255,0,1,1991,0,0,0,0,0,0,0,0,0,0
63255,1,1,1991,0,0,0,0,0,0,0,0,0,0
63256,1,1,1991,0,0,0,0,0,0,0,0,33,0
63257,1,1,1991,16,16,16,16,16,16,16,16,16,16
63258,1,1,1991,0,0,0,0,0,0,0,0,0,0
63258,2,1,1991,11,11,11,11,11,11,11,11,11,11
63259,0,1,1991,0,0,0,0,0,0,0,0,19,0
63259,1,1,1991,7,0,0,0,0,0,0,0,0,0
63260,1,1,1991,0,0,0,0,0,0,0,0,0,0
63260,2,1,1991,0,0,0,0,0,0,0,0,0,0
63261,1,1,1991,0,0,0,0,0,0,0,0,0,0
63262,1,1,1991,0,0,0,0,0,0,0,0,0,0
63262,2,1,1991,0,0,0,0,0,0,0,0,0,0
63263,1,1,1991,11,11,11,11,11,11,11,11,11,11
63264,0,1,1991,26,26,26,26,26,26,26,26,26,26
63264,1,1,1991,0,0,0,0,0,0,0,3,0,0
63265,1,1,1991,22,22,22,22,22,22,22,22,22,22
63265,2,1,1991,0,0,0,0,0,0,0,0,0,0
63266,1,1,1991,14,14,14,14,14,14,14,14,14,14
63266,2,1,1991,11,0,0,16,0,0,0,0,0,0
63267,1,1,1991,0,0,0,0,0,0,0,0,0,0
63268,1,1,1991,0,0,0,0,0,0,0,0,0,0
63269,1,1,1991,0,0,0,0,0,0,0,0,0,0
63270,1,1,1991,18,18,18,18,18,18,18,18,18,18
63271,1,1,1991,0,0,0,0,0,0,0,0,0,0
63271,2,1,1991,0,0,0,0,0,0,0,0,0,0
63272,1,1,1991,0,4,0,0,20,0,0,0,10,0
63273,1,1,1991,0,0,0,0,0,0,0,0,0,0
63273,2,1,1991,0,0,0,0,0,0,0,0,0,0
63273,3,1,1991,0,0,0,0,0,0,0,0,0,0
63274,1,1,1991,0,0,0,0,0,0,0,0,0,0
63275,0,1,1991,0,0,0,0,0,0,0,0,0,0
63275,1,1,1991,0,0,22,0,0,0,0,17,20,0
63276,1,1,1991,0,0,0,0,0,0,0,0,0,0
63277,1,1,1991,3,3,3,3,3,3,3,3,3,3
63278,1,1,1991,0,0,0,0,0,0,0,19,0,0
63279,1,1,1991,0,0,0,0,0,0,0,0,0,0
63280,1,1,1991,0,0,0,0,0,0,0,0,0,0
63281,1,1,1991,0,0,0,0,0,0,0,0,0,0
63281,2,1,1991,0,0,0,0,0,0,0,0,0,0
63281,3,1,1991,0,0,0,0,0,0,0,0,0,0
63282,1,1,1991,18,18,18,18,18,18,18,18,18,18
63283,0,1,1991,0,0,0,0,0,0,0,0,0,0
63283,1,1,1991,0,0,0,0,0,0,0,0,0,0
63284,1,1,1991,0,0,0,0,0,0,0,0,0,0
63284,2,1,1991,2,2,2,2,2,2,2,2,2,2
63285,0,1,1991,0,0,0,0,0,0,0,0,0,0
63285,1,1,1991,0,0,0,0,0,0,0,0,0,0
63286,1,1,1991,17,17,17,17,17,17,17,17,17,17
63287,0,1,1991,0,0,0,0,0,0,0,0,0,0
63287,1,1,1991,26,26,26,26,26,26,26,26,26,26
63288,1,1,1991,0,0,0,0,0,0,0,0,0,0
63288,2,1,1991,0,0,0,0,0,0,0,0,0,0
63289,0,1,1991,0,0,0,0,0,0,0,0,0,0
63289,1,1,1991,22,22,22,22,22,22,22,22,22,22
63290,1,1,1991,29,29,29,29,29,29,29,29,29,29
63291,1,1,1991,0,0,0,0,0,0,0,0,0,0
63291,2,1,1991,15,15,15,15,15,15,15,15,15,15
63292,1,1,1991,12,12,12,12,12,12,12,12,12,12
63292,2,1,1991,6,0,0,18,10,0,16,0,0,0
63293,1,1,1991,0,0,0,0,12,13,0,0,0,0
63293,2,1,1991,5,5,5,5,5,5,5,5,5,5
63294,1,1,1991,14,14,14,14,14,14,14,14,14,14
63295,0,1,1991,0,0,0,0,0,0,0,0,0,0
63295,0,2,1991,0,0,0,0,0,0,0,0,0,0
63295,1,1,1991,0,0,0,0,0,0,0,0,0,0
63296,1,1,1991,0,0,0,0,0,0,0,0,0,0
63297,1,1,1991,0,0,0,0,0,0,0,0,0,0
63298,1,1,1991,0,0,0,0,0,0,13,0,0,7
63298,2,1,1991,0,0,0,0,0,0,0,0,0,12
63299,1,1,1991,14,14,14,14,14,14,14,14,14,14
63299,2,1,1991,0,0,0,0,0,0,0,0,0,0
63299,3,1,1991,12,23,18,6,11,26,9,9,17,6
63300,1,1,1991,0,12,25,0,21,15,13,12,0,0
63301,1,1,1991,0,0,0,0,0,0,0,0,0,0
63301,2,1,1991,0,0,0,7,0,0,0,3,0,0
63302,1,1,1991,0,0,0,0,0,0,0,0,0,0
63303,1,1,1991,0,0,0,0,0,0,0,0,0,0
63304,1,1,1991,0,0,0,0,0,0,0,0,0,0
63304,2,1,1991,0,0,0,0,0,0,0,0,0,0
63305,0,1,1991,0,0,0,0,0,0,0,0,0,0
63305,1,1,1991,0,0,0,0,0,0,0,0,0,0
63306,1,1,1991,16,16,16,16,16,16,16,16,16,16
63307,1,1,1991,31,31,31,31,31,31,31,31,31,31
63308,1,1,1991,26,26,26,26,26,26,26,26,26,26
63308,2,1,1991,0,0,0,0,0,0,0,0,0,0
63309,0,1,1991,24,24,24,24,24,24,24,24,24,24
63309,1,1,1991,0,0,0,0,0,0,0,0,0,0
63310,1,1,1991,0,0,0,0,0,0,0,22,0,12
63311,0,1,1991,0,0,0,0,0,13,37,0,0,22
63311,1,1,1991,0,0,0,0,13,0,0,0,0,0
63312,1,1,1991,18,18,18,18,18,18,18,18,18,18
63312,2,1,1991,0,0,0,0,0,19,0,0,0,0
63313,1,1,1991,19,19,19,19,19,19,19,19,19,19
63314,1,1,1991,13,13,13,13,13,13,13,13,13,13
63315,1,1,1991,0,0,0,0,0,0,0,0,0,0
63315,2,1,1991,0,0,0,0,0,0,0,0,0,0
63316,1,1,1991,16,16,16,16,16,16,16,16,16,16
63316,2,1,1991,12,12,12,12,12,12,12,12,12,12
63317,1,1,1991,18,18,18,18,18,18,18,18,18,18
63318,1,1,1991,13,13,13,13,13,13,13,13,13,13
63319,1,1,1991,17,17,17,17,17,17,17,17,17,17
63320,1,1,1991,0,0,0,0,0,0,0,0,0,0
63321,0,1,1991,0,0,0,0,0,0,0,0,0,0
63321,1,1,1991,0,0,0,0,0,0,0,0,0,0
63322,0,1,1991,0,0,0,0,0,0,0,0,0,0
63322,1,1,1991,0,0,0,0,0,0,0,0,0,0
63323,1,1,1991,0,0,0,0,0,0,0,0,0,0
63323,2,1,1991,0,0,0,0,0,0,0,0,0,0
63324,0,1,1991,0,0,0,0,0,0,0,0,0,0
63324,1,1,1991,0,0,0,0,0,0,0,0,0,0
63325,1,1,1991,12,12,12,12,12,12,12,12,12,12
63326,1,1,1991,0,0,0,0,0,0,0,0,0,0
63327,0,1,1991,0,0,0,0,0,0,0,0,0,0
63327,1,1,1991,0,0,0,0,0,0,0,12,0,16
63328,0,1,1991,13,13,13,13,13,13,13,13,13,13
63328,1,1,1991,0,0,0,0,0,0,0,0,0,0
63329,0,1,1991,26,26,26,26,26,26,26,26,26,26
63329,1,1,1991,0,0,0,0,0,0,0,0,0,0
63330,0,1,1991,12,12,12,12,12,12,12,12,12,12
63330,1,1,1991,12,0,5,0,0,0,20,17,2,16
63331,0,1,1991,18,18,18,18,18,18,18,18,18,18
63331,1,1,1991,0,0,6,0,0,0,0,0,29,0
63331,2,1,1991,0,0,0,0,0,0,0,0,0,0
63332,1,1,1991,15,15,15,15,15,15,15,15,15,15
63333,1,1,1991,4,4,4,4,4,4,4,4,4,4
63334,1,1,1991,18,0,8,7,19,0,20,0,0,0
63334,2,1,1991,1,1,1,1,1,1,1,1,1,1
63335,0,1,1991,0,23,0,0,0,0,0,7,0,0
63335,1,1,1991,0,0,0,0,0,0,0,0,0,0
63336,1,1,1991,0,0,0,0,0,0,0,0,0,0
63336,2,1,1991,0,0,0,0,0,0,0,0,0,0
63337,1,1,1991,0,0,0,0,0,0,0,0,0,0
63337,2,1,1991,0,0,0,0,0,0,0,0,0,0
63337,3,1,1991,0,0,0,0,0,0,0,0,0,0
63338,1,1,1991,0,0,0,0,0,0,0,0,0,0
63338,2,1,1991,0,0,0,0,0,0,0,0,0,0
63339,0,1,1991,0,0,0,0,0,0,0,0,0,0
63339,1,1,1991,0,0,0,0,0,0,0,0,0,0
63340,1,1,1991,0,0,0,0,0,0,0,0,0,0
63340,2,1,1991,0,0,0,0,0,0,0,0,0,0
63340,3,1,1991,0,0,0,0,0,0,0,0,0,0
63341,1,1,1991,3,3,3,3,3,3,3,3,3,3
63342,0,1,1991,0,0,0,0,0,0,0,0,0,0
63342,1,1,1991,0,0,0,0,0,0,0,0,0,0
63343,0,1,1991,0,0,0,0,0,0,0,0,0,0
63343,1,1,1991,8,8,8,8,8,8,8,8,8,8
63344,0,1,1991,0,0,0,0,0,0,0,0,0,0
63344,1,1,1991,0,0,0,0,0,0,0,0,0,0
63344,2,1,1991,0,0,0,0,0,0,0,0,0,0
63345,1,1,1991,1,1,1,1,1,1,1,1,1,1
63346,1,1,1991,19,19,19,19,19,19,19,19,19,19
63346,2,1,1991,2,2,2,2,2,2,2,2,2,2
63346,3,1,1991,0,0,0,0,0,0,0,0,0,0
63347,1,1,1991,0,0,0,0,0,0,0,0,0,0
63348,1,1,1991,0,0,0,0,0,0,0,0,0,0
63348,2,1,1991,0,0,0,0,0,0,0,0,0,0
63348,3,1,1991,14,0,5,0,8,0,0,14,0,15
63349,1,1,1991,0,0,0,0,0,0,0,0,0,0
63349,2,1,1991,0,0,0,0,0,0,0,0,0,0
63349,3,1,1991,0,0,0,0,0,0,0,0,0,0
63350,1,1,1991,0,0,0,0,0,0,0,0,0,0
63350,2,1,1991,0,0,0,0,0,0,0,0,0,0
63350,3,1,1991,0,0,0,0,0,0,0,0,0,6
63351,0,1,1991,22,33,0,8,10,20,3,20,13,5
63351,1,1,1991,0,0,0,0,0,0,0,0,0,0
63352,1,1,1991,0,0,0,0,0,0,0,0,0,0
63353,0,1,1991,0,0,0,0,0,0,0,0,0,0
63353,1,1,1991,0,0,11,0,0,0,0,0,0,0
63353,2,1,1991,0,0,0,0,0,0,28,0,0,0
63354,1,1,1991,0,0,0,19,16,0,33,12,13,24
63354,2,1,1991,0,0,0,0,0,27,0,31,0,0
63355,1,1,1991,20,20,20,20,20,20,20,20,20,20
63355,2,1,1991,0,0,0,0,0,0,0,0,0,0
63355,3,1,1991,0,17,5,16,16,0,14,14,0,31
63356,1,1,1991,22,22,22,22,22,22,22,22,22,22
63357,0,1,1991,0,0,0,0,0,0,0,0,0,0
63357,1,1,1991,0,0,0,0,0,0,0,0,0,0
63358,1,1,1991,0,0,0,0,0,0,0,0,0,0
63359,1,1,1991,4,24,5,12,10,16,6,17,0,23
63359,2,1,1991,15,15,15,15,15,15,15,15,15,15
63360,1,1,1991,0,0,0,0,0,0,0,0,0,0
63361,1,1,1991,0,0,16,0,0,0,0,0,0,0
63361,2,1,1991,0,0,0,0,0,0,0,0,0,0
63362,0,1,1991,0,0,0,0,0,0,0,0,0,0
63362,1,1,1991,0,0,0,0,0,0,0,0,0,0
63363,1,1,1991,0,0,0,0,0,0,0,0,0,0
63363,2,1,1991,14,14,14,14,14,14,14,14,14,14
63364,1,1,1991,0,0,0,0,0,0,0,0,0,0
63364,2,1,1991,0,0,0,0,0,0,0,0,0,0
63365,0,1,1991,0,0,0,0,0,0,0,0,0,0
63365,1,1,1991,0,0,16,0,0,7,0,0,0,0
63366,1,1,1991,0,0,0,0,0,0,0,0,0,0
63366,2,1,1991,13,13,13,13,13,13,13,13,13,13
63367,1,1,1991,5,5,5,5,5,5,5,5,5,5
63367,2,1,1991,0,0,0,0,0,0,0,0,0,0
63368,1,1,1991,0,0,0,0,0,0,0,0,0,0
63369,1,1,1991,0,0,0,0,0,0,0,0,0,0
63369,2,1,1991,0,0,0,0,0,0,0,0,0,0
63370,1,1,1991,0,0,0,0,0,0,0,0,0,0
63371,1,1,1991,0,0,0,0,0,0,0,0,0,0
63371,2,1,1991,0,0,0,10,0,0,0,0,0,0
63372,0,1,1991,0,0,0,0,0,0,0,0,0,0
63372,1,1,1991,6,6,6,6,6,6,6,6,6,6
63373,1,1,1991,28,28,28,28,28,28,28,28,28,28
63374,0,1,1991,0,0,0,0,0,0,0,0,0,0
63374,1,1,1991,0,0,5,0,0,0,0,0,20,0
63375,1,1,1991,0,0,0,0,0,0,0,0,0,0
63375,2,1,1991,0,0,0,0,0,0,0,0,0,0
63376,1,1,1991,12,12,12,12,12,12,12,12,12,12
63377,0,1,1991,28,28,28,28,28,28,28,28,28,28
63377,1,1,1991,0,0,0,0,0,0,0,0,0,0
63378,0,1,1991,0,0,0,0,0,0,0,0,0,0
63378,1,1,1991,0,0,0,0,0,0,0,0,0,0
63379,1,1,1991,0,0,0,0,0,0,0,0,0,0
63379,2,1,1991,0,0,0,0,0,0,0,0,0,0
63380,1,1,1991,0,0,0,0,0,0,0,0,0,0
63380,2,1,1991,0,0,0,0,0,0,0,0,0,0
63381,0,1,1991,0,0,0,0,0,0,0,0,0,0
63381,1,1,1991,0,0,0,0,9,0,0,0,8,0
63382,0,1,1991,0,0,0,0,0,0,0,0,0,0
63382,1,1,1991,16,6,24,16,28,22,6,3,26,9
63383,1,1,1991,0,0,0,0,0,0,0,0,0,0
63383,2,1,1991,12,10,24,0,23,0,0,0,21,0
63384,1,1,1991,27,9,0,0,0,4,0,0,0,0
63384,2,1,1991,0,0,0,0,0,0,0,0,0,0
63385,1,1,1991,20,20,20,20,20,20,20,20,20,20
63386,1,1,1991,0,0,0,0,0,0,0,0,0,0
63387,1,1,1991,16,16,16,16,16,16,16,16,16,16
63387,2,1,1991,0,0,0,0,0,0,0,0,0,0
63388,1,1,1991,0,0,0,0,0,0,0,0,0,0
63389,1,1,1991,0,0,0,0,0,0,0,0,0,0
63390,1,1,1991,0,0,0,0,0,0,0,0,0,0
63390,2,1,1991,19,19,19,19,19,19,19,19,19,19
63391,1,1,1991,25,25,25,25,25,25,25,25,25,25
63392,1,1,1991,13,13,13,13,13,13,13,13,13,13
63393,1,1,1991,0,0,0,0,0,0,0,0,0,0
63394,1,1,1991,0,18,16,0,16,10,19,19,6,24
63395,0,1,1991,0,0,0,0,0,0,0,0,0,0
63395,1,1,1991,0,0,0,0,0,0,0,0,0,0
63396,1,1,1991,28,28,28,28,28,28,28,28,28,28
63396,2,1,1991,6,6,6,6,6,6,6,6,6,6
63397,1,1,1991,0,0,0,0,0,6,15,25,28,0
63397,2,1,1991,0,0,0,0,0,0,0,0,0,0
63398,1,1,1991,20,20,20,20,20,20,20,20,20,20
63399,0,1,1991,0,0,0,0,0,0,0,0,0,0
63399,1,1,1991,0,0,6,9,0,0,0,0,0,0
63400,1,1,1991,0,0,0,0,0,0,12,0,0,0
63400,2,1,1991,19,19,19,19,19,19,19,19,19,19
63401,1,1,1991,0,0,0,0,0,0,0,0,0,0
63401,2,1,1991,0,0,0,0,9,0,0,0,0,0
63402,1,1,1991,11,11,11,11,11,11,11,11,11,11
63402,2,1,1991,0,0,0,0,0,0,0,0,0,0
63402,3,1,1991,0,0,0,0,0,0,0,0,0,0
63403,1,1,1991,0,0,0,0,0,0,0,0,0,0
63404,0,1,1991,8,8,8,8,8,8,8,8,8,8
63404,1,1,1991,13,0,0,0,0,16,0,0,13,9
63405,1,1,1991,0,0,0,0,17,0,0,0,22,24
63406,1,1,1991,12,12,12,12,12,12,12,12,12,12
63407,1,1,1991,34,34,34,34,34,34,34,34,34,34
63407,2,1,1991,0,0,0,0,0,0,0,0,0,0
63408,0,1,1991,11,11,11,11,11,11,11,11,11,11
63408,1,1,1991,0,0,0,0,0,0,0,0,0,0
63409,0,1,1991,0,12,14,26,0,32,11,0,20,51
63409,1,1,1991,0,0,0,0,0,0,0,0,0,0
63410,1,1,1991,0,0,0,0,0,0,0,0,0,0
63411,1,1,1991,24,0,0,0,0,0,0,0,0,0
63411,2,1,1991,14,0,0,0,0,0,0,0,0,0
63412,1,1,1991,17,17,17,17,17,17,17,17,17,17
63412,2,1,1991,0,0,16,0,0,0,0,0,0,0
63413,1,1,1991,0,0,6,0,0,0,0,0,0,17
63414,1,1,1991,0,0,0,0,0,0,0,0,0,0
63414,2,1,1991,0,0,0,0,0,0,0,0,0,0
63415,1,1,1991,0,0,0,0,0,0,9,0,0,0
63415,2,1,1991,0,0,0,0,0,0,0,0,0,0
63416,0,1,1991,0,0,0,0,19,0,0,23,0,0
63416,0,2,1991,0,0,0,0,0,0,0,0,0,0
63416,1,1,1991,0,0,0,0,0,0,0,0,0,0
63417,0,1,1991,0,0,0,0,0,0,0,0,0,0
63417,1,1,1991,0,0,30,0,0,0,0,0,0,0
63418,1,1,1991,17,17,17,17,17,17,17,17,17,17
63418,2,1,1991,0,0,0,0,0,0,0,0,0,0
63419,0,1,1991,28,28,28,28,28,28,28,28,28,28
63419,1,1,1991,0,0,0,0,0,0,3,19,0,0
63420,1,1,1991,6,6,6,6,6,6,6,6,6,6
63420,2,1,1991,0,0,0,0,0,0,0,0,0,0
63421,0,1,1991,2,2,2,2,2,2,2,2,2,2
63421,1,1,1991,14,0,15,0,13,18,0,0,0,15
63422,1,1,1991,0,0,0,0,0,0,0,0,0,0
63423,1,1,1991,0,0,0,0,0,0,0,0,0,0
63423,2,1,1991,0,0,0,0,0,0,0,0,0,0
63424,1,1,1991,0,0,0,0,0,0,0,0,0,0
63424,2,1,1991,0,0,0,0,0,0,0,0,0,0
63424,3,1,1991,0,0,0,0,0,0,0,0,0,0
63425,1,1,1991,25,25,25,25,25,25,25,25,25,25
63426,0,1,1991,0,0,0,0,0,0,0,0,0,0
63426,0,2,1991,0,3,0,0,0,0,0,0,0,0
63426,0,3,1991,0,16,0,0,0,0,15,0,0,25
63426,1,1,1991,0,0,0,0,0,0,0,0,0,0
63427,1,1,1991,17,17,17,17,17,17,17,17,17,17
63428,1,1,1991,3,3,3,3,3,3,3,3,3,3
63429,1,1,1991,36,36,36,36,36,36,36,36,36,36
63429,2,1,1991,0,0,0,0,0,0,0,0,0,0
63430,1,1,1991,18,18,18,18,18,18,18,18,18,18
63430,2,1,1991,0,0,0,0,0,0,0,0,0,0
63431,1,1,1991,0,0,0,0,0,0,0,17,0,0
63431,2,1,1991,0,0,0,0,0,0,0,0,0,0
63432,1,1,1991,22,14,0,4,21,0,0,0,0,0
63432,2,1,1991,0,0,0,0,0,0,0,16,13,0
63432,3,1,1991,0,0,0,0,0,0,0,0,0,0
63432,4,1,1991,0,0,7,0,0,0,0,0,0,0
63432,5,1,1991,0,0,0,0,0,0,0,0,0,0
63433,1,1,1991,12,12,12,12,12,12,12,12,12,12
63434,0,1,1991,0,0,0,0,0,0,0,0,0,0
63434,2,1,1991,0,0,0,0,0,0,9,0,14,0
63435,1,1,1991,24,24,24,24,24,24,24,24,24,24
63436,1,1,1991,0,18,0,13,0,0,0,25,0,0
63437,1,1,1991,0,0,0,0,0,0,0,0,0,0
63437,2,1,1991,0,0,0,0,0,0,0,0,0,0
63438,1,1,1991,9,9,9,9,9,9,9,9,9,9
63439,1,1,1991,28,28,28,28,28,28,28,28,28,28
63440,1,1,1991,29,29,29,29,29,29,29,29,29,29
63441,1,1,1991,8,8,8,8,8,8,8,8,8,8
63442,1,1,1991,20,20,20,20,20,20,20,20,20,20