ST_CASE,VEH_NO,PER_NO,YEAR,P1,P2,P3,P4,P5,P6,P7,P8,P9,P10
63443,1,1,1991,15,15,15,15,15,15,15,15,15,15
63444,1,1,1991,21,21,21,21,21,21,21,21,21,21
63444,2,1,1991,0,0,0,0,0,0,16,0,0,0
63445,1,1,1991,18,18,18,18,18,18,18,18,18,18
63445,2,1,1991,0,0,0,0,0,0,0,0,0,0
63446,1,1,1991,0,0,0,0,0,0,0,0,0,0
63446,2,1,1991,0,0,0,0,0,0,0,0,0,0
63447,1,1,1991,0,0,0,0,0,0,0,0,0,0
63447,2,1,1991,0,0,0,0,0,0,0,0,0,0
63448,1,1,1991,0,16,20,26,25,21,4,6,8,13
63448,2,1,1991,11,14,22,8,22,7,9,3,21,13
63449,0,1,1991,7,7,7,7,7,7,7,7,7,7
63449,1,1,1991,23,23,23,23,23,23,23,23,23,23
63450,1,1,1991,19,19,19,19,19,19,19,19,19,19
63450,2,1,1991,0,0,0,0,0,0,0,0,0,0
63451,1,1,1991,6,6,6,6,6,6,6,6,6,6
63452,1,1,1991,5,5,5,5,5,5,5,5,5,5
63453,1,1,1991,47,47,47,47,47,47,47,47,47,47
63454,1,1,1991,0,0,0,0,0,0,0,0,0,0
63454,2,1,1991,0,0,0,0,0,0,0,0,0,0
63455,0,1,1991,0,0,0,0,0,0,0,0,0,0
63455,1,1,1991,5,0,0,18,10,12,0,8,16,6
63456,1,1,1991,0,0,0,0,0,0,0,0,0,0
63457,1,1,1991,22,0,0,0,0,26,0,0,19,0
63458,1,1,1991,0,0,0,0,0,0,0,0,0,0
63459,1,1,1991,0,0,0,0,0,0,0,0,0,0
63459,2,1,1991,0,0,0,0,0,0,0,0,0,0
63460,1,1,1991,0,0,0,0,0,0,0,0,0,0
63460,2,1,1991,0,0,0,0,0,0,0,0,0,0
63461,1,1,1991,0,0,0,0,0,0,0,0,0,0
63462,0,1,1991,0,0,0,18,0,0,0,0,0,0
63462,1,1,1991,0,0,0,0,0,0,0,0,0,0
63463,0,1,1991,0,0,0,0,0,0,0,0,0,0
63463,1,1,1991,6,6,6,6,6,6,6,6,6,6
63464,1,1,1991,9,9,9,9,9,9,9,9,9,9
63465,1,1,1991,12,12,12,12,12,12,12,12,12,12
63465,2,1,1991,0,0,0,0,0,0,0,0,0,0
63466,1,1,1991,0,0,0,0,0,0,0,0,0,0
63466,2,1,1991,0,0,0,0,0,0,0,0,0,0
63467,1,1,1991,0,0,0,0,0,0,0,0,0,0
63468,0,1,1991,0,0,0,0,0,0,0,0,0,0
63468,1,1,1991,0,0,0,0,0,0,0,0,0,0
63469,1,1,1991,0,0,0,0,0,0,0,0,0,0
63470,1,1,1991,0,0,0,0,0,0,0,0,0,0
63470,2,1,1991,0,0,0,0,0,0,0,0,0,0
63471,1,1,1991,21,11,0,12,7,8,22,12,7,4
63472,0,1,1991,20,20,20,20,20,20,20,20,20,20
63472,1,1,1991,0,0,0,0,0,0,0,0,0,0
63473,0,1,1991,22,0,18,0,0,31,4,7,0,56
63473,1,1,1991,14,14,14,14,14,14,14,14,14,14
63474,1,1,1991,11,11,11,11,11,11,11,11,11,11
63475,1,1,1991,11,11,11,11,11,11,11,11,11,11
63476,0,1,1991,14,0,0,19,0,6,33,0,24,30
63476,1,1,1991,0,0,10,0,0,0,0,0,0,0
63477,1,1,1991,10,19,15,18,0,13,0,0,11,5
63478,1,1,1991,7,7,7,7,7,7,7,7,7,7
63478,2,1,1991,0,0,0,0,0,0,0,0,0,0
63479,1,1,1991,0,0,0,0,0,0,0,0,0,0
63480,1,1,1991,0,0,0,0,0,0,0,0,0,0
63481,1,1,1991,0,0,0,0,0,0,0,0,0,0
63482,0,1,1991,0,0,0,0,0,0,0,0,0,0
63482,1,1,1991,0,0,0,0,0,0,0,0,0,0
63483,1,1,1991,0,5,0,0,0,0,0,0,0,0
63484,0,1,1991,0,0,0,0,0,0,0,0,0,0
63484,1,1,1991,0,0,0,0,0,0,0,0,17,0
63485,0,1,1991,0,0,0,0,0,0,0,0,0,0
63485,1,1,1991,0,0,0,0,0,0,0,0,0,0
63486,1,1,1991,0,0,0,0,0,0,0,0,0,0
63486,2,1,1991,0,0,0,0,0,0,0,0,0,0
63487,1,1,1991,21,29,23,19,15,14,25,11,12,16
63488,1,1,1991,0,0,0,0,0,0,0,0,0,0
63488,2,1,1991,0,0,0,0,0,0,0,0,0,0
63489,1,1,1991,0,0,0,0,0,0,0,0,0,0
63489,2,1,1991,13,7,8,0,13,15,7,8,6,7
63490,1,1,1991,15,15,15,15,15,15,15,15,15,15
63491,1,1,1991,18,18,18,18,18,18,18,18,18,18
63491,2,1,1991,0,0,0,0,0,0,0,0,0,0
63492,0,1,1991,0,0,0,0,0,0,2,0,0,0
63492,1,1,1991,0,0,0,0,0,0,0,12,0,0
63493,1,1,1991,0,0,0,0,0,0,0,0,0,0
63493,2,1,1991,0,0,0,0,0,0,0,0,0,0
63494,1,1,1991,0,0,0,0,0,0,0,0,0,0
63494,2,1,1991,0,0,0,0,0,0,0,0,0,0
63495,1,1,1991,0,0,0,0,0,0,0,0,0,0
63496,1,1,1991,0,0,0,0,0,0,0,0,0,0
63496,2,1,1991,0,0,0,0,0,0,0,0,0,0
63497,1,1,1991,0,0,0,0,0,0,0,0,0,0
63498,1,1,1991,2,2,2,2,2,2,2,2,2,2
63499,0,1,1991,38,38,38,38,38,38,38,38,38,38
63499,1,1,1991,0,0,0,0,0,0,0,0,0,0
63500,1,1,1991,0,0,0,0,0,0,0,0,0,0
63500,2,1,1991,0,21,0,0,11,0,14,0,0,0
63501,1,1,1991,15,15,15,15,15,15,15,15,15,15
63502,1,1,1991,13,13,13,13,13,13,13,13,13,13
63503,0,1,1991,0,0,23,0,16,16,0,0,0,0
63503,1,1,1991,23,20,12,5,8,19,14,0,9,31
63504,0,1,1991,0,0,0,0,0,0,0,0,0,0
63504,1,1,1991,0,0,0,0,0,0,0,0,0,0
63505,0,1,1991,0,0,0,0,0,0,0,0,0,0
63505,1,1,1991,0,0,0,0,0,0,0,0,0,0
63506,0,1,1991,56,56,56,56,56,56,56,56,56,56
63506,1,1,1991,0,0,6,0,0,0,0,0,0,0
63507,0,1,1991,0,0,0,0,0,0,15,27,0,15
63507,1,1,1991,0,6,9,0,0,0,29,18,9,0
63508,1,1,1991,0,0,0,0,0,0,0,0,0,0
63508,2,1,1991,14,14,14,14,14,14,14,14,14,14
63509,1,1,1991,13,13,13,13,13,13,13,13,13,13
63510,1,1,1991,24,24,24,24,24,24,24,24,24,24
63510,2,1,1991,0,0,0,0,0,0,0,0,0,0
63511,1,1,1991,0,0,0,0,0,0,0,0,0,0
63512,0,1,1991,0,0,0,0,0,0,0,0,0,0
63512,1,1,1991,0,0,0,0,0,11,0,0,0,0
63513,1,1,1991,0,0,0,0,0,0,0,0,0,0
63514,1,1,1991,0,0,0,0,0,0,0,0,0,0
63514,2,1,1991,0,0,0,0,0,0,0,0,0,0
63515,1,1,1991,0,0,0,0,0,0,0,0,0,0
63515,2,1,1991,0,0,0,0,0,0,0,0,0,8
63516,0,1,1991,10,10,10,10,10,10,10,10,10,10
63516,1,1,1991,0,24,0,0,0,0,0,0,0,0
63517,1,1,1991,9,9,9,9,9,9,9,9,9,9
63518,1,1,1991,0,0,0,0,0,0,0,0,0,0
63518,2,1,1991,0,0,0,0,0,0,0,0,0,0
63519,1,1,1991,13,13,13,13,13,13,13,13,13,13
63520,1,1,1991,0,0,14,0,11,8,15,0,0,9
63520,2,1,1991,0,0,0,0,0,0,0,0,0,0
63521,1,1,1991,6,6,6,6,6,6,6,6,6,6
63522,0,1,1991,0,0,0,0,0,0,0,0,0,0
63522,1,1,1991,3,3,3,3,3,3,3,3,3,3
63523,0,1,1991,0,0,0,0,0,0,0,0,0,0
63523,1,1,1991,18,6,11,20,0,5,6,0,0,0
63524,1,1,1991,0,0,0,0,0,0,0,0,0,0
63524,2,1,1991,0,0,0,0,0,0,0,0,0,0
63525,1,1,1991,0,0,0,0,0,0,0,0,0,0
63526,1,1,1991,0,0,0,0,0,0,0,0,0,0
63527,1,1,1991,0,0,0,0,0,0,0,0,0,0
63528,1,1,1991,0,0,0,0,0,0,0,0,0,0
63528,2,1,1991,0,0,0,0,0,0,0,0,0,0
63529,1,1,1991,0,0,0,0,0,0,0,0,0,0
63529,2,1,1991,0,0,0,0,0,0,0,0,0,0
63530,1,1,1991,17,17,17,17,17,17,17,17,17,17
63531,1,1,1991,16,16,16,16,16,16,16,16,16,16
63532,1,1,1991,13,13,13,13,13,13,13,13,13,13
63533,1,1,1991,0,0,0,0,0,0,0,0,0,0
63534,1,1,1991,0,0,0,0,0,0,0,0,0,0
63534,2,1,1991,0,0,0,0,0,0,0,0,0,0
63534,3,1,1991,0,0,0,0,0,0,0,0,0,0
63535,1,1,1991,0,0,0,0,0,0,0,0,0,0
63536,1,1,1991,0,0,0,0,0,0,0,0,0,0
63536,2,1,1991,0,0,0,0,0,0,0,0,0,0
63537,1,1,1991,0,0,0,0,0,0,0,0,0,0
63538,0,1,1991,0,0,0,0,0,0,0,0,0,0
63538,1,1,1991,0,0,0,0,17,0,0,0,0,15
63539,0,1,1991,0,0,0,0,0,0,0,0,0,0
63539,1,1,1991,0,0,0,0,0,0,0,0,0,0
63540,1,1,1991,18,18,18,18,18,18,18,18,18,18
63541,1,1,1991,0,0,0,0,0,0,0,0,0,0
63542,1,1,1991,23,23,23,23,23,23,23,23,23,23
63543,0,1,1991,0,0,0,0,0,0,0,0,0,0
63543,1,1,1991,0,0,0,0,0,0,0,0,0,0
63544,1,1,1991,17,17,17,17,17,17,17,17,17,17
63544,2,1,1991,0,0,0,0,0,0,0,0,0,0
63545,1,1,1991,20,20,20,20,20,20,20,20,20,20
63546,1,1,1991,17,17,17,17,17,17,17,17,17,17
63547,1,1,1991,0,0,0,0,0,0,0,0,0,0
63548,0,1,1991,0,0,0,0,0,0,0,0,0,0
63548,1,1,1991,0,0,0,0,0,0,0,0,0,0
63549,1,1,1991,0,0,0,0,0,0,0,0,0,0
63550,1,1,1991,0,0,0,0,21,0,0,0,0,0
63550,2,1,1991,8,0,0,0,0,0,0,0,0,0
63550,3,1,1991,0,0,0,0,0,0,0,0,0,0
63551,0,1,1991,0,0,0,0,0,0,0,0,0,0
63551,1,1,1991,0,0,0,0,0,0,17,0,0,0
63552,0,1,1991,0,0,0,0,0,0,0,0,0,0
63552,1,1,1991,0,0,0,0,0,0,0,0,0,0
63553,0,1,1991,0,0,0,0,0,0,0,0,0,0
63553,1,1,1991,15,15,15,15,15,15,15,15,15,15
63553,2,1,1991,0,0,0,0,0,0,0,0,0,0
63554,1,1,1991,0,0,0,0,0,0,0,0,0,0
63554,2,1,1991,0,0,0,0,0,0,0,0,0,0
63555,0,1,1991,26,26,26,26,26,26,26,26,26,26
63555,1,1,1991,0,0,0,0,0,0,0,0,0,0
63556,1,1,1991,11,15,19,25,7,9,9,3,2,12
63557,1,1,1991,13,0,27,19,16,0,33,20,24,25
63558,1,1,1991,0,0,0,0,0,0,0,0,0,0
63558,2,1,1991,0,0,0,0,0,0,0,0,0,0
63559,1,1,1991,15,15,15,15,15,15,15,15,15,15
63560,1,1,1991,5,5,5,5,5,5,5,5,5,5
63560,2,1,1991,0,0,0,0,0,0,0,0,0,0
63561,0,1,1991,17,17,17,17,17,17,17,17,17,17
63561,1,1,1991,0,0,0,12,0,6,23,0,0,0
63562,1,1,1991,0,12,0,0,0,0,0,0,0,0
63563,1,1,1991,0,0,0,0,0,0,0,0,0,0
63564,1,1,1991,12,12,12,12,12,12,12,12,12,12
63565,0,1,1991,0,0,0,0,0,0,0,0,0,0
63565,1,1,1991,8,8,8,8,8,8,8,8,8,8
63566,0,1,1991,0,0,0,0,0,0,0,0,0,0
63566,1,1,1991,0,0,0,0,0,0,0,0,0,0
63567,1,1,1991,24,14,21,29,11,27,15,11,23,19
63568,0,1,1991,12,26,10,34,20,23,10,11,28,24
63568,1,1,1991,0,0,0,0,0,0,0,0,0,0
63569,1,1,1991,0,0,0,0,0,0,0,0,0,0
63569,2,1,1991,0,0,0,0,0,0,0,0,0,0
63570,0,1,1991,4,4,4,4,4,4,4,4,4,4
63570,1,1,1991,17,0,0,0,15,0,0,30,0,5
63570,2,1,1991,0,0,0,0,0,0,0,0,0,0
63571,1,1,1991,0,0,0,0,0,0,0,0,0,0
63572,1,1,1991,0,0,0,0,0,0,0,0,0,0
63572,2,1,1991,9,9,9,9,9,9,9,9,9,9
63573,1,1,1991,0,0,0,0,0,0,0,0,0,0
63573,2,1,1991,0,0,0,0,0,0,0,0,0,0
63574,1,1,1991,0,0,0,0,0,0,0,0,0,0
63574,2,1,1991,0,0,17,0,0,0,0,0,0,0
63575,0,1,1991,11,11,11,11,11,11,11,11,11,11
63575,1,1,1991,0,0,0,0,0,0,0,0,0,0
63576,0,1,1991,30,30,30,30,30,30,30,30,30,30
63576,1,1,1991,0,0,0,0,0,0,0,0,0,0
63577,1,1,1991,19,19,19,19,19,19,19,19,19,19
63577,2,1,1991,0,0,0,0,0,0,0,0,0,0
63578,1,1,1991,0,0,0,0,0,0,0,0,0,0
63579,1,1,1991,19,20,0,9,9,0,0,0,0,0
63579,2,1,1991,0,0,0,0,0,0,0,0,0,0
63579,3,1,1991,22,26,0,19,27,15,4,10,9,28
63580,0,1,1991,0,0,0,0,0,0,0,0,0,0
63580,1,1,1991,25,0,0,0,0,14,0,0,0,0
63581,0,1,1991,29,29,29,29,29,29,29,29,29,29
63581,1,1,1991,0,0,0,0,0,0,0,0,0,0
63582,1,1,1991,0,0,0,0,0,0,0,0,0,0
63583,1,1,1991,10,10,10,10,10,10,10,10,10,10
63584,1,1,1991,15,15,15,15,15,15,15,15,15,15
63584,2,1,1991,0,0,0,0,0,0,0,0,0,0
63585,1,1,1991,0,0,0,0,0,0,0,0,0,0
63586,1,1,1991,0,0,0,0,0,0,0,0,0,0
63586,2,1,1991,9,9,9,9,9,9,9,9,9,9
63587,1,1,1991,0,10,18,4,17,11,20,13,7,5
63587,2,1,1991,0,0,16,0,0,0,0,5,0,0
63588,1,1,1991,0,0,0,0,0,0,0,12,13,0
63589,1,1,1991,0,0,0,0,0,0,0,0,0,0
63590,1,1,1991,0,0,0,0,0,0,0,0,0,0
63590,2,1,1991,0,0,0,0,0,0,0,0,0,0
63591,1,1,1991,17,17,17,17,17,17,17,17,17,17
63591,2,1,1991,0,0,0,0,0,0,0,0,0,0
63591,3,1,1991,0,0,0,0,0,0,0,0,0,0
63591,4,1,1991,0,0,0,0,0,0,0,0,0,0
63591,5,1,1991,0,0,0,0,0,0,0,0,0,0
63591,6,1,1991,0,0,0,0,0,0,0,0,0,0
63591,7,1,1991,0,0,0,0,0,0,0,0,0,0
63592,0,1,1991,0,0,0,0,0,0,0,0,0,0
63592,1,1,1991,10,0,0,0,0,0,8,0,0,14
63593,1,1,1991,7,7,7,7,7,7,7,7,7,7
63593,2,1,1991,0,0,0,0,0,0,0,0,0,0
63594,1,1,1991,18,18,18,18,18,18,18,18,18,18
63594,2,1,1991,0,0,0,0,0,0,0,0,0,0
63595,0,1,1991,0,0,0,0,0,0,0,0,0,0
63595,1,1,1991,13,0,2,44,0,19,11,21,0,36
63596,1,1,1991,22,22,22,22,22,22,22,22,22,22
63597,1,1,1991,20,20,20,20,20,20,20,20,20,20
63598,1,1,1991,19,19,19,19,19,19,19,19,19,19
63598,2,1,1991,0,0,0,20,0,0,0,0,0,0
63599,1,1,1991,0,0,0,0,0,0,0,0,0,0
63599,2,1,1991,0,0,0,0,0,0,0,0,0,0
63599,3,1,1991,0,0,0,0,0,0,1,0,0,0
63600,0,1,1991,0,0,0,0,0,0,0,0,0,0
63600,1,1,1991,0,0,0,0,0,0,0,0,0,0
63600,2,1,1991,0,0,0,0,17,0,0,0,0,0
63601,1,1,1991,0,9,0,0,19,0,0,0,16,0
63601,2,1,1991,0,0,0,0,0,0,0,0,0,0
63602,1,1,1991,0,0,0,0,0,0,0,0,0,0
63603,1,1,1991,0,0,0,0,0,0,0,0,0,0
63603,2,1,1991,0,0,0,0,0,0,0,0,0,0
63604,1,1,1991,0,0,0,0,0,0,0,0,0,0
63604,2,1,1991,0,0,0,0,0,0,0,0,0,0
63605,0,1,1991,0,0,0,0,0,0,0,0,0,0
63605,1,1,1991,20,0,0,10,0,0,0,0,0,0
63606,1,1,1991,0,0,0,0,0,0,0,0,0,0
63607,0,1,1991,0,0,0,0,0,0,0,0,0,0
63607,1,1,1991,0,0,0,0,0,0,3,14,0,0
63608,0,1,1991,17,17,17,17,17,17,17,17,17,17
63608,1,1,1991,0,0,0,0,0,0,0,0,0,0
63609,1,1,1991,14,14,14,14,14,14,14,14,14,14
63609,2,1,1991,4,4,4,4,4,4,4,4,4,4
63610,1,1,1991,22,0,0,0,0,0,0,0,0,0
63611,1,1,1991,0,0,0,0,0,0,0,4,0,0
63611,2,1,1991,0,0,0,0,0,0,0,0,0,0
63612,0,1,1991,13,13,13,13,13,13,13,13,13,13
63612,1,1,1991,0,6,0,0,0,0,8,0,0,0
63613,1,1,1991,31,31,31,31,31,31,31,31,31,31
63614,1,1,1991,0,0,0,0,0,0,0,0,0,0
63614,2,1,1991,0,0,0,0,0,0,0,0,0,0
63615,1,1,1991,21,21,21,21,21,21,21,21,21,21
63616,1,1,1991,0,0,0,0,0,0,0,0,0,0
63617,0,1,1991,0,0,0,0,0,0,0,0,0,0
63617,1,1,1991,2,0,7,9,0,15,7,0,0,13
63618,1,1,1991,0,0,0,0,0,0,0,0,0,0
63619,1,1,1991,7,7,7,7,7,7,7,7,7,7
63620,0,1,1991,21,21,21,21,21,21,21,21,21,21
63620,1,1,1991,0,0,12,23,11,3,5,11,12,7
63621,1,1,1991,0,0,0,0,0,0,0,0,0,0
63621,2,1,1991,0,0,0,0,0,0,0,0,0,0
63621,3,1,1991,0,0,0,0,0,0,0,0,0,8
63621,4,1,1991,0,0,0,0,0,0,0,0,0,0
63622,1,1,1991,5,5,5,5,5,5,5,5,5,5
63622,2,1,1991,0,0,0,0,0,0,0,0,0,0
63623,1,1,1991,0,0,0,0,0,0,0,0,0,0
63624,1,1,1991,0,0,0,0,0,0,0,16,0,0
63624,2,1,1991,0,0,0,0,0,0,0,0,0,0
63625,1,1,1991,26,26,26,26,26,26,26,26,26,26
63626,0,1,1991,0,0,0,0,0,0,0,0,0,0
63626,1,1,1991,0,0,0,0,0,0,0,0,0,0
63627,0,1,1991,0,0,0,0,0,0,0,0,0,0
63627,1,1,1991,0,0,0,0,0,0,0,0,0,0
63628,1,1,1991,12,12,12,12,12,12,12,12,12,12
63629,1,1,1991,0,0,0,0,0,0,0,0,0,0
63629,2,1,1991,0,15,0,0,0,0,0,0,0,0
63629,3,1,1991,0,0,0,0,0,0,0,0,0,0
63630,0,1,1991,0,0,0,0,0,0,0,0,0,0
63630,1,1,1991,0,0,0,0,0,0,0,0,0,0
63631,1,1,1991,0,4,0,0,8,0,0,0,0,0
63632,1,1,1991,20,20,20,20,20,20,20,20,20,20
63633,0,1,1991,33,33,33,33,33,33,33,33,33,33
63633,1,1,1991,0,0,0,0,0,0,0,0,0,0
63634,1,1,1991,34,6,11,16,11,17,11,18,21,29
63635,1,1,1991,0,0,0,0,0,0,0,0,0,0
63635,2,1,1991,0,0,0,0,0,0,0,0,0,0
63636,1,1,1991,9,9,9,9,9,9,9,9,9,9
63636,2,1,1991,0,0,0,0,0,0,0,0,0,0
63637,1,1,1991,0,0,0,0,0,0,0,0,0,0
63638,0,1,1991,0,0,0,0,0,0,0,0,0,0
63638,1,1,1991,0,0,0,0,0,0,0,0,0,0
63639,1,1,1991,0,0,0,0,0,0,0,0,0,0
63639,2,1,1991,0,0,0,0,0,0,0,0,0,0
63640,0,1,1991,0,0,0,0,0,0,0,0,0,0
63640,1,1,1991,0,0,0,0,0,0,0,0,0,0
63641,1,1,1991,0,0,0,0,0,0,0,0,0,0
63642,1,1,1991,0,0,0,0,0,0,0,0,0,0
63642,2,1,1991,0,0,0,0,0,0,0,0,0,0
63643,1,1,1991,7,7,7,7,7,7,7,7,7,7
63644,1,1,1991,24,24,24,24,24,24,24,24,24,24
63645,1,1,1991,15,15,15,15,15,15,15,15,15,15
63645,2,1,1991,0,0,0,0,0,0,0,0,0,0
63646,0,1,1991,0,0,0,0,0,0,0,0,0,0
63646,1,1,1991,0,0,0,0,0,0,0,0,16,0
63647,1,1,1991,0,0,0,0,0,0,0,0,0,0
63647,2,1,1991,0,0,0,10,0,0,0,0,0,0
63648,0,1,1991,4,4,4,4,4,4,4,4,4,4
63648,1,1,1991,0,0,0,0,0,0,0,0,0,0
63649,0,1,1991,0,0,0,0,0,0,0,0,0,0
63649,1,1,1991,0,0,0,0,0,0,0,0,0,0
63649,2,1,1991,0,0,0,0,0,0,0,0,0,0
63650,1,1,1991,16,16,16,16,16,16,16,16,16,16
63650,2,1,1991,4,4,4,4,4,4,4,4,4,4
63651,1,1,1991,22,22,22,22,22,22,22,22,22,22
63652,0,1,1991,16,16,16,16,16,16,16,16,16,16
63652,1,1,1991,0,0,0,0,0,0,0,0,0,0
63653,1,1,1991,12,12,12,12,12,12,12,12,12,12
63653,2,1,1991,0,0,0,0,0,0,0,0,0,0
63653,3,1,1991,0,0,14,0,0,0,0,9,0,0
63654,0,1,1991,17,17,17,17,17,17,17,17,17,17
63654,1,1,1991,0,0,0,18,19,18,0,14,0,22
63655,1,1,1991,21,21,21,21,21,21,21,21,21,21
63655,2,1,1991,6,6,0,16,17,14,11,8,2,0
63656,1,1,1991,0,0,0,0,0,0,0,0,0,0
63656,2,1,1991,0,0,0,0,0,0,18,0,0,0
63656,3,1,1991,0,0,0,0,0,0,0,0,0,0
63657,1,1,1991,24,24,24,24,24,24,24,24,24,24
63657,2,1,1991,0,0,0,0,0,7,0,0,0,0
63658,1,1,1991,14,14,14,14,14,14,14,14,14,14
63659,1,1,1991,27,27,27,27,27,27,27,27,27,27
63660,1,1,1991,0,35,0,0,0,0,0,0,0,0
63661,1,1,1991,0,0,0,0,0,0,0,0,0,0
63661,2,1,1991,0,0,0,0,0,0,0,0,0,0
63662,0,1,1991,0,0,0,0,0,0,0,0,0,0
63662,1,1,1991,0,0,0,0,0,0,0,0,0,0
63663,1,1,1991,0,0,0,0,0,0,0,0,0,0
63663,2,1,1991,0,0,0,0,0,0,0,0,0,0
63664,1,1,1991,0,0,0,0,0,0,0,0,0,0
63665,0,1,1991,28,28,28,28,28,28,28,28,28,28
63665,1,1,1991,0,0,0,0,0,0,0,0,0,0
63666,1,1,1991,22,22,22,22,22,22,22,22,22,22
63667,1,1,1991,0,0,0,0,0,0,0,0,0,0
63668,0,1,1991,22,22,22,22,22,22,22,22,22,22
63668,1,1,1991,16,16,16,16,16,16,16,16,16,16
63669,1,1,1991,0,0,0,0,0,0,0,0,0,0
63669,2,1,1991,0,0,0,0,0,0,0,0,0,0
63669,3,1,1991,0,0,0,0,0,0,0,0,0,0
63669,4,1,1991,26,0,0,0,0,0,0,0,0,8
63670,1,1,1991,5,5,5,5,5,5,5,5,5,5
63670,2,1,1991,0,0,0,0,0,0,0,0,0,0
63671,1,1,1991,19,19,19,19,19,19,19,19,19,19
63672,1,1,1991,0,0,0,0,0,0,0,0,0,0
63673,0,1,1991,20,16,10,0,0,0,0,0,36,0
63673,1,1,1991,0,0,0,0,0,0,0,0,0,0
63674,0,1,1991,0,0,28,0,0,0,0,0,0,0
63675,0,1,1991,0,0,0,0,0,0,0,0,0,0
63675,1,1,1991,0,0,0,15,12,0,0,0,0,0
63676,1,1,1991,0,0,0,0,0,0,0,0,0,0
63676,2,1,1991,0,0,0,0,6,0,0,0,0,0
63677,1,1,1991,0,0,0,0,0,0,0,0,0,0
63677,2,1,1991,0,15,17,29,19,0,19,27,0,0
63678,1,1,1991,0,0,0,0,0,0,0,0,0,0
63678,2,1,1991,0,0,0,0,0,0,0,0,0,0
63679,1,1,1991,18,18,18,18,18,18,18,18,18,18
63680,1,1,1991,0,0,0,0,0,0,0,0,0,0
63680,2,1,1991,0,0,0,0,0,0,0,0,0,0
63681,0,1,1991,0,0,0,0,0,0,0,0,0,0
63681,0,2,1991,0,0,0,0,0,7,0,0,0,0
63681,1,1,1991,0,0,0,0,0,0,18,0,0,0
63682,1,1,1991,0,0,0,0,0,0,0,20,0,0
63682,2,1,1991,4,8,0,10,0,0,0,0,0,0
63683,0,1,1991,0,0,0,0,0,0,0,0,0,0
63683,1,1,1991,9,9,9,9,9,9,9,9,9,9
63684,1,1,1991,19,19,19,19,19,19,19,19,19,19
63685,0,1,1991,23,23,23,23,23,23,23,23,23,23
63685,1,1,1991,0,0,0,0,0,0,0,0,0,0
63686,1,1,1991,0,0,0,0,0,0,0,0,0,0
63687,0,1,1991,0,0,0,0,0,0,0,0,0,0
63687,1,1,1991,0,0,0,0,0,9,0,0,0,0
63688,1,1,1991,14,14,14,14,14,14,14,14,14,14
63688,2,1,1991,0,0,32,0,0,0,0,0,0,0
63689,1,1,1991,0,0,0,0,0,0,0,0,0,0
63689,2,1,1991,0,0,0,0,0,0,0,0,14,0
63690,0,1,1991,0,0,0,0,0,0,0,0,0,0
63690,1,1,1991,0,0,0,0,0,0,0,0,0,0
63691,1,1,1991,0,20,31,0,0,5,8,0,0,7
63691,2,1,1991,0,0,0,0,0,0,0,0,0,0
63692,1,1,1991,23,23,23,23,23,23,23,23,23,23
63693,1,1,1991,0,0,0,0,0,0,0,0,0,0
63693,2,1,1991,0,0,0,0,0,0,0,0,0,0
63694,1,1,1991,0,0,0,0,0,0,0,0,0,0
63694,2,1,1991,0,11,0,0,0,0,0,0,0,0
63694,3,1,1991,0,0,0,0,0,0,0,0,0,0
63696,1,1,1991,11,11,11,11,11,11,11,11,11,11
63696,2,1,1991,0,0,0,0,0,0,0,0,0,0
63697,1,1,1991,11,11,11,11,11,11,11,11,11,11
63697,2,1,1991,15,0,0,0,0,0,0,3,0,0
63698,0,1,1991,0,0,0,0,0,0,0,0,0,0
63698,1,1,1991,11,0,26,0,18,10,18,17,14,2
63699,0,1,1991,0,0,0,0,0,0,0,0,0,0
63699,1,1,1991,0,0,0,0,0,0,0,0,0,0
63699,2,1,1991,0,0,0,0,0,0,0,0,0,0
63700,0,1,1991,33,33,33,33,33,33,33,33,33,33
63700,1,1,1991,24,16,8,0,27,15,0,13,11,29
63701,1,1,1991,0,0,0,0,0,0,0,0,0,0
63701,2,1,1991,0,0,0,0,0,0,0,0,0,0
63701,3,1,1991,0,0,0,0,0,0,0,0,0,0
63702,1,1,1991,0,0,0,0,0,0,0,0,0,0
63703,1,1,1991,0,0,0,0,8,0,0,0,31,0
63703,2,1,1991,0,0,0,0,0,0,0,0,0,0
63704,1,1,1991,0,0,0,0,0,0,0,0,0,0
63704,2,1,1991,29,29,29,29,29,29,29,29,29,29
63705,1,1,1991,10,10,10,10,10,10,10,10,10,10
63706,1,1,1991,0,0,0,0,0,0,0,0,0,0
63707,1,1,1991,0,0,0,0,0,0,0,0,0,0
63707,2,1,1991,10,0,0,0,0,0,0,0,0,0
63708,1,1,1991,20,20,20,20,20,20,20,20,20,20
63708,2,1,1991,0,0,0,0,0,0,0,18,10,0
63709,0,1,1991,23,23,23,23,23,23,23,23,23,23
63709,1,1,1991,0,0,0,0,0,0,0,0,0,0
63710,0,1,1991,24,24,24,24,24,24,24,24,24,24
63710,1,1,1991,0,0,0,0,0,0,12,2,0,0
63711,1,1,1991,16,16,16,16,16,16,16,16,16,16
63712,0,1,1991,0,18,26,22,36,0,7,0,4,13
63712,1,1,1991,0,21,24,16,18,9,11,18,11,20
63713,1,1,1991,0,0,0,0,0,0,0,0,0,0