ST_CASE,VEH_NO,PER_NO,YEAR,P1,P2,P3,P4,P5,P6,P7,P8,P9,P10
63970,1,1,1991,6,6,6,6,6,6,6,6,6,6
63971,0,1,1991,0,0,0,0,0,0,0,0,0,0
63971,1,1,1991,0,0,0,0,0,0,0,0,0,0
63972,1,1,1991,34,34,34,34,34,34,34,34,34,34
63973,1,1,1991,0,0,0,0,0,0,0,0,0,0
63973,2,1,1991,0,0,0,23,0,13,0,13,0,0
63974,0,1,1991,12,0,0,0,29,19,0,0,0,0
63974,1,1,1991,0,0,0,0,0,0,0,0,15,0
63975,1,1,1991,3,3,3,3,3,3,3,3,3,3
63976,0,1,1991,0,22,0,0,9,0,0,0,0,46
63976,1,1,1991,0,0,0,0,0,0,0,0,0,0
63977,1,1,1991,24,24,24,24,24,24,24,24,24,24
63978,1,1,1991,0,0,0,0,0,0,0,0,0,0
63979,1,1,1991,0,0,0,0,0,0,0,0,0,0
63979,2,1,1991,0,0,0,0,0,0,0,0,0,0
63980,1,1,1991,0,0,0,0,0,0,0,0,0,0
63980,2,1,1991,0,0,0,0,0,0,0,0,5,0
63981,1,1,1991,44,44,44,44,44,44,44,44,44,44
63982,1,1,1991,7,7,7,7,7,7,7,7,7,7
63982,2,1,1991,11,0,0,0,8,0,8,0,0,0
63983,1,1,1991,0,0,0,0,0,0,0,0,0,0
63984,1,1,1991,0,0,0,0,0,0,0,0,0,0
63985,1,1,1991,0,0,0,0,0,0,0,0,0,0
63985,2,1,1991,0,0,0,0,0,0,0,0,0,0
63986,0,1,1991,24,24,24,24,24,24,24,24,24,24
63986,1,1,1991,0,0,0,0,0,0,0,0,0,0
63987,1,1,1991,19,19,19,19,19,19,19,19,19,19
63987,2,1,1991,0,0,0,0,0,0,0,11,0,0
63988,1,1,1991,0,0,0,0,24,0,0,0,0,0
63989,1,1,1991,0,0,0,0,0,0,0,0,0,0
63989,2,1,1991,0,0,0,0,0,0,0,0,0,0
63990,1,1,1991,14,14,14,14,14,14,14,14,14,14
63990,2,1,1991,0,0,0,0,0,0,0,0,0,0
63991,1,1,1991,16,0,0,0,10,0,0,12,0,0
63992,1,1,1991,0,0,0,0,0,0,0,0,0,0
63993,0,1,1991,0,0,0,0,0,0,0,0,0,0
63993,1,1,1991,0,0,0,0,0,0,0,0,14,0
63994,1,1,1991,0,0,0,0,0,0,0,0,0,0
63995,0,1,1991,0,0,0,0,0,0,0,0,0,0
63995,1,1,1991,0,0,0,0,0,18,0,0,0,0
63996,1,1,1991,0,0,0,6,8,0,0,0,0,0
63996,2,1,1991,0,0,0,0,0,0,0,0,0,0
63997,0,1,1991,0,0,0,0,0,0,0,0,0,0
63997,1,1,1991,0,0,0,0,0,0,0,0,0,0
63997,2,1,1991,0,0,0,7,0,0,0,0,0,0
63998,0,1,1991,0,0,0,0,0,0,0,0,0,0
63998,0,2,1991,21,0,0,17,0,15,0,0,0,16
63998,1,1,1991,0,0,0,0,0,0,0,0,0,0
63999,0,1,1991,0,0,0,0,0,0,0,0,0,0
63999,1,1,1991,28,28,28,28,28,28,28,28,28,28
64000,0,1,1991,25,0,0,25,0,29,0,0,0,0
64000,1,1,1991,0,0,0,0,0,0,0,0,9,0
64001,1,1,1991,0,0,0,0,0,0,0,0,0,0
64001,2,1,1991,6,6,6,6,6,6,6,6,6,6
64002,0,1,1991,0,0,0,0,0,0,0,0,0,0
64002,1,1,1991,9,14,13,16,33,24,4,23,7,27
64003,1,1,1991,0,0,24,0,7,0,0,8,0,0
64004,1,1,1991,0,0,0,0,0,0,0,0,0,0
64004,2,1,1991,0,0,11,8,0,0,2,0,0,0
64005,0,1,1991,0,0,0,0,0,0,0,0,0,0
64005,1,1,1991,0,0,0,0,0,0,0,0,0,0
64006,0,1,1991,0,0,0,0,0,0,0,0,0,0
64006,1,1,1991,25,10,0,0,3,12,10,2,9,14
64007,1,1,1991,0,0,0,0,0,0,0,0,0,0
64007,2,1,1991,0,0,0,0,0,0,0,0,0,0
64008,1,1,1991,24,24,24,24,24,24,24,24,24,24
64009,0,1,1991,21,21,21,21,21,21,21,21,21,21
64009,1,1,1991,0,0,4,0,0,0,0,0,12,0
64010,1,1,1991,36,36,36,36,36,36,36,36,36,36
64010,2,1,1991,0,0,0,0,0,0,0,0,0,0
64011,1,1,1991,0,0,0,0,0,0,0,0,0,0
64011,2,1,1991,14,13,14,25,12,24,15,10,10,16
64012,0,1,1991,4,4,4,4,4,4,4,4,4,4
64012,1,1,1991,0,0,0,0,0,0,0,0,0,0
64013,1,1,1991,15,15,15,15,15,15,15,15,15,15
64013,2,1,1991,20,0,0,35,0,0,0,0,0,0
64014,1,1,1991,23,17,12,45,29,0,0,14,16,11
64015,1,1,1991,13,13,13,13,13,13,13,13,13,13
64016,1,1,1991,0,0,0,0,0,0,0,0,0,0
64017,1,1,1991,0,0,0,0,0,0,0,0,0,0
64017,2,1,1991,0,0,0,0,0,0,0,0,0,0
64018,1,1,1991,0,0,0,0,0,0,0,0,0,0
64019,0,1,1991,0,0,0,0,0,0,0,0,0,0
64019,1,1,1991,0,0,0,0,0,0,0,0,0,0
64020,1,1,1991,0,0,0,0,0,0,0,0,0,0
64020,2,1,1991,0,0,0,0,0,0,0,0,0,0
64021,1,1,1991,0,0,0,0,0,0,0,0,0,0
64022,0,1,1991,17,17,17,17,17,17,17,17,17,17
64022,1,1,1991,0,0,0,0,0,0,0,0,0,0
64023,0,1,1991,32,32,32,32,32,32,32,32,32,32
64023,1,1,1991,3,10,0,18,0,0,0,11,16,15
64024,1,1,1991,21,21,21,21,21,21,21,21,21,21
64025,1,1,1991,27,27,27,27,27,27,27,27,27,27
64025,2,1,1991,0,0,0,0,0,0,6,0,0,0
64026,0,1,1991,0,0,0,10,0,0,0,0,22,0
64026,1,1,1991,0,0,0,0,0,0,0,4,0,0
64027,1,1,1991,28,28,28,28,28,28,28,28,28,28
64027,2,1,1991,0,0,0,0,0,0,0,0,0,0
64027,3,1,1991,0,0,0,0,0,0,19,0,4,0
64028,1,1,1991,0,0,0,0,0,0,0,0,0,0
64028,2,1,1991,20,20,20,20,20,20,20,20,20,20
64029,1,1,1991,0,0,0,0,0,0,0,23,0,0
64030,1,1,1991,37,37,37,37,37,37,37,37,37,37
64031,1,1,1991,0,0,0,0,0,0,0,0,0,0
64032,1,1,1991,3,3,3,3,3,3,3,3,3,3
64033,1,1,1991,18,18,18,18,18,18,18,18,18,18
64034,1,1,1991,0,0,0,0,0,0,0,0,0,0
64035,1,1,1991,27,27,27,27,27,27,27,27,27,27
64036,1,1,1991,0,0,0,26,0,7,0,0,0,0
64036,2,1,1991,0,0,0,0,0,0,0,0,0,0
64036,3,1,1991,0,0,0,0,0,0,0,0,0,0
64036,4,1,1991,0,0,0,0,0,0,0,0,0,0
64036,5,1,1991,0,0,0,0,0,0,0,0,0,0
64037,0,1,1991,0,0,0,0,0,0,0,0,0,0
64037,1,1,1991,0,0,0,0,0,0,0,0,0,0
64038,1,1,1991,0,0,0,0,0,0,0,0,0,0
64038,2,1,1991,0,3,0,0,21,0,0,0,0,25
64039,1,1,1991,27,27,27,27,27,27,27,27,27,27
64040,0,1,1991,0,0,0,0,0,0,0,0,0,0
64040,1,1,1991,0,0,0,0,0,0,0,0,0,0
64041,1,1,1991,0,0,0,0,0,0,0,0,0,0
64042,0,1,1991,18,0,0,0,0,0,22,4,0,0
64042,1,1,1991,0,0,0,0,0,0,0,0,0,0
64043,1,1,1991,0,0,0,0,0,0,0,0,0,0
64044,1,1,1991,10,10,10,10,10,10,10,10,10,10
64045,0,1,1991,21,21,21,21,21,21,21,21,21,21
64045,1,1,1991,15,15,15,15,15,15,15,15,15,15
64046,1,1,1991,23,23,23,23,23,23,23,23,23,23
64047,1,1,1991,9,9,9,9,9,9,9,9,9,9
64048,1,1,1991,0,0,0,0,0,0,0,0,0,0
64048,2,1,1991,0,0,0,0,0,0,0,0,0,0
64049,1,1,1991,12,0,0,0,0,0,0,0,0,0
64049,2,1,1991,0,0,0,0,0,0,0,0,0,0
64050,1,1,1991,15,15,15,15,15,15,15,15,15,15
64051,0,1,1991,13,0,33,0,17,30,26,0,24,0
64051,1,1,1991,17,17,17,17,17,17,17,17,17,17
64052,1,1,1991,0,0,0,0,0,0,0,0,0,0
64053,1,1,1991,20,20,20,20,20,20,20,20,20,20
64054,0,1,1991,0,0,0,0,0,0,0,0,0,0
64054,0,2,1991,0,0,0,0,0,23,0,27,0,0
64054,0,3,1991,4,0,30,0,0,10,0,23,20,21
64054,0,4,1991,15,22,2,14,16,9,13,0,4,32
64054,1,1,1991,22,22,22,22,22,22,22,22,22,22
64055,1,1,1991,30,30,30,30,30,30,30,30,30,30
64056,1,1,1991,0,0,0,0,0,0,0,0,0,0
64056,2,1,1991,19,29,12,5,9,20,7,12,34,21
64057,1,1,1991,71,71,71,71,71,71,71,71,71,71
64057,2,1,1991,0,0,0,0,0,20,16,0,0,0
64058,1,1,1991,19,19,19,19,19,19,19,19,19,19
64059,1,1,1991,14,14,14,14,14,14,14,14,14,14
64060,1,1,1991,7,0,0,18,0,0,13,0,0,0
64061,0,1,1991,0,0,0,0,0,0,0,0,0,0
64061,1,1,1991,0,0,0,0,0,0,13,0,0,0
64062,0,1,1991,23,23,23,23,23,23,23,23,23,23
64062,1,1,1991,0,0,0,0,0,0,0,0,0,0
64063,1,1,1991,15,15,15,15,15,15,15,15,15,15
64064,1,1,1991,9,9,9,9,9,9,9,9,9,9
64065,1,1,1991,26,26,26,26,26,26,26,26,26,26
64066,1,1,1991,9,9,9,9,9,9,9,9,9,9
64066,2,1,1991,0,0,0,0,0,0,0,0,0,0
64067,1,1,1991,0,0,0,0,0,0,0,0,0,0
64067,2,1,1991,0,0,0,0,0,0,0,0,0,0
64068,1,1,1991,8,9,17,26,11,18,0,9,0,8
64069,1,1,1991,0,0,0,0,0,0,0,0,0,0
64069,2,1,1991,8,8,8,8,8,8,8,8,8,8
64070,1,1,1991,0,0,0,0,0,0,0,0,0,0
64070,2,1,1991,0,0,0,0,0,0,0,0,0,0
64070,3,1,1991,0,0,0,0,0,0,0,0,0,0
64071,1,1,1991,0,0,0,0,0,0,0,0,0,0
64071,2,1,1991,0,0,0,0,0,0,0,0,0,0
64072,1,1,1991,17,17,17,17,17,17,17,17,17,17
64072,2,1,1991,0,0,0,0,0,0,0,0,0,0
64073,0,1,1991,14,14,14,14,14,14,14,14,14,14
64073,1,1,1991,0,0,0,0,0,0,0,0,0,0
64074,1,1,1991,0,28,0,0,0,0,0,0,0,16
64074,2,1,1991,0,0,0,0,0,0,0,0,0,0
64075,1,1,1991,0,0,0,0,0,0,0,0,0,0
64075,2,1,1991,0,0,0,0,0,0,0,0,0,0
64076,1,1,1991,33,33,33,33,33,33,33,33,33,33
64077,0,1,1991,30,30,30,30,30,30,30,30,30,30
64077,1,1,1991,0,0,0,0,0,0,0,0,13,0
64078,1,1,1991,16,16,16,16,16,16,16,16,16,16
64079,0,1,1991,0,0,0,0,0,0,0,0,0,0
64079,0,2,1991,0,19,0,0,18,0,0,3,3,0
64079,1,1,1991,0,0,0,0,0,0,0,0,0,0
64080,1,1,1991,5,5,5,5,5,5,5,5,5,5
64080,2,1,1991,0,0,0,0,0,0,0,0,0,0
64081,0,1,1991,0,0,0,0,0,0,0,0,0,0
64081,1,1,1991,0,0,0,0,0,0,0,0,0,0
64082,1,1,1991,0,0,0,0,0,0,0,0,0,0
64083,0,1,1991,0,0,0,0,0,0,0,0,0,0
64083,1,1,1991,0,0,0,0,0,0,0,0,0,0
64084,0,1,1991,0,0,0,0,0,0,0,0,0,0
64084,1,1,1991,14,14,14,14,14,14,14,14,14,14
64085,1,1,1991,12,12,12,12,12,12,12,12,12,12
64086,1,1,1991,0,0,0,0,0,0,0,0,0,0
64086,2,1,1991,0,0,0,0,0,0,0,0,0,0
64087,1,1,1991,0,0,0,0,0,0,0,0,15,0
64087,2,1,1991,0,0,0,0,0,0,0,0,0,0
64088,1,1,1991,36,36,36,36,36,36,36,36,36,36
64089,1,1,1991,14,14,14,14,14,14,14,14,14,14
64089,2,1,1991,0,0,0,0,0,0,0,0,0,0
64090,1,1,1991,0,0,0,0,0,0,0,0,0,0
64091,0,1,1991,0,0,0,0,0,0,0,0,0,0
64091,1,1,1991,0,0,0,0,0,0,0,0,0,0
64092,0,1,1991,0,0,0,0,0,0,0,0,0,0
64092,1,1,1991,0,0,0,0,0,0,0,0,0,0
64093,1,1,1991,0,0,0,0,0,0,0,0,0,0
64094,1,1,1991,4,4,4,4,4,4,4,4,4,4
64094,2,1,1991,0,0,3,0,0,0,0,0,0,0
64095,1,1,1991,10,10,10,10,10,10,10,10,10,10
64095,2,1,1991,1,1,1,1,1,1,1,1,1,1
64095,3,1,1991,0,0,0,0,0,0,0,0,0,16
64096,1,1,1991,16,0,0,0,0,0,0,0,0,0
64096,2,1,1991,0,0,0,0,0,0,0,0,0,0
64097,1,1,1991,0,0,0,23,0,0,0,0,0,0
64098,1,1,1991,0,0,0,0,0,0,0,0,0,0
64099,1,1,1991,12,0,6,11,0,5,0,13,20,21
64100,1,1,1991,0,0,0,0,0,0,0,0,0,0
64100,2,1,1991,0,0,0,0,0,0,0,0,0,0
64100,3,1,1991,0,0,0,0,0,0,0,0,0,0
64100,4,1,1991,0,0,0,0,0,0,0,0,0,0
64101,0,1,1991,0,0,0,0,0,0,0,0,0,0
64101,1,1,1991,0,10,0,0,24,0,0,0,0,0
64102,0,1,1991,18,18,18,18,18,18,18,18,18,18
64102,1,1,1991,0,0,0,0,0,0,0,0,0,22
64103,0,1,1991,0,0,0,0,0,0,0,0,0,0
64103,1,1,1991,0,0,0,0,0,0,0,0,0,0
64104,1,1,1991,21,21,21,21,21,21,21,21,21,21
64105,1,1,1991,0,0,0,0,0,0,0,0,0,0
64106,1,1,1991,0,0,0,0,0,0,0,0,0,0
64106,2,1,1991,0,0,0,0,0,0,0,0,0,0
64107,1,1,1991,0,0,0,0,0,0,0,0,0,0
64107,2,1,1991,0,0,0,0,0,0,0,0,0,0
64108,1,1,1991,0,0,0,0,26,0,0,8,17,0
64109,1,1,1991,0,0,0,0,0,0,0,0,0,0
64110,0,1,1991,28,28,28,28,28,28,28,28,28,28
64110,1,1,1991,0,0,0,0,0,0,0,0,0,0
64111,1,1,1991,0,0,0,0,0,0,0,0,0,0
64111,2,1,1991,4,4,4,4,4,4,4,4,4,4
64112,1,1,1991,0,0,0,0,0,0,0,0,0,0
64112,2,1,1991,0,0,0,0,0,0,0,0,0,0
64113,1,1,1991,6,6,6,6,6,6,6,6,6,6
64114,1,1,1991,0,0,0,0,0,0,0,0,0,0
64114,2,1,1991,0,0,0,0,0,0,0,0,0,0
64114,3,1,1991,0,0,0,0,0,0,0,0,0,0
64114,4,1,1991,0,0,0,0,0,0,0,0,0,0
64115,1,1,1991,0,0,0,0,0,0,0,0,0,0
64115,2,1,1991,0,0,0,0,0,0,0,0,0,0
64116,1,1,1991,21,27,31,26,18,25,15,5,28,0
64117,1,1,1991,13,13,13,13,13,13,13,13,13,13
64118,1,1,1991,0,0,0,0,0,0,0,0,0,0
64118,2,1,1991,0,0,0,0,0,0,0,0,0,0
64119,1,1,1991,19,19,19,19,19,19,19,19,19,19
64119,2,1,1991,0,0,0,0,0,0,0,7,0,0
64120,1,1,1991,20,20,20,20,20,20,20,20,20,20
64121,1,1,1991,20,20,20,20,20,20,20,20,20,20
64122,0,1,1991,0,0,0,0,0,0,0,0,0,0
64122,1,1,1991,0,0,0,0,0,0,0,0,0,0
64123,0,1,1991,0,0,0,0,0,0,0,0,0,0
64123,1,1,1991,0,0,0,0,0,0,0,0,0,0
64124,1,1,1991,0,0,0,0,0,0,0,0,0,0
64124,2,1,1991,0,0,0,0,0,0,0,0,0,17
64125,1,1,1991,0,0,0,0,0,0,0,0,0,0
64126,1,1,1991,0,0,0,0,0,0,0,0,0,0
64126,2,1,1991,0,0,0,0,0,0,0,0,0,0
64127,0,1,1991,0,0,0,0,0,0,0,0,0,0
64127,1,1,1991,0,0,16,0,0,0,0,9,0,0
64128,1,1,1991,0,0,0,0,0,0,0,0,0,0
64129,1,1,1991,0,0,0,0,0,0,0,0,0,0
64129,2,1,1991,0,0,0,0,0,0,0,0,0,0
64130,0,1,1991,14,14,14,14,14,14,14,14,14,14
64130,1,1,1991,18,0,22,0,0,0,0,4,0,0
64130,2,1,1991,0,0,0,0,0,19,0,0,0,0
64130,3,1,1991,0,7,0,0,0,0,0,0,0,0
64131,1,1,1991,0,0,0,0,0,0,0,0,0,0
64132,1,1,1991,9,9,9,9,9,9,9,9,9,9
64133,1,1,1991,31,31,31,31,31,31,31,31,31,31
64133,2,1,1991,0,0,0,0,0,0,0,0,0,0
64134,0,1,1991,24,24,24,24,24,24,24,24,24,24
64134,1,1,1991,0,0,0,0,0,0,0,0,0,0
64135,1,1,1991,0,0,0,0,0,0,0,0,0,0
64135,2,1,1991,0,0,0,0,0,0,0,0,0,0
64136,1,1,1991,0,0,0,0,0,0,0,0,0,0
64137,1,1,1991,16,16,16,16,16,16,16,16,16,16
64138,1,1,1991,0,0,0,0,0,0,0,0,0,0
64139,1,1,1991,0,0,0,0,0,0,0,0,0,0
64139,2,1,1991,0,0,23,0,0,0,0,0,0,0
64140,1,1,1991,0,0,0,0,0,0,0,0,0,0
64140,2,1,1991,0,0,0,0,0,0,0,0,0,0
64141,1,1,1991,0,0,0,0,0,0,0,0,0,0
64141,2,1,1991,0,0,0,0,0,0,0,0,0,0
64142,1,1,1991,0,0,0,0,0,0,0,0,0,23
64143,1,1,1991,0,0,0,0,0,24,0,0,0,0
64143,2,1,1991,0,0,0,0,0,0,0,0,0,0
64143,3,1,1991,0,0,0,0,0,0,0,0,0,0
64144,1,1,1991,4,4,4,4,4,4,4,4,4,4
64145,1,1,1991,22,22,22,22,22,22,22,22,22,22
64145,2,1,1991,0,0,0,0,0,0,0,0,9,0
64146,1,1,1991,4,0,0,0,0,0,0,0,0,0
64146,2,1,1991,0,0,0,0,0,0,0,0,0,0
64147,1,1,1991,0,0,0,0,0,0,0,0,0,0
64147,2,1,1991,0,0,0,0,9,0,0,0,0,0
64148,0,1,1991,0,0,0,0,0,0,0,0,0,0
64148,1,1,1991,0,0,0,0,0,0,0,0,0,0
64149,1,1,1991,21,21,21,21,21,21,21,21,21,21
64149,2,1,1991,2,2,2,2,2,2,2,2,2,2
64150,1,1,1991,0,0,0,0,0,0,0,0,0,0
64150,2,1,1991,0,0,0,0,0,0,0,0,0,0
64151,1,1,1991,0,0,0,0,0,0,0,0,0,0
64151,2,1,1991,0,0,0,0,0,0,0,0,0,0
64152,0,1,1991,22,22,22,22,22,22,22,22,22,22
64152,1,1,1991,0,0,0,0,10,0,4,13,16,0
64153,1,1,1991,0,0,0,0,0,0,0,0,0,0
64154,1,1,1991,0,0,0,0,0,0,0,0,0,0
64155,1,1,1991,0,0,0,0,0,0,0,0,0,0
64155,2,1,1991,0,0,0,0,0,0,0,0,0,0
64155,3,1,1991,0,0,0,0,0,0,0,0,0,0
64156,1,1,1991,0,0,0,0,0,0,0,0,0,0
64157,1,1,1991,24,24,24,24,24,24,24,24,24,24
64158,1,1,1991,0,0,0,0,0,0,0,0,0,0
64158,2,1,1991,0,0,0,0,0,0,0,0,0,0
64158,3,1,1991,0,0,0,0,0,0,0,0,0,0
64159,1,3,1991,23,19,0,17,28,0,5,14,0,0
64160,1,1,1991,0,0,0,0,0,0,0,0,0,0
64160,2,1,1991,0,0,0,0,0,0,0,0,0,0
64161,1,1,1991,0,0,0,0,0,0,0,0,0,0
64162,1,1,1991,0,0,0,0,0,0,0,0,0,0
64163,1,1,1991,0,0,0,0,0,0,0,0,0,0
64164,0,1,1991,0,0,0,0,0,0,0,0,0,0
64164,1,1,1991,0,0,0,0,0,0,0,0,0,0
64165,1,1,1991,0,0,0,0,0,0,0,0,0,0
64166,1,1,1991,12,12,12,12,12,12,12,12,12,12
64166,2,1,1991,6,6,6,6,6,6,6,6,6,6
64167,1,1,1991,0,0,0,0,0,0,0,0,0,0
64168,1,1,1991,0,0,0,0,0,0,0,0,0,0
64168,2,1,1991,0,0,0,0,0,0,0,0,0,0
64169,1,1,1991,5,5,5,5,5,5,5,5,5,5
64169,2,1,1991,0,0,0,0,0,0,0,0,0,0
64170,0,1,1991,0,0,0,0,0,0,0,0,0,0
64170,1,1,1991,0,0,0,0,0,0,0,0,0,0
64171,0,1,1991,0,0,0,0,0,0,0,0,0,0
64171,1,1,1991,0,0,0,0,0,0,0,0,0,0
64172,1,1,1991,4,4,4,4,4,4,4,4,4,4
64172,2,1,1991,0,0,0,0,0,0,0,0,0,0
64173,1,1,1991,0,0,0,0,0,0,0,0,0,0
64173,2,1,1991,0,0,0,0,0,0,0,0,0,0
64174,1,1,1991,0,0,0,0,0,0,0,0,32,0
64174,2,1,1991,2,2,2,2,2,2,2,2,2,2
64175,1,1,1991,0,0,0,0,0,0,0,0,0,0
64175,2,1,1991,0,0,0,0,0,0,0,0,0,0
64176,1,1,1991,0,0,0,0,0,0,0,0,0,0
64177,1,1,1991,14,8,7,5,0,19,18,23,0,14
64178,1,1,1991,6,6,6,6,6,6,6,6,6,6
64178,2,1,1991,0,0,0,0,14,0,0,0,0,0
64179,1,1,1991,0,0,0,0,0,0,0,0,0,0
64179,2,1,1991,0,0,0,0,0,0,0,0,0,0
64180,1,1,1991,0,0,0,0,0,0,0,0,0,0
64180,2,1,1991,0,0,0,0,0,0,0,0,0,0
64181,1,1,1991,0,0,0,0,0,0,0,0,0,0
64181,2,1,1991,0,0,0,0,0,0,0,0,0,0
64182,1,1,1991,0,0,0,0,0,0,0,0,0,0
64183,1,1,1991,0,0,0,0,0,0,0,0,0,0
64183,2,1,1991,0,0,0,0,0,0,0,0,0,0
64184,1,1,1991,0,0,0,0,0,0,0,0,0,0
64184,2,1,1991,0,0,0,0,0,0,0,0,0,0
64185,1,1,1991,0,0,0,0,0,0,0,0,0,0
64185,2,1,1991,0,0,0,0,0,0,0,0,0,0
64185,3,1,1991,0,0,4,0,0,0,0,0,0,0
64186,1,1,1991,15,0,0,0,0,0,0,0,0,8
64186,2,1,1991,0,8,14,0,0,0,0,0,0,0
64186,3,1,1991,0,0,0,0,0,0,0,0,0,0
64186,4,1,1991,0,15,0,0,0,0,0,0,0,0
64186,5,1,1991,0,0,0,0,0,0,0,0,0,0
64186,6,1,1991,0,0,0,0,0,0,0,0,0,0
64186,7,1,1991,0,0,0,0,0,0,0,0,0,0
64186,8,1,1991,0,0,0,0,0,0,0,0,0,0
64186,9,1,1991,6,0,0,14,0,0,0,23,0,0
64186,10,1,1991,0,0,0,0,14,0,0,0,0,0
64186,11,1,1991,0,0,0,0,0,0,10,0,14,0
64186,12,1,1991,0,0,0,0,0,0,0,0,0,0
64186,13,1,1991,0,0,0,0,0,0,0,0,0,0
64186,14,1,1991,0,0,0,0,0,0,0,0,0,0
64186,15,1,1991,0,0,9,0,0,0,0,13,12,0
64186,16,1,1991,0,0,0,0,0,0,0,0,0,0
64187,0,1,1991,0,0,0,0,0,0,0,0,0,0
64187,1,1,1991,0,0,0,12,11,0,0,0,0,0
64187,2,1,1991,0,0,15,0,0,0,0,0,0,6
64187,3,1,1991,0,0,0,0,5,0,0,0,0,0
64187,4,1,1991,0,0,0,0,0,0,0,0,0,0
64187,5,1,1991,0,0,0,0,0,0,0,0,0,0
64187,6,1,1991,6,0,0,0,0,0,0,0,0,0
64187,7,1,1991,0,20,0,0,0,0,0,0,22,0
64187,8,1,1991,0,0,0,0,0,0,0,0,0,0
64187,9,1,1991,0,0,0,0,0,0,0,0,0,0
64187,10,1,1991,0,0,0,0,20,0,0,0,0,0
64187,11,1,1991,0,0,0,0,0,0,0,0,0,0
64187,12,1,1991,0,0,0,0,0,0,0,0,0,0
64188,0,1,1991,0,0,0,0,0,0,0,0,0,0
64188,1,1,1991,0,0,0,0,0,0,22,0,0,0
64189,1,1,1991,20,17,31,0,6,18,24,7,0,28
64190,0,1,1991,12,12,12,12,12,12,12,12,12,12
64190,1,1,1991,0,0,0,0,0,0,0,0,0,0
64190,2,1,1991,0,0,0,0,0,16,14,0,0,0
64190,3,1,1991,0,0,0,0,0,0,0,0,0,0
64190,4,1,1991,0,0,0,0,0,0,0,0,0,0
64191,0,1,1991,8,0,0,0,0,0,0,11,16,0
64191,1,1,1991,0,0,0,0,0,0,0,0,0,0
64192,1,1,1991,0,16,0,0,0,0,0,12,0,0
64193,0,1,1991,44,44,44,44,44,44,44,44,44,44
64193,1,1,1991,0,0,0,0,0,0,0,0,0,0
64194,1,1,1991,0,0,0,0,0,18,0,0,30,0
64195,1,1,1991,0,15,0,0,0,27,30,0,0,0
64195,2,1,1991,0,0,0,0,0,0,0,0,0,0
64195,3,1,1991,0,0,0,0,0,0,0,0,0,0
64195,4,1,1991,0,0,0,0,0,0,0,0,0,0
64195,5,1,1991,0,0,0,0,0,0,0,0,0,0
64195,6,1,1991,0,0,0,0,0,0,0,0,0,0
64195,7,1,1991,0,0,0,0,0,0,0,0,0,0
64195,8,1,1991,0,0,0,0,0,0,0,0,0,13
64195,9,1,1991,0,0,0,0,0,0,0,0,0,0
64195,10,1,1991,0,0,0,0,0,0,0,0,0,0
64195,11,1,1991,0,0,0,0,0,0,0,0,10,0
64196,0,1,1991,0,21,0,0,0,16,33,20,31,0
64196,0,2,1991,0,0,0,0,0,0,0,0,0,0
64196,0,3,1991,0,0,0,0,0,0,0,0,0,0
64196,1,1,1991,0,0,0,0,7,0,0,0,0,0
64196,2,1,1991,0,0,0,0,0,0,0,0,0,0
64196,3,1,1991,0,0,0,0,0,0,0,0,0,0
64196,5,1,1991,0,0,0,0,0,0,0,0,0,0
64196,6,1,1991,0,0,0,0,0,0,0,0,0,0
64196,7,1,1991,0,0,0,0,0,0,0,0,0,0
64196,8,1,1991,0,0,0,0,0,0,0,17,0,0
64196,10,1,1991,0,0,0,0,0,0,0,0,0,0
64196,11,1,1991,0,0,0,0,0,0,0,0,0,0
64196,12,1,1991,0,0,0,0,0,0,0,0,0,0
64196,13,1,1991,0,10,0,0,0,0,17,0,0,0
64196,14,1,1991,0,42,17,0,0,17,0,10,0,10
64196,15,1,1991,0,0,0,20,0,0,0,11,0,0
64196,16,1,1991,0,0,0,0,0,0,0,0,0,0
64196,17,1,1991,0,0,0,0,18,0,0,0,0,0
64196,18,1,1991,0,0,18,0,0,0,4,0,0,0
64196,19,1,1991,0,0,0,0,0,0,0,0,0,0
64196,20,1,1991,0,0,0,0,15,0,0,0,0,0
64196,21,1,1991,0,0,0,0,0,0,0,0,0,0
64196,22,1,1991,0,0,0,0,0,0,0,0,0,0
64196,23,1,1991,0,0,0,0,9,0,0,0,0,0
64196,24,1,1991,0,0,0,0,0,0,0,0,0,0
64196,25,1,1991,0,0,0,0,0,20,0,0,0,0
64196,27,1,1991,0,0,0,0,0,0,0,0,0,0
64196,28,1,1991,15,0,0,0,0,0,0,0,0,0
64196,29,1,1991,0,0,0,0,0,0,0,0,0,0
64196,30,1,1991,0,0,0,0,0,0,7,0,0,0
64197,0,1,1991,0,0,0,0,0,0,0,0,0,0
64197,0,2,1991,0,0,0,0,0,0,0,0,0,0
64197,1,1,1991,0,0,0,0,0,0,0,0,0,0
64198,1,1,1991,0,0,0,0,0,0,0,0,0,0
64198,2,1,1991,0,0,0,0,0,0,0,0,0,0
64198,3,1,1991,0,0,0,0,0,0,0,0,0,0
64199,1,1,1991,0,0,0,0,0,0,0,0,0,0
64200,0,1,1991,10,13,0,23,11,13,16,19,35,5
64200,0,2,1991,8,23,7,12,6,21,16,9,9,0
64200,0,3,1991,11,11,11,11,11,11,11,11,11,11
64200,1,1,1991,0,0,0,0,0,0,0,0,0,0
64200,2,1,1991,15,15,15,15,15,15,15,15,15,15
64201,0,1,1991,0,0,0,0,0,13,0,0,0,0
64201,1,1,1991,0,0,0,0,0,0,0,0,0,0
64202,1,1,1991,9,23,19,21,29,30,20,15,19,2